
*** Running vivado
    with args -log design_1_ntt_axi_accelerator_0_0.vds -m64 -product Vivado -mode batch -messageDb vivado.pb -notrace -source design_1_ntt_axi_accelerator_0_0.tcl


****** Vivado v2019.1 (64-bit)
  **** SW Build 2552052 on Fri May 24 14:49:42 MDT 2019
  **** IP Build 2548770 on Fri May 24 18:01:18 MDT 2019
    ** Copyright 1986-2019 Xilinx, Inc. All Rights Reserved.

source design_1_ntt_axi_accelerator_0_0.tcl -notrace
INFO: [IP_Flow 19-234] Refreshing IP repositories
INFO: [IP_Flow 19-1700] Loaded user IP repository 'f:/experiment/NTT/1/sum/ntt_3_tfdg_full_twiddle_4_2_sum_axi_3/ntt_1/ntt_ip'.
INFO: [IP_Flow 19-1700] Loaded user IP repository 'f:/experiment/NTT/1/sum/ntt_3_tfdg_full_twiddle_4_2_sum_axi_3/ntt_1/ntt_axi_accelerator_1.0'.
INFO: [IP_Flow 19-2313] Loaded Vivado IP repository 'F:/XILINX/Vivado/2019.1/data/ip'.
WARNING: [IP_Flow 19-4995] The host OS only allows 260 characters in a normal path. The IP cache path is more than 80 characters. If you experience issues with IP caching, please consider changing the IP cache to a location with a shorter path. Alternately consider using the OS subst command to map part of the path to a drive letter. 
Current IP cache path is f:/experiment/NTT/1/sum/ntt_3_tfdg_full_twiddle_4_2_sum_axi_3/ntt_1/ntt_1.cache/ip 
Command: synth_design -top design_1_ntt_axi_accelerator_0_0 -part xc7z020iclg484-1L -mode out_of_context
Starting synth_design
Attempting to get a license for feature 'Synthesis' and/or device 'xc7z020i'
INFO: [Common 17-349] Got license for feature 'Synthesis' and/or device 'xc7z020i'
INFO: [Device 21-403] Loading part xc7z020iclg484-1L
INFO: Launching helper process for spawning children vivado processes
INFO: Helper process launched with PID 1032 
WARNING: [Synth 8-2292] literal value truncated to fit in 4 bits [f:/experiment/NTT/1/sum/ntt_3_tfdg_full_twiddle_4_2_sum_axi_3/ntt_1/ntt_1.srcs/sources_1/bd/design_1/ntt_ip/ip/src/PE/Reconfigurable Butterfly Unit/reconfigurable_3d_pe_top.sv:74]
WARNING: [Synth 8-6901] identifier 'state' is used before its declaration [f:/experiment/NTT/1/sum/ntt_3_tfdg_full_twiddle_4_2_sum_axi_3/ntt_1/ntt_1.srcs/sources_1/bd/design_1/ntt_ip/ip/src/PE/sub_pe/segmented_256bit_full_butterfly.v:83]
WARNING: [Synth 8-6901] identifier 'STATE_ACCUMULATE' is used before its declaration [f:/experiment/NTT/1/sum/ntt_3_tfdg_full_twiddle_4_2_sum_axi_3/ntt_1/ntt_1.srcs/sources_1/bd/design_1/ntt_ip/ip/src/PE/sub_pe/segmented_256bit_full_butterfly.v:83]
WARNING: [Synth 8-6901] identifier 'state' is used before its declaration [f:/experiment/NTT/1/sum/ntt_3_tfdg_full_twiddle_4_2_sum_axi_3/ntt_1/ntt_1.srcs/sources_1/bd/design_1/ntt_ip/ip/src/PE/sub_pe/segmented_256bit_full_butterfly.v:116]
WARNING: [Synth 8-6901] identifier 'STATE_ACCUMULATE' is used before its declaration [f:/experiment/NTT/1/sum/ntt_3_tfdg_full_twiddle_4_2_sum_axi_3/ntt_1/ntt_1.srcs/sources_1/bd/design_1/ntt_ip/ip/src/PE/sub_pe/segmented_256bit_full_butterfly.v:116]
WARNING: [Synth 8-6901] identifier 'montgomery_result' is used before its declaration [f:/experiment/NTT/1/sum/ntt_3_tfdg_full_twiddle_4_2_sum_axi_3/ntt_1/ntt_1.srcs/sources_1/bd/design_1/ntt_ip/ip/src/PE/sub_pe/segmented_256bit_full_butterfly.v:130]
WARNING: [Synth 8-6901] identifier 'montgomery_result' is used before its declaration [f:/experiment/NTT/1/sum/ntt_3_tfdg_full_twiddle_4_2_sum_axi_3/ntt_1/ntt_1.srcs/sources_1/bd/design_1/ntt_ip/ip/src/PE/sub_pe/segmented_256bit_full_butterfly.v:138]
WARNING: [Synth 8-6901] identifier 'montgomery_result' is used before its declaration [f:/experiment/NTT/1/sum/ntt_3_tfdg_full_twiddle_4_2_sum_axi_3/ntt_1/ntt_1.srcs/sources_1/bd/design_1/ntt_ip/ip/src/PE/sub_pe/segmented_256bit_full_butterfly.v:140]
WARNING: [Synth 8-6901] identifier 'montgomery_result' is used before its declaration [f:/experiment/NTT/1/sum/ntt_3_tfdg_full_twiddle_4_2_sum_axi_3/ntt_1/ntt_1.srcs/sources_1/bd/design_1/ntt_ip/ip/src/PE/sub_pe/segmented_256bit_full_butterfly.v:141]
WARNING: [Synth 8-6901] identifier 'montgomery_done' is used before its declaration [f:/experiment/NTT/1/sum/ntt_3_tfdg_full_twiddle_4_2_sum_axi_3/ntt_1/ntt_1.srcs/sources_1/bd/design_1/ntt_ip/ip/src/PE/sub_pe/segmented_256bit_full_butterfly.v:201]
---------------------------------------------------------------------------------
Starting RTL Elaboration : Time (s): cpu = 00:00:06 ; elapsed = 00:00:08 . Memory (MB): peak = 836.469 ; gain = 182.180
---------------------------------------------------------------------------------
INFO: [Synth 8-6157] synthesizing module 'design_1_ntt_axi_accelerator_0_0' [f:/experiment/NTT/1/sum/ntt_3_tfdg_full_twiddle_4_2_sum_axi_3/ntt_1/ntt_1.srcs/sources_1/bd/design_1/ip/design_1_ntt_axi_accelerator_0_0/synth/design_1_ntt_axi_accelerator_0_0.v:57]
INFO: [Synth 8-6157] synthesizing module 'ntt_axi_accelerator_v1_0' [f:/experiment/NTT/1/sum/ntt_3_tfdg_full_twiddle_4_2_sum_axi_3/ntt_1/ntt_1.srcs/sources_1/bd/design_1/ipshared/c7a9/hdl/ntt_axi_accelerator_v1_0.v:3]
	Parameter MAX_WIDTH bound to: 128 - type: integer 
	Parameter MAX_RADIX bound to: 16 - type: integer 
	Parameter NUM_CORES bound to: 8 - type: integer 
	Parameter C_S00_AXI_DATA_WIDTH bound to: 32 - type: integer 
	Parameter C_S00_AXI_ADDR_WIDTH bound to: 10 - type: integer 
INFO: [Synth 8-6157] synthesizing module 'ntt_axi_accelerator_v1_0_S00_AXI' [f:/experiment/NTT/1/sum/ntt_3_tfdg_full_twiddle_4_2_sum_axi_3/ntt_1/ntt_1.srcs/sources_1/bd/design_1/ipshared/c7a9/hdl/ntt_axi_accelerator_v1_0_S00_AXI.v:3]
	Parameter C_S_AXI_DATA_WIDTH bound to: 32 - type: integer 
	Parameter C_S_AXI_ADDR_WIDTH bound to: 10 - type: integer 
	Parameter ADDR_LSB bound to: 2 - type: integer 
	Parameter OPT_MEM_ADDR_BITS bound to: 7 - type: integer 
	Parameter REG_COUNT bound to: 256 - type: integer 
INFO: [Synth 8-6155] done synthesizing module 'ntt_axi_accelerator_v1_0_S00_AXI' (1#1) [f:/experiment/NTT/1/sum/ntt_3_tfdg_full_twiddle_4_2_sum_axi_3/ntt_1/ntt_1.srcs/sources_1/bd/design_1/ipshared/c7a9/hdl/ntt_axi_accelerator_v1_0_S00_AXI.v:3]
INFO: [Synth 8-6157] synthesizing module 'reconfigurable_3d_pe_top' [f:/experiment/NTT/1/sum/ntt_3_tfdg_full_twiddle_4_2_sum_axi_3/ntt_1/ntt_1.srcs/sources_1/bd/design_1/ntt_ip/ip/src/PE/Reconfigurable Butterfly Unit/reconfigurable_3d_pe_top.sv:5]
	Parameter MAX_WIDTH bound to: 128 - type: integer 
	Parameter MAX_RADIX bound to: 16 - type: integer 
	Parameter NUM_CORES bound to: 8 - type: integer 
	Parameter seg_count bound to: 6'b000100 
	Parameter seg_width bound to: 8'b01000000 
INFO: [Synth 8-6157] synthesizing module 'segmented_256bit_full_butterfly' [f:/experiment/NTT/1/sum/ntt_3_tfdg_full_twiddle_4_2_sum_axi_3/ntt_1/ntt_1.srcs/sources_1/bd/design_1/ntt_ip/ip/src/PE/sub_pe/segmented_256bit_full_butterfly.v:6]
	Parameter TOTAL_WIDTH bound to: 128 - type: integer 
	Parameter SEG_WIDTH bound to: 64 - type: integer 
	Parameter SEG_COUNT bound to: 2 - type: integer 
	Parameter STATE_IDLE bound to: 4'b0000 
	Parameter STATE_SPLIT bound to: 4'b0001 
	Parameter STATE_COMPUTE bound to: 4'b0010 
	Parameter STATE_ACCUMULATE bound to: 4'b0011 
	Parameter STATE_MOD_REDUCE bound to: 4'b0100 
	Parameter STATE_OUTPUT bound to: 4'b0101 
	Parameter STATE_DONE bound to: 4'b0110 
INFO: [Synth 8-6157] synthesizing module 'seg_multiplier_64bit' [f:/experiment/NTT/1/sum/ntt_3_tfdg_full_twiddle_4_2_sum_axi_3/ntt_1/ntt_1.srcs/sources_1/bd/design_1/ntt_ip/ip/src/PE/sub_pe/seg_multiplier_64bit.v:2]
	Parameter WIDTH bound to: 64 - type: integer 
INFO: [Synth 8-6155] done synthesizing module 'seg_multiplier_64bit' (2#1) [f:/experiment/NTT/1/sum/ntt_3_tfdg_full_twiddle_4_2_sum_axi_3/ntt_1/ntt_1.srcs/sources_1/bd/design_1/ntt_ip/ip/src/PE/sub_pe/seg_multiplier_64bit.v:2]
INFO: [Synth 8-155] case statement is not full and has no default [f:/experiment/NTT/1/sum/ntt_3_tfdg_full_twiddle_4_2_sum_axi_3/ntt_1/ntt_1.srcs/sources_1/bd/design_1/ntt_ip/ip/src/PE/sub_pe/segmented_256bit_full_butterfly.v:85]
INFO: [Synth 8-155] case statement is not full and has no default [f:/experiment/NTT/1/sum/ntt_3_tfdg_full_twiddle_4_2_sum_axi_3/ntt_1/ntt_1.srcs/sources_1/bd/design_1/ntt_ip/ip/src/PE/sub_pe/segmented_256bit_full_butterfly.v:174]
INFO: [Synth 8-6157] synthesizing module 'montgomery_pipeline' [f:/experiment/NTT/1/sum/ntt_3_tfdg_full_twiddle_4_2_sum_axi_3/ntt_1/ntt_1.srcs/sources_1/bd/design_1/ntt_ip/ip/src/montgomery_mutiply_moduli/montgomery_pipeline.v:10]
	Parameter TOTAL_BITS bound to: 128 - type: integer 
	Parameter SEG_BITS bound to: 64 - type: integer 
	Parameter SEG_CNT bound to: 2 - type: integer 
	Parameter PIPELINE_STAGES bound to: 4 - type: integer 
WARNING: [Synth 8-6090] variable 'accum' is written by both blocking and non-blocking assignments, entire logic could be removed [f:/experiment/NTT/1/sum/ntt_3_tfdg_full_twiddle_4_2_sum_axi_3/ntt_1/ntt_1.srcs/sources_1/bd/design_1/ntt_ip/ip/src/montgomery_mutiply_moduli/montgomery_pipeline.v:180]
WARNING: [Synth 8-6090] variable 'accum' is written by both blocking and non-blocking assignments, entire logic could be removed [f:/experiment/NTT/1/sum/ntt_3_tfdg_full_twiddle_4_2_sum_axi_3/ntt_1/ntt_1.srcs/sources_1/bd/design_1/ntt_ip/ip/src/montgomery_mutiply_moduli/montgomery_pipeline.v:184]
WARNING: [Synth 8-6090] variable 'accum' is written by both blocking and non-blocking assignments, entire logic could be removed [f:/experiment/NTT/1/sum/ntt_3_tfdg_full_twiddle_4_2_sum_axi_3/ntt_1/ntt_1.srcs/sources_1/bd/design_1/ntt_ip/ip/src/montgomery_mutiply_moduli/montgomery_pipeline.v:188]
WARNING: [Synth 8-6090] variable 'accum' is written by both blocking and non-blocking assignments, entire logic could be removed [f:/experiment/NTT/1/sum/ntt_3_tfdg_full_twiddle_4_2_sum_axi_3/ntt_1/ntt_1.srcs/sources_1/bd/design_1/ntt_ip/ip/src/montgomery_mutiply_moduli/montgomery_pipeline.v:180]
WARNING: [Synth 8-6090] variable 'accum' is written by both blocking and non-blocking assignments, entire logic could be removed [f:/experiment/NTT/1/sum/ntt_3_tfdg_full_twiddle_4_2_sum_axi_3/ntt_1/ntt_1.srcs/sources_1/bd/design_1/ntt_ip/ip/src/montgomery_mutiply_moduli/montgomery_pipeline.v:184]
WARNING: [Synth 8-6090] variable 'accum' is written by both blocking and non-blocking assignments, entire logic could be removed [f:/experiment/NTT/1/sum/ntt_3_tfdg_full_twiddle_4_2_sum_axi_3/ntt_1/ntt_1.srcs/sources_1/bd/design_1/ntt_ip/ip/src/montgomery_mutiply_moduli/montgomery_pipeline.v:188]
WARNING: [Synth 8-6090] variable 'accum' is written by both blocking and non-blocking assignments, entire logic could be removed [f:/experiment/NTT/1/sum/ntt_3_tfdg_full_twiddle_4_2_sum_axi_3/ntt_1/ntt_1.srcs/sources_1/bd/design_1/ntt_ip/ip/src/montgomery_mutiply_moduli/montgomery_pipeline.v:180]
WARNING: [Synth 8-6090] variable 'accum' is written by both blocking and non-blocking assignments, entire logic could be removed [f:/experiment/NTT/1/sum/ntt_3_tfdg_full_twiddle_4_2_sum_axi_3/ntt_1/ntt_1.srcs/sources_1/bd/design_1/ntt_ip/ip/src/montgomery_mutiply_moduli/montgomery_pipeline.v:184]
WARNING: [Synth 8-6090] variable 'accum' is written by both blocking and non-blocking assignments, entire logic could be removed [f:/experiment/NTT/1/sum/ntt_3_tfdg_full_twiddle_4_2_sum_axi_3/ntt_1/ntt_1.srcs/sources_1/bd/design_1/ntt_ip/ip/src/montgomery_mutiply_moduli/montgomery_pipeline.v:188]
WARNING: [Synth 8-6090] variable 'accum' is written by both blocking and non-blocking assignments, entire logic could be removed [f:/experiment/NTT/1/sum/ntt_3_tfdg_full_twiddle_4_2_sum_axi_3/ntt_1/ntt_1.srcs/sources_1/bd/design_1/ntt_ip/ip/src/montgomery_mutiply_moduli/montgomery_pipeline.v:180]
WARNING: [Synth 8-6090] variable 'accum' is written by both blocking and non-blocking assignments, entire logic could be removed [f:/experiment/NTT/1/sum/ntt_3_tfdg_full_twiddle_4_2_sum_axi_3/ntt_1/ntt_1.srcs/sources_1/bd/design_1/ntt_ip/ip/src/montgomery_mutiply_moduli/montgomery_pipeline.v:184]
WARNING: [Synth 8-6090] variable 'accum' is written by both blocking and non-blocking assignments, entire logic could be removed [f:/experiment/NTT/1/sum/ntt_3_tfdg_full_twiddle_4_2_sum_axi_3/ntt_1/ntt_1.srcs/sources_1/bd/design_1/ntt_ip/ip/src/montgomery_mutiply_moduli/montgomery_pipeline.v:188]
WARNING: [Synth 8-5856] 3D RAM stage3_products_reg  for this pattern/configuration is not supported. This will most likely be implemented in registers
WARNING: [Synth 8-6014] Unused sequential element stage1_t_low_reg was removed.  [f:/experiment/NTT/1/sum/ntt_3_tfdg_full_twiddle_4_2_sum_axi_3/ntt_1/ntt_1.srcs/sources_1/bd/design_1/ntt_ip/ip/src/montgomery_mutiply_moduli/montgomery_pipeline.v:68]
WARNING: [Synth 8-6014] Unused sequential element N_prime_reg_reg was removed.  [f:/experiment/NTT/1/sum/ntt_3_tfdg_full_twiddle_4_2_sum_axi_3/ntt_1/ntt_1.srcs/sources_1/bd/design_1/ntt_ip/ip/src/montgomery_mutiply_moduli/montgomery_pipeline.v:73]
WARNING: [Synth 8-6014] Unused sequential element stage3_m_reg_reg was removed.  [f:/experiment/NTT/1/sum/ntt_3_tfdg_full_twiddle_4_2_sum_axi_3/ntt_1/ntt_1.srcs/sources_1/bd/design_1/ntt_ip/ip/src/montgomery_mutiply_moduli/montgomery_pipeline.v:122]
WARNING: [Synth 8-6014] Unused sequential element pos_temp_reg was removed.  [f:/experiment/NTT/1/sum/ntt_3_tfdg_full_twiddle_4_2_sum_axi_3/ntt_1/ntt_1.srcs/sources_1/bd/design_1/ntt_ip/ip/src/montgomery_mutiply_moduli/montgomery_pipeline.v:171]
WARNING: [Synth 8-6014] Unused sequential element prod_low_reg was removed.  [f:/experiment/NTT/1/sum/ntt_3_tfdg_full_twiddle_4_2_sum_axi_3/ntt_1/ntt_1.srcs/sources_1/bd/design_1/ntt_ip/ip/src/montgomery_mutiply_moduli/montgomery_pipeline.v:175]
WARNING: [Synth 8-6014] Unused sequential element prod_high_reg was removed.  [f:/experiment/NTT/1/sum/ntt_3_tfdg_full_twiddle_4_2_sum_axi_3/ntt_1/ntt_1.srcs/sources_1/bd/design_1/ntt_ip/ip/src/montgomery_mutiply_moduli/montgomery_pipeline.v:176]
WARNING: [Synth 8-6014] Unused sequential element temp_sum_reg was removed.  [f:/experiment/NTT/1/sum/ntt_3_tfdg_full_twiddle_4_2_sum_axi_3/ntt_1/ntt_1.srcs/sources_1/bd/design_1/ntt_ip/ip/src/montgomery_mutiply_moduli/montgomery_pipeline.v:179]
WARNING: [Synth 8-6014] Unused sequential element stage5_valid_reg was removed.  [f:/experiment/NTT/1/sum/ntt_3_tfdg_full_twiddle_4_2_sum_axi_3/ntt_1/ntt_1.srcs/sources_1/bd/design_1/ntt_ip/ip/src/montgomery_mutiply_moduli/montgomery_pipeline.v:207]
WARNING: [Synth 8-6014] Unused sequential element valid_pipeline_reg was removed.  [f:/experiment/NTT/1/sum/ntt_3_tfdg_full_twiddle_4_2_sum_axi_3/ntt_1/ntt_1.srcs/sources_1/bd/design_1/ntt_ip/ip/src/montgomery_mutiply_moduli/montgomery_pipeline.v:240]
INFO: [Synth 8-6155] done synthesizing module 'montgomery_pipeline' (3#1) [f:/experiment/NTT/1/sum/ntt_3_tfdg_full_twiddle_4_2_sum_axi_3/ntt_1/ntt_1.srcs/sources_1/bd/design_1/ntt_ip/ip/src/montgomery_mutiply_moduli/montgomery_pipeline.v:10]
WARNING: [Synth 8-6014] Unused sequential element weight_reg_reg was removed.  [f:/experiment/NTT/1/sum/ntt_3_tfdg_full_twiddle_4_2_sum_axi_3/ntt_1/ntt_1.srcs/sources_1/bd/design_1/ntt_ip/ip/src/PE/sub_pe/segmented_256bit_full_butterfly.v:82]
WARNING: [Synth 8-6014] Unused sequential element next_state_reg was removed.  [f:/experiment/NTT/1/sum/ntt_3_tfdg_full_twiddle_4_2_sum_axi_3/ntt_1/ntt_1.srcs/sources_1/bd/design_1/ntt_ip/ip/src/PE/sub_pe/segmented_256bit_full_butterfly.v:172]
INFO: [Synth 8-6155] done synthesizing module 'segmented_256bit_full_butterfly' (4#1) [f:/experiment/NTT/1/sum/ntt_3_tfdg_full_twiddle_4_2_sum_axi_3/ntt_1/ntt_1.srcs/sources_1/bd/design_1/ntt_ip/ip/src/PE/sub_pe/segmented_256bit_full_butterfly.v:6]
INFO: [Synth 8-6157] synthesizing module 'winograd_pre_transform' [f:/experiment/NTT/1/sum/ntt_3_tfdg_full_twiddle_4_2_sum_axi_3/ntt_1/ntt_1.srcs/sources_1/bd/design_1/ntt_ip/ip/src/PE/Reconfigurable Butterfly Unit/winograd_pre_transform.sv:6]
	Parameter MAX_WIDTH bound to: 128 - type: integer 
	Parameter MAX_RADIX bound to: 16 - type: integer 
	Parameter NUM_CORES bound to: 8 - type: integer 
	Parameter IDLE bound to: 3'b000 
	Parameter CALC_GROUPS bound to: 3'b001 
	Parameter APPLY_TRANSFORM bound to: 3'b010 
	Parameter OUTPUT_READY bound to: 3'b011 
INFO: [Synth 8-155] case statement is not full and has no default [f:/experiment/NTT/1/sum/ntt_3_tfdg_full_twiddle_4_2_sum_axi_3/ntt_1/ntt_1.srcs/sources_1/bd/design_1/ntt_ip/ip/src/PE/Reconfigurable Butterfly Unit/winograd_pre_transform.sv:110]
WARNING: [Synth 8-5788] Register group_x0_reg[0] in module winograd_pre_transform is has both Set and reset with same priority. This may cause simulation mismatches. Consider rewriting code  [f:/experiment/NTT/1/sum/ntt_3_tfdg_full_twiddle_4_2_sum_axi_3/ntt_1/ntt_1.srcs/sources_1/bd/design_1/ntt_ip/ip/src/PE/Reconfigurable Butterfly Unit/winograd_pre_transform.sv:121]
WARNING: [Synth 8-5788] Register group_x0_reg[1] in module winograd_pre_transform is has both Set and reset with same priority. This may cause simulation mismatches. Consider rewriting code  [f:/experiment/NTT/1/sum/ntt_3_tfdg_full_twiddle_4_2_sum_axi_3/ntt_1/ntt_1.srcs/sources_1/bd/design_1/ntt_ip/ip/src/PE/Reconfigurable Butterfly Unit/winograd_pre_transform.sv:121]
WARNING: [Synth 8-5788] Register group_x0_reg[2] in module winograd_pre_transform is has both Set and reset with same priority. This may cause simulation mismatches. Consider rewriting code  [f:/experiment/NTT/1/sum/ntt_3_tfdg_full_twiddle_4_2_sum_axi_3/ntt_1/ntt_1.srcs/sources_1/bd/design_1/ntt_ip/ip/src/PE/Reconfigurable Butterfly Unit/winograd_pre_transform.sv:121]
WARNING: [Synth 8-5788] Register group_x0_reg[3] in module winograd_pre_transform is has both Set and reset with same priority. This may cause simulation mismatches. Consider rewriting code  [f:/experiment/NTT/1/sum/ntt_3_tfdg_full_twiddle_4_2_sum_axi_3/ntt_1/ntt_1.srcs/sources_1/bd/design_1/ntt_ip/ip/src/PE/Reconfigurable Butterfly Unit/winograd_pre_transform.sv:121]
WARNING: [Synth 8-5788] Register group_x0_reg[4] in module winograd_pre_transform is has both Set and reset with same priority. This may cause simulation mismatches. Consider rewriting code  [f:/experiment/NTT/1/sum/ntt_3_tfdg_full_twiddle_4_2_sum_axi_3/ntt_1/ntt_1.srcs/sources_1/bd/design_1/ntt_ip/ip/src/PE/Reconfigurable Butterfly Unit/winograd_pre_transform.sv:121]
WARNING: [Synth 8-5788] Register group_x0_reg[5] in module winograd_pre_transform is has both Set and reset with same priority. This may cause simulation mismatches. Consider rewriting code  [f:/experiment/NTT/1/sum/ntt_3_tfdg_full_twiddle_4_2_sum_axi_3/ntt_1/ntt_1.srcs/sources_1/bd/design_1/ntt_ip/ip/src/PE/Reconfigurable Butterfly Unit/winograd_pre_transform.sv:121]
WARNING: [Synth 8-5788] Register group_x0_reg[6] in module winograd_pre_transform is has both Set and reset with same priority. This may cause simulation mismatches. Consider rewriting code  [f:/experiment/NTT/1/sum/ntt_3_tfdg_full_twiddle_4_2_sum_axi_3/ntt_1/ntt_1.srcs/sources_1/bd/design_1/ntt_ip/ip/src/PE/Reconfigurable Butterfly Unit/winograd_pre_transform.sv:121]
WARNING: [Synth 8-5788] Register group_x0_reg[7] in module winograd_pre_transform is has both Set and reset with same priority. This may cause simulation mismatches. Consider rewriting code  [f:/experiment/NTT/1/sum/ntt_3_tfdg_full_twiddle_4_2_sum_axi_3/ntt_1/ntt_1.srcs/sources_1/bd/design_1/ntt_ip/ip/src/PE/Reconfigurable Butterfly Unit/winograd_pre_transform.sv:121]
WARNING: [Synth 8-5788] Register group_x1_reg[0] in module winograd_pre_transform is has both Set and reset with same priority. This may cause simulation mismatches. Consider rewriting code  [f:/experiment/NTT/1/sum/ntt_3_tfdg_full_twiddle_4_2_sum_axi_3/ntt_1/ntt_1.srcs/sources_1/bd/design_1/ntt_ip/ip/src/PE/Reconfigurable Butterfly Unit/winograd_pre_transform.sv:122]
WARNING: [Synth 8-5788] Register group_x1_reg[1] in module winograd_pre_transform is has both Set and reset with same priority. This may cause simulation mismatches. Consider rewriting code  [f:/experiment/NTT/1/sum/ntt_3_tfdg_full_twiddle_4_2_sum_axi_3/ntt_1/ntt_1.srcs/sources_1/bd/design_1/ntt_ip/ip/src/PE/Reconfigurable Butterfly Unit/winograd_pre_transform.sv:122]
WARNING: [Synth 8-5788] Register group_x1_reg[2] in module winograd_pre_transform is has both Set and reset with same priority. This may cause simulation mismatches. Consider rewriting code  [f:/experiment/NTT/1/sum/ntt_3_tfdg_full_twiddle_4_2_sum_axi_3/ntt_1/ntt_1.srcs/sources_1/bd/design_1/ntt_ip/ip/src/PE/Reconfigurable Butterfly Unit/winograd_pre_transform.sv:122]
WARNING: [Synth 8-5788] Register group_x1_reg[3] in module winograd_pre_transform is has both Set and reset with same priority. This may cause simulation mismatches. Consider rewriting code  [f:/experiment/NTT/1/sum/ntt_3_tfdg_full_twiddle_4_2_sum_axi_3/ntt_1/ntt_1.srcs/sources_1/bd/design_1/ntt_ip/ip/src/PE/Reconfigurable Butterfly Unit/winograd_pre_transform.sv:122]
WARNING: [Synth 8-5788] Register group_x1_reg[4] in module winograd_pre_transform is has both Set and reset with same priority. This may cause simulation mismatches. Consider rewriting code  [f:/experiment/NTT/1/sum/ntt_3_tfdg_full_twiddle_4_2_sum_axi_3/ntt_1/ntt_1.srcs/sources_1/bd/design_1/ntt_ip/ip/src/PE/Reconfigurable Butterfly Unit/winograd_pre_transform.sv:122]
WARNING: [Synth 8-5788] Register group_x1_reg[5] in module winograd_pre_transform is has both Set and reset with same priority. This may cause simulation mismatches. Consider rewriting code  [f:/experiment/NTT/1/sum/ntt_3_tfdg_full_twiddle_4_2_sum_axi_3/ntt_1/ntt_1.srcs/sources_1/bd/design_1/ntt_ip/ip/src/PE/Reconfigurable Butterfly Unit/winograd_pre_transform.sv:122]
WARNING: [Synth 8-5788] Register group_x1_reg[6] in module winograd_pre_transform is has both Set and reset with same priority. This may cause simulation mismatches. Consider rewriting code  [f:/experiment/NTT/1/sum/ntt_3_tfdg_full_twiddle_4_2_sum_axi_3/ntt_1/ntt_1.srcs/sources_1/bd/design_1/ntt_ip/ip/src/PE/Reconfigurable Butterfly Unit/winograd_pre_transform.sv:122]
WARNING: [Synth 8-5788] Register group_x1_reg[7] in module winograd_pre_transform is has both Set and reset with same priority. This may cause simulation mismatches. Consider rewriting code  [f:/experiment/NTT/1/sum/ntt_3_tfdg_full_twiddle_4_2_sum_axi_3/ntt_1/ntt_1.srcs/sources_1/bd/design_1/ntt_ip/ip/src/PE/Reconfigurable Butterfly Unit/winograd_pre_transform.sv:122]
WARNING: [Synth 8-5788] Register group_w_reg[0] in module winograd_pre_transform is has both Set and reset with same priority. This may cause simulation mismatches. Consider rewriting code  [f:/experiment/NTT/1/sum/ntt_3_tfdg_full_twiddle_4_2_sum_axi_3/ntt_1/ntt_1.srcs/sources_1/bd/design_1/ntt_ip/ip/src/PE/Reconfigurable Butterfly Unit/winograd_pre_transform.sv:123]
WARNING: [Synth 8-5788] Register group_w_reg[1] in module winograd_pre_transform is has both Set and reset with same priority. This may cause simulation mismatches. Consider rewriting code  [f:/experiment/NTT/1/sum/ntt_3_tfdg_full_twiddle_4_2_sum_axi_3/ntt_1/ntt_1.srcs/sources_1/bd/design_1/ntt_ip/ip/src/PE/Reconfigurable Butterfly Unit/winograd_pre_transform.sv:123]
WARNING: [Synth 8-5788] Register group_w_reg[2] in module winograd_pre_transform is has both Set and reset with same priority. This may cause simulation mismatches. Consider rewriting code  [f:/experiment/NTT/1/sum/ntt_3_tfdg_full_twiddle_4_2_sum_axi_3/ntt_1/ntt_1.srcs/sources_1/bd/design_1/ntt_ip/ip/src/PE/Reconfigurable Butterfly Unit/winograd_pre_transform.sv:123]
WARNING: [Synth 8-5788] Register group_w_reg[3] in module winograd_pre_transform is has both Set and reset with same priority. This may cause simulation mismatches. Consider rewriting code  [f:/experiment/NTT/1/sum/ntt_3_tfdg_full_twiddle_4_2_sum_axi_3/ntt_1/ntt_1.srcs/sources_1/bd/design_1/ntt_ip/ip/src/PE/Reconfigurable Butterfly Unit/winograd_pre_transform.sv:123]
WARNING: [Synth 8-5788] Register group_w_reg[4] in module winograd_pre_transform is has both Set and reset with same priority. This may cause simulation mismatches. Consider rewriting code  [f:/experiment/NTT/1/sum/ntt_3_tfdg_full_twiddle_4_2_sum_axi_3/ntt_1/ntt_1.srcs/sources_1/bd/design_1/ntt_ip/ip/src/PE/Reconfigurable Butterfly Unit/winograd_pre_transform.sv:123]
WARNING: [Synth 8-5788] Register group_w_reg[5] in module winograd_pre_transform is has both Set and reset with same priority. This may cause simulation mismatches. Consider rewriting code  [f:/experiment/NTT/1/sum/ntt_3_tfdg_full_twiddle_4_2_sum_axi_3/ntt_1/ntt_1.srcs/sources_1/bd/design_1/ntt_ip/ip/src/PE/Reconfigurable Butterfly Unit/winograd_pre_transform.sv:123]
WARNING: [Synth 8-5788] Register group_w_reg[6] in module winograd_pre_transform is has both Set and reset with same priority. This may cause simulation mismatches. Consider rewriting code  [f:/experiment/NTT/1/sum/ntt_3_tfdg_full_twiddle_4_2_sum_axi_3/ntt_1/ntt_1.srcs/sources_1/bd/design_1/ntt_ip/ip/src/PE/Reconfigurable Butterfly Unit/winograd_pre_transform.sv:123]
WARNING: [Synth 8-5788] Register group_w_reg[7] in module winograd_pre_transform is has both Set and reset with same priority. This may cause simulation mismatches. Consider rewriting code  [f:/experiment/NTT/1/sum/ntt_3_tfdg_full_twiddle_4_2_sum_axi_3/ntt_1/ntt_1.srcs/sources_1/bd/design_1/ntt_ip/ip/src/PE/Reconfigurable Butterfly Unit/winograd_pre_transform.sv:123]
WARNING: [Synth 8-5788] Register group_conj_reg[0] in module winograd_pre_transform is has both Set and reset with same priority. This may cause simulation mismatches. Consider rewriting code  [f:/experiment/NTT/1/sum/ntt_3_tfdg_full_twiddle_4_2_sum_axi_3/ntt_1/ntt_1.srcs/sources_1/bd/design_1/ntt_ip/ip/src/PE/Reconfigurable Butterfly Unit/winograd_pre_transform.sv:124]
WARNING: [Synth 8-5788] Register group_conj_reg[1] in module winograd_pre_transform is has both Set and reset with same priority. This may cause simulation mismatches. Consider rewriting code  [f:/experiment/NTT/1/sum/ntt_3_tfdg_full_twiddle_4_2_sum_axi_3/ntt_1/ntt_1.srcs/sources_1/bd/design_1/ntt_ip/ip/src/PE/Reconfigurable Butterfly Unit/winograd_pre_transform.sv:124]
WARNING: [Synth 8-5788] Register group_conj_reg[2] in module winograd_pre_transform is has both Set and reset with same priority. This may cause simulation mismatches. Consider rewriting code  [f:/experiment/NTT/1/sum/ntt_3_tfdg_full_twiddle_4_2_sum_axi_3/ntt_1/ntt_1.srcs/sources_1/bd/design_1/ntt_ip/ip/src/PE/Reconfigurable Butterfly Unit/winograd_pre_transform.sv:124]
WARNING: [Synth 8-5788] Register group_conj_reg[3] in module winograd_pre_transform is has both Set and reset with same priority. This may cause simulation mismatches. Consider rewriting code  [f:/experiment/NTT/1/sum/ntt_3_tfdg_full_twiddle_4_2_sum_axi_3/ntt_1/ntt_1.srcs/sources_1/bd/design_1/ntt_ip/ip/src/PE/Reconfigurable Butterfly Unit/winograd_pre_transform.sv:124]
WARNING: [Synth 8-5788] Register group_conj_reg[4] in module winograd_pre_transform is has both Set and reset with same priority. This may cause simulation mismatches. Consider rewriting code  [f:/experiment/NTT/1/sum/ntt_3_tfdg_full_twiddle_4_2_sum_axi_3/ntt_1/ntt_1.srcs/sources_1/bd/design_1/ntt_ip/ip/src/PE/Reconfigurable Butterfly Unit/winograd_pre_transform.sv:124]
WARNING: [Synth 8-5788] Register group_conj_reg[5] in module winograd_pre_transform is has both Set and reset with same priority. This may cause simulation mismatches. Consider rewriting code  [f:/experiment/NTT/1/sum/ntt_3_tfdg_full_twiddle_4_2_sum_axi_3/ntt_1/ntt_1.srcs/sources_1/bd/design_1/ntt_ip/ip/src/PE/Reconfigurable Butterfly Unit/winograd_pre_transform.sv:124]
WARNING: [Synth 8-5788] Register group_conj_reg[6] in module winograd_pre_transform is has both Set and reset with same priority. This may cause simulation mismatches. Consider rewriting code  [f:/experiment/NTT/1/sum/ntt_3_tfdg_full_twiddle_4_2_sum_axi_3/ntt_1/ntt_1.srcs/sources_1/bd/design_1/ntt_ip/ip/src/PE/Reconfigurable Butterfly Unit/winograd_pre_transform.sv:124]
WARNING: [Synth 8-5788] Register group_conj_reg[7] in module winograd_pre_transform is has both Set and reset with same priority. This may cause simulation mismatches. Consider rewriting code  [f:/experiment/NTT/1/sum/ntt_3_tfdg_full_twiddle_4_2_sum_axi_3/ntt_1/ntt_1.srcs/sources_1/bd/design_1/ntt_ip/ip/src/PE/Reconfigurable Butterfly Unit/winograd_pre_transform.sv:124]
INFO: [Synth 8-6155] done synthesizing module 'winograd_pre_transform' (5#1) [f:/experiment/NTT/1/sum/ntt_3_tfdg_full_twiddle_4_2_sum_axi_3/ntt_1/ntt_1.srcs/sources_1/bd/design_1/ntt_ip/ip/src/PE/Reconfigurable Butterfly Unit/winograd_pre_transform.sv:6]
INFO: [Synth 8-6157] synthesizing module 'winograd_post_transform' [f:/experiment/NTT/1/sum/ntt_3_tfdg_full_twiddle_4_2_sum_axi_3/ntt_1/ntt_1.srcs/sources_1/bd/design_1/ntt_ip/ip/src/PE/Reconfigurable Butterfly Unit/winograd_post_transform.sv:5]
	Parameter MAX_WIDTH bound to: 128 - type: integer 
	Parameter MAX_RADIX bound to: 16 - type: integer 
	Parameter NUM_CORES bound to: 8 - type: integer 
	Parameter IDLE bound to: 3'b001 
	Parameter WAIT_RESULTS bound to: 3'b010 
	Parameter RECONSTRUCT bound to: 3'b100 
INFO: [Synth 8-226] default block is never used [f:/experiment/NTT/1/sum/ntt_3_tfdg_full_twiddle_4_2_sum_axi_3/ntt_1/ntt_1.srcs/sources_1/bd/design_1/ntt_ip/ip/src/PE/Reconfigurable Butterfly Unit/winograd_post_transform.sv:160]
INFO: [Synth 8-226] default block is never used [f:/experiment/NTT/1/sum/ntt_3_tfdg_full_twiddle_4_2_sum_axi_3/ntt_1/ntt_1.srcs/sources_1/bd/design_1/ntt_ip/ip/src/PE/Reconfigurable Butterfly Unit/winograd_post_transform.sv:200]
WARNING: [Synth 8-5788] Register next_state_reg in module winograd_post_transform is has both Set and reset with same priority. This may cause simulation mismatches. Consider rewriting code  [f:/experiment/NTT/1/sum/ntt_3_tfdg_full_twiddle_4_2_sum_axi_3/ntt_1/ntt_1.srcs/sources_1/bd/design_1/ntt_ip/ip/src/PE/Reconfigurable Butterfly Unit/winograd_post_transform.sv:144]
INFO: [Synth 8-6155] done synthesizing module 'winograd_post_transform' (6#1) [f:/experiment/NTT/1/sum/ntt_3_tfdg_full_twiddle_4_2_sum_axi_3/ntt_1/ntt_1.srcs/sources_1/bd/design_1/ntt_ip/ip/src/PE/Reconfigurable Butterfly Unit/winograd_post_transform.sv:5]
WARNING: [Synth 8-6014] Unused sequential element width_config_reg was removed.  [f:/experiment/NTT/1/sum/ntt_3_tfdg_full_twiddle_4_2_sum_axi_3/ntt_1/ntt_1.srcs/sources_1/bd/design_1/ntt_ip/ip/src/PE/Reconfigurable Butterfly Unit/reconfigurable_3d_pe_top.sv:63]
WARNING: [Synth 8-6014] Unused sequential element cycle_counter_reg was removed.  [f:/experiment/NTT/1/sum/ntt_3_tfdg_full_twiddle_4_2_sum_axi_3/ntt_1/ntt_1.srcs/sources_1/bd/design_1/ntt_ip/ip/src/PE/Reconfigurable Butterfly Unit/reconfigurable_3d_pe_top.sv:209]
WARNING: [Synth 8-6014] Unused sequential element total_multiplies_reg was removed.  [f:/experiment/NTT/1/sum/ntt_3_tfdg_full_twiddle_4_2_sum_axi_3/ntt_1/ntt_1.srcs/sources_1/bd/design_1/ntt_ip/ip/src/PE/Reconfigurable Butterfly Unit/reconfigurable_3d_pe_top.sv:210]
INFO: [Synth 8-6155] done synthesizing module 'reconfigurable_3d_pe_top' (7#1) [f:/experiment/NTT/1/sum/ntt_3_tfdg_full_twiddle_4_2_sum_axi_3/ntt_1/ntt_1.srcs/sources_1/bd/design_1/ntt_ip/ip/src/PE/Reconfigurable Butterfly Unit/reconfigurable_3d_pe_top.sv:5]
INFO: [Synth 8-6155] done synthesizing module 'ntt_axi_accelerator_v1_0' (8#1) [f:/experiment/NTT/1/sum/ntt_3_tfdg_full_twiddle_4_2_sum_axi_3/ntt_1/ntt_1.srcs/sources_1/bd/design_1/ipshared/c7a9/hdl/ntt_axi_accelerator_v1_0.v:3]
INFO: [Synth 8-6155] done synthesizing module 'design_1_ntt_axi_accelerator_0_0' (9#1) [f:/experiment/NTT/1/sum/ntt_3_tfdg_full_twiddle_4_2_sum_axi_3/ntt_1/ntt_1.srcs/sources_1/bd/design_1/ip/design_1_ntt_axi_accelerator_0_0/synth/design_1_ntt_axi_accelerator_0_0.v:57]
WARNING: [Synth 8-3331] design winograd_post_transform has unconnected port core_result1[4][127]
WARNING: [Synth 8-3331] design winograd_post_transform has unconnected port core_result1[4][126]
WARNING: [Synth 8-3331] design winograd_post_transform has unconnected port core_result1[4][125]
WARNING: [Synth 8-3331] design winograd_post_transform has unconnected port core_result1[4][124]
WARNING: [Synth 8-3331] design winograd_post_transform has unconnected port core_result1[4][123]
WARNING: [Synth 8-3331] design winograd_post_transform has unconnected port core_result1[4][122]
WARNING: [Synth 8-3331] design winograd_post_transform has unconnected port core_result1[4][121]
WARNING: [Synth 8-3331] design winograd_post_transform has unconnected port core_result1[4][120]
WARNING: [Synth 8-3331] design winograd_post_transform has unconnected port core_result1[4][119]
WARNING: [Synth 8-3331] design winograd_post_transform has unconnected port core_result1[4][118]
WARNING: [Synth 8-3331] design winograd_post_transform has unconnected port core_result1[4][117]
WARNING: [Synth 8-3331] design winograd_post_transform has unconnected port core_result1[4][116]
WARNING: [Synth 8-3331] design winograd_post_transform has unconnected port core_result1[4][115]
WARNING: [Synth 8-3331] design winograd_post_transform has unconnected port core_result1[4][114]
WARNING: [Synth 8-3331] design winograd_post_transform has unconnected port core_result1[4][113]
WARNING: [Synth 8-3331] design winograd_post_transform has unconnected port core_result1[4][112]
WARNING: [Synth 8-3331] design winograd_post_transform has unconnected port core_result1[4][111]
WARNING: [Synth 8-3331] design winograd_post_transform has unconnected port core_result1[4][110]
WARNING: [Synth 8-3331] design winograd_post_transform has unconnected port core_result1[4][109]
WARNING: [Synth 8-3331] design winograd_post_transform has unconnected port core_result1[4][108]
WARNING: [Synth 8-3331] design winograd_post_transform has unconnected port core_result1[4][107]
WARNING: [Synth 8-3331] design winograd_post_transform has unconnected port core_result1[4][106]
WARNING: [Synth 8-3331] design winograd_post_transform has unconnected port core_result1[4][105]
WARNING: [Synth 8-3331] design winograd_post_transform has unconnected port core_result1[4][104]
WARNING: [Synth 8-3331] design winograd_post_transform has unconnected port core_result1[4][103]
WARNING: [Synth 8-3331] design winograd_post_transform has unconnected port core_result1[4][102]
WARNING: [Synth 8-3331] design winograd_post_transform has unconnected port core_result1[4][101]
WARNING: [Synth 8-3331] design winograd_post_transform has unconnected port core_result1[4][100]
WARNING: [Synth 8-3331] design winograd_post_transform has unconnected port core_result1[4][99]
WARNING: [Synth 8-3331] design winograd_post_transform has unconnected port core_result1[4][98]
WARNING: [Synth 8-3331] design winograd_post_transform has unconnected port core_result1[4][97]
WARNING: [Synth 8-3331] design winograd_post_transform has unconnected port core_result1[4][96]
WARNING: [Synth 8-3331] design winograd_post_transform has unconnected port core_result1[4][95]
WARNING: [Synth 8-3331] design winograd_post_transform has unconnected port core_result1[4][94]
WARNING: [Synth 8-3331] design winograd_post_transform has unconnected port core_result1[4][93]
WARNING: [Synth 8-3331] design winograd_post_transform has unconnected port core_result1[4][92]
WARNING: [Synth 8-3331] design winograd_post_transform has unconnected port core_result1[4][91]
WARNING: [Synth 8-3331] design winograd_post_transform has unconnected port core_result1[4][90]
WARNING: [Synth 8-3331] design winograd_post_transform has unconnected port core_result1[4][89]
WARNING: [Synth 8-3331] design winograd_post_transform has unconnected port core_result1[4][88]
WARNING: [Synth 8-3331] design winograd_post_transform has unconnected port core_result1[4][87]
WARNING: [Synth 8-3331] design winograd_post_transform has unconnected port core_result1[4][86]
WARNING: [Synth 8-3331] design winograd_post_transform has unconnected port core_result1[4][85]
WARNING: [Synth 8-3331] design winograd_post_transform has unconnected port core_result1[4][84]
WARNING: [Synth 8-3331] design winograd_post_transform has unconnected port core_result1[4][83]
WARNING: [Synth 8-3331] design winograd_post_transform has unconnected port core_result1[4][82]
WARNING: [Synth 8-3331] design winograd_post_transform has unconnected port core_result1[4][81]
WARNING: [Synth 8-3331] design winograd_post_transform has unconnected port core_result1[4][80]
WARNING: [Synth 8-3331] design winograd_post_transform has unconnected port core_result1[4][79]
WARNING: [Synth 8-3331] design winograd_post_transform has unconnected port core_result1[4][78]
WARNING: [Synth 8-3331] design winograd_post_transform has unconnected port core_result1[4][77]
WARNING: [Synth 8-3331] design winograd_post_transform has unconnected port core_result1[4][76]
WARNING: [Synth 8-3331] design winograd_post_transform has unconnected port core_result1[4][75]
WARNING: [Synth 8-3331] design winograd_post_transform has unconnected port core_result1[4][74]
WARNING: [Synth 8-3331] design winograd_post_transform has unconnected port core_result1[4][73]
WARNING: [Synth 8-3331] design winograd_post_transform has unconnected port core_result1[4][72]
WARNING: [Synth 8-3331] design winograd_post_transform has unconnected port core_result1[4][71]
WARNING: [Synth 8-3331] design winograd_post_transform has unconnected port core_result1[4][70]
WARNING: [Synth 8-3331] design winograd_post_transform has unconnected port core_result1[4][69]
WARNING: [Synth 8-3331] design winograd_post_transform has unconnected port core_result1[4][68]
WARNING: [Synth 8-3331] design winograd_post_transform has unconnected port core_result1[4][67]
WARNING: [Synth 8-3331] design winograd_post_transform has unconnected port core_result1[4][66]
WARNING: [Synth 8-3331] design winograd_post_transform has unconnected port core_result1[4][65]
WARNING: [Synth 8-3331] design winograd_post_transform has unconnected port core_result1[4][64]
WARNING: [Synth 8-3331] design winograd_post_transform has unconnected port core_result1[4][63]
WARNING: [Synth 8-3331] design winograd_post_transform has unconnected port core_result1[4][62]
WARNING: [Synth 8-3331] design winograd_post_transform has unconnected port core_result1[4][61]
WARNING: [Synth 8-3331] design winograd_post_transform has unconnected port core_result1[4][60]
WARNING: [Synth 8-3331] design winograd_post_transform has unconnected port core_result1[4][59]
WARNING: [Synth 8-3331] design winograd_post_transform has unconnected port core_result1[4][58]
WARNING: [Synth 8-3331] design winograd_post_transform has unconnected port core_result1[4][57]
WARNING: [Synth 8-3331] design winograd_post_transform has unconnected port core_result1[4][56]
WARNING: [Synth 8-3331] design winograd_post_transform has unconnected port core_result1[4][55]
WARNING: [Synth 8-3331] design winograd_post_transform has unconnected port core_result1[4][54]
WARNING: [Synth 8-3331] design winograd_post_transform has unconnected port core_result1[4][53]
WARNING: [Synth 8-3331] design winograd_post_transform has unconnected port core_result1[4][52]
WARNING: [Synth 8-3331] design winograd_post_transform has unconnected port core_result1[4][51]
WARNING: [Synth 8-3331] design winograd_post_transform has unconnected port core_result1[4][50]
WARNING: [Synth 8-3331] design winograd_post_transform has unconnected port core_result1[4][49]
WARNING: [Synth 8-3331] design winograd_post_transform has unconnected port core_result1[4][48]
WARNING: [Synth 8-3331] design winograd_post_transform has unconnected port core_result1[4][47]
WARNING: [Synth 8-3331] design winograd_post_transform has unconnected port core_result1[4][46]
WARNING: [Synth 8-3331] design winograd_post_transform has unconnected port core_result1[4][45]
WARNING: [Synth 8-3331] design winograd_post_transform has unconnected port core_result1[4][44]
WARNING: [Synth 8-3331] design winograd_post_transform has unconnected port core_result1[4][43]
WARNING: [Synth 8-3331] design winograd_post_transform has unconnected port core_result1[4][42]
WARNING: [Synth 8-3331] design winograd_post_transform has unconnected port core_result1[4][41]
WARNING: [Synth 8-3331] design winograd_post_transform has unconnected port core_result1[4][40]
WARNING: [Synth 8-3331] design winograd_post_transform has unconnected port core_result1[4][39]
WARNING: [Synth 8-3331] design winograd_post_transform has unconnected port core_result1[4][38]
WARNING: [Synth 8-3331] design winograd_post_transform has unconnected port core_result1[4][37]
WARNING: [Synth 8-3331] design winograd_post_transform has unconnected port core_result1[4][36]
WARNING: [Synth 8-3331] design winograd_post_transform has unconnected port core_result1[4][35]
WARNING: [Synth 8-3331] design winograd_post_transform has unconnected port core_result1[4][34]
WARNING: [Synth 8-3331] design winograd_post_transform has unconnected port core_result1[4][33]
WARNING: [Synth 8-3331] design winograd_post_transform has unconnected port core_result1[4][32]
WARNING: [Synth 8-3331] design winograd_post_transform has unconnected port core_result1[4][31]
WARNING: [Synth 8-3331] design winograd_post_transform has unconnected port core_result1[4][30]
WARNING: [Synth 8-3331] design winograd_post_transform has unconnected port core_result1[4][29]
WARNING: [Synth 8-3331] design winograd_post_transform has unconnected port core_result1[4][28]
INFO: [Common 17-14] Message 'Synth 8-3331' appears 100 times and further instances of the messages will be disabled. Use the Tcl command set_msg_config to change the current settings.
---------------------------------------------------------------------------------
Finished RTL Elaboration : Time (s): cpu = 00:00:10 ; elapsed = 00:00:15 . Memory (MB): peak = 974.883 ; gain = 320.594
---------------------------------------------------------------------------------

Report Check Netlist: 
+------+------------------+-------+---------+-------+------------------+
|      |Item              |Errors |Warnings |Status |Description       |
+------+------------------+-------+---------+-------+------------------+
|1     |multi_driven_nets |      0|        0|Passed |Multi driven nets |
+------+------------------+-------+---------+-------+------------------+
---------------------------------------------------------------------------------
Start Handling Custom Attributes
---------------------------------------------------------------------------------
---------------------------------------------------------------------------------
Finished Handling Custom Attributes : Time (s): cpu = 00:00:11 ; elapsed = 00:00:17 . Memory (MB): peak = 974.883 ; gain = 320.594
---------------------------------------------------------------------------------
---------------------------------------------------------------------------------
Finished RTL Optimization Phase 1 : Time (s): cpu = 00:00:11 ; elapsed = 00:00:17 . Memory (MB): peak = 974.883 ; gain = 320.594
---------------------------------------------------------------------------------
INFO: [Project 1-570] Preparing netlist for logic optimization

Processing XDC Constraints
Initializing timing engine
Completed Processing XDC Constraints

Netlist sorting complete. Time (s): cpu = 00:00:00 ; elapsed = 00:00:00.017 . Memory (MB): peak = 1261.754 ; gain = 0.000
INFO: [Project 1-111] Unisim Transformation Summary:
No Unisim elements were transformed.

WARNING: [Constraints 18-5210] No constraints selected for write.
Resolution: This message can indicate that there are no constraints for the design, or it can indicate that the used_in flags are set such that the constraints are ignored. This later case is used when running synth_design to not write synthesis constraints to the resulting checkpoint. Instead, project constraints are read when the synthesized design is opened.
Constraint Validation Runtime : Time (s): cpu = 00:00:02 ; elapsed = 00:00:02 . Memory (MB): peak = 1290.219 ; gain = 28.465
---------------------------------------------------------------------------------
Finished Constraint Validation : Time (s): cpu = 00:00:28 ; elapsed = 00:00:43 . Memory (MB): peak = 1290.219 ; gain = 635.930
---------------------------------------------------------------------------------
---------------------------------------------------------------------------------
Start Loading Part and Timing Information
---------------------------------------------------------------------------------
Loading part: xc7z020iclg484-1L
---------------------------------------------------------------------------------
Finished Loading Part and Timing Information : Time (s): cpu = 00:00:28 ; elapsed = 00:00:43 . Memory (MB): peak = 1290.219 ; gain = 635.930
---------------------------------------------------------------------------------
---------------------------------------------------------------------------------
Start Applying 'set_property' XDC Constraints
---------------------------------------------------------------------------------
---------------------------------------------------------------------------------
Finished applying 'set_property' XDC Constraints : Time (s): cpu = 00:00:28 ; elapsed = 00:00:43 . Memory (MB): peak = 1290.219 ; gain = 635.930
---------------------------------------------------------------------------------
INFO: [Synth 8-4471] merging register 'group_conj_reg[2][127:0]' into 'group_w_reg[2][127:0]' [f:/experiment/NTT/1/sum/ntt_3_tfdg_full_twiddle_4_2_sum_axi_3/ntt_1/ntt_1.srcs/sources_1/bd/design_1/ntt_ip/ip/src/PE/Reconfigurable Butterfly Unit/winograd_pre_transform.sv:124]
INFO: [Synth 8-4471] merging register 'group_conj_reg[3][127:0]' into 'group_w_reg[3][127:0]' [f:/experiment/NTT/1/sum/ntt_3_tfdg_full_twiddle_4_2_sum_axi_3/ntt_1/ntt_1.srcs/sources_1/bd/design_1/ntt_ip/ip/src/PE/Reconfigurable Butterfly Unit/winograd_pre_transform.sv:124]
INFO: [Synth 8-4471] merging register 'group_conj_reg[4][127:0]' into 'group_w_reg[4][127:0]' [f:/experiment/NTT/1/sum/ntt_3_tfdg_full_twiddle_4_2_sum_axi_3/ntt_1/ntt_1.srcs/sources_1/bd/design_1/ntt_ip/ip/src/PE/Reconfigurable Butterfly Unit/winograd_pre_transform.sv:124]
INFO: [Synth 8-4471] merging register 'group_conj_reg[5][127:0]' into 'group_w_reg[5][127:0]' [f:/experiment/NTT/1/sum/ntt_3_tfdg_full_twiddle_4_2_sum_axi_3/ntt_1/ntt_1.srcs/sources_1/bd/design_1/ntt_ip/ip/src/PE/Reconfigurable Butterfly Unit/winograd_pre_transform.sv:124]
INFO: [Synth 8-4471] merging register 'group_conj_reg[6][127:0]' into 'group_w_reg[6][127:0]' [f:/experiment/NTT/1/sum/ntt_3_tfdg_full_twiddle_4_2_sum_axi_3/ntt_1/ntt_1.srcs/sources_1/bd/design_1/ntt_ip/ip/src/PE/Reconfigurable Butterfly Unit/winograd_pre_transform.sv:124]
INFO: [Synth 8-4471] merging register 'group_conj_reg[7][127:0]' into 'group_w_reg[7][127:0]' [f:/experiment/NTT/1/sum/ntt_3_tfdg_full_twiddle_4_2_sum_axi_3/ntt_1/ntt_1.srcs/sources_1/bd/design_1/ntt_ip/ip/src/PE/Reconfigurable Butterfly Unit/winograd_pre_transform.sv:124]
INFO: [Synth 8-4471] merging register 'conj_coeff_out_reg[2][127:0]' into 'w_out_reg[2][127:0]' [f:/experiment/NTT/1/sum/ntt_3_tfdg_full_twiddle_4_2_sum_axi_3/ntt_1/ntt_1.srcs/sources_1/bd/design_1/ntt_ip/ip/src/PE/Reconfigurable Butterfly Unit/winograd_pre_transform.sv:107]
INFO: [Synth 8-4471] merging register 'conj_coeff_out_reg[3][127:0]' into 'w_out_reg[3][127:0]' [f:/experiment/NTT/1/sum/ntt_3_tfdg_full_twiddle_4_2_sum_axi_3/ntt_1/ntt_1.srcs/sources_1/bd/design_1/ntt_ip/ip/src/PE/Reconfigurable Butterfly Unit/winograd_pre_transform.sv:107]
INFO: [Synth 8-4471] merging register 'conj_coeff_out_reg[4][127:0]' into 'w_out_reg[4][127:0]' [f:/experiment/NTT/1/sum/ntt_3_tfdg_full_twiddle_4_2_sum_axi_3/ntt_1/ntt_1.srcs/sources_1/bd/design_1/ntt_ip/ip/src/PE/Reconfigurable Butterfly Unit/winograd_pre_transform.sv:107]
INFO: [Synth 8-4471] merging register 'conj_coeff_out_reg[5][127:0]' into 'w_out_reg[5][127:0]' [f:/experiment/NTT/1/sum/ntt_3_tfdg_full_twiddle_4_2_sum_axi_3/ntt_1/ntt_1.srcs/sources_1/bd/design_1/ntt_ip/ip/src/PE/Reconfigurable Butterfly Unit/winograd_pre_transform.sv:107]
INFO: [Synth 8-4471] merging register 'conj_coeff_out_reg[6][127:0]' into 'w_out_reg[6][127:0]' [f:/experiment/NTT/1/sum/ntt_3_tfdg_full_twiddle_4_2_sum_axi_3/ntt_1/ntt_1.srcs/sources_1/bd/design_1/ntt_ip/ip/src/PE/Reconfigurable Butterfly Unit/winograd_pre_transform.sv:107]
INFO: [Synth 8-4471] merging register 'conj_coeff_out_reg[7][127:0]' into 'w_out_reg[7][127:0]' [f:/experiment/NTT/1/sum/ntt_3_tfdg_full_twiddle_4_2_sum_axi_3/ntt_1/ntt_1.srcs/sources_1/bd/design_1/ntt_ip/ip/src/PE/Reconfigurable Butterfly Unit/winograd_pre_transform.sv:107]
INFO: [Synth 8-5818] HDL ADVISOR - The operator resource <adder> is shared. To prevent sharing consider applying a KEEP on the output of the operator [f:/experiment/NTT/1/sum/ntt_3_tfdg_full_twiddle_4_2_sum_axi_3/ntt_1/ntt_1.srcs/sources_1/bd/design_1/ntt_ip/ip/src/PE/Reconfigurable Butterfly Unit/winograd_pre_transform.sv:73]
INFO: [Synth 8-5818] HDL ADVISOR - The operator resource <adder> is shared. To prevent sharing consider applying a KEEP on the output of the operator [f:/experiment/NTT/1/sum/ntt_3_tfdg_full_twiddle_4_2_sum_axi_3/ntt_1/ntt_1.srcs/sources_1/bd/design_1/ntt_ip/ip/src/PE/Reconfigurable Butterfly Unit/winograd_pre_transform.sv:73]
INFO: [Synth 8-5818] HDL ADVISOR - The operator resource <adder> is shared. To prevent sharing consider applying a KEEP on the output of the operator [f:/experiment/NTT/1/sum/ntt_3_tfdg_full_twiddle_4_2_sum_axi_3/ntt_1/ntt_1.srcs/sources_1/bd/design_1/ntt_ip/ip/src/PE/Reconfigurable Butterfly Unit/winograd_pre_transform.sv:73]
INFO: [Synth 8-5818] HDL ADVISOR - The operator resource <adder> is shared. To prevent sharing consider applying a KEEP on the output of the operator [f:/experiment/NTT/1/sum/ntt_3_tfdg_full_twiddle_4_2_sum_axi_3/ntt_1/ntt_1.srcs/sources_1/bd/design_1/ntt_ip/ip/src/PE/Reconfigurable Butterfly Unit/winograd_pre_transform.sv:73]
INFO: [Synth 8-5818] HDL ADVISOR - The operator resource <adder> is shared. To prevent sharing consider applying a KEEP on the output of the operator [f:/experiment/NTT/1/sum/ntt_3_tfdg_full_twiddle_4_2_sum_axi_3/ntt_1/ntt_1.srcs/sources_1/bd/design_1/ntt_ip/ip/src/PE/Reconfigurable Butterfly Unit/winograd_pre_transform.sv:73]
INFO: [Synth 8-5818] HDL ADVISOR - The operator resource <adder> is shared. To prevent sharing consider applying a KEEP on the output of the operator [f:/experiment/NTT/1/sum/ntt_3_tfdg_full_twiddle_4_2_sum_axi_3/ntt_1/ntt_1.srcs/sources_1/bd/design_1/ntt_ip/ip/src/PE/Reconfigurable Butterfly Unit/winograd_pre_transform.sv:73]
INFO: [Synth 8-5818] HDL ADVISOR - The operator resource <adder> is shared. To prevent sharing consider applying a KEEP on the output of the operator [f:/experiment/NTT/1/sum/ntt_3_tfdg_full_twiddle_4_2_sum_axi_3/ntt_1/ntt_1.srcs/sources_1/bd/design_1/ntt_ip/ip/src/PE/Reconfigurable Butterfly Unit/winograd_pre_transform.sv:73]
INFO: [Synth 8-5818] HDL ADVISOR - The operator resource <adder> is shared. To prevent sharing consider applying a KEEP on the output of the operator [f:/experiment/NTT/1/sum/ntt_3_tfdg_full_twiddle_4_2_sum_axi_3/ntt_1/ntt_1.srcs/sources_1/bd/design_1/ntt_ip/ip/src/PE/Reconfigurable Butterfly Unit/winograd_pre_transform.sv:73]
INFO: [Synth 8-5818] HDL ADVISOR - The operator resource <adder> is shared. To prevent sharing consider applying a KEEP on the output of the operator [f:/experiment/NTT/1/sum/ntt_3_tfdg_full_twiddle_4_2_sum_axi_3/ntt_1/ntt_1.srcs/sources_1/bd/design_1/ntt_ip/ip/src/PE/Reconfigurable Butterfly Unit/winograd_pre_transform.sv:73]
INFO: [Synth 8-5818] HDL ADVISOR - The operator resource <adder> is shared. To prevent sharing consider applying a KEEP on the output of the operator [f:/experiment/NTT/1/sum/ntt_3_tfdg_full_twiddle_4_2_sum_axi_3/ntt_1/ntt_1.srcs/sources_1/bd/design_1/ntt_ip/ip/src/PE/Reconfigurable Butterfly Unit/winograd_pre_transform.sv:73]
INFO: [Synth 8-5818] HDL ADVISOR - The operator resource <adder> is shared. To prevent sharing consider applying a KEEP on the output of the operator [f:/experiment/NTT/1/sum/ntt_3_tfdg_full_twiddle_4_2_sum_axi_3/ntt_1/ntt_1.srcs/sources_1/bd/design_1/ntt_ip/ip/src/PE/Reconfigurable Butterfly Unit/winograd_pre_transform.sv:73]
INFO: [Synth 8-5818] HDL ADVISOR - The operator resource <adder> is shared. To prevent sharing consider applying a KEEP on the output of the operator [f:/experiment/NTT/1/sum/ntt_3_tfdg_full_twiddle_4_2_sum_axi_3/ntt_1/ntt_1.srcs/sources_1/bd/design_1/ntt_ip/ip/src/PE/Reconfigurable Butterfly Unit/winograd_pre_transform.sv:73]
INFO: [Synth 8-5818] HDL ADVISOR - The operator resource <adder> is shared. To prevent sharing consider applying a KEEP on the output of the operator [f:/experiment/NTT/1/sum/ntt_3_tfdg_full_twiddle_4_2_sum_axi_3/ntt_1/ntt_1.srcs/sources_1/bd/design_1/ntt_ip/ip/src/PE/Reconfigurable Butterfly Unit/winograd_pre_transform.sv:73]
INFO: [Synth 8-5818] HDL ADVISOR - The operator resource <adder> is shared. To prevent sharing consider applying a KEEP on the output of the operator [f:/experiment/NTT/1/sum/ntt_3_tfdg_full_twiddle_4_2_sum_axi_3/ntt_1/ntt_1.srcs/sources_1/bd/design_1/ntt_ip/ip/src/PE/Reconfigurable Butterfly Unit/winograd_pre_transform.sv:73]
INFO: [Synth 8-802] inferred FSM for state register 'state_reg' in module 'winograd_pre_transform'
INFO: [Synth 8-4471] merging register 'done_reg' into 'valid_out_reg' [f:/experiment/NTT/1/sum/ntt_3_tfdg_full_twiddle_4_2_sum_axi_3/ntt_1/ntt_1.srcs/sources_1/bd/design_1/ntt_ip/ip/src/montgomery_mutiply_moduli/montgomery_pipeline.v:210]
INFO: [Synth 8-5818] HDL ADVISOR - The operator resource <adder> is shared. To prevent sharing consider applying a KEEP on the output of the operator [f:/experiment/NTT/1/sum/ntt_3_tfdg_full_twiddle_4_2_sum_axi_3/ntt_1/ntt_1.srcs/sources_1/bd/design_1/ntt_ip/ip/src/montgomery_mutiply_moduli/montgomery_pipeline.v:183]
INFO: [Synth 8-5818] HDL ADVISOR - The operator resource <adder> is shared. To prevent sharing consider applying a KEEP on the output of the operator [f:/experiment/NTT/1/sum/ntt_3_tfdg_full_twiddle_4_2_sum_axi_3/ntt_1/ntt_1.srcs/sources_1/bd/design_1/ntt_ip/ip/src/montgomery_mutiply_moduli/montgomery_pipeline.v:183]
INFO: [Synth 8-5818] HDL ADVISOR - The operator resource <adder> is shared. To prevent sharing consider applying a KEEP on the output of the operator [f:/experiment/NTT/1/sum/ntt_3_tfdg_full_twiddle_4_2_sum_axi_3/ntt_1/ntt_1.srcs/sources_1/bd/design_1/ntt_ip/ip/src/montgomery_mutiply_moduli/montgomery_pipeline.v:183]
INFO: [Synth 8-5818] HDL ADVISOR - The operator resource <adder> is shared. To prevent sharing consider applying a KEEP on the output of the operator [f:/experiment/NTT/1/sum/ntt_3_tfdg_full_twiddle_4_2_sum_axi_3/ntt_1/ntt_1.srcs/sources_1/bd/design_1/ntt_ip/ip/src/montgomery_mutiply_moduli/montgomery_pipeline.v:183]
INFO: [Synth 8-5818] HDL ADVISOR - The operator resource <adder> is shared. To prevent sharing consider applying a KEEP on the output of the operator [f:/experiment/NTT/1/sum/ntt_3_tfdg_full_twiddle_4_2_sum_axi_3/ntt_1/ntt_1.srcs/sources_1/bd/design_1/ntt_ip/ip/src/PE/sub_pe/segmented_256bit_full_butterfly.v:139]
INFO: [Synth 8-5544] ROM "core_enable" won't be mapped to Block RAM because address size (3) smaller than threshold (5)
---------------------------------------------------------------------------------------------------
                   State |                     New Encoding |                Previous Encoding 
---------------------------------------------------------------------------------------------------
                    IDLE |                            00001 |                              000
             CALC_GROUPS |                            00010 |                              001
         APPLY_TRANSFORM |                            00100 |                              010
            OUTPUT_READY |                            01000 |                              011
                  iSTATE |                            10000 |                              111
---------------------------------------------------------------------------------------------------
INFO: [Synth 8-3354] encoded FSM with state register 'state_reg' using encoding 'one-hot' in module 'winograd_pre_transform'
---------------------------------------------------------------------------------
Finished RTL Optimization Phase 2 : Time (s): cpu = 00:01:05 ; elapsed = 00:05:33 . Memory (MB): peak = 7792.504 ; gain = 7138.215
---------------------------------------------------------------------------------

Report RTL Partitions: 
+------+--------------------------------+------------+----------+
|      |RTL Partition                   |Replication |Instances |
+------+--------------------------------+------------+----------+
|1     |winograd_pre_transform__GB0     |           1|     19185|
|2     |winograd_pre_transform__GB1     |           1|     15991|
|3     |winograd_pre_transform__GB2     |           1|     12651|
|4     |winograd_pre_transform__GB3     |           1|     21625|
|5     |winograd_pre_transform__GB4     |           1|     23967|
|6     |segmented_256bit_full_butterfly |           8|     18834|
|7     |reconfigurable_3d_pe_top__GC0   |           1|     13478|
|8     |ntt_axi_accelerator_v1_0__GC0   |           1|     48083|
+------+--------------------------------+------------+----------+
---------------------------------------------------------------------------------
Start RTL Component Statistics 
---------------------------------------------------------------------------------
Detailed RTL Component Info : 
+---Adders : 
	   2 Input    257 Bit       Adders := 8     
	   2 Input    256 Bit       Adders := 8     
	   2 Input    129 Bit       Adders := 22    
	   4 Input    128 Bit       Adders := 22    
	   3 Input    128 Bit       Adders := 40    
	   2 Input    128 Bit       Adders := 4     
	   5 Input    128 Bit       Adders := 12    
	   2 Input     65 Bit       Adders := 16    
	   4 Input     65 Bit       Adders := 8     
	   6 Input     65 Bit       Adders := 8     
	   3 Input     65 Bit       Adders := 8     
	   2 Input     32 Bit       Adders := 2     
	   2 Input      3 Bit       Adders := 2     
	   2 Input      1 Bit       Adders := 16    
+---Registers : 
	              257 Bit    Registers := 8     
	              256 Bit    Registers := 24    
	              128 Bit    Registers := 133   
	               65 Bit    Registers := 32    
	               64 Bit    Registers := 32    
	               32 Bit    Registers := 258   
	               10 Bit    Registers := 2     
	                8 Bit    Registers := 1     
	                4 Bit    Registers := 8     
	                3 Bit    Registers := 28    
	                2 Bit    Registers := 3     
	                1 Bit    Registers := 73    
+---Multipliers : 
	              128x128  Multipliers := 8     
	                64x64  Multipliers := 64    
+---Muxes : 
	   2 Input    256 Bit        Muxes := 8     
	   4 Input    256 Bit        Muxes := 8     
	   4 Input    128 Bit        Muxes := 18    
	   2 Input    128 Bit        Muxes := 138   
	   2 Input     65 Bit        Muxes := 16    
	   2 Input     64 Bit        Muxes := 48    
	   2 Input     32 Bit        Muxes := 257   
	 257 Input     32 Bit        Muxes := 1     
	 257 Input      9 Bit        Muxes := 1     
	   2 Input      8 Bit        Muxes := 1281  
	   4 Input      8 Bit        Muxes := 1     
	   4 Input      5 Bit        Muxes := 1     
	   2 Input      5 Bit        Muxes := 1     
	   2 Input      4 Bit        Muxes := 8     
	   8 Input      4 Bit        Muxes := 8     
	   2 Input      3 Bit        Muxes := 34    
	   4 Input      3 Bit        Muxes := 17    
	   6 Input      3 Bit        Muxes := 9     
	   7 Input      3 Bit        Muxes := 1     
	   2 Input      2 Bit        Muxes := 1     
	   5 Input      1 Bit        Muxes := 14    
	   4 Input      1 Bit        Muxes := 46    
	   2 Input      1 Bit        Muxes := 153   
	   8 Input      1 Bit        Muxes := 32    
	   7 Input      1 Bit        Muxes := 1     
---------------------------------------------------------------------------------
Finished RTL Component Statistics 
---------------------------------------------------------------------------------
---------------------------------------------------------------------------------
Start RTL Hierarchical Component Statistics 
---------------------------------------------------------------------------------
Hierarchical RTL Component report 
Module winograd_pre_transform 
Detailed RTL Component Info : 
+---Adders : 
	   2 Input    129 Bit       Adders := 14    
	   4 Input    128 Bit       Adders := 14    
	   3 Input    128 Bit       Adders := 24    
	   2 Input    128 Bit       Adders := 4     
	   5 Input    128 Bit       Adders := 4     
	   2 Input     32 Bit       Adders := 1     
	   2 Input      3 Bit       Adders := 1     
+---Registers : 
	              128 Bit    Registers := 52    
	                1 Bit    Registers := 1     
+---Muxes : 
	   4 Input    128 Bit        Muxes := 10    
	   2 Input    128 Bit        Muxes := 74    
	   2 Input     32 Bit        Muxes := 1     
	   4 Input      5 Bit        Muxes := 1     
	   2 Input      5 Bit        Muxes := 1     
	   5 Input      1 Bit        Muxes := 6     
	   4 Input      1 Bit        Muxes := 2     
Module montgomery_pipeline 
Detailed RTL Component Info : 
+---Adders : 
	   2 Input    257 Bit       Adders := 1     
	   3 Input    128 Bit       Adders := 1     
	   2 Input     65 Bit       Adders := 2     
	   4 Input     65 Bit       Adders := 1     
	   6 Input     65 Bit       Adders := 1     
	   3 Input     65 Bit       Adders := 1     
+---Registers : 
	              257 Bit    Registers := 1     
	              256 Bit    Registers := 2     
	              128 Bit    Registers := 6     
	               65 Bit    Registers := 4     
	               64 Bit    Registers := 4     
	                1 Bit    Registers := 5     
+---Multipliers : 
	              128x128  Multipliers := 1     
	                64x64  Multipliers := 4     
+---Muxes : 
	   2 Input    128 Bit        Muxes := 1     
	   2 Input     65 Bit        Muxes := 2     
	   2 Input     64 Bit        Muxes := 6     
	   2 Input      1 Bit        Muxes := 1     
Module seg_multiplier_64bit__1 
Detailed RTL Component Info : 
+---Multipliers : 
	                64x64  Multipliers := 1     
Module seg_multiplier_64bit__2 
Detailed RTL Component Info : 
+---Multipliers : 
	                64x64  Multipliers := 1     
Module seg_multiplier_64bit__3 
Detailed RTL Component Info : 
+---Multipliers : 
	                64x64  Multipliers := 1     
Module seg_multiplier_64bit 
Detailed RTL Component Info : 
+---Multipliers : 
	                64x64  Multipliers := 1     
Module segmented_256bit_full_butterfly 
Detailed RTL Component Info : 
+---Adders : 
	   2 Input    256 Bit       Adders := 1     
	   2 Input    129 Bit       Adders := 1     
	   3 Input    128 Bit       Adders := 1     
	   4 Input    128 Bit       Adders := 1     
	   5 Input    128 Bit       Adders := 1     
	   2 Input      1 Bit       Adders := 2     
+---Registers : 
	              256 Bit    Registers := 1     
	              128 Bit    Registers := 2     
	                4 Bit    Registers := 1     
	                3 Bit    Registers := 3     
	                1 Bit    Registers := 3     
+---Muxes : 
	   2 Input    256 Bit        Muxes := 1     
	   4 Input    256 Bit        Muxes := 1     
	   2 Input    128 Bit        Muxes := 5     
	   2 Input      4 Bit        Muxes := 1     
	   8 Input      4 Bit        Muxes := 1     
	   2 Input      3 Bit        Muxes := 4     
	   4 Input      3 Bit        Muxes := 2     
	   6 Input      3 Bit        Muxes := 1     
	   2 Input      1 Bit        Muxes := 14    
	   4 Input      1 Bit        Muxes := 3     
	   8 Input      1 Bit        Muxes := 4     
Module winograd_post_transform 
Detailed RTL Component Info : 
+---Adders : 
	   2 Input     32 Bit       Adders := 1     
	   2 Input      3 Bit       Adders := 1     
+---Registers : 
	              128 Bit    Registers := 17    
	                8 Bit    Registers := 1     
	                3 Bit    Registers := 3     
	                1 Bit    Registers := 1     
+---Muxes : 
	   4 Input    128 Bit        Muxes := 8     
	   2 Input    128 Bit        Muxes := 16    
	   2 Input      3 Bit        Muxes := 2     
	   6 Input      3 Bit        Muxes := 1     
	   7 Input      3 Bit        Muxes := 1     
	   4 Input      3 Bit        Muxes := 1     
	   2 Input      2 Bit        Muxes := 1     
	   7 Input      1 Bit        Muxes := 1     
	   4 Input      1 Bit        Muxes := 20    
	   2 Input      1 Bit        Muxes := 27    
	   5 Input      1 Bit        Muxes := 8     
Module reconfigurable_3d_pe_top 
Detailed RTL Component Info : 
+---Registers : 
	                3 Bit    Registers := 1     
	                2 Bit    Registers := 1     
	                1 Bit    Registers := 1     
+---Muxes : 
	   2 Input      8 Bit        Muxes := 1     
	   4 Input      8 Bit        Muxes := 1     
	   2 Input      1 Bit        Muxes := 1     
Module ntt_axi_accelerator_v1_0_S00_AXI 
Detailed RTL Component Info : 
+---Registers : 
	               32 Bit    Registers := 257   
	               10 Bit    Registers := 2     
	                2 Bit    Registers := 2     
	                1 Bit    Registers := 6     
+---Muxes : 
	   2 Input     32 Bit        Muxes := 256   
	 257 Input     32 Bit        Muxes := 1     
	 257 Input      9 Bit        Muxes := 1     
	   2 Input      8 Bit        Muxes := 1280  
	   2 Input      1 Bit        Muxes := 5     
Module ntt_axi_accelerator_v1_0 
Detailed RTL Component Info : 
+---Registers : 
	               32 Bit    Registers := 1     
---------------------------------------------------------------------------------
Finished RTL Hierarchical Component Statistics
---------------------------------------------------------------------------------
---------------------------------------------------------------------------------
Start Part Resource Summary
---------------------------------------------------------------------------------
Part Resources:
DSPs: 220 (col length:60)
BRAMs: 280 (col length: RAMB18 60 RAMB36 30)
---------------------------------------------------------------------------------
Finished Part Resource Summary
---------------------------------------------------------------------------------
INFO: [Synth 8-5580] Multithreading enabled for synth_design using a maximum of 2 processes.
---------------------------------------------------------------------------------
Start Cross Boundary and Area Optimization
---------------------------------------------------------------------------------
INFO: [Synth 8-5845] Not enough pipeline registers after wide multiplier. Recommended levels of pipeline registers is 64 [f:/experiment/NTT/1/sum/ntt_3_tfdg_full_twiddle_4_2_sum_axi_3/ntt_1/ntt_1.srcs/sources_1/bd/design_1/ntt_ip/ip/src/montgomery_mutiply_moduli/montgomery_pipeline.v:80]
INFO: [Synth 8-5845] Not enough pipeline registers after wide multiplier. Recommended levels of pipeline registers is 16 [f:/experiment/NTT/1/sum/ntt_3_tfdg_full_twiddle_4_2_sum_axi_3/ntt_1/ntt_1.srcs/sources_1/bd/design_1/ntt_ip/ip/src/montgomery_mutiply_moduli/montgomery_pipeline.v:135]
INFO: [Synth 8-5845] Not enough pipeline registers after wide multiplier. Recommended levels of pipeline registers is 16 [f:/experiment/NTT/1/sum/ntt_3_tfdg_full_twiddle_4_2_sum_axi_3/ntt_1/ntt_1.srcs/sources_1/bd/design_1/ntt_ip/ip/src/montgomery_mutiply_moduli/montgomery_pipeline.v:135]
INFO: [Synth 8-5845] Not enough pipeline registers after wide multiplier. Recommended levels of pipeline registers is 16 [f:/experiment/NTT/1/sum/ntt_3_tfdg_full_twiddle_4_2_sum_axi_3/ntt_1/ntt_1.srcs/sources_1/bd/design_1/ntt_ip/ip/src/montgomery_mutiply_moduli/montgomery_pipeline.v:135]
INFO: [Synth 8-5845] Not enough pipeline registers after wide multiplier. Recommended levels of pipeline registers is 16 [f:/experiment/NTT/1/sum/ntt_3_tfdg_full_twiddle_4_2_sum_axi_3/ntt_1/ntt_1.srcs/sources_1/bd/design_1/ntt_ip/ip/src/montgomery_mutiply_moduli/montgomery_pipeline.v:135]
DSP Report: Generating DSP stage1_m0, operation Mode is: A*B.
DSP Report: operator stage1_m0 is absorbed into DSP stage1_m0.
DSP Report: operator stage1_m0 is absorbed into DSP stage1_m0.
DSP Report: Generating DSP stage1_m0, operation Mode is: (PCIN>>17)+A*B.
DSP Report: operator stage1_m0 is absorbed into DSP stage1_m0.
DSP Report: operator stage1_m0 is absorbed into DSP stage1_m0.
DSP Report: Generating DSP stage1_m0, operation Mode is: PCIN+A*B.
DSP Report: operator stage1_m0 is absorbed into DSP stage1_m0.
DSP Report: operator stage1_m0 is absorbed into DSP stage1_m0.
DSP Report: Generating DSP stage1_m0, operation Mode is: (PCIN>>17)+A*B.
DSP Report: operator stage1_m0 is absorbed into DSP stage1_m0.
DSP Report: operator stage1_m0 is absorbed into DSP stage1_m0.
DSP Report: Generating DSP stage1_m0, operation Mode is: A*B.
DSP Report: operator stage1_m0 is absorbed into DSP stage1_m0.
DSP Report: operator stage1_m0 is absorbed into DSP stage1_m0.
DSP Report: Generating DSP stage1_m0, operation Mode is: PCIN+A*B.
DSP Report: operator stage1_m0 is absorbed into DSP stage1_m0.
DSP Report: operator stage1_m0 is absorbed into DSP stage1_m0.
DSP Report: Generating DSP stage1_m0, operation Mode is: (PCIN>>17)+A*B.
DSP Report: operator stage1_m0 is absorbed into DSP stage1_m0.
DSP Report: operator stage1_m0 is absorbed into DSP stage1_m0.
DSP Report: Generating DSP stage1_m0, operation Mode is: PCIN+A*B.
DSP Report: operator stage1_m0 is absorbed into DSP stage1_m0.
DSP Report: operator stage1_m0 is absorbed into DSP stage1_m0.
DSP Report: Generating DSP stage1_m0, operation Mode is: A*B.
DSP Report: operator stage1_m0 is absorbed into DSP stage1_m0.
DSP Report: operator stage1_m0 is absorbed into DSP stage1_m0.
DSP Report: Generating DSP stage1_m0, operation Mode is: PCIN+A*B.
DSP Report: operator stage1_m0 is absorbed into DSP stage1_m0.
DSP Report: operator stage1_m0 is absorbed into DSP stage1_m0.
DSP Report: Generating DSP stage1_m0, operation Mode is: (PCIN>>17)+A*B.
DSP Report: operator stage1_m0 is absorbed into DSP stage1_m0.
DSP Report: operator stage1_m0 is absorbed into DSP stage1_m0.
DSP Report: Generating DSP stage1_m0, operation Mode is: PCIN+A*B.
DSP Report: operator stage1_m0 is absorbed into DSP stage1_m0.
DSP Report: operator stage1_m0 is absorbed into DSP stage1_m0.
DSP Report: Generating DSP stage1_m0, operation Mode is: A*B.
DSP Report: operator stage1_m0 is absorbed into DSP stage1_m0.
DSP Report: operator stage1_m0 is absorbed into DSP stage1_m0.
DSP Report: Generating DSP stage1_m0, operation Mode is: (PCIN>>17)+A*B.
DSP Report: operator stage1_m0 is absorbed into DSP stage1_m0.
DSP Report: operator stage1_m0 is absorbed into DSP stage1_m0.
DSP Report: Generating DSP stage1_m0, operation Mode is: PCIN+A*B.
DSP Report: operator stage1_m0 is absorbed into DSP stage1_m0.
DSP Report: operator stage1_m0 is absorbed into DSP stage1_m0.
DSP Report: Generating DSP stage1_m0, operation Mode is: PCIN+A*B.
DSP Report: operator stage1_m0 is absorbed into DSP stage1_m0.
DSP Report: operator stage1_m0 is absorbed into DSP stage1_m0.
DSP Report: Generating DSP stage1_m0, operation Mode is: A*B.
DSP Report: operator stage1_m0 is absorbed into DSP stage1_m0.
DSP Report: operator stage1_m0 is absorbed into DSP stage1_m0.
DSP Report: Generating DSP stage1_m0, operation Mode is: PCIN+A*B.
DSP Report: operator stage1_m0 is absorbed into DSP stage1_m0.
DSP Report: operator stage1_m0 is absorbed into DSP stage1_m0.
DSP Report: Generating DSP stage1_m0, operation Mode is: PCIN+A*B.
DSP Report: operator stage1_m0 is absorbed into DSP stage1_m0.
DSP Report: operator stage1_m0 is absorbed into DSP stage1_m0.
DSP Report: Generating DSP stage1_m0, operation Mode is: PCIN+A*B.
DSP Report: operator stage1_m0 is absorbed into DSP stage1_m0.
DSP Report: operator stage1_m0 is absorbed into DSP stage1_m0.
DSP Report: Generating DSP stage1_m0, operation Mode is: A*B.
DSP Report: operator stage1_m0 is absorbed into DSP stage1_m0.
DSP Report: operator stage1_m0 is absorbed into DSP stage1_m0.
DSP Report: Generating DSP stage1_m0, operation Mode is: PCIN+A*B.
DSP Report: operator stage1_m0 is absorbed into DSP stage1_m0.
DSP Report: operator stage1_m0 is absorbed into DSP stage1_m0.
DSP Report: Generating DSP stage1_m0, operation Mode is: PCIN+A*B.
DSP Report: operator stage1_m0 is absorbed into DSP stage1_m0.
DSP Report: operator stage1_m0 is absorbed into DSP stage1_m0.
DSP Report: Generating DSP stage1_m0, operation Mode is: (PCIN>>17)+A*B.
DSP Report: operator stage1_m0 is absorbed into DSP stage1_m0.
DSP Report: operator stage1_m0 is absorbed into DSP stage1_m0.
DSP Report: Generating DSP stage1_m0, operation Mode is: A*B.
DSP Report: operator stage1_m0 is absorbed into DSP stage1_m0.
DSP Report: operator stage1_m0 is absorbed into DSP stage1_m0.
DSP Report: Generating DSP stage1_m0, operation Mode is: PCIN+A*B.
DSP Report: operator stage1_m0 is absorbed into DSP stage1_m0.
DSP Report: operator stage1_m0 is absorbed into DSP stage1_m0.
DSP Report: Generating DSP stage1_m0, operation Mode is: PCIN+A*B.
DSP Report: operator stage1_m0 is absorbed into DSP stage1_m0.
DSP Report: operator stage1_m0 is absorbed into DSP stage1_m0.
DSP Report: Generating DSP stage1_m0, operation Mode is: PCIN+A*B.
DSP Report: operator stage1_m0 is absorbed into DSP stage1_m0.
DSP Report: operator stage1_m0 is absorbed into DSP stage1_m0.
DSP Report: Generating DSP stage1_m0, operation Mode is: A*B.
DSP Report: operator stage1_m0 is absorbed into DSP stage1_m0.
DSP Report: operator stage1_m0 is absorbed into DSP stage1_m0.
DSP Report: Generating DSP stage1_m0, operation Mode is: PCIN+A*B.
DSP Report: operator stage1_m0 is absorbed into DSP stage1_m0.
DSP Report: operator stage1_m0 is absorbed into DSP stage1_m0.
DSP Report: Generating DSP stage1_m0, operation Mode is: PCIN+A*B.
DSP Report: operator stage1_m0 is absorbed into DSP stage1_m0.
DSP Report: operator stage1_m0 is absorbed into DSP stage1_m0.
DSP Report: Generating DSP stage1_m0, operation Mode is: PCIN+A*B.
DSP Report: operator stage1_m0 is absorbed into DSP stage1_m0.
DSP Report: operator stage1_m0 is absorbed into DSP stage1_m0.
DSP Report: Generating DSP stage1_m0, operation Mode is: A*B.
DSP Report: operator stage1_m0 is absorbed into DSP stage1_m0.
DSP Report: operator stage1_m0 is absorbed into DSP stage1_m0.
DSP Report: Generating DSP stage1_m0, operation Mode is: PCIN+A*B.
DSP Report: operator stage1_m0 is absorbed into DSP stage1_m0.
DSP Report: operator stage1_m0 is absorbed into DSP stage1_m0.
DSP Report: Generating DSP stage1_m0, operation Mode is: PCIN+A*B.
DSP Report: operator stage1_m0 is absorbed into DSP stage1_m0.
DSP Report: operator stage1_m0 is absorbed into DSP stage1_m0.
DSP Report: Generating DSP stage1_m0, operation Mode is: PCIN+A*B.
DSP Report: operator stage1_m0 is absorbed into DSP stage1_m0.
DSP Report: operator stage1_m0 is absorbed into DSP stage1_m0.
DSP Report: Generating DSP stage1_m0, operation Mode is: A*B.
DSP Report: operator stage1_m0 is absorbed into DSP stage1_m0.
DSP Report: operator stage1_m0 is absorbed into DSP stage1_m0.
DSP Report: Generating DSP stage1_m0, operation Mode is: PCIN+A*B.
DSP Report: operator stage1_m0 is absorbed into DSP stage1_m0.
DSP Report: operator stage1_m0 is absorbed into DSP stage1_m0.
DSP Report: Generating DSP stage1_m0, operation Mode is: PCIN+A*B.
DSP Report: operator stage1_m0 is absorbed into DSP stage1_m0.
DSP Report: operator stage1_m0 is absorbed into DSP stage1_m0.
DSP Report: Generating DSP stage1_m0, operation Mode is: PCIN+A*B.
DSP Report: operator stage1_m0 is absorbed into DSP stage1_m0.
DSP Report: operator stage1_m0 is absorbed into DSP stage1_m0.
DSP Report: Generating DSP stage1_m0, operation Mode is: A*B.
DSP Report: operator stage1_m0 is absorbed into DSP stage1_m0.
DSP Report: operator stage1_m0 is absorbed into DSP stage1_m0.
DSP Report: Generating DSP stage1_m0, operation Mode is: (PCIN>>17)+A*B.
DSP Report: operator stage1_m0 is absorbed into DSP stage1_m0.
DSP Report: operator stage1_m0 is absorbed into DSP stage1_m0.
DSP Report: Generating DSP stage1_m0, operation Mode is: PCIN+A*B.
DSP Report: operator stage1_m0 is absorbed into DSP stage1_m0.
DSP Report: operator stage1_m0 is absorbed into DSP stage1_m0.
DSP Report: Generating DSP stage1_m0, operation Mode is: PCIN+A*B.
DSP Report: operator stage1_m0 is absorbed into DSP stage1_m0.
DSP Report: operator stage1_m0 is absorbed into DSP stage1_m0.
DSP Report: Generating DSP stage1_m0, operation Mode is: A*B.
DSP Report: operator stage1_m0 is absorbed into DSP stage1_m0.
DSP Report: operator stage1_m0 is absorbed into DSP stage1_m0.
DSP Report: Generating DSP stage1_m0, operation Mode is: PCIN+A*B.
DSP Report: operator stage1_m0 is absorbed into DSP stage1_m0.
DSP Report: operator stage1_m0 is absorbed into DSP stage1_m0.
DSP Report: Generating DSP stage1_m0, operation Mode is: PCIN+A*B.
DSP Report: operator stage1_m0 is absorbed into DSP stage1_m0.
DSP Report: operator stage1_m0 is absorbed into DSP stage1_m0.
DSP Report: Generating DSP stage1_m0, operation Mode is: PCIN+A*B.
DSP Report: operator stage1_m0 is absorbed into DSP stage1_m0.
DSP Report: operator stage1_m0 is absorbed into DSP stage1_m0.
DSP Report: Generating DSP stage1_m0, operation Mode is: A*B.
DSP Report: operator stage1_m0 is absorbed into DSP stage1_m0.
DSP Report: operator stage1_m0 is absorbed into DSP stage1_m0.
DSP Report: Generating DSP stage1_m0, operation Mode is: PCIN+A*B.
DSP Report: operator stage1_m0 is absorbed into DSP stage1_m0.
DSP Report: operator stage1_m0 is absorbed into DSP stage1_m0.
DSP Report: Generating DSP stage1_m0, operation Mode is: PCIN+A*B.
DSP Report: operator stage1_m0 is absorbed into DSP stage1_m0.
DSP Report: operator stage1_m0 is absorbed into DSP stage1_m0.
DSP Report: Generating DSP stage1_m0, operation Mode is: (PCIN>>17)+A*B.
DSP Report: operator stage1_m0 is absorbed into DSP stage1_m0.
DSP Report: operator stage1_m0 is absorbed into DSP stage1_m0.
DSP Report: Generating DSP stage1_m0, operation Mode is: A*B.
DSP Report: operator stage1_m0 is absorbed into DSP stage1_m0.
DSP Report: operator stage1_m0 is absorbed into DSP stage1_m0.
DSP Report: Generating DSP stage1_m0, operation Mode is: PCIN+A*B.
DSP Report: operator stage1_m0 is absorbed into DSP stage1_m0.
DSP Report: operator stage1_m0 is absorbed into DSP stage1_m0.
DSP Report: Generating DSP stage1_m0, operation Mode is: (PCIN>>17)+A*B.
DSP Report: operator stage1_m0 is absorbed into DSP stage1_m0.
DSP Report: operator stage1_m0 is absorbed into DSP stage1_m0.
DSP Report: Generating DSP stage1_m0, operation Mode is: PCIN+A*B.
DSP Report: operator stage1_m0 is absorbed into DSP stage1_m0.
DSP Report: operator stage1_m0 is absorbed into DSP stage1_m0.
DSP Report: Generating DSP stage1_m0, operation Mode is: A*B.
DSP Report: operator stage1_m0 is absorbed into DSP stage1_m0.
DSP Report: operator stage1_m0 is absorbed into DSP stage1_m0.
DSP Report: Generating DSP stage1_m0, operation Mode is: PCIN+A*B.
DSP Report: operator stage1_m0 is absorbed into DSP stage1_m0.
DSP Report: operator stage1_m0 is absorbed into DSP stage1_m0.
DSP Report: Generating DSP stage1_m0, operation Mode is: (PCIN>>17)+A*B.
DSP Report: operator stage1_m0 is absorbed into DSP stage1_m0.
DSP Report: operator stage1_m0 is absorbed into DSP stage1_m0.
DSP Report: Generating DSP stage1_m0, operation Mode is: PCIN+A*B.
DSP Report: operator stage1_m0 is absorbed into DSP stage1_m0.
DSP Report: operator stage1_m0 is absorbed into DSP stage1_m0.
DSP Report: Generating DSP stage1_m0, operation Mode is: A*B.
DSP Report: operator stage1_m0 is absorbed into DSP stage1_m0.
DSP Report: operator stage1_m0 is absorbed into DSP stage1_m0.
DSP Report: Generating DSP stage1_m0, operation Mode is: (PCIN>>17)+A*B.
DSP Report: operator stage1_m0 is absorbed into DSP stage1_m0.
DSP Report: operator stage1_m0 is absorbed into DSP stage1_m0.
DSP Report: Generating DSP stage1_m0, operation Mode is: PCIN+A*B.
DSP Report: operator stage1_m0 is absorbed into DSP stage1_m0.
DSP Report: operator stage1_m0 is absorbed into DSP stage1_m0.
DSP Report: Generating DSP stage1_m0, operation Mode is: (PCIN>>17)+A*B.
DSP Report: operator stage1_m0 is absorbed into DSP stage1_m0.
DSP Report: operator stage1_m0 is absorbed into DSP stage1_m0.
DSP Report: Generating DSP p_0_out, operation Mode is: A*B.
DSP Report: operator p_0_out is absorbed into DSP p_0_out.
DSP Report: operator p_0_out is absorbed into DSP p_0_out.
DSP Report: Generating DSP p_0_out, operation Mode is: (PCIN>>17)+A*B.
DSP Report: operator p_0_out is absorbed into DSP p_0_out.
DSP Report: operator p_0_out is absorbed into DSP p_0_out.
DSP Report: Generating DSP p_0_out, operation Mode is: PCIN+A*B.
DSP Report: operator p_0_out is absorbed into DSP p_0_out.
DSP Report: operator p_0_out is absorbed into DSP p_0_out.
DSP Report: Generating DSP p_0_out, operation Mode is: (PCIN>>17)+A*B.
DSP Report: operator p_0_out is absorbed into DSP p_0_out.
DSP Report: operator p_0_out is absorbed into DSP p_0_out.
DSP Report: Generating DSP p_0_out, operation Mode is: A*B.
DSP Report: operator p_0_out is absorbed into DSP p_0_out.
DSP Report: operator p_0_out is absorbed into DSP p_0_out.
DSP Report: Generating DSP p_0_out, operation Mode is: PCIN+A*B.
DSP Report: operator p_0_out is absorbed into DSP p_0_out.
DSP Report: operator p_0_out is absorbed into DSP p_0_out.
DSP Report: Generating DSP p_0_out, operation Mode is: (PCIN>>17)+A*B.
DSP Report: operator p_0_out is absorbed into DSP p_0_out.
DSP Report: operator p_0_out is absorbed into DSP p_0_out.
DSP Report: Generating DSP p_0_out, operation Mode is: PCIN+A*B.
DSP Report: operator p_0_out is absorbed into DSP p_0_out.
DSP Report: operator p_0_out is absorbed into DSP p_0_out.
DSP Report: Generating DSP p_0_out, operation Mode is: A*B.
DSP Report: operator p_0_out is absorbed into DSP p_0_out.
DSP Report: operator p_0_out is absorbed into DSP p_0_out.
DSP Report: Generating DSP p_0_out, operation Mode is: PCIN+A*B.
DSP Report: operator p_0_out is absorbed into DSP p_0_out.
DSP Report: operator p_0_out is absorbed into DSP p_0_out.
DSP Report: Generating DSP p_0_out, operation Mode is: (PCIN>>17)+A*B.
DSP Report: operator p_0_out is absorbed into DSP p_0_out.
DSP Report: operator p_0_out is absorbed into DSP p_0_out.
DSP Report: Generating DSP p_0_out, operation Mode is: PCIN+A*B.
DSP Report: operator p_0_out is absorbed into DSP p_0_out.
DSP Report: operator p_0_out is absorbed into DSP p_0_out.
DSP Report: Generating DSP p_0_out, operation Mode is: A*B.
DSP Report: operator p_0_out is absorbed into DSP p_0_out.
DSP Report: operator p_0_out is absorbed into DSP p_0_out.
DSP Report: Generating DSP p_0_out, operation Mode is: (PCIN>>17)+A*B.
DSP Report: operator p_0_out is absorbed into DSP p_0_out.
DSP Report: operator p_0_out is absorbed into DSP p_0_out.
DSP Report: Generating DSP p_0_out, operation Mode is: PCIN+A*B.
DSP Report: operator p_0_out is absorbed into DSP p_0_out.
DSP Report: operator p_0_out is absorbed into DSP p_0_out.
DSP Report: Generating DSP p_0_out, operation Mode is: (PCIN>>17)+A*B.
DSP Report: operator p_0_out is absorbed into DSP p_0_out.
DSP Report: operator p_0_out is absorbed into DSP p_0_out.
DSP Report: Generating DSP p_0_out, operation Mode is: A*B.
DSP Report: operator p_0_out is absorbed into DSP p_0_out.
DSP Report: operator p_0_out is absorbed into DSP p_0_out.
DSP Report: Generating DSP p_0_out, operation Mode is: (PCIN>>17)+A*B.
DSP Report: operator p_0_out is absorbed into DSP p_0_out.
DSP Report: operator p_0_out is absorbed into DSP p_0_out.
DSP Report: Generating DSP p_0_out, operation Mode is: PCIN+A*B.
DSP Report: operator p_0_out is absorbed into DSP p_0_out.
DSP Report: operator p_0_out is absorbed into DSP p_0_out.
DSP Report: Generating DSP p_0_out, operation Mode is: (PCIN>>17)+A*B.
DSP Report: operator p_0_out is absorbed into DSP p_0_out.
DSP Report: operator p_0_out is absorbed into DSP p_0_out.
DSP Report: Generating DSP p_0_out, operation Mode is: A*B.
DSP Report: operator p_0_out is absorbed into DSP p_0_out.
DSP Report: operator p_0_out is absorbed into DSP p_0_out.
DSP Report: Generating DSP p_0_out, operation Mode is: PCIN+A*B.
DSP Report: operator p_0_out is absorbed into DSP p_0_out.
DSP Report: operator p_0_out is absorbed into DSP p_0_out.
DSP Report: Generating DSP p_0_out, operation Mode is: (PCIN>>17)+A*B.
DSP Report: operator p_0_out is absorbed into DSP p_0_out.
DSP Report: operator p_0_out is absorbed into DSP p_0_out.
DSP Report: Generating DSP p_0_out, operation Mode is: PCIN+A*B.
DSP Report: operator p_0_out is absorbed into DSP p_0_out.
DSP Report: operator p_0_out is absorbed into DSP p_0_out.
DSP Report: Generating DSP p_0_out, operation Mode is: A*B.
DSP Report: operator p_0_out is absorbed into DSP p_0_out.
DSP Report: operator p_0_out is absorbed into DSP p_0_out.
DSP Report: Generating DSP p_0_out, operation Mode is: PCIN+A*B.
DSP Report: operator p_0_out is absorbed into DSP p_0_out.
DSP Report: operator p_0_out is absorbed into DSP p_0_out.
DSP Report: Generating DSP p_0_out, operation Mode is: (PCIN>>17)+A*B.
DSP Report: operator p_0_out is absorbed into DSP p_0_out.
DSP Report: operator p_0_out is absorbed into DSP p_0_out.
DSP Report: Generating DSP p_0_out, operation Mode is: PCIN+A*B.
DSP Report: operator p_0_out is absorbed into DSP p_0_out.
DSP Report: operator p_0_out is absorbed into DSP p_0_out.
DSP Report: Generating DSP p_0_out, operation Mode is: A*B.
DSP Report: operator p_0_out is absorbed into DSP p_0_out.
DSP Report: operator p_0_out is absorbed into DSP p_0_out.
DSP Report: Generating DSP p_0_out, operation Mode is: (PCIN>>17)+A*B.
DSP Report: operator p_0_out is absorbed into DSP p_0_out.
DSP Report: operator p_0_out is absorbed into DSP p_0_out.
DSP Report: Generating DSP p_0_out, operation Mode is: PCIN+A*B.
DSP Report: operator p_0_out is absorbed into DSP p_0_out.
DSP Report: operator p_0_out is absorbed into DSP p_0_out.
DSP Report: Generating DSP p_0_out, operation Mode is: (PCIN>>17)+A*B.
DSP Report: operator p_0_out is absorbed into DSP p_0_out.
DSP Report: operator p_0_out is absorbed into DSP p_0_out.
DSP Report: Generating DSP p_0_out, operation Mode is: A*B.
DSP Report: operator p_0_out is absorbed into DSP p_0_out.
DSP Report: operator p_0_out is absorbed into DSP p_0_out.
DSP Report: Generating DSP p_0_out, operation Mode is: (PCIN>>17)+A*B.
DSP Report: operator p_0_out is absorbed into DSP p_0_out.
DSP Report: operator p_0_out is absorbed into DSP p_0_out.
DSP Report: Generating DSP p_0_out, operation Mode is: PCIN+A*B.
DSP Report: operator p_0_out is absorbed into DSP p_0_out.
DSP Report: operator p_0_out is absorbed into DSP p_0_out.
DSP Report: Generating DSP p_0_out, operation Mode is: (PCIN>>17)+A*B.
DSP Report: operator p_0_out is absorbed into DSP p_0_out.
DSP Report: operator p_0_out is absorbed into DSP p_0_out.
DSP Report: Generating DSP p_0_out, operation Mode is: A*B.
DSP Report: operator p_0_out is absorbed into DSP p_0_out.
DSP Report: operator p_0_out is absorbed into DSP p_0_out.
DSP Report: Generating DSP p_0_out, operation Mode is: PCIN+A*B.
DSP Report: operator p_0_out is absorbed into DSP p_0_out.
DSP Report: operator p_0_out is absorbed into DSP p_0_out.
DSP Report: Generating DSP p_0_out, operation Mode is: (PCIN>>17)+A*B.
DSP Report: operator p_0_out is absorbed into DSP p_0_out.
DSP Report: operator p_0_out is absorbed into DSP p_0_out.
DSP Report: Generating DSP p_0_out, operation Mode is: PCIN+A*B.
DSP Report: operator p_0_out is absorbed into DSP p_0_out.
DSP Report: operator p_0_out is absorbed into DSP p_0_out.
DSP Report: Generating DSP p_0_out, operation Mode is: A*B.
DSP Report: operator p_0_out is absorbed into DSP p_0_out.
DSP Report: operator p_0_out is absorbed into DSP p_0_out.
DSP Report: Generating DSP p_0_out, operation Mode is: PCIN+A*B.
DSP Report: operator p_0_out is absorbed into DSP p_0_out.
DSP Report: operator p_0_out is absorbed into DSP p_0_out.
DSP Report: Generating DSP p_0_out, operation Mode is: (PCIN>>17)+A*B.
DSP Report: operator p_0_out is absorbed into DSP p_0_out.
DSP Report: operator p_0_out is absorbed into DSP p_0_out.
DSP Report: Generating DSP p_0_out, operation Mode is: PCIN+A*B.
DSP Report: operator p_0_out is absorbed into DSP p_0_out.
DSP Report: operator p_0_out is absorbed into DSP p_0_out.
DSP Report: Generating DSP p_0_out, operation Mode is: A*B.
DSP Report: operator p_0_out is absorbed into DSP p_0_out.
DSP Report: operator p_0_out is absorbed into DSP p_0_out.
DSP Report: Generating DSP p_0_out, operation Mode is: (PCIN>>17)+A*B.
DSP Report: operator p_0_out is absorbed into DSP p_0_out.
DSP Report: operator p_0_out is absorbed into DSP p_0_out.
DSP Report: Generating DSP p_0_out, operation Mode is: PCIN+A*B.
DSP Report: operator p_0_out is absorbed into DSP p_0_out.
DSP Report: operator p_0_out is absorbed into DSP p_0_out.
DSP Report: Generating DSP p_0_out, operation Mode is: (PCIN>>17)+A*B.
DSP Report: operator p_0_out is absorbed into DSP p_0_out.
DSP Report: operator p_0_out is absorbed into DSP p_0_out.
DSP Report: Generating DSP p_0_out, operation Mode is: A*B.
DSP Report: operator p_0_out is absorbed into DSP p_0_out.
DSP Report: operator p_0_out is absorbed into DSP p_0_out.
DSP Report: Generating DSP p_0_out, operation Mode is: (PCIN>>17)+A*B.
DSP Report: operator p_0_out is absorbed into DSP p_0_out.
DSP Report: operator p_0_out is absorbed into DSP p_0_out.
DSP Report: Generating DSP p_0_out, operation Mode is: PCIN+A*B.
DSP Report: operator p_0_out is absorbed into DSP p_0_out.
DSP Report: operator p_0_out is absorbed into DSP p_0_out.
DSP Report: Generating DSP p_0_out, operation Mode is: (PCIN>>17)+A*B.
DSP Report: operator p_0_out is absorbed into DSP p_0_out.
DSP Report: operator p_0_out is absorbed into DSP p_0_out.
DSP Report: Generating DSP p_0_out, operation Mode is: A*B.
DSP Report: operator p_0_out is absorbed into DSP p_0_out.
DSP Report: operator p_0_out is absorbed into DSP p_0_out.
DSP Report: Generating DSP p_0_out, operation Mode is: PCIN+A*B.
DSP Report: operator p_0_out is absorbed into DSP p_0_out.
DSP Report: operator p_0_out is absorbed into DSP p_0_out.
DSP Report: Generating DSP p_0_out, operation Mode is: (PCIN>>17)+A*B.
DSP Report: operator p_0_out is absorbed into DSP p_0_out.
DSP Report: operator p_0_out is absorbed into DSP p_0_out.
DSP Report: Generating DSP p_0_out, operation Mode is: PCIN+A*B.
DSP Report: operator p_0_out is absorbed into DSP p_0_out.
DSP Report: operator p_0_out is absorbed into DSP p_0_out.
DSP Report: Generating DSP p_0_out, operation Mode is: A*B.
DSP Report: operator p_0_out is absorbed into DSP p_0_out.
DSP Report: operator p_0_out is absorbed into DSP p_0_out.
DSP Report: Generating DSP p_0_out, operation Mode is: PCIN+A*B.
DSP Report: operator p_0_out is absorbed into DSP p_0_out.
DSP Report: operator p_0_out is absorbed into DSP p_0_out.
DSP Report: Generating DSP p_0_out, operation Mode is: (PCIN>>17)+A*B.
DSP Report: operator p_0_out is absorbed into DSP p_0_out.
DSP Report: operator p_0_out is absorbed into DSP p_0_out.
DSP Report: Generating DSP p_0_out, operation Mode is: PCIN+A*B.
DSP Report: operator p_0_out is absorbed into DSP p_0_out.
DSP Report: operator p_0_out is absorbed into DSP p_0_out.
DSP Report: Generating DSP p_0_out, operation Mode is: A*B.
DSP Report: operator p_0_out is absorbed into DSP p_0_out.
DSP Report: operator p_0_out is absorbed into DSP p_0_out.
DSP Report: Generating DSP p_0_out, operation Mode is: (PCIN>>17)+A*B.
DSP Report: operator p_0_out is absorbed into DSP p_0_out.
DSP Report: operator p_0_out is absorbed into DSP p_0_out.
DSP Report: Generating DSP p_0_out, operation Mode is: PCIN+A*B.
DSP Report: operator p_0_out is absorbed into DSP p_0_out.
DSP Report: operator p_0_out is absorbed into DSP p_0_out.
DSP Report: Generating DSP p_0_out, operation Mode is: (PCIN>>17)+A*B.
DSP Report: operator p_0_out is absorbed into DSP p_0_out.
DSP Report: operator p_0_out is absorbed into DSP p_0_out.
INFO: [Synth 8-5845] Not enough pipeline registers after wide multiplier. Recommended levels of pipeline registers is 16 [f:/experiment/NTT/1/sum/ntt_3_tfdg_full_twiddle_4_2_sum_axi_3/ntt_1/ntt_1.srcs/sources_1/bd/design_1/ntt_ip/ip/src/PE/sub_pe/seg_multiplier_64bit.v:9]
INFO: [Synth 8-5845] Not enough pipeline registers after wide multiplier. Recommended levels of pipeline registers is 16 [f:/experiment/NTT/1/sum/ntt_3_tfdg_full_twiddle_4_2_sum_axi_3/ntt_1/ntt_1.srcs/sources_1/bd/design_1/ntt_ip/ip/src/PE/sub_pe/seg_multiplier_64bit.v:9]
INFO: [Synth 8-5845] Not enough pipeline registers after wide multiplier. Recommended levels of pipeline registers is 16 [f:/experiment/NTT/1/sum/ntt_3_tfdg_full_twiddle_4_2_sum_axi_3/ntt_1/ntt_1.srcs/sources_1/bd/design_1/ntt_ip/ip/src/PE/sub_pe/seg_multiplier_64bit.v:9]
INFO: [Synth 8-5845] Not enough pipeline registers after wide multiplier. Recommended levels of pipeline registers is 16 [f:/experiment/NTT/1/sum/ntt_3_tfdg_full_twiddle_4_2_sum_axi_3/ntt_1/ntt_1.srcs/sources_1/bd/design_1/ntt_ip/ip/src/PE/sub_pe/seg_multiplier_64bit.v:9]
DSP Report: Generating DSP gen_i[1].gen_j[1].u_mult/result, operation Mode is: A*B.
DSP Report: operator gen_i[1].gen_j[1].u_mult/result is absorbed into DSP gen_i[1].gen_j[1].u_mult/result.
DSP Report: operator gen_i[1].gen_j[1].u_mult/result is absorbed into DSP gen_i[1].gen_j[1].u_mult/result.
DSP Report: Generating DSP gen_i[1].gen_j[1].u_mult/result, operation Mode is: (PCIN>>17)+A*B.
DSP Report: operator gen_i[1].gen_j[1].u_mult/result is absorbed into DSP gen_i[1].gen_j[1].u_mult/result.
DSP Report: operator gen_i[1].gen_j[1].u_mult/result is absorbed into DSP gen_i[1].gen_j[1].u_mult/result.
DSP Report: Generating DSP gen_i[1].gen_j[1].u_mult/result, operation Mode is: PCIN+A*B.
DSP Report: operator gen_i[1].gen_j[1].u_mult/result is absorbed into DSP gen_i[1].gen_j[1].u_mult/result.
DSP Report: operator gen_i[1].gen_j[1].u_mult/result is absorbed into DSP gen_i[1].gen_j[1].u_mult/result.
DSP Report: Generating DSP gen_i[1].gen_j[1].u_mult/result, operation Mode is: (PCIN>>17)+A*B.
DSP Report: operator gen_i[1].gen_j[1].u_mult/result is absorbed into DSP gen_i[1].gen_j[1].u_mult/result.
DSP Report: operator gen_i[1].gen_j[1].u_mult/result is absorbed into DSP gen_i[1].gen_j[1].u_mult/result.
DSP Report: Generating DSP gen_i[1].gen_j[1].u_mult/result, operation Mode is: A*B.
DSP Report: operator gen_i[1].gen_j[1].u_mult/result is absorbed into DSP gen_i[1].gen_j[1].u_mult/result.
DSP Report: operator gen_i[1].gen_j[1].u_mult/result is absorbed into DSP gen_i[1].gen_j[1].u_mult/result.
DSP Report: Generating DSP gen_i[1].gen_j[1].u_mult/result, operation Mode is: PCIN+A*B.
DSP Report: operator gen_i[1].gen_j[1].u_mult/result is absorbed into DSP gen_i[1].gen_j[1].u_mult/result.
DSP Report: operator gen_i[1].gen_j[1].u_mult/result is absorbed into DSP gen_i[1].gen_j[1].u_mult/result.
DSP Report: Generating DSP gen_i[1].gen_j[1].u_mult/result, operation Mode is: (PCIN>>17)+A*B.
DSP Report: operator gen_i[1].gen_j[1].u_mult/result is absorbed into DSP gen_i[1].gen_j[1].u_mult/result.
DSP Report: operator gen_i[1].gen_j[1].u_mult/result is absorbed into DSP gen_i[1].gen_j[1].u_mult/result.
DSP Report: Generating DSP gen_i[1].gen_j[1].u_mult/result, operation Mode is: PCIN+A*B.
DSP Report: operator gen_i[1].gen_j[1].u_mult/result is absorbed into DSP gen_i[1].gen_j[1].u_mult/result.
DSP Report: operator gen_i[1].gen_j[1].u_mult/result is absorbed into DSP gen_i[1].gen_j[1].u_mult/result.
DSP Report: Generating DSP gen_i[1].gen_j[1].u_mult/result, operation Mode is: A*B.
DSP Report: operator gen_i[1].gen_j[1].u_mult/result is absorbed into DSP gen_i[1].gen_j[1].u_mult/result.
DSP Report: operator gen_i[1].gen_j[1].u_mult/result is absorbed into DSP gen_i[1].gen_j[1].u_mult/result.
DSP Report: Generating DSP gen_i[1].gen_j[1].u_mult/result, operation Mode is: PCIN+A*B.
DSP Report: operator gen_i[1].gen_j[1].u_mult/result is absorbed into DSP gen_i[1].gen_j[1].u_mult/result.
DSP Report: operator gen_i[1].gen_j[1].u_mult/result is absorbed into DSP gen_i[1].gen_j[1].u_mult/result.
DSP Report: Generating DSP gen_i[1].gen_j[1].u_mult/result, operation Mode is: (PCIN>>17)+A*B.
DSP Report: operator gen_i[1].gen_j[1].u_mult/result is absorbed into DSP gen_i[1].gen_j[1].u_mult/result.
DSP Report: operator gen_i[1].gen_j[1].u_mult/result is absorbed into DSP gen_i[1].gen_j[1].u_mult/result.
DSP Report: Generating DSP gen_i[1].gen_j[1].u_mult/result, operation Mode is: PCIN+A*B.
DSP Report: operator gen_i[1].gen_j[1].u_mult/result is absorbed into DSP gen_i[1].gen_j[1].u_mult/result.
DSP Report: operator gen_i[1].gen_j[1].u_mult/result is absorbed into DSP gen_i[1].gen_j[1].u_mult/result.
DSP Report: Generating DSP gen_i[1].gen_j[1].u_mult/result, operation Mode is: A*B.
DSP Report: operator gen_i[1].gen_j[1].u_mult/result is absorbed into DSP gen_i[1].gen_j[1].u_mult/result.
DSP Report: operator gen_i[1].gen_j[1].u_mult/result is absorbed into DSP gen_i[1].gen_j[1].u_mult/result.
DSP Report: Generating DSP gen_i[1].gen_j[1].u_mult/result, operation Mode is: (PCIN>>17)+A*B.
DSP Report: operator gen_i[1].gen_j[1].u_mult/result is absorbed into DSP gen_i[1].gen_j[1].u_mult/result.
DSP Report: operator gen_i[1].gen_j[1].u_mult/result is absorbed into DSP gen_i[1].gen_j[1].u_mult/result.
DSP Report: Generating DSP gen_i[1].gen_j[1].u_mult/result, operation Mode is: PCIN+A*B.
DSP Report: operator gen_i[1].gen_j[1].u_mult/result is absorbed into DSP gen_i[1].gen_j[1].u_mult/result.
DSP Report: operator gen_i[1].gen_j[1].u_mult/result is absorbed into DSP gen_i[1].gen_j[1].u_mult/result.
DSP Report: Generating DSP gen_i[1].gen_j[1].u_mult/result, operation Mode is: (PCIN>>17)+A*B.
DSP Report: operator gen_i[1].gen_j[1].u_mult/result is absorbed into DSP gen_i[1].gen_j[1].u_mult/result.
DSP Report: operator gen_i[1].gen_j[1].u_mult/result is absorbed into DSP gen_i[1].gen_j[1].u_mult/result.
DSP Report: Generating DSP gen_i[0].gen_j[1].u_mult/result, operation Mode is: A*B.
DSP Report: operator gen_i[0].gen_j[1].u_mult/result is absorbed into DSP gen_i[0].gen_j[1].u_mult/result.
DSP Report: operator gen_i[0].gen_j[1].u_mult/result is absorbed into DSP gen_i[0].gen_j[1].u_mult/result.
DSP Report: Generating DSP gen_i[0].gen_j[1].u_mult/result, operation Mode is: (PCIN>>17)+A*B.
DSP Report: operator gen_i[0].gen_j[1].u_mult/result is absorbed into DSP gen_i[0].gen_j[1].u_mult/result.
DSP Report: operator gen_i[0].gen_j[1].u_mult/result is absorbed into DSP gen_i[0].gen_j[1].u_mult/result.
DSP Report: Generating DSP gen_i[0].gen_j[1].u_mult/result, operation Mode is: PCIN+A*B.
DSP Report: operator gen_i[0].gen_j[1].u_mult/result is absorbed into DSP gen_i[0].gen_j[1].u_mult/result.
DSP Report: operator gen_i[0].gen_j[1].u_mult/result is absorbed into DSP gen_i[0].gen_j[1].u_mult/result.
DSP Report: Generating DSP gen_i[0].gen_j[1].u_mult/result, operation Mode is: (PCIN>>17)+A*B.
DSP Report: operator gen_i[0].gen_j[1].u_mult/result is absorbed into DSP gen_i[0].gen_j[1].u_mult/result.
DSP Report: operator gen_i[0].gen_j[1].u_mult/result is absorbed into DSP gen_i[0].gen_j[1].u_mult/result.
DSP Report: Generating DSP gen_i[0].gen_j[1].u_mult/result, operation Mode is: A*B.
DSP Report: operator gen_i[0].gen_j[1].u_mult/result is absorbed into DSP gen_i[0].gen_j[1].u_mult/result.
DSP Report: operator gen_i[0].gen_j[1].u_mult/result is absorbed into DSP gen_i[0].gen_j[1].u_mult/result.
DSP Report: Generating DSP gen_i[0].gen_j[1].u_mult/result, operation Mode is: PCIN+A*B.
DSP Report: operator gen_i[0].gen_j[1].u_mult/result is absorbed into DSP gen_i[0].gen_j[1].u_mult/result.
DSP Report: operator gen_i[0].gen_j[1].u_mult/result is absorbed into DSP gen_i[0].gen_j[1].u_mult/result.
DSP Report: Generating DSP gen_i[0].gen_j[1].u_mult/result, operation Mode is: (PCIN>>17)+A*B.
DSP Report: operator gen_i[0].gen_j[1].u_mult/result is absorbed into DSP gen_i[0].gen_j[1].u_mult/result.
DSP Report: operator gen_i[0].gen_j[1].u_mult/result is absorbed into DSP gen_i[0].gen_j[1].u_mult/result.
DSP Report: Generating DSP gen_i[0].gen_j[1].u_mult/result, operation Mode is: PCIN+A*B.
DSP Report: operator gen_i[0].gen_j[1].u_mult/result is absorbed into DSP gen_i[0].gen_j[1].u_mult/result.
DSP Report: operator gen_i[0].gen_j[1].u_mult/result is absorbed into DSP gen_i[0].gen_j[1].u_mult/result.
DSP Report: Generating DSP gen_i[0].gen_j[1].u_mult/result, operation Mode is: A*B.
DSP Report: operator gen_i[0].gen_j[1].u_mult/result is absorbed into DSP gen_i[0].gen_j[1].u_mult/result.
DSP Report: operator gen_i[0].gen_j[1].u_mult/result is absorbed into DSP gen_i[0].gen_j[1].u_mult/result.
DSP Report: Generating DSP gen_i[0].gen_j[1].u_mult/result, operation Mode is: PCIN+A*B.
DSP Report: operator gen_i[0].gen_j[1].u_mult/result is absorbed into DSP gen_i[0].gen_j[1].u_mult/result.
DSP Report: operator gen_i[0].gen_j[1].u_mult/result is absorbed into DSP gen_i[0].gen_j[1].u_mult/result.
DSP Report: Generating DSP gen_i[0].gen_j[1].u_mult/result, operation Mode is: (PCIN>>17)+A*B.
DSP Report: operator gen_i[0].gen_j[1].u_mult/result is absorbed into DSP gen_i[0].gen_j[1].u_mult/result.
DSP Report: operator gen_i[0].gen_j[1].u_mult/result is absorbed into DSP gen_i[0].gen_j[1].u_mult/result.
DSP Report: Generating DSP gen_i[0].gen_j[1].u_mult/result, operation Mode is: PCIN+A*B.
DSP Report: operator gen_i[0].gen_j[1].u_mult/result is absorbed into DSP gen_i[0].gen_j[1].u_mult/result.
DSP Report: operator gen_i[0].gen_j[1].u_mult/result is absorbed into DSP gen_i[0].gen_j[1].u_mult/result.
DSP Report: Generating DSP gen_i[0].gen_j[1].u_mult/result, operation Mode is: A*B.
DSP Report: operator gen_i[0].gen_j[1].u_mult/result is absorbed into DSP gen_i[0].gen_j[1].u_mult/result.
DSP Report: operator gen_i[0].gen_j[1].u_mult/result is absorbed into DSP gen_i[0].gen_j[1].u_mult/result.
DSP Report: Generating DSP gen_i[0].gen_j[1].u_mult/result, operation Mode is: (PCIN>>17)+A*B.
DSP Report: operator gen_i[0].gen_j[1].u_mult/result is absorbed into DSP gen_i[0].gen_j[1].u_mult/result.
DSP Report: operator gen_i[0].gen_j[1].u_mult/result is absorbed into DSP gen_i[0].gen_j[1].u_mult/result.
DSP Report: Generating DSP gen_i[0].gen_j[1].u_mult/result, operation Mode is: PCIN+A*B.
DSP Report: operator gen_i[0].gen_j[1].u_mult/result is absorbed into DSP gen_i[0].gen_j[1].u_mult/result.
DSP Report: operator gen_i[0].gen_j[1].u_mult/result is absorbed into DSP gen_i[0].gen_j[1].u_mult/result.
DSP Report: Generating DSP gen_i[0].gen_j[1].u_mult/result, operation Mode is: (PCIN>>17)+A*B.
DSP Report: operator gen_i[0].gen_j[1].u_mult/result is absorbed into DSP gen_i[0].gen_j[1].u_mult/result.
DSP Report: operator gen_i[0].gen_j[1].u_mult/result is absorbed into DSP gen_i[0].gen_j[1].u_mult/result.
DSP Report: Generating DSP gen_i[1].gen_j[0].u_mult/result, operation Mode is: A*B.
DSP Report: operator gen_i[1].gen_j[0].u_mult/result is absorbed into DSP gen_i[1].gen_j[0].u_mult/result.
DSP Report: operator gen_i[1].gen_j[0].u_mult/result is absorbed into DSP gen_i[1].gen_j[0].u_mult/result.
DSP Report: Generating DSP gen_i[1].gen_j[0].u_mult/result, operation Mode is: (PCIN>>17)+A*B.
DSP Report: operator gen_i[1].gen_j[0].u_mult/result is absorbed into DSP gen_i[1].gen_j[0].u_mult/result.
DSP Report: operator gen_i[1].gen_j[0].u_mult/result is absorbed into DSP gen_i[1].gen_j[0].u_mult/result.
DSP Report: Generating DSP gen_i[1].gen_j[0].u_mult/result, operation Mode is: PCIN+A*B.
DSP Report: operator gen_i[1].gen_j[0].u_mult/result is absorbed into DSP gen_i[1].gen_j[0].u_mult/result.
DSP Report: operator gen_i[1].gen_j[0].u_mult/result is absorbed into DSP gen_i[1].gen_j[0].u_mult/result.
DSP Report: Generating DSP gen_i[1].gen_j[0].u_mult/result, operation Mode is: (PCIN>>17)+A*B.
DSP Report: operator gen_i[1].gen_j[0].u_mult/result is absorbed into DSP gen_i[1].gen_j[0].u_mult/result.
DSP Report: operator gen_i[1].gen_j[0].u_mult/result is absorbed into DSP gen_i[1].gen_j[0].u_mult/result.
DSP Report: Generating DSP gen_i[1].gen_j[0].u_mult/result, operation Mode is: A*B.
DSP Report: operator gen_i[1].gen_j[0].u_mult/result is absorbed into DSP gen_i[1].gen_j[0].u_mult/result.
DSP Report: operator gen_i[1].gen_j[0].u_mult/result is absorbed into DSP gen_i[1].gen_j[0].u_mult/result.
DSP Report: Generating DSP gen_i[1].gen_j[0].u_mult/result, operation Mode is: PCIN+A*B.
DSP Report: operator gen_i[1].gen_j[0].u_mult/result is absorbed into DSP gen_i[1].gen_j[0].u_mult/result.
DSP Report: operator gen_i[1].gen_j[0].u_mult/result is absorbed into DSP gen_i[1].gen_j[0].u_mult/result.
DSP Report: Generating DSP gen_i[1].gen_j[0].u_mult/result, operation Mode is: (PCIN>>17)+A*B.
DSP Report: operator gen_i[1].gen_j[0].u_mult/result is absorbed into DSP gen_i[1].gen_j[0].u_mult/result.
DSP Report: operator gen_i[1].gen_j[0].u_mult/result is absorbed into DSP gen_i[1].gen_j[0].u_mult/result.
DSP Report: Generating DSP gen_i[1].gen_j[0].u_mult/result, operation Mode is: PCIN+A*B.
DSP Report: operator gen_i[1].gen_j[0].u_mult/result is absorbed into DSP gen_i[1].gen_j[0].u_mult/result.
DSP Report: operator gen_i[1].gen_j[0].u_mult/result is absorbed into DSP gen_i[1].gen_j[0].u_mult/result.
DSP Report: Generating DSP gen_i[1].gen_j[0].u_mult/result, operation Mode is: A*B.
DSP Report: operator gen_i[1].gen_j[0].u_mult/result is absorbed into DSP gen_i[1].gen_j[0].u_mult/result.
DSP Report: operator gen_i[1].gen_j[0].u_mult/result is absorbed into DSP gen_i[1].gen_j[0].u_mult/result.
DSP Report: Generating DSP gen_i[1].gen_j[0].u_mult/result, operation Mode is: PCIN+A*B.
DSP Report: operator gen_i[1].gen_j[0].u_mult/result is absorbed into DSP gen_i[1].gen_j[0].u_mult/result.
DSP Report: operator gen_i[1].gen_j[0].u_mult/result is absorbed into DSP gen_i[1].gen_j[0].u_mult/result.
DSP Report: Generating DSP gen_i[1].gen_j[0].u_mult/result, operation Mode is: (PCIN>>17)+A*B.
DSP Report: operator gen_i[1].gen_j[0].u_mult/result is absorbed into DSP gen_i[1].gen_j[0].u_mult/result.
DSP Report: operator gen_i[1].gen_j[0].u_mult/result is absorbed into DSP gen_i[1].gen_j[0].u_mult/result.
DSP Report: Generating DSP gen_i[1].gen_j[0].u_mult/result, operation Mode is: PCIN+A*B.
DSP Report: operator gen_i[1].gen_j[0].u_mult/result is absorbed into DSP gen_i[1].gen_j[0].u_mult/result.
DSP Report: operator gen_i[1].gen_j[0].u_mult/result is absorbed into DSP gen_i[1].gen_j[0].u_mult/result.
DSP Report: Generating DSP gen_i[1].gen_j[0].u_mult/result, operation Mode is: A*B.
DSP Report: operator gen_i[1].gen_j[0].u_mult/result is absorbed into DSP gen_i[1].gen_j[0].u_mult/result.
DSP Report: operator gen_i[1].gen_j[0].u_mult/result is absorbed into DSP gen_i[1].gen_j[0].u_mult/result.
DSP Report: Generating DSP gen_i[1].gen_j[0].u_mult/result, operation Mode is: (PCIN>>17)+A*B.
DSP Report: operator gen_i[1].gen_j[0].u_mult/result is absorbed into DSP gen_i[1].gen_j[0].u_mult/result.
DSP Report: operator gen_i[1].gen_j[0].u_mult/result is absorbed into DSP gen_i[1].gen_j[0].u_mult/result.
DSP Report: Generating DSP gen_i[1].gen_j[0].u_mult/result, operation Mode is: PCIN+A*B.
DSP Report: operator gen_i[1].gen_j[0].u_mult/result is absorbed into DSP gen_i[1].gen_j[0].u_mult/result.
DSP Report: operator gen_i[1].gen_j[0].u_mult/result is absorbed into DSP gen_i[1].gen_j[0].u_mult/result.
DSP Report: Generating DSP gen_i[1].gen_j[0].u_mult/result, operation Mode is: (PCIN>>17)+A*B.
DSP Report: operator gen_i[1].gen_j[0].u_mult/result is absorbed into DSP gen_i[1].gen_j[0].u_mult/result.
DSP Report: operator gen_i[1].gen_j[0].u_mult/result is absorbed into DSP gen_i[1].gen_j[0].u_mult/result.
DSP Report: Generating DSP gen_i[0].gen_j[0].u_mult/result, operation Mode is: A*B.
DSP Report: operator gen_i[0].gen_j[0].u_mult/result is absorbed into DSP gen_i[0].gen_j[0].u_mult/result.
DSP Report: operator gen_i[0].gen_j[0].u_mult/result is absorbed into DSP gen_i[0].gen_j[0].u_mult/result.
DSP Report: Generating DSP gen_i[0].gen_j[0].u_mult/result, operation Mode is: (PCIN>>17)+A*B.
DSP Report: operator gen_i[0].gen_j[0].u_mult/result is absorbed into DSP gen_i[0].gen_j[0].u_mult/result.
DSP Report: operator gen_i[0].gen_j[0].u_mult/result is absorbed into DSP gen_i[0].gen_j[0].u_mult/result.
DSP Report: Generating DSP gen_i[0].gen_j[0].u_mult/result, operation Mode is: PCIN+A*B.
DSP Report: operator gen_i[0].gen_j[0].u_mult/result is absorbed into DSP gen_i[0].gen_j[0].u_mult/result.
DSP Report: operator gen_i[0].gen_j[0].u_mult/result is absorbed into DSP gen_i[0].gen_j[0].u_mult/result.
DSP Report: Generating DSP gen_i[0].gen_j[0].u_mult/result, operation Mode is: (PCIN>>17)+A*B.
DSP Report: operator gen_i[0].gen_j[0].u_mult/result is absorbed into DSP gen_i[0].gen_j[0].u_mult/result.
DSP Report: operator gen_i[0].gen_j[0].u_mult/result is absorbed into DSP gen_i[0].gen_j[0].u_mult/result.
DSP Report: Generating DSP gen_i[0].gen_j[0].u_mult/result, operation Mode is: A*B.
DSP Report: operator gen_i[0].gen_j[0].u_mult/result is absorbed into DSP gen_i[0].gen_j[0].u_mult/result.
DSP Report: operator gen_i[0].gen_j[0].u_mult/result is absorbed into DSP gen_i[0].gen_j[0].u_mult/result.
DSP Report: Generating DSP gen_i[0].gen_j[0].u_mult/result, operation Mode is: PCIN+A*B.
DSP Report: operator gen_i[0].gen_j[0].u_mult/result is absorbed into DSP gen_i[0].gen_j[0].u_mult/result.
DSP Report: operator gen_i[0].gen_j[0].u_mult/result is absorbed into DSP gen_i[0].gen_j[0].u_mult/result.
DSP Report: Generating DSP gen_i[0].gen_j[0].u_mult/result, operation Mode is: (PCIN>>17)+A*B.
DSP Report: operator gen_i[0].gen_j[0].u_mult/result is absorbed into DSP gen_i[0].gen_j[0].u_mult/result.
DSP Report: operator gen_i[0].gen_j[0].u_mult/result is absorbed into DSP gen_i[0].gen_j[0].u_mult/result.
DSP Report: Generating DSP gen_i[0].gen_j[0].u_mult/result, operation Mode is: PCIN+A*B.
DSP Report: operator gen_i[0].gen_j[0].u_mult/result is absorbed into DSP gen_i[0].gen_j[0].u_mult/result.
DSP Report: operator gen_i[0].gen_j[0].u_mult/result is absorbed into DSP gen_i[0].gen_j[0].u_mult/result.
DSP Report: Generating DSP gen_i[0].gen_j[0].u_mult/result, operation Mode is: A*B.
DSP Report: operator gen_i[0].gen_j[0].u_mult/result is absorbed into DSP gen_i[0].gen_j[0].u_mult/result.
DSP Report: operator gen_i[0].gen_j[0].u_mult/result is absorbed into DSP gen_i[0].gen_j[0].u_mult/result.
DSP Report: Generating DSP gen_i[0].gen_j[0].u_mult/result, operation Mode is: PCIN+A*B.
DSP Report: operator gen_i[0].gen_j[0].u_mult/result is absorbed into DSP gen_i[0].gen_j[0].u_mult/result.
DSP Report: operator gen_i[0].gen_j[0].u_mult/result is absorbed into DSP gen_i[0].gen_j[0].u_mult/result.
DSP Report: Generating DSP gen_i[0].gen_j[0].u_mult/result, operation Mode is: (PCIN>>17)+A*B.
DSP Report: operator gen_i[0].gen_j[0].u_mult/result is absorbed into DSP gen_i[0].gen_j[0].u_mult/result.
DSP Report: operator gen_i[0].gen_j[0].u_mult/result is absorbed into DSP gen_i[0].gen_j[0].u_mult/result.
DSP Report: Generating DSP gen_i[0].gen_j[0].u_mult/result, operation Mode is: PCIN+A*B.
DSP Report: operator gen_i[0].gen_j[0].u_mult/result is absorbed into DSP gen_i[0].gen_j[0].u_mult/result.
DSP Report: operator gen_i[0].gen_j[0].u_mult/result is absorbed into DSP gen_i[0].gen_j[0].u_mult/result.
DSP Report: Generating DSP gen_i[0].gen_j[0].u_mult/result, operation Mode is: A*B.
DSP Report: operator gen_i[0].gen_j[0].u_mult/result is absorbed into DSP gen_i[0].gen_j[0].u_mult/result.
DSP Report: operator gen_i[0].gen_j[0].u_mult/result is absorbed into DSP gen_i[0].gen_j[0].u_mult/result.
DSP Report: Generating DSP gen_i[0].gen_j[0].u_mult/result, operation Mode is: (PCIN>>17)+A*B.
DSP Report: operator gen_i[0].gen_j[0].u_mult/result is absorbed into DSP gen_i[0].gen_j[0].u_mult/result.
DSP Report: operator gen_i[0].gen_j[0].u_mult/result is absorbed into DSP gen_i[0].gen_j[0].u_mult/result.
DSP Report: Generating DSP gen_i[0].gen_j[0].u_mult/result, operation Mode is: PCIN+A*B.
DSP Report: operator gen_i[0].gen_j[0].u_mult/result is absorbed into DSP gen_i[0].gen_j[0].u_mult/result.
DSP Report: operator gen_i[0].gen_j[0].u_mult/result is absorbed into DSP gen_i[0].gen_j[0].u_mult/result.
DSP Report: Generating DSP gen_i[0].gen_j[0].u_mult/result, operation Mode is: (PCIN>>17)+A*B.
DSP Report: operator gen_i[0].gen_j[0].u_mult/result is absorbed into DSP gen_i[0].gen_j[0].u_mult/result.
DSP Report: operator gen_i[0].gen_j[0].u_mult/result is absorbed into DSP gen_i[0].gen_j[0].u_mult/result.
INFO: [Synth 8-3886] merging instance 'u_montgomery/accum_reg[1][64]' (FDCE) to 'u_montgomery/accum_reg[2][64]'
INFO: [Synth 8-3886] merging instance 'u_montgomery/accum_reg[2][64]' (FDCE) to 'u_montgomery/accum_reg[0][64]'
INFO: [Synth 8-3333] propagating constant 0 across sequential element (u_montgomery/\accum_reg[0][64] )
INFO: [Synth 8-3886] merging instance 'accum_j_reg[1]' (FDCE) to 'accum_j_reg[2]'
INFO: [Synth 8-3333] propagating constant 0 across sequential element (\accum_j_reg[2] )
INFO: [Synth 8-3886] merging instance 'accum_i_reg[1]' (FDCE) to 'accum_i_reg[2]'
INFO: [Synth 8-3333] propagating constant 0 across sequential element (\accum_i_reg[2] )
INFO: [Synth 8-3333] propagating constant 0 across sequential element (\accum_phase_reg[2] )
WARNING: [Synth 8-3332] Sequential element (stage1_m_reg[47]) is unused and will be removed from module montgomery_pipeline.
WARNING: [Synth 8-3332] Sequential element (stage1_m_reg[46]) is unused and will be removed from module montgomery_pipeline.
WARNING: [Synth 8-3332] Sequential element (stage1_m_reg[45]) is unused and will be removed from module montgomery_pipeline.
WARNING: [Synth 8-3332] Sequential element (stage1_m_reg[44]) is unused and will be removed from module montgomery_pipeline.
WARNING: [Synth 8-3332] Sequential element (stage1_m_reg[43]) is unused and will be removed from module montgomery_pipeline.
WARNING: [Synth 8-3332] Sequential element (stage1_m_reg[42]) is unused and will be removed from module montgomery_pipeline.
WARNING: [Synth 8-3332] Sequential element (stage1_m_reg[41]) is unused and will be removed from module montgomery_pipeline.
WARNING: [Synth 8-3332] Sequential element (stage1_m_reg[40]) is unused and will be removed from module montgomery_pipeline.
WARNING: [Synth 8-3332] Sequential element (stage1_m_reg[39]) is unused and will be removed from module montgomery_pipeline.
WARNING: [Synth 8-3332] Sequential element (stage1_m_reg[38]) is unused and will be removed from module montgomery_pipeline.
WARNING: [Synth 8-3332] Sequential element (stage1_m_reg[37]) is unused and will be removed from module montgomery_pipeline.
WARNING: [Synth 8-3332] Sequential element (stage1_m_reg[36]) is unused and will be removed from module montgomery_pipeline.
WARNING: [Synth 8-3332] Sequential element (stage1_m_reg[35]) is unused and will be removed from module montgomery_pipeline.
WARNING: [Synth 8-3332] Sequential element (stage1_m_reg[34]) is unused and will be removed from module montgomery_pipeline.
WARNING: [Synth 8-3332] Sequential element (stage1_m_reg[33]) is unused and will be removed from module montgomery_pipeline.
WARNING: [Synth 8-3332] Sequential element (stage1_m_reg[32]) is unused and will be removed from module montgomery_pipeline.
WARNING: [Synth 8-3332] Sequential element (stage1_m_reg[31]) is unused and will be removed from module montgomery_pipeline.
WARNING: [Synth 8-3332] Sequential element (stage1_m_reg[30]) is unused and will be removed from module montgomery_pipeline.
WARNING: [Synth 8-3332] Sequential element (stage1_m_reg[29]) is unused and will be removed from module montgomery_pipeline.
WARNING: [Synth 8-3332] Sequential element (stage1_m_reg[28]) is unused and will be removed from module montgomery_pipeline.
WARNING: [Synth 8-3332] Sequential element (stage1_m_reg[27]) is unused and will be removed from module montgomery_pipeline.
WARNING: [Synth 8-3332] Sequential element (stage1_m_reg[26]) is unused and will be removed from module montgomery_pipeline.
WARNING: [Synth 8-3332] Sequential element (stage1_m_reg[25]) is unused and will be removed from module montgomery_pipeline.
WARNING: [Synth 8-3332] Sequential element (stage1_m_reg[24]) is unused and will be removed from module montgomery_pipeline.
WARNING: [Synth 8-3332] Sequential element (stage1_m_reg[23]) is unused and will be removed from module montgomery_pipeline.
WARNING: [Synth 8-3332] Sequential element (stage1_m_reg[22]) is unused and will be removed from module montgomery_pipeline.
WARNING: [Synth 8-3332] Sequential element (stage1_m_reg[21]) is unused and will be removed from module montgomery_pipeline.
WARNING: [Synth 8-3332] Sequential element (stage1_m_reg[20]) is unused and will be removed from module montgomery_pipeline.
WARNING: [Synth 8-3332] Sequential element (stage1_m_reg[19]) is unused and will be removed from module montgomery_pipeline.
WARNING: [Synth 8-3332] Sequential element (stage1_m_reg[18]) is unused and will be removed from module montgomery_pipeline.
WARNING: [Synth 8-3332] Sequential element (stage1_m_reg[17]) is unused and will be removed from module montgomery_pipeline.
WARNING: [Synth 8-3332] Sequential element (stage1_m_reg[16]) is unused and will be removed from module montgomery_pipeline.
WARNING: [Synth 8-3332] Sequential element (stage1_m_reg[15]) is unused and will be removed from module montgomery_pipeline.
WARNING: [Synth 8-3332] Sequential element (stage1_m_reg[14]) is unused and will be removed from module montgomery_pipeline.
WARNING: [Synth 8-3332] Sequential element (stage1_m_reg[13]) is unused and will be removed from module montgomery_pipeline.
WARNING: [Synth 8-3332] Sequential element (stage1_m_reg[12]) is unused and will be removed from module montgomery_pipeline.
WARNING: [Synth 8-3332] Sequential element (stage1_m_reg[11]) is unused and will be removed from module montgomery_pipeline.
WARNING: [Synth 8-3332] Sequential element (stage1_m_reg[10]) is unused and will be removed from module montgomery_pipeline.
WARNING: [Synth 8-3332] Sequential element (stage1_m_reg[9]) is unused and will be removed from module montgomery_pipeline.
WARNING: [Synth 8-3332] Sequential element (stage1_m_reg[8]) is unused and will be removed from module montgomery_pipeline.
WARNING: [Synth 8-3332] Sequential element (stage1_m_reg[7]) is unused and will be removed from module montgomery_pipeline.
WARNING: [Synth 8-3332] Sequential element (stage1_m_reg[6]) is unused and will be removed from module montgomery_pipeline.
WARNING: [Synth 8-3332] Sequential element (stage1_m_reg[5]) is unused and will be removed from module montgomery_pipeline.
WARNING: [Synth 8-3332] Sequential element (stage1_m_reg[4]) is unused and will be removed from module montgomery_pipeline.
WARNING: [Synth 8-3332] Sequential element (stage1_m_reg[3]) is unused and will be removed from module montgomery_pipeline.
WARNING: [Synth 8-3332] Sequential element (stage1_m_reg[2]) is unused and will be removed from module montgomery_pipeline.
WARNING: [Synth 8-3332] Sequential element (stage1_m_reg[1]) is unused and will be removed from module montgomery_pipeline.
WARNING: [Synth 8-3332] Sequential element (stage1_m_reg[0]) is unused and will be removed from module montgomery_pipeline.
WARNING: [Synth 8-3332] Sequential element (stage1_m_reg[47]__0) is unused and will be removed from module montgomery_pipeline.
WARNING: [Synth 8-3332] Sequential element (stage1_m_reg[46]__0) is unused and will be removed from module montgomery_pipeline.
WARNING: [Synth 8-3332] Sequential element (stage1_m_reg[45]__0) is unused and will be removed from module montgomery_pipeline.
WARNING: [Synth 8-3332] Sequential element (stage1_m_reg[44]__0) is unused and will be removed from module montgomery_pipeline.
WARNING: [Synth 8-3332] Sequential element (stage1_m_reg[43]__0) is unused and will be removed from module montgomery_pipeline.
WARNING: [Synth 8-3332] Sequential element (stage1_m_reg[42]__0) is unused and will be removed from module montgomery_pipeline.
WARNING: [Synth 8-3332] Sequential element (stage1_m_reg[41]__0) is unused and will be removed from module montgomery_pipeline.
WARNING: [Synth 8-3332] Sequential element (stage1_m_reg[40]__0) is unused and will be removed from module montgomery_pipeline.
WARNING: [Synth 8-3332] Sequential element (stage1_m_reg[39]__0) is unused and will be removed from module montgomery_pipeline.
WARNING: [Synth 8-3332] Sequential element (stage1_m_reg[38]__0) is unused and will be removed from module montgomery_pipeline.
WARNING: [Synth 8-3332] Sequential element (stage1_m_reg[37]__0) is unused and will be removed from module montgomery_pipeline.
WARNING: [Synth 8-3332] Sequential element (stage1_m_reg[36]__0) is unused and will be removed from module montgomery_pipeline.
WARNING: [Synth 8-3332] Sequential element (stage1_m_reg[35]__0) is unused and will be removed from module montgomery_pipeline.
WARNING: [Synth 8-3332] Sequential element (stage1_m_reg[34]__0) is unused and will be removed from module montgomery_pipeline.
WARNING: [Synth 8-3332] Sequential element (stage1_m_reg[33]__0) is unused and will be removed from module montgomery_pipeline.
WARNING: [Synth 8-3332] Sequential element (stage1_m_reg[32]__0) is unused and will be removed from module montgomery_pipeline.
WARNING: [Synth 8-3332] Sequential element (stage1_m_reg[31]__0) is unused and will be removed from module montgomery_pipeline.
WARNING: [Synth 8-3332] Sequential element (stage1_m_reg[30]__0) is unused and will be removed from module montgomery_pipeline.
WARNING: [Synth 8-3332] Sequential element (stage1_m_reg[29]__0) is unused and will be removed from module montgomery_pipeline.
WARNING: [Synth 8-3332] Sequential element (stage1_m_reg[28]__0) is unused and will be removed from module montgomery_pipeline.
WARNING: [Synth 8-3332] Sequential element (stage1_m_reg[27]__0) is unused and will be removed from module montgomery_pipeline.
WARNING: [Synth 8-3332] Sequential element (stage1_m_reg[26]__0) is unused and will be removed from module montgomery_pipeline.
WARNING: [Synth 8-3332] Sequential element (stage1_m_reg[25]__0) is unused and will be removed from module montgomery_pipeline.
WARNING: [Synth 8-3332] Sequential element (stage1_m_reg[24]__0) is unused and will be removed from module montgomery_pipeline.
WARNING: [Synth 8-3332] Sequential element (stage1_m_reg[23]__0) is unused and will be removed from module montgomery_pipeline.
WARNING: [Synth 8-3332] Sequential element (stage1_m_reg[22]__0) is unused and will be removed from module montgomery_pipeline.
WARNING: [Synth 8-3332] Sequential element (stage1_m_reg[21]__0) is unused and will be removed from module montgomery_pipeline.
WARNING: [Synth 8-3332] Sequential element (stage1_m_reg[20]__0) is unused and will be removed from module montgomery_pipeline.
WARNING: [Synth 8-3332] Sequential element (stage1_m_reg[19]__0) is unused and will be removed from module montgomery_pipeline.
WARNING: [Synth 8-3332] Sequential element (stage1_m_reg[18]__0) is unused and will be removed from module montgomery_pipeline.
WARNING: [Synth 8-3332] Sequential element (stage1_m_reg[17]__0) is unused and will be removed from module montgomery_pipeline.
WARNING: [Synth 8-3332] Sequential element (stage1_m_reg[16]__0) is unused and will be removed from module montgomery_pipeline.
WARNING: [Synth 8-3332] Sequential element (stage1_m_reg[15]__0) is unused and will be removed from module montgomery_pipeline.
WARNING: [Synth 8-3332] Sequential element (stage1_m_reg[14]__0) is unused and will be removed from module montgomery_pipeline.
WARNING: [Synth 8-3332] Sequential element (stage1_m_reg[13]__0) is unused and will be removed from module montgomery_pipeline.
WARNING: [Synth 8-3332] Sequential element (stage1_m_reg[12]__0) is unused and will be removed from module montgomery_pipeline.
WARNING: [Synth 8-3332] Sequential element (stage1_m_reg[11]__0) is unused and will be removed from module montgomery_pipeline.
WARNING: [Synth 8-3332] Sequential element (stage1_m_reg[10]__0) is unused and will be removed from module montgomery_pipeline.
WARNING: [Synth 8-3332] Sequential element (stage1_m_reg[9]__0) is unused and will be removed from module montgomery_pipeline.
WARNING: [Synth 8-3332] Sequential element (stage1_m_reg[8]__0) is unused and will be removed from module montgomery_pipeline.
WARNING: [Synth 8-3332] Sequential element (stage1_m_reg[7]__0) is unused and will be removed from module montgomery_pipeline.
WARNING: [Synth 8-3332] Sequential element (stage1_m_reg[6]__0) is unused and will be removed from module montgomery_pipeline.
WARNING: [Synth 8-3332] Sequential element (stage1_m_reg[5]__0) is unused and will be removed from module montgomery_pipeline.
WARNING: [Synth 8-3332] Sequential element (stage1_m_reg[4]__0) is unused and will be removed from module montgomery_pipeline.
WARNING: [Synth 8-3332] Sequential element (stage1_m_reg[3]__0) is unused and will be removed from module montgomery_pipeline.
WARNING: [Synth 8-3332] Sequential element (stage1_m_reg[2]__0) is unused and will be removed from module montgomery_pipeline.
WARNING: [Synth 8-3332] Sequential element (stage1_m_reg[1]__0) is unused and will be removed from module montgomery_pipeline.
WARNING: [Synth 8-3332] Sequential element (stage1_m_reg[0]__0) is unused and will be removed from module montgomery_pipeline.
WARNING: [Synth 8-3332] Sequential element (stage1_m_reg[47]__1) is unused and will be removed from module montgomery_pipeline.
WARNING: [Synth 8-3332] Sequential element (stage1_m_reg[46]__1) is unused and will be removed from module montgomery_pipeline.
WARNING: [Synth 8-3332] Sequential element (stage1_m_reg[45]__1) is unused and will be removed from module montgomery_pipeline.
WARNING: [Synth 8-3332] Sequential element (stage1_m_reg[44]__1) is unused and will be removed from module montgomery_pipeline.
INFO: [Common 17-14] Message 'Synth 8-3332' appears 100 times and further instances of the messages will be disabled. Use the Tcl command set_msg_config to change the current settings.
INFO: [Common 17-14] Message 'Synth 8-3332' appears 100 times and further instances of the messages will be disabled. Use the Tcl command set_msg_config to change the current settings.
INFO: [Common 17-14] Message 'Synth 8-3331' appears 100 times and further instances of the messages will be disabled. Use the Tcl command set_msg_config to change the current settings.
INFO: [Synth 8-3886] merging instance 'u_winograd_post/temp_result_reg[0]' (FDCE) to 'u_winograd_post/temp_result_reg[127]'
INFO: [Synth 8-3886] merging instance 'u_winograd_post/temp_result_reg[1]' (FDCE) to 'u_winograd_post/temp_result_reg[127]'
INFO: [Synth 8-3886] merging instance 'u_winograd_post/temp_result_reg[2]' (FDCE) to 'u_winograd_post/temp_result_reg[127]'
INFO: [Synth 8-3886] merging instance 'u_winograd_post/temp_result_reg[3]' (FDCE) to 'u_winograd_post/temp_result_reg[127]'
INFO: [Synth 8-3886] merging instance 'u_winograd_post/temp_result_reg[4]' (FDCE) to 'u_winograd_post/temp_result_reg[127]'
INFO: [Synth 8-3886] merging instance 'u_winograd_post/temp_result_reg[5]' (FDCE) to 'u_winograd_post/temp_result_reg[127]'
INFO: [Synth 8-3886] merging instance 'u_winograd_post/temp_result_reg[6]' (FDCE) to 'u_winograd_post/temp_result_reg[127]'
INFO: [Synth 8-3886] merging instance 'u_winograd_post/temp_result_reg[7]' (FDCE) to 'u_winograd_post/temp_result_reg[127]'
INFO: [Synth 8-3886] merging instance 'u_winograd_post/temp_result_reg[8]' (FDCE) to 'u_winograd_post/temp_result_reg[127]'
INFO: [Synth 8-3886] merging instance 'u_winograd_post/temp_result_reg[9]' (FDCE) to 'u_winograd_post/temp_result_reg[127]'
INFO: [Synth 8-3886] merging instance 'u_winograd_post/temp_result_reg[10]' (FDCE) to 'u_winograd_post/temp_result_reg[127]'
INFO: [Synth 8-3886] merging instance 'u_winograd_post/temp_result_reg[11]' (FDCE) to 'u_winograd_post/temp_result_reg[127]'
INFO: [Synth 8-3886] merging instance 'u_winograd_post/temp_result_reg[12]' (FDCE) to 'u_winograd_post/temp_result_reg[127]'
INFO: [Synth 8-3886] merging instance 'u_winograd_post/temp_result_reg[13]' (FDCE) to 'u_winograd_post/temp_result_reg[127]'
INFO: [Synth 8-3886] merging instance 'u_winograd_post/temp_result_reg[14]' (FDCE) to 'u_winograd_post/temp_result_reg[127]'
INFO: [Synth 8-3886] merging instance 'u_winograd_post/temp_result_reg[15]' (FDCE) to 'u_winograd_post/temp_result_reg[127]'
INFO: [Synth 8-3886] merging instance 'u_winograd_post/temp_result_reg[16]' (FDCE) to 'u_winograd_post/temp_result_reg[127]'
INFO: [Synth 8-3886] merging instance 'u_winograd_post/temp_result_reg[17]' (FDCE) to 'u_winograd_post/temp_result_reg[127]'
INFO: [Synth 8-3886] merging instance 'u_winograd_post/temp_result_reg[18]' (FDCE) to 'u_winograd_post/temp_result_reg[127]'
INFO: [Synth 8-3886] merging instance 'u_winograd_post/temp_result_reg[19]' (FDCE) to 'u_winograd_post/temp_result_reg[127]'
INFO: [Synth 8-3886] merging instance 'u_winograd_post/temp_result_reg[20]' (FDCE) to 'u_winograd_post/temp_result_reg[127]'
INFO: [Synth 8-3886] merging instance 'u_winograd_post/temp_result_reg[21]' (FDCE) to 'u_winograd_post/temp_result_reg[127]'
INFO: [Synth 8-3886] merging instance 'u_winograd_post/temp_result_reg[22]' (FDCE) to 'u_winograd_post/temp_result_reg[127]'
INFO: [Synth 8-3886] merging instance 'u_winograd_post/temp_result_reg[23]' (FDCE) to 'u_winograd_post/temp_result_reg[127]'
INFO: [Synth 8-3886] merging instance 'u_winograd_post/temp_result_reg[24]' (FDCE) to 'u_winograd_post/temp_result_reg[127]'
INFO: [Synth 8-3886] merging instance 'u_winograd_post/temp_result_reg[25]' (FDCE) to 'u_winograd_post/temp_result_reg[127]'
INFO: [Synth 8-3886] merging instance 'u_winograd_post/temp_result_reg[26]' (FDCE) to 'u_winograd_post/temp_result_reg[127]'
INFO: [Synth 8-3886] merging instance 'u_winograd_post/temp_result_reg[27]' (FDCE) to 'u_winograd_post/temp_result_reg[127]'
INFO: [Synth 8-3886] merging instance 'u_winograd_post/temp_result_reg[28]' (FDCE) to 'u_winograd_post/temp_result_reg[127]'
INFO: [Synth 8-3886] merging instance 'u_winograd_post/temp_result_reg[29]' (FDCE) to 'u_winograd_post/temp_result_reg[127]'
INFO: [Synth 8-3886] merging instance 'u_winograd_post/temp_result_reg[30]' (FDCE) to 'u_winograd_post/temp_result_reg[127]'
INFO: [Synth 8-3886] merging instance 'u_winograd_post/temp_result_reg[31]' (FDCE) to 'u_winograd_post/temp_result_reg[127]'
INFO: [Synth 8-3886] merging instance 'u_winograd_post/temp_result_reg[32]' (FDCE) to 'u_winograd_post/temp_result_reg[127]'
INFO: [Synth 8-3886] merging instance 'u_winograd_post/temp_result_reg[33]' (FDCE) to 'u_winograd_post/temp_result_reg[127]'
INFO: [Synth 8-3886] merging instance 'u_winograd_post/temp_result_reg[34]' (FDCE) to 'u_winograd_post/temp_result_reg[127]'
INFO: [Synth 8-3886] merging instance 'u_winograd_post/temp_result_reg[35]' (FDCE) to 'u_winograd_post/temp_result_reg[127]'
INFO: [Synth 8-3886] merging instance 'u_winograd_post/temp_result_reg[36]' (FDCE) to 'u_winograd_post/temp_result_reg[127]'
INFO: [Synth 8-3886] merging instance 'u_winograd_post/temp_result_reg[37]' (FDCE) to 'u_winograd_post/temp_result_reg[127]'
INFO: [Synth 8-3886] merging instance 'u_winograd_post/temp_result_reg[38]' (FDCE) to 'u_winograd_post/temp_result_reg[127]'
INFO: [Synth 8-3886] merging instance 'u_winograd_post/temp_result_reg[39]' (FDCE) to 'u_winograd_post/temp_result_reg[127]'
INFO: [Synth 8-3886] merging instance 'u_winograd_post/temp_result_reg[40]' (FDCE) to 'u_winograd_post/temp_result_reg[127]'
INFO: [Synth 8-3886] merging instance 'u_winograd_post/temp_result_reg[41]' (FDCE) to 'u_winograd_post/temp_result_reg[127]'
INFO: [Synth 8-3886] merging instance 'u_winograd_post/temp_result_reg[42]' (FDCE) to 'u_winograd_post/temp_result_reg[127]'
INFO: [Synth 8-3886] merging instance 'u_winograd_post/temp_result_reg[43]' (FDCE) to 'u_winograd_post/temp_result_reg[127]'
INFO: [Synth 8-3886] merging instance 'u_winograd_post/temp_result_reg[44]' (FDCE) to 'u_winograd_post/temp_result_reg[127]'
INFO: [Synth 8-3886] merging instance 'u_winograd_post/temp_result_reg[45]' (FDCE) to 'u_winograd_post/temp_result_reg[127]'
INFO: [Synth 8-3886] merging instance 'u_winograd_post/temp_result_reg[46]' (FDCE) to 'u_winograd_post/temp_result_reg[127]'
INFO: [Synth 8-3886] merging instance 'u_winograd_post/temp_result_reg[47]' (FDCE) to 'u_winograd_post/temp_result_reg[127]'
INFO: [Synth 8-3886] merging instance 'u_winograd_post/temp_result_reg[48]' (FDCE) to 'u_winograd_post/temp_result_reg[127]'
INFO: [Synth 8-3886] merging instance 'u_winograd_post/temp_result_reg[49]' (FDCE) to 'u_winograd_post/temp_result_reg[127]'
INFO: [Synth 8-3886] merging instance 'u_winograd_post/temp_result_reg[50]' (FDCE) to 'u_winograd_post/temp_result_reg[127]'
INFO: [Synth 8-3886] merging instance 'u_winograd_post/temp_result_reg[51]' (FDCE) to 'u_winograd_post/temp_result_reg[127]'
INFO: [Synth 8-3886] merging instance 'u_winograd_post/temp_result_reg[52]' (FDCE) to 'u_winograd_post/temp_result_reg[127]'
INFO: [Synth 8-3886] merging instance 'u_winograd_post/temp_result_reg[53]' (FDCE) to 'u_winograd_post/temp_result_reg[127]'
INFO: [Synth 8-3886] merging instance 'u_winograd_post/temp_result_reg[54]' (FDCE) to 'u_winograd_post/temp_result_reg[127]'
INFO: [Synth 8-3886] merging instance 'u_winograd_post/temp_result_reg[55]' (FDCE) to 'u_winograd_post/temp_result_reg[127]'
INFO: [Synth 8-3886] merging instance 'u_winograd_post/temp_result_reg[56]' (FDCE) to 'u_winograd_post/temp_result_reg[127]'
INFO: [Synth 8-3886] merging instance 'u_winograd_post/temp_result_reg[57]' (FDCE) to 'u_winograd_post/temp_result_reg[127]'
INFO: [Synth 8-3886] merging instance 'u_winograd_post/temp_result_reg[58]' (FDCE) to 'u_winograd_post/temp_result_reg[127]'
INFO: [Synth 8-3886] merging instance 'u_winograd_post/temp_result_reg[59]' (FDCE) to 'u_winograd_post/temp_result_reg[127]'
INFO: [Synth 8-3886] merging instance 'u_winograd_post/temp_result_reg[60]' (FDCE) to 'u_winograd_post/temp_result_reg[127]'
INFO: [Synth 8-3886] merging instance 'u_winograd_post/temp_result_reg[61]' (FDCE) to 'u_winograd_post/temp_result_reg[127]'
INFO: [Synth 8-3886] merging instance 'u_winograd_post/temp_result_reg[62]' (FDCE) to 'u_winograd_post/temp_result_reg[127]'
INFO: [Synth 8-3886] merging instance 'u_winograd_post/temp_result_reg[63]' (FDCE) to 'u_winograd_post/temp_result_reg[127]'
INFO: [Synth 8-3886] merging instance 'u_winograd_post/temp_result_reg[64]' (FDCE) to 'u_winograd_post/temp_result_reg[127]'
INFO: [Synth 8-3886] merging instance 'u_winograd_post/temp_result_reg[65]' (FDCE) to 'u_winograd_post/temp_result_reg[127]'
INFO: [Synth 8-3886] merging instance 'u_winograd_post/temp_result_reg[66]' (FDCE) to 'u_winograd_post/temp_result_reg[127]'
INFO: [Synth 8-3886] merging instance 'u_winograd_post/temp_result_reg[67]' (FDCE) to 'u_winograd_post/temp_result_reg[127]'
INFO: [Synth 8-3886] merging instance 'u_winograd_post/temp_result_reg[68]' (FDCE) to 'u_winograd_post/temp_result_reg[127]'
INFO: [Synth 8-3886] merging instance 'u_winograd_post/temp_result_reg[69]' (FDCE) to 'u_winograd_post/temp_result_reg[127]'
INFO: [Synth 8-3886] merging instance 'u_winograd_post/temp_result_reg[70]' (FDCE) to 'u_winograd_post/temp_result_reg[127]'
INFO: [Synth 8-3886] merging instance 'u_winograd_post/temp_result_reg[71]' (FDCE) to 'u_winograd_post/temp_result_reg[127]'
INFO: [Synth 8-3886] merging instance 'u_winograd_post/temp_result_reg[72]' (FDCE) to 'u_winograd_post/temp_result_reg[127]'
INFO: [Synth 8-3886] merging instance 'u_winograd_post/temp_result_reg[73]' (FDCE) to 'u_winograd_post/temp_result_reg[127]'
INFO: [Synth 8-3886] merging instance 'u_winograd_post/temp_result_reg[74]' (FDCE) to 'u_winograd_post/temp_result_reg[127]'
INFO: [Synth 8-3886] merging instance 'u_winograd_post/temp_result_reg[75]' (FDCE) to 'u_winograd_post/temp_result_reg[127]'
INFO: [Synth 8-3886] merging instance 'u_winograd_post/temp_result_reg[76]' (FDCE) to 'u_winograd_post/temp_result_reg[127]'
INFO: [Synth 8-3886] merging instance 'u_winograd_post/temp_result_reg[77]' (FDCE) to 'u_winograd_post/temp_result_reg[127]'
INFO: [Synth 8-3886] merging instance 'u_winograd_post/temp_result_reg[78]' (FDCE) to 'u_winograd_post/temp_result_reg[127]'
INFO: [Synth 8-3886] merging instance 'u_winograd_post/temp_result_reg[79]' (FDCE) to 'u_winograd_post/temp_result_reg[127]'
INFO: [Synth 8-3886] merging instance 'u_winograd_post/temp_result_reg[80]' (FDCE) to 'u_winograd_post/temp_result_reg[127]'
INFO: [Synth 8-3886] merging instance 'u_winograd_post/temp_result_reg[81]' (FDCE) to 'u_winograd_post/temp_result_reg[127]'
INFO: [Synth 8-3886] merging instance 'u_winograd_post/temp_result_reg[82]' (FDCE) to 'u_winograd_post/temp_result_reg[127]'
INFO: [Synth 8-3886] merging instance 'u_winograd_post/temp_result_reg[83]' (FDCE) to 'u_winograd_post/temp_result_reg[127]'
INFO: [Synth 8-3886] merging instance 'u_winograd_post/temp_result_reg[84]' (FDCE) to 'u_winograd_post/temp_result_reg[127]'
INFO: [Synth 8-3886] merging instance 'u_winograd_post/temp_result_reg[85]' (FDCE) to 'u_winograd_post/temp_result_reg[127]'
INFO: [Synth 8-3886] merging instance 'u_winograd_post/temp_result_reg[86]' (FDCE) to 'u_winograd_post/temp_result_reg[127]'
INFO: [Synth 8-3886] merging instance 'u_winograd_post/temp_result_reg[87]' (FDCE) to 'u_winograd_post/temp_result_reg[127]'
INFO: [Synth 8-3886] merging instance 'u_winograd_post/temp_result_reg[88]' (FDCE) to 'u_winograd_post/temp_result_reg[127]'
INFO: [Synth 8-3886] merging instance 'u_winograd_post/temp_result_reg[89]' (FDCE) to 'u_winograd_post/temp_result_reg[127]'
INFO: [Synth 8-3886] merging instance 'u_winograd_post/temp_result_reg[90]' (FDCE) to 'u_winograd_post/temp_result_reg[127]'
INFO: [Synth 8-3886] merging instance 'u_winograd_post/temp_result_reg[91]' (FDCE) to 'u_winograd_post/temp_result_reg[127]'
INFO: [Synth 8-3886] merging instance 'u_winograd_post/temp_result_reg[92]' (FDCE) to 'u_winograd_post/temp_result_reg[127]'
INFO: [Synth 8-3886] merging instance 'u_winograd_post/temp_result_reg[93]' (FDCE) to 'u_winograd_post/temp_result_reg[127]'
INFO: [Synth 8-3886] merging instance 'u_winograd_post/temp_result_reg[94]' (FDCE) to 'u_winograd_post/temp_result_reg[127]'
INFO: [Synth 8-3886] merging instance 'u_winograd_post/temp_result_reg[95]' (FDCE) to 'u_winograd_post/temp_result_reg[127]'
INFO: [Common 17-14] Message 'Synth 8-3886' appears 100 times and further instances of the messages will be disabled. Use the Tcl command set_msg_config to change the current settings.
INFO: [Common 17-14] Message 'Synth 8-3886' appears 100 times and further instances of the messages will be disabled. Use the Tcl command set_msg_config to change the current settings.
INFO: [Synth 8-3333] propagating constant 0 across sequential element (u_winograd_post/\temp_result_reg[127] )
INFO: [Synth 8-3333] propagating constant 0 across sequential element (\status_reg_reg[31] )
INFO: [Synth 8-3333] propagating constant 0 across sequential element (ntt_axi_accelerator_v1_0_S00_AXI_inst/\axi_rresp_reg[1] )
INFO: [Synth 8-3333] propagating constant 0 across sequential element (ntt_axi_accelerator_v1_0_S00_AXI_inst/\axi_bresp_reg[1] )
---------------------------------------------------------------------------------
Finished Cross Boundary and Area Optimization : Time (s): cpu = 00:03:39 ; elapsed = 00:12:00 . Memory (MB): peak = 7792.504 ; gain = 7138.215
---------------------------------------------------------------------------------
WARNING: [Synth 8-3323] Resources of type DSP have been overutilized. Used = 1536, Available = 220. Use report_utilization command for details.
DSP Report: Generating DSP stage1_m0, operation Mode is (post resource management): A*B.
DSP Report: operator stage1_m0 is absorbed into DSP stage1_m0.
DSP Report: operator stage1_m0 is absorbed into DSP stage1_m0.
DSP Report: Generating DSP stage1_m0, operation Mode is (post resource management): PCIN+A*B.
DSP Report: operator stage1_m0 is absorbed into DSP stage1_m0.
DSP Report: operator stage1_m0 is absorbed into DSP stage1_m0.
DSP Report: Generating DSP stage1_m0, operation Mode is (post resource management): PCIN+A*B.
DSP Report: operator stage1_m0 is absorbed into DSP stage1_m0.
DSP Report: operator stage1_m0 is absorbed into DSP stage1_m0.
DSP Report: Generating DSP stage1_m0, operation Mode is (post resource management): PCIN+A*B.
DSP Report: operator stage1_m0 is absorbed into DSP stage1_m0.
DSP Report: operator stage1_m0 is absorbed into DSP stage1_m0.
DSP Report: Generating DSP stage1_m0, operation Mode is (post resource management): A*B.
DSP Report: operator stage1_m0 is absorbed into DSP stage1_m0.
DSP Report: operator stage1_m0 is absorbed into DSP stage1_m0.
DSP Report: Generating DSP stage1_m0, operation Mode is (post resource management): PCIN+A*B.
DSP Report: operator stage1_m0 is absorbed into DSP stage1_m0.
DSP Report: operator stage1_m0 is absorbed into DSP stage1_m0.
DSP Report: Generating DSP stage1_m0, operation Mode is (post resource management): PCIN+A*B.
DSP Report: operator stage1_m0 is absorbed into DSP stage1_m0.
DSP Report: operator stage1_m0 is absorbed into DSP stage1_m0.
DSP Report: Generating DSP stage1_m0, operation Mode is (post resource management): PCIN+A*B.
DSP Report: operator stage1_m0 is absorbed into DSP stage1_m0.
DSP Report: operator stage1_m0 is absorbed into DSP stage1_m0.
DSP Report: Generating DSP stage1_m0, operation Mode is (post resource management): A*B.
DSP Report: operator stage1_m0 is absorbed into DSP stage1_m0.
DSP Report: operator stage1_m0 is absorbed into DSP stage1_m0.
DSP Report: Generating DSP stage1_m0, operation Mode is (post resource management): PCIN+A*B.
DSP Report: operator stage1_m0 is absorbed into DSP stage1_m0.
DSP Report: operator stage1_m0 is absorbed into DSP stage1_m0.
DSP Report: Generating DSP stage1_m0, operation Mode is (post resource management): PCIN+A*B.
DSP Report: operator stage1_m0 is absorbed into DSP stage1_m0.
DSP Report: operator stage1_m0 is absorbed into DSP stage1_m0.
DSP Report: Generating DSP stage1_m0, operation Mode is (post resource management): PCIN+A*B.
DSP Report: operator stage1_m0 is absorbed into DSP stage1_m0.
DSP Report: operator stage1_m0 is absorbed into DSP stage1_m0.
DSP Report: Generating DSP stage1_m0, operation Mode is (post resource management): A*B.
DSP Report: operator stage1_m0 is absorbed into DSP stage1_m0.
DSP Report: operator stage1_m0 is absorbed into DSP stage1_m0.
DSP Report: Generating DSP stage1_m0, operation Mode is (post resource management): (PCIN>>17)+A*B.
DSP Report: operator stage1_m0 is absorbed into DSP stage1_m0.
DSP Report: operator stage1_m0 is absorbed into DSP stage1_m0.
DSP Report: Generating DSP stage1_m0, operation Mode is (post resource management): PCIN+A*B.
DSP Report: operator stage1_m0 is absorbed into DSP stage1_m0.
DSP Report: operator stage1_m0 is absorbed into DSP stage1_m0.
DSP Report: Generating DSP stage1_m0, operation Mode is (post resource management): PCIN+A*B.
DSP Report: operator stage1_m0 is absorbed into DSP stage1_m0.
DSP Report: operator stage1_m0 is absorbed into DSP stage1_m0.
DSP Report: Generating DSP stage1_m0, operation Mode is (post resource management): A*B.
DSP Report: operator stage1_m0 is absorbed into DSP stage1_m0.
DSP Report: operator stage1_m0 is absorbed into DSP stage1_m0.
DSP Report: Generating DSP stage1_m0, operation Mode is (post resource management): PCIN+A*B.
DSP Report: operator stage1_m0 is absorbed into DSP stage1_m0.
DSP Report: operator stage1_m0 is absorbed into DSP stage1_m0.
DSP Report: Generating DSP stage1_m0, operation Mode is (post resource management): PCIN+A*B.
DSP Report: operator stage1_m0 is absorbed into DSP stage1_m0.
DSP Report: operator stage1_m0 is absorbed into DSP stage1_m0.
DSP Report: Generating DSP stage1_m0, operation Mode is (post resource management): PCIN+A*B.
DSP Report: operator stage1_m0 is absorbed into DSP stage1_m0.
DSP Report: operator stage1_m0 is absorbed into DSP stage1_m0.
DSP Report: Generating DSP stage1_m0, operation Mode is (post resource management): A*B.
DSP Report: operator stage1_m0 is absorbed into DSP stage1_m0.
DSP Report: operator stage1_m0 is absorbed into DSP stage1_m0.
DSP Report: Generating DSP stage1_m0, operation Mode is (post resource management): PCIN+A*B.
DSP Report: operator stage1_m0 is absorbed into DSP stage1_m0.
DSP Report: operator stage1_m0 is absorbed into DSP stage1_m0.
DSP Report: Generating DSP stage1_m0, operation Mode is (post resource management): PCIN+A*B.
DSP Report: operator stage1_m0 is absorbed into DSP stage1_m0.
DSP Report: operator stage1_m0 is absorbed into DSP stage1_m0.
DSP Report: Generating DSP stage1_m0, operation Mode is (post resource management): (PCIN>>17)+A*B.
DSP Report: operator stage1_m0 is absorbed into DSP stage1_m0.
DSP Report: operator stage1_m0 is absorbed into DSP stage1_m0.
DSP Report: Generating DSP stage1_m0, operation Mode is (post resource management): A*B.
DSP Report: operator stage1_m0 is absorbed into DSP stage1_m0.
DSP Report: operator stage1_m0 is absorbed into DSP stage1_m0.
DSP Report: Generating DSP stage1_m0, operation Mode is (post resource management): PCIN+A*B.
DSP Report: operator stage1_m0 is absorbed into DSP stage1_m0.
DSP Report: operator stage1_m0 is absorbed into DSP stage1_m0.
DSP Report: Generating DSP stage1_m0, operation Mode is (post resource management): (PCIN>>17)+A*B.
DSP Report: operator stage1_m0 is absorbed into DSP stage1_m0.
DSP Report: operator stage1_m0 is absorbed into DSP stage1_m0.
DSP Report: Generating DSP stage1_m0, operation Mode is (post resource management): PCIN+A*B.
DSP Report: operator stage1_m0 is absorbed into DSP stage1_m0.
DSP Report: operator stage1_m0 is absorbed into DSP stage1_m0.
DSP Report: Generating DSP stage1_m0, operation Mode is (post resource management): A*B.
DSP Report: operator stage1_m0 is absorbed into DSP stage1_m0.
DSP Report: operator stage1_m0 is absorbed into DSP stage1_m0.
DSP Report: Generating DSP stage1_m0, operation Mode is (post resource management): PCIN+A*B.
DSP Report: operator stage1_m0 is absorbed into DSP stage1_m0.
DSP Report: operator stage1_m0 is absorbed into DSP stage1_m0.
DSP Report: Generating DSP stage1_m0, operation Mode is (post resource management): (PCIN>>17)+A*B.
DSP Report: operator stage1_m0 is absorbed into DSP stage1_m0.
DSP Report: operator stage1_m0 is absorbed into DSP stage1_m0.
DSP Report: Generating DSP stage1_m0, operation Mode is (post resource management): PCIN+A*B.
DSP Report: operator stage1_m0 is absorbed into DSP stage1_m0.
DSP Report: operator stage1_m0 is absorbed into DSP stage1_m0.
DSP Report: Generating DSP stage1_m0, operation Mode is (post resource management): A*B.
DSP Report: operator stage1_m0 is absorbed into DSP stage1_m0.
DSP Report: operator stage1_m0 is absorbed into DSP stage1_m0.
DSP Report: Generating DSP stage1_m0, operation Mode is (post resource management): (PCIN>>17)+A*B.
DSP Report: operator stage1_m0 is absorbed into DSP stage1_m0.
DSP Report: operator stage1_m0 is absorbed into DSP stage1_m0.
DSP Report: Generating DSP stage1_m0, operation Mode is (post resource management): PCIN+A*B.
DSP Report: operator stage1_m0 is absorbed into DSP stage1_m0.
DSP Report: operator stage1_m0 is absorbed into DSP stage1_m0.
DSP Report: Generating DSP stage1_m0, operation Mode is (post resource management): (PCIN>>17)+A*B.
DSP Report: operator stage1_m0 is absorbed into DSP stage1_m0.
DSP Report: operator stage1_m0 is absorbed into DSP stage1_m0.
DSP Report: Generating DSP p_0_out, operation Mode is (post resource management): A*B.
DSP Report: operator p_0_out is absorbed into DSP p_0_out.
DSP Report: operator p_0_out is absorbed into DSP p_0_out.
DSP Report: Generating DSP p_0_out, operation Mode is (post resource management): (PCIN>>17)+A*B.
DSP Report: operator p_0_out is absorbed into DSP p_0_out.
DSP Report: operator p_0_out is absorbed into DSP p_0_out.
DSP Report: Generating DSP p_0_out, operation Mode is (post resource management): PCIN+A*B.
DSP Report: operator p_0_out is absorbed into DSP p_0_out.
DSP Report: operator p_0_out is absorbed into DSP p_0_out.
DSP Report: Generating DSP p_0_out, operation Mode is (post resource management): (PCIN>>17)+A*B.
DSP Report: operator p_0_out is absorbed into DSP p_0_out.
DSP Report: operator p_0_out is absorbed into DSP p_0_out.
DSP Report: Generating DSP p_0_out, operation Mode is (post resource management): A*B.
DSP Report: operator p_0_out is absorbed into DSP p_0_out.
DSP Report: operator p_0_out is absorbed into DSP p_0_out.
DSP Report: Generating DSP p_0_out, operation Mode is (post resource management): PCIN+A*B.
DSP Report: operator p_0_out is absorbed into DSP p_0_out.
DSP Report: operator p_0_out is absorbed into DSP p_0_out.
DSP Report: Generating DSP p_0_out, operation Mode is (post resource management): (PCIN>>17)+A*B.
DSP Report: operator p_0_out is absorbed into DSP p_0_out.
DSP Report: operator p_0_out is absorbed into DSP p_0_out.
DSP Report: Generating DSP p_0_out, operation Mode is (post resource management): PCIN+A*B.
DSP Report: operator p_0_out is absorbed into DSP p_0_out.
DSP Report: operator p_0_out is absorbed into DSP p_0_out.
DSP Report: Generating DSP p_0_out, operation Mode is (post resource management): A*B.
DSP Report: operator p_0_out is absorbed into DSP p_0_out.
DSP Report: operator p_0_out is absorbed into DSP p_0_out.
DSP Report: Generating DSP p_0_out, operation Mode is (post resource management): PCIN+A*B.
DSP Report: operator p_0_out is absorbed into DSP p_0_out.
DSP Report: operator p_0_out is absorbed into DSP p_0_out.
DSP Report: Generating DSP p_0_out, operation Mode is (post resource management): (PCIN>>17)+A*B.
DSP Report: operator p_0_out is absorbed into DSP p_0_out.
DSP Report: operator p_0_out is absorbed into DSP p_0_out.
DSP Report: Generating DSP p_0_out, operation Mode is (post resource management): PCIN+A*B.
DSP Report: operator p_0_out is absorbed into DSP p_0_out.
DSP Report: operator p_0_out is absorbed into DSP p_0_out.
DSP Report: Generating DSP p_0_out, operation Mode is (post resource management): A*B.
DSP Report: operator p_0_out is absorbed into DSP p_0_out.
DSP Report: operator p_0_out is absorbed into DSP p_0_out.
DSP Report: Generating DSP p_0_out, operation Mode is (post resource management): (PCIN>>17)+A*B.
DSP Report: operator p_0_out is absorbed into DSP p_0_out.
DSP Report: operator p_0_out is absorbed into DSP p_0_out.
DSP Report: Generating DSP p_0_out, operation Mode is (post resource management): PCIN+A*B.
DSP Report: operator p_0_out is absorbed into DSP p_0_out.
DSP Report: operator p_0_out is absorbed into DSP p_0_out.
DSP Report: Generating DSP p_0_out, operation Mode is (post resource management): (PCIN>>17)+A*B.
DSP Report: operator p_0_out is absorbed into DSP p_0_out.
DSP Report: operator p_0_out is absorbed into DSP p_0_out.
DSP Report: Generating DSP p_0_out, operation Mode is (post resource management): A*B.
DSP Report: operator p_0_out is absorbed into DSP p_0_out.
DSP Report: operator p_0_out is absorbed into DSP p_0_out.
DSP Report: Generating DSP p_0_out, operation Mode is (post resource management): (PCIN>>17)+A*B.
DSP Report: operator p_0_out is absorbed into DSP p_0_out.
DSP Report: operator p_0_out is absorbed into DSP p_0_out.
DSP Report: Generating DSP p_0_out, operation Mode is (post resource management): PCIN+A*B.
DSP Report: operator p_0_out is absorbed into DSP p_0_out.
DSP Report: operator p_0_out is absorbed into DSP p_0_out.
DSP Report: Generating DSP p_0_out, operation Mode is (post resource management): (PCIN>>17)+A*B.
DSP Report: operator p_0_out is absorbed into DSP p_0_out.
DSP Report: operator p_0_out is absorbed into DSP p_0_out.
DSP Report: Generating DSP p_0_out, operation Mode is (post resource management): A*B.
DSP Report: operator p_0_out is absorbed into DSP p_0_out.
DSP Report: operator p_0_out is absorbed into DSP p_0_out.
DSP Report: Generating DSP p_0_out, operation Mode is (post resource management): PCIN+A*B.
DSP Report: operator p_0_out is absorbed into DSP p_0_out.
DSP Report: operator p_0_out is absorbed into DSP p_0_out.
DSP Report: Generating DSP p_0_out, operation Mode is (post resource management): (PCIN>>17)+A*B.
DSP Report: operator p_0_out is absorbed into DSP p_0_out.
DSP Report: operator p_0_out is absorbed into DSP p_0_out.
DSP Report: Generating DSP p_0_out, operation Mode is (post resource management): PCIN+A*B.
DSP Report: operator p_0_out is absorbed into DSP p_0_out.
DSP Report: operator p_0_out is absorbed into DSP p_0_out.
DSP Report: Generating DSP p_0_out, operation Mode is (post resource management): A*B.
DSP Report: operator p_0_out is absorbed into DSP p_0_out.
DSP Report: operator p_0_out is absorbed into DSP p_0_out.
DSP Report: Generating DSP p_0_out, operation Mode is (post resource management): PCIN+A*B.
DSP Report: operator p_0_out is absorbed into DSP p_0_out.
DSP Report: operator p_0_out is absorbed into DSP p_0_out.
DSP Report: Generating DSP p_0_out, operation Mode is (post resource management): (PCIN>>17)+A*B.
DSP Report: operator p_0_out is absorbed into DSP p_0_out.
DSP Report: operator p_0_out is absorbed into DSP p_0_out.
DSP Report: Generating DSP p_0_out, operation Mode is (post resource management): PCIN+A*B.
DSP Report: operator p_0_out is absorbed into DSP p_0_out.
DSP Report: operator p_0_out is absorbed into DSP p_0_out.
DSP Report: Generating DSP p_0_out, operation Mode is (post resource management): A*B.
DSP Report: operator p_0_out is absorbed into DSP p_0_out.
DSP Report: operator p_0_out is absorbed into DSP p_0_out.
DSP Report: Generating DSP p_0_out, operation Mode is (post resource management): (PCIN>>17)+A*B.
DSP Report: operator p_0_out is absorbed into DSP p_0_out.
DSP Report: operator p_0_out is absorbed into DSP p_0_out.
DSP Report: Generating DSP p_0_out, operation Mode is (post resource management): PCIN+A*B.
DSP Report: operator p_0_out is absorbed into DSP p_0_out.
DSP Report: operator p_0_out is absorbed into DSP p_0_out.
DSP Report: Generating DSP p_0_out, operation Mode is (post resource management): (PCIN>>17)+A*B.
DSP Report: operator p_0_out is absorbed into DSP p_0_out.
DSP Report: operator p_0_out is absorbed into DSP p_0_out.
DSP Report: Generating DSP p_0_out, operation Mode is (post resource management): A*B.
DSP Report: operator p_0_out is absorbed into DSP p_0_out.
DSP Report: operator p_0_out is absorbed into DSP p_0_out.
DSP Report: Generating DSP p_0_out, operation Mode is (post resource management): (PCIN>>17)+A*B.
DSP Report: operator p_0_out is absorbed into DSP p_0_out.
DSP Report: operator p_0_out is absorbed into DSP p_0_out.
DSP Report: Generating DSP p_0_out, operation Mode is (post resource management): PCIN+A*B.
DSP Report: operator p_0_out is absorbed into DSP p_0_out.
DSP Report: operator p_0_out is absorbed into DSP p_0_out.
DSP Report: Generating DSP p_0_out, operation Mode is (post resource management): (PCIN>>17)+A*B.
DSP Report: operator p_0_out is absorbed into DSP p_0_out.
DSP Report: operator p_0_out is absorbed into DSP p_0_out.
DSP Report: Generating DSP p_0_out, operation Mode is (post resource management): A*B.
DSP Report: operator p_0_out is absorbed into DSP p_0_out.
DSP Report: operator p_0_out is absorbed into DSP p_0_out.
DSP Report: Generating DSP p_0_out, operation Mode is (post resource management): PCIN+A*B.
DSP Report: operator p_0_out is absorbed into DSP p_0_out.
DSP Report: operator p_0_out is absorbed into DSP p_0_out.
DSP Report: Generating DSP p_0_out, operation Mode is (post resource management): (PCIN>>17)+A*B.
DSP Report: operator p_0_out is absorbed into DSP p_0_out.
DSP Report: operator p_0_out is absorbed into DSP p_0_out.
DSP Report: Generating DSP p_0_out, operation Mode is (post resource management): PCIN+A*B.
DSP Report: operator p_0_out is absorbed into DSP p_0_out.
DSP Report: operator p_0_out is absorbed into DSP p_0_out.
DSP Report: Generating DSP p_0_out, operation Mode is (post resource management): A*B.
DSP Report: operator p_0_out is absorbed into DSP p_0_out.
DSP Report: operator p_0_out is absorbed into DSP p_0_out.
DSP Report: Generating DSP p_0_out, operation Mode is (post resource management): PCIN+A*B.
DSP Report: operator p_0_out is absorbed into DSP p_0_out.
DSP Report: operator p_0_out is absorbed into DSP p_0_out.
DSP Report: Generating DSP p_0_out, operation Mode is (post resource management): (PCIN>>17)+A*B.
DSP Report: operator p_0_out is absorbed into DSP p_0_out.
DSP Report: operator p_0_out is absorbed into DSP p_0_out.
DSP Report: Generating DSP p_0_out, operation Mode is (post resource management): PCIN+A*B.
DSP Report: operator p_0_out is absorbed into DSP p_0_out.
DSP Report: operator p_0_out is absorbed into DSP p_0_out.
DSP Report: Generating DSP p_0_out, operation Mode is (post resource management): A*B.
DSP Report: operator p_0_out is absorbed into DSP p_0_out.
DSP Report: operator p_0_out is absorbed into DSP p_0_out.
DSP Report: Generating DSP p_0_out, operation Mode is (post resource management): (PCIN>>17)+A*B.
DSP Report: operator p_0_out is absorbed into DSP p_0_out.
DSP Report: operator p_0_out is absorbed into DSP p_0_out.
DSP Report: Generating DSP p_0_out, operation Mode is (post resource management): PCIN+A*B.
DSP Report: operator p_0_out is absorbed into DSP p_0_out.
DSP Report: operator p_0_out is absorbed into DSP p_0_out.
DSP Report: Generating DSP p_0_out, operation Mode is (post resource management): (PCIN>>17)+A*B.
DSP Report: operator p_0_out is absorbed into DSP p_0_out.
DSP Report: operator p_0_out is absorbed into DSP p_0_out.
DSP Report: Generating DSP p_0_out, operation Mode is (post resource management): A*B.
DSP Report: operator p_0_out is absorbed into DSP p_0_out.
DSP Report: operator p_0_out is absorbed into DSP p_0_out.
DSP Report: Generating DSP p_0_out, operation Mode is (post resource management): (PCIN>>17)+A*B.
DSP Report: operator p_0_out is absorbed into DSP p_0_out.
DSP Report: operator p_0_out is absorbed into DSP p_0_out.
DSP Report: Generating DSP p_0_out, operation Mode is (post resource management): PCIN+A*B.
DSP Report: operator p_0_out is absorbed into DSP p_0_out.
DSP Report: operator p_0_out is absorbed into DSP p_0_out.
DSP Report: Generating DSP p_0_out, operation Mode is (post resource management): (PCIN>>17)+A*B.
DSP Report: operator p_0_out is absorbed into DSP p_0_out.
DSP Report: operator p_0_out is absorbed into DSP p_0_out.
DSP Report: Generating DSP p_0_out, operation Mode is (post resource management): A*B.
DSP Report: operator p_0_out is absorbed into DSP p_0_out.
DSP Report: operator p_0_out is absorbed into DSP p_0_out.
DSP Report: Generating DSP p_0_out, operation Mode is (post resource management): PCIN+A*B.
DSP Report: operator p_0_out is absorbed into DSP p_0_out.
DSP Report: operator p_0_out is absorbed into DSP p_0_out.
DSP Report: Generating DSP p_0_out, operation Mode is (post resource management): (PCIN>>17)+A*B.
DSP Report: operator p_0_out is absorbed into DSP p_0_out.
DSP Report: operator p_0_out is absorbed into DSP p_0_out.
DSP Report: Generating DSP p_0_out, operation Mode is (post resource management): PCIN+A*B.
DSP Report: operator p_0_out is absorbed into DSP p_0_out.
DSP Report: operator p_0_out is absorbed into DSP p_0_out.
DSP Report: Generating DSP p_0_out, operation Mode is (post resource management): A*B.
DSP Report: operator p_0_out is absorbed into DSP p_0_out.
DSP Report: operator p_0_out is absorbed into DSP p_0_out.
DSP Report: Generating DSP p_0_out, operation Mode is (post resource management): PCIN+A*B.
DSP Report: operator p_0_out is absorbed into DSP p_0_out.
DSP Report: operator p_0_out is absorbed into DSP p_0_out.
DSP Report: Generating DSP p_0_out, operation Mode is (post resource management): (PCIN>>17)+A*B.
DSP Report: operator p_0_out is absorbed into DSP p_0_out.
DSP Report: operator p_0_out is absorbed into DSP p_0_out.
DSP Report: Generating DSP p_0_out, operation Mode is (post resource management): PCIN+A*B.
DSP Report: operator p_0_out is absorbed into DSP p_0_out.
DSP Report: operator p_0_out is absorbed into DSP p_0_out.
DSP Report: Generating DSP p_0_out, operation Mode is (post resource management): A*B.
DSP Report: operator p_0_out is absorbed into DSP p_0_out.
DSP Report: operator p_0_out is absorbed into DSP p_0_out.
DSP Report: Generating DSP p_0_out, operation Mode is (post resource management): (PCIN>>17)+A*B.
DSP Report: operator p_0_out is absorbed into DSP p_0_out.
DSP Report: operator p_0_out is absorbed into DSP p_0_out.
DSP Report: Generating DSP p_0_out, operation Mode is (post resource management): PCIN+A*B.
DSP Report: operator p_0_out is absorbed into DSP p_0_out.
DSP Report: operator p_0_out is absorbed into DSP p_0_out.
DSP Report: Generating DSP p_0_out, operation Mode is (post resource management): (PCIN>>17)+A*B.
DSP Report: operator p_0_out is absorbed into DSP p_0_out.
DSP Report: operator p_0_out is absorbed into DSP p_0_out.
DSP Report: Generating DSP gen_i[1].gen_j[1].u_mult/result, operation Mode is (post resource management): A*B.
DSP Report: operator gen_i[1].gen_j[1].u_mult/result is absorbed into DSP gen_i[1].gen_j[1].u_mult/result.
DSP Report: operator gen_i[1].gen_j[1].u_mult/result is absorbed into DSP gen_i[1].gen_j[1].u_mult/result.
DSP Report: Generating DSP gen_i[1].gen_j[1].u_mult/result, operation Mode is (post resource management): (PCIN>>17)+A*B.
DSP Report: operator gen_i[1].gen_j[1].u_mult/result is absorbed into DSP gen_i[1].gen_j[1].u_mult/result.
DSP Report: operator gen_i[1].gen_j[1].u_mult/result is absorbed into DSP gen_i[1].gen_j[1].u_mult/result.
DSP Report: Generating DSP gen_i[1].gen_j[1].u_mult/result, operation Mode is (post resource management): PCIN+A*B.
DSP Report: operator gen_i[1].gen_j[1].u_mult/result is absorbed into DSP gen_i[1].gen_j[1].u_mult/result.
DSP Report: operator gen_i[1].gen_j[1].u_mult/result is absorbed into DSP gen_i[1].gen_j[1].u_mult/result.
DSP Report: Generating DSP gen_i[1].gen_j[1].u_mult/result, operation Mode is (post resource management): (PCIN>>17)+A*B.
DSP Report: operator gen_i[1].gen_j[1].u_mult/result is absorbed into DSP gen_i[1].gen_j[1].u_mult/result.
DSP Report: operator gen_i[1].gen_j[1].u_mult/result is absorbed into DSP gen_i[1].gen_j[1].u_mult/result.
DSP Report: Generating DSP gen_i[1].gen_j[1].u_mult/result, operation Mode is (post resource management): A*B.
DSP Report: operator gen_i[1].gen_j[1].u_mult/result is absorbed into DSP gen_i[1].gen_j[1].u_mult/result.
DSP Report: operator gen_i[1].gen_j[1].u_mult/result is absorbed into DSP gen_i[1].gen_j[1].u_mult/result.
DSP Report: Generating DSP gen_i[1].gen_j[1].u_mult/result, operation Mode is (post resource management): PCIN+A*B.
DSP Report: operator gen_i[1].gen_j[1].u_mult/result is absorbed into DSP gen_i[1].gen_j[1].u_mult/result.
DSP Report: operator gen_i[1].gen_j[1].u_mult/result is absorbed into DSP gen_i[1].gen_j[1].u_mult/result.
DSP Report: Generating DSP gen_i[1].gen_j[1].u_mult/result, operation Mode is (post resource management): (PCIN>>17)+A*B.
DSP Report: operator gen_i[1].gen_j[1].u_mult/result is absorbed into DSP gen_i[1].gen_j[1].u_mult/result.
DSP Report: operator gen_i[1].gen_j[1].u_mult/result is absorbed into DSP gen_i[1].gen_j[1].u_mult/result.
DSP Report: Generating DSP gen_i[1].gen_j[1].u_mult/result, operation Mode is (post resource management): PCIN+A*B.
DSP Report: operator gen_i[1].gen_j[1].u_mult/result is absorbed into DSP gen_i[1].gen_j[1].u_mult/result.
DSP Report: operator gen_i[1].gen_j[1].u_mult/result is absorbed into DSP gen_i[1].gen_j[1].u_mult/result.
DSP Report: Generating DSP gen_i[1].gen_j[1].u_mult/result, operation Mode is (post resource management): A*B.
DSP Report: operator gen_i[1].gen_j[1].u_mult/result is absorbed into DSP gen_i[1].gen_j[1].u_mult/result.
DSP Report: operator gen_i[1].gen_j[1].u_mult/result is absorbed into DSP gen_i[1].gen_j[1].u_mult/result.
DSP Report: Generating DSP gen_i[1].gen_j[1].u_mult/result, operation Mode is (post resource management): PCIN+A*B.
DSP Report: operator gen_i[1].gen_j[1].u_mult/result is absorbed into DSP gen_i[1].gen_j[1].u_mult/result.
DSP Report: operator gen_i[1].gen_j[1].u_mult/result is absorbed into DSP gen_i[1].gen_j[1].u_mult/result.
DSP Report: Generating DSP gen_i[1].gen_j[1].u_mult/result, operation Mode is (post resource management): (PCIN>>17)+A*B.
DSP Report: operator gen_i[1].gen_j[1].u_mult/result is absorbed into DSP gen_i[1].gen_j[1].u_mult/result.
DSP Report: operator gen_i[1].gen_j[1].u_mult/result is absorbed into DSP gen_i[1].gen_j[1].u_mult/result.
DSP Report: Generating DSP gen_i[1].gen_j[1].u_mult/result, operation Mode is (post resource management): PCIN+A*B.
DSP Report: operator gen_i[1].gen_j[1].u_mult/result is absorbed into DSP gen_i[1].gen_j[1].u_mult/result.
DSP Report: operator gen_i[1].gen_j[1].u_mult/result is absorbed into DSP gen_i[1].gen_j[1].u_mult/result.
DSP Report: Generating DSP gen_i[1].gen_j[1].u_mult/result, operation Mode is (post resource management): A*B.
DSP Report: operator gen_i[1].gen_j[1].u_mult/result is absorbed into DSP gen_i[1].gen_j[1].u_mult/result.
DSP Report: operator gen_i[1].gen_j[1].u_mult/result is absorbed into DSP gen_i[1].gen_j[1].u_mult/result.
DSP Report: Generating DSP gen_i[1].gen_j[1].u_mult/result, operation Mode is (post resource management): (PCIN>>17)+A*B.
DSP Report: operator gen_i[1].gen_j[1].u_mult/result is absorbed into DSP gen_i[1].gen_j[1].u_mult/result.
DSP Report: operator gen_i[1].gen_j[1].u_mult/result is absorbed into DSP gen_i[1].gen_j[1].u_mult/result.
DSP Report: Generating DSP gen_i[1].gen_j[1].u_mult/result, operation Mode is (post resource management): PCIN+A*B.
DSP Report: operator gen_i[1].gen_j[1].u_mult/result is absorbed into DSP gen_i[1].gen_j[1].u_mult/result.
DSP Report: operator gen_i[1].gen_j[1].u_mult/result is absorbed into DSP gen_i[1].gen_j[1].u_mult/result.
DSP Report: Generating DSP gen_i[1].gen_j[1].u_mult/result, operation Mode is (post resource management): (PCIN>>17)+A*B.
DSP Report: operator gen_i[1].gen_j[1].u_mult/result is absorbed into DSP gen_i[1].gen_j[1].u_mult/result.
DSP Report: operator gen_i[1].gen_j[1].u_mult/result is absorbed into DSP gen_i[1].gen_j[1].u_mult/result.
DSP Report: Generating DSP gen_i[0].gen_j[1].u_mult/result, operation Mode is (post resource management): A*B.
DSP Report: operator gen_i[0].gen_j[1].u_mult/result is absorbed into DSP gen_i[0].gen_j[1].u_mult/result.
DSP Report: operator gen_i[0].gen_j[1].u_mult/result is absorbed into DSP gen_i[0].gen_j[1].u_mult/result.
DSP Report: Generating DSP gen_i[0].gen_j[1].u_mult/result, operation Mode is (post resource management): (PCIN>>17)+A*B.
DSP Report: operator gen_i[0].gen_j[1].u_mult/result is absorbed into DSP gen_i[0].gen_j[1].u_mult/result.
DSP Report: operator gen_i[0].gen_j[1].u_mult/result is absorbed into DSP gen_i[0].gen_j[1].u_mult/result.
DSP Report: Generating DSP gen_i[0].gen_j[1].u_mult/result, operation Mode is (post resource management): PCIN+A*B.
DSP Report: operator gen_i[0].gen_j[1].u_mult/result is absorbed into DSP gen_i[0].gen_j[1].u_mult/result.
DSP Report: operator gen_i[0].gen_j[1].u_mult/result is absorbed into DSP gen_i[0].gen_j[1].u_mult/result.
DSP Report: Generating DSP gen_i[0].gen_j[1].u_mult/result, operation Mode is (post resource management): (PCIN>>17)+A*B.
DSP Report: operator gen_i[0].gen_j[1].u_mult/result is absorbed into DSP gen_i[0].gen_j[1].u_mult/result.
DSP Report: operator gen_i[0].gen_j[1].u_mult/result is absorbed into DSP gen_i[0].gen_j[1].u_mult/result.
DSP Report: Generating DSP gen_i[0].gen_j[1].u_mult/result, operation Mode is (post resource management): A*B.
DSP Report: operator gen_i[0].gen_j[1].u_mult/result is absorbed into DSP gen_i[0].gen_j[1].u_mult/result.
DSP Report: operator gen_i[0].gen_j[1].u_mult/result is absorbed into DSP gen_i[0].gen_j[1].u_mult/result.
DSP Report: Generating DSP gen_i[0].gen_j[1].u_mult/result, operation Mode is (post resource management): PCIN+A*B.
DSP Report: operator gen_i[0].gen_j[1].u_mult/result is absorbed into DSP gen_i[0].gen_j[1].u_mult/result.
DSP Report: operator gen_i[0].gen_j[1].u_mult/result is absorbed into DSP gen_i[0].gen_j[1].u_mult/result.
DSP Report: Generating DSP gen_i[0].gen_j[1].u_mult/result, operation Mode is (post resource management): (PCIN>>17)+A*B.
DSP Report: operator gen_i[0].gen_j[1].u_mult/result is absorbed into DSP gen_i[0].gen_j[1].u_mult/result.
DSP Report: operator gen_i[0].gen_j[1].u_mult/result is absorbed into DSP gen_i[0].gen_j[1].u_mult/result.
DSP Report: Generating DSP gen_i[0].gen_j[1].u_mult/result, operation Mode is (post resource management): PCIN+A*B.
DSP Report: operator gen_i[0].gen_j[1].u_mult/result is absorbed into DSP gen_i[0].gen_j[1].u_mult/result.
DSP Report: operator gen_i[0].gen_j[1].u_mult/result is absorbed into DSP gen_i[0].gen_j[1].u_mult/result.
DSP Report: Generating DSP gen_i[0].gen_j[1].u_mult/result, operation Mode is (post resource management): A*B.
DSP Report: operator gen_i[0].gen_j[1].u_mult/result is absorbed into DSP gen_i[0].gen_j[1].u_mult/result.
DSP Report: operator gen_i[0].gen_j[1].u_mult/result is absorbed into DSP gen_i[0].gen_j[1].u_mult/result.
DSP Report: Generating DSP gen_i[0].gen_j[1].u_mult/result, operation Mode is (post resource management): PCIN+A*B.
DSP Report: operator gen_i[0].gen_j[1].u_mult/result is absorbed into DSP gen_i[0].gen_j[1].u_mult/result.
DSP Report: operator gen_i[0].gen_j[1].u_mult/result is absorbed into DSP gen_i[0].gen_j[1].u_mult/result.
DSP Report: Generating DSP gen_i[0].gen_j[1].u_mult/result, operation Mode is (post resource management): (PCIN>>17)+A*B.
DSP Report: operator gen_i[0].gen_j[1].u_mult/result is absorbed into DSP gen_i[0].gen_j[1].u_mult/result.
DSP Report: operator gen_i[0].gen_j[1].u_mult/result is absorbed into DSP gen_i[0].gen_j[1].u_mult/result.
DSP Report: Generating DSP gen_i[0].gen_j[1].u_mult/result, operation Mode is (post resource management): PCIN+A*B.
DSP Report: operator gen_i[0].gen_j[1].u_mult/result is absorbed into DSP gen_i[0].gen_j[1].u_mult/result.
DSP Report: operator gen_i[0].gen_j[1].u_mult/result is absorbed into DSP gen_i[0].gen_j[1].u_mult/result.
DSP Report: Generating DSP gen_i[0].gen_j[1].u_mult/result, operation Mode is (post resource management): A*B.
DSP Report: operator gen_i[0].gen_j[1].u_mult/result is absorbed into DSP gen_i[0].gen_j[1].u_mult/result.
DSP Report: operator gen_i[0].gen_j[1].u_mult/result is absorbed into DSP gen_i[0].gen_j[1].u_mult/result.
DSP Report: Generating DSP gen_i[0].gen_j[1].u_mult/result, operation Mode is (post resource management): (PCIN>>17)+A*B.
DSP Report: operator gen_i[0].gen_j[1].u_mult/result is absorbed into DSP gen_i[0].gen_j[1].u_mult/result.
DSP Report: operator gen_i[0].gen_j[1].u_mult/result is absorbed into DSP gen_i[0].gen_j[1].u_mult/result.
DSP Report: Generating DSP gen_i[0].gen_j[1].u_mult/result, operation Mode is (post resource management): PCIN+A*B.
DSP Report: operator gen_i[0].gen_j[1].u_mult/result is absorbed into DSP gen_i[0].gen_j[1].u_mult/result.
DSP Report: operator gen_i[0].gen_j[1].u_mult/result is absorbed into DSP gen_i[0].gen_j[1].u_mult/result.
DSP Report: Generating DSP gen_i[0].gen_j[1].u_mult/result, operation Mode is (post resource management): (PCIN>>17)+A*B.
DSP Report: operator gen_i[0].gen_j[1].u_mult/result is absorbed into DSP gen_i[0].gen_j[1].u_mult/result.
DSP Report: operator gen_i[0].gen_j[1].u_mult/result is absorbed into DSP gen_i[0].gen_j[1].u_mult/result.
DSP Report: Generating DSP gen_i[1].gen_j[0].u_mult/result, operation Mode is (post resource management): A*B.
DSP Report: operator gen_i[1].gen_j[0].u_mult/result is absorbed into DSP gen_i[1].gen_j[0].u_mult/result.
DSP Report: operator gen_i[1].gen_j[0].u_mult/result is absorbed into DSP gen_i[1].gen_j[0].u_mult/result.
DSP Report: Generating DSP gen_i[1].gen_j[0].u_mult/result, operation Mode is (post resource management): (PCIN>>17)+A*B.
DSP Report: operator gen_i[1].gen_j[0].u_mult/result is absorbed into DSP gen_i[1].gen_j[0].u_mult/result.
DSP Report: operator gen_i[1].gen_j[0].u_mult/result is absorbed into DSP gen_i[1].gen_j[0].u_mult/result.
DSP Report: Generating DSP gen_i[1].gen_j[0].u_mult/result, operation Mode is (post resource management): PCIN+A*B.
DSP Report: operator gen_i[1].gen_j[0].u_mult/result is absorbed into DSP gen_i[1].gen_j[0].u_mult/result.
DSP Report: operator gen_i[1].gen_j[0].u_mult/result is absorbed into DSP gen_i[1].gen_j[0].u_mult/result.
DSP Report: Generating DSP gen_i[1].gen_j[0].u_mult/result, operation Mode is (post resource management): (PCIN>>17)+A*B.
DSP Report: operator gen_i[1].gen_j[0].u_mult/result is absorbed into DSP gen_i[1].gen_j[0].u_mult/result.
DSP Report: operator gen_i[1].gen_j[0].u_mult/result is absorbed into DSP gen_i[1].gen_j[0].u_mult/result.
DSP Report: Generating DSP gen_i[1].gen_j[0].u_mult/result, operation Mode is (post resource management): A*B.
DSP Report: operator gen_i[1].gen_j[0].u_mult/result is absorbed into DSP gen_i[1].gen_j[0].u_mult/result.
DSP Report: operator gen_i[1].gen_j[0].u_mult/result is absorbed into DSP gen_i[1].gen_j[0].u_mult/result.
DSP Report: Generating DSP gen_i[1].gen_j[0].u_mult/result, operation Mode is (post resource management): PCIN+A*B.
DSP Report: operator gen_i[1].gen_j[0].u_mult/result is absorbed into DSP gen_i[1].gen_j[0].u_mult/result.
DSP Report: operator gen_i[1].gen_j[0].u_mult/result is absorbed into DSP gen_i[1].gen_j[0].u_mult/result.
DSP Report: Generating DSP gen_i[1].gen_j[0].u_mult/result, operation Mode is (post resource management): (PCIN>>17)+A*B.
DSP Report: operator gen_i[1].gen_j[0].u_mult/result is absorbed into DSP gen_i[1].gen_j[0].u_mult/result.
DSP Report: operator gen_i[1].gen_j[0].u_mult/result is absorbed into DSP gen_i[1].gen_j[0].u_mult/result.
DSP Report: Generating DSP gen_i[1].gen_j[0].u_mult/result, operation Mode is (post resource management): PCIN+A*B.
DSP Report: operator gen_i[1].gen_j[0].u_mult/result is absorbed into DSP gen_i[1].gen_j[0].u_mult/result.
DSP Report: operator gen_i[1].gen_j[0].u_mult/result is absorbed into DSP gen_i[1].gen_j[0].u_mult/result.
DSP Report: Generating DSP gen_i[1].gen_j[0].u_mult/result, operation Mode is (post resource management): A*B.
DSP Report: operator gen_i[1].gen_j[0].u_mult/result is absorbed into DSP gen_i[1].gen_j[0].u_mult/result.
DSP Report: operator gen_i[1].gen_j[0].u_mult/result is absorbed into DSP gen_i[1].gen_j[0].u_mult/result.
DSP Report: Generating DSP gen_i[1].gen_j[0].u_mult/result, operation Mode is (post resource management): PCIN+A*B.
DSP Report: operator gen_i[1].gen_j[0].u_mult/result is absorbed into DSP gen_i[1].gen_j[0].u_mult/result.
DSP Report: operator gen_i[1].gen_j[0].u_mult/result is absorbed into DSP gen_i[1].gen_j[0].u_mult/result.
DSP Report: Generating DSP gen_i[1].gen_j[0].u_mult/result, operation Mode is (post resource management): (PCIN>>17)+A*B.
DSP Report: operator gen_i[1].gen_j[0].u_mult/result is absorbed into DSP gen_i[1].gen_j[0].u_mult/result.
DSP Report: operator gen_i[1].gen_j[0].u_mult/result is absorbed into DSP gen_i[1].gen_j[0].u_mult/result.
DSP Report: Generating DSP gen_i[1].gen_j[0].u_mult/result, operation Mode is (post resource management): PCIN+A*B.
DSP Report: operator gen_i[1].gen_j[0].u_mult/result is absorbed into DSP gen_i[1].gen_j[0].u_mult/result.
DSP Report: operator gen_i[1].gen_j[0].u_mult/result is absorbed into DSP gen_i[1].gen_j[0].u_mult/result.
DSP Report: Generating DSP gen_i[1].gen_j[0].u_mult/result, operation Mode is (post resource management): A*B.
DSP Report: operator gen_i[1].gen_j[0].u_mult/result is absorbed into DSP gen_i[1].gen_j[0].u_mult/result.
DSP Report: operator gen_i[1].gen_j[0].u_mult/result is absorbed into DSP gen_i[1].gen_j[0].u_mult/result.
DSP Report: Generating DSP gen_i[1].gen_j[0].u_mult/result, operation Mode is (post resource management): (PCIN>>17)+A*B.
DSP Report: operator gen_i[1].gen_j[0].u_mult/result is absorbed into DSP gen_i[1].gen_j[0].u_mult/result.
DSP Report: operator gen_i[1].gen_j[0].u_mult/result is absorbed into DSP gen_i[1].gen_j[0].u_mult/result.
DSP Report: Generating DSP gen_i[1].gen_j[0].u_mult/result, operation Mode is (post resource management): PCIN+A*B.
DSP Report: operator gen_i[1].gen_j[0].u_mult/result is absorbed into DSP gen_i[1].gen_j[0].u_mult/result.
DSP Report: operator gen_i[1].gen_j[0].u_mult/result is absorbed into DSP gen_i[1].gen_j[0].u_mult/result.
DSP Report: Generating DSP gen_i[1].gen_j[0].u_mult/result, operation Mode is (post resource management): (PCIN>>17)+A*B.
DSP Report: operator gen_i[1].gen_j[0].u_mult/result is absorbed into DSP gen_i[1].gen_j[0].u_mult/result.
DSP Report: operator gen_i[1].gen_j[0].u_mult/result is absorbed into DSP gen_i[1].gen_j[0].u_mult/result.
DSP Report: Generating DSP gen_i[0].gen_j[0].u_mult/result, operation Mode is (post resource management): A*B.
DSP Report: operator gen_i[0].gen_j[0].u_mult/result is absorbed into DSP gen_i[0].gen_j[0].u_mult/result.
DSP Report: operator gen_i[0].gen_j[0].u_mult/result is absorbed into DSP gen_i[0].gen_j[0].u_mult/result.
DSP Report: Generating DSP gen_i[0].gen_j[0].u_mult/result, operation Mode is (post resource management): (PCIN>>17)+A*B.
DSP Report: operator gen_i[0].gen_j[0].u_mult/result is absorbed into DSP gen_i[0].gen_j[0].u_mult/result.
DSP Report: operator gen_i[0].gen_j[0].u_mult/result is absorbed into DSP gen_i[0].gen_j[0].u_mult/result.
DSP Report: Generating DSP gen_i[0].gen_j[0].u_mult/result, operation Mode is (post resource management): PCIN+A*B.
DSP Report: operator gen_i[0].gen_j[0].u_mult/result is absorbed into DSP gen_i[0].gen_j[0].u_mult/result.
DSP Report: operator gen_i[0].gen_j[0].u_mult/result is absorbed into DSP gen_i[0].gen_j[0].u_mult/result.
DSP Report: Generating DSP gen_i[0].gen_j[0].u_mult/result, operation Mode is (post resource management): (PCIN>>17)+A*B.
DSP Report: operator gen_i[0].gen_j[0].u_mult/result is absorbed into DSP gen_i[0].gen_j[0].u_mult/result.
DSP Report: operator gen_i[0].gen_j[0].u_mult/result is absorbed into DSP gen_i[0].gen_j[0].u_mult/result.
DSP Report: Generating DSP gen_i[0].gen_j[0].u_mult/result, operation Mode is (post resource management): A*B.
DSP Report: operator gen_i[0].gen_j[0].u_mult/result is absorbed into DSP gen_i[0].gen_j[0].u_mult/result.
DSP Report: operator gen_i[0].gen_j[0].u_mult/result is absorbed into DSP gen_i[0].gen_j[0].u_mult/result.
DSP Report: Generating DSP gen_i[0].gen_j[0].u_mult/result, operation Mode is (post resource management): PCIN+A*B.
DSP Report: operator gen_i[0].gen_j[0].u_mult/result is absorbed into DSP gen_i[0].gen_j[0].u_mult/result.
DSP Report: operator gen_i[0].gen_j[0].u_mult/result is absorbed into DSP gen_i[0].gen_j[0].u_mult/result.
DSP Report: Generating DSP gen_i[0].gen_j[0].u_mult/result, operation Mode is (post resource management): (PCIN>>17)+A*B.
DSP Report: operator gen_i[0].gen_j[0].u_mult/result is absorbed into DSP gen_i[0].gen_j[0].u_mult/result.
DSP Report: operator gen_i[0].gen_j[0].u_mult/result is absorbed into DSP gen_i[0].gen_j[0].u_mult/result.
DSP Report: Generating DSP gen_i[0].gen_j[0].u_mult/result, operation Mode is (post resource management): PCIN+A*B.
DSP Report: operator gen_i[0].gen_j[0].u_mult/result is absorbed into DSP gen_i[0].gen_j[0].u_mult/result.
DSP Report: operator gen_i[0].gen_j[0].u_mult/result is absorbed into DSP gen_i[0].gen_j[0].u_mult/result.
DSP Report: Generating DSP gen_i[0].gen_j[0].u_mult/result, operation Mode is (post resource management): A*B.
DSP Report: operator gen_i[0].gen_j[0].u_mult/result is absorbed into DSP gen_i[0].gen_j[0].u_mult/result.
DSP Report: operator gen_i[0].gen_j[0].u_mult/result is absorbed into DSP gen_i[0].gen_j[0].u_mult/result.
DSP Report: Generating DSP gen_i[0].gen_j[0].u_mult/result, operation Mode is (post resource management): PCIN+A*B.
DSP Report: operator gen_i[0].gen_j[0].u_mult/result is absorbed into DSP gen_i[0].gen_j[0].u_mult/result.
DSP Report: operator gen_i[0].gen_j[0].u_mult/result is absorbed into DSP gen_i[0].gen_j[0].u_mult/result.
DSP Report: Generating DSP gen_i[0].gen_j[0].u_mult/result, operation Mode is (post resource management): (PCIN>>17)+A*B.
DSP Report: operator gen_i[0].gen_j[0].u_mult/result is absorbed into DSP gen_i[0].gen_j[0].u_mult/result.
DSP Report: operator gen_i[0].gen_j[0].u_mult/result is absorbed into DSP gen_i[0].gen_j[0].u_mult/result.
DSP Report: Generating DSP gen_i[0].gen_j[0].u_mult/result, operation Mode is (post resource management): PCIN+A*B.
DSP Report: operator gen_i[0].gen_j[0].u_mult/result is absorbed into DSP gen_i[0].gen_j[0].u_mult/result.
DSP Report: operator gen_i[0].gen_j[0].u_mult/result is absorbed into DSP gen_i[0].gen_j[0].u_mult/result.
DSP Report: Generating DSP gen_i[0].gen_j[0].u_mult/result, operation Mode is (post resource management): A*B.
DSP Report: operator gen_i[0].gen_j[0].u_mult/result is absorbed into DSP gen_i[0].gen_j[0].u_mult/result.
DSP Report: operator gen_i[0].gen_j[0].u_mult/result is absorbed into DSP gen_i[0].gen_j[0].u_mult/result.
DSP Report: Generating DSP gen_i[0].gen_j[0].u_mult/result, operation Mode is (post resource management): (PCIN>>17)+A*B.
DSP Report: operator gen_i[0].gen_j[0].u_mult/result is absorbed into DSP gen_i[0].gen_j[0].u_mult/result.
DSP Report: operator gen_i[0].gen_j[0].u_mult/result is absorbed into DSP gen_i[0].gen_j[0].u_mult/result.
DSP Report: Generating DSP gen_i[0].gen_j[0].u_mult/result, operation Mode is (post resource management): PCIN+A*B.
DSP Report: operator gen_i[0].gen_j[0].u_mult/result is absorbed into DSP gen_i[0].gen_j[0].u_mult/result.
DSP Report: operator gen_i[0].gen_j[0].u_mult/result is absorbed into DSP gen_i[0].gen_j[0].u_mult/result.
DSP Report: Generating DSP gen_i[0].gen_j[0].u_mult/result, operation Mode is (post resource management): (PCIN>>17)+A*B.
DSP Report: operator gen_i[0].gen_j[0].u_mult/result is absorbed into DSP gen_i[0].gen_j[0].u_mult/result.
DSP Report: operator gen_i[0].gen_j[0].u_mult/result is absorbed into DSP gen_i[0].gen_j[0].u_mult/result.
DSP Report: Generating DSP stage1_m0, operation Mode is (post resource management): A*B.
DSP Report: operator stage1_m0 is absorbed into DSP stage1_m0.
DSP Report: operator stage1_m0 is absorbed into DSP stage1_m0.
DSP Report: Generating DSP stage1_m0, operation Mode is (post resource management): PCIN+A*B.
DSP Report: operator stage1_m0 is absorbed into DSP stage1_m0.
DSP Report: operator stage1_m0 is absorbed into DSP stage1_m0.
DSP Report: Generating DSP stage1_m0, operation Mode is (post resource management): PCIN+A*B.
DSP Report: operator stage1_m0 is absorbed into DSP stage1_m0.
DSP Report: operator stage1_m0 is absorbed into DSP stage1_m0.
DSP Report: Generating DSP stage1_m0, operation Mode is (post resource management): PCIN+A*B.
DSP Report: operator stage1_m0 is absorbed into DSP stage1_m0.
DSP Report: operator stage1_m0 is absorbed into DSP stage1_m0.
DSP Report: Generating DSP stage1_m0, operation Mode is (post resource management): A*B.
DSP Report: operator stage1_m0 is absorbed into DSP stage1_m0.
DSP Report: operator stage1_m0 is absorbed into DSP stage1_m0.
DSP Report: Generating DSP stage1_m0, operation Mode is (post resource management): PCIN+A*B.
DSP Report: operator stage1_m0 is absorbed into DSP stage1_m0.
DSP Report: operator stage1_m0 is absorbed into DSP stage1_m0.
DSP Report: Generating DSP stage1_m0, operation Mode is (post resource management): PCIN+A*B.
DSP Report: operator stage1_m0 is absorbed into DSP stage1_m0.
DSP Report: operator stage1_m0 is absorbed into DSP stage1_m0.
DSP Report: Generating DSP stage1_m0, operation Mode is (post resource management): PCIN+A*B.
DSP Report: operator stage1_m0 is absorbed into DSP stage1_m0.
DSP Report: operator stage1_m0 is absorbed into DSP stage1_m0.
DSP Report: Generating DSP stage1_m0, operation Mode is (post resource management): A*B.
DSP Report: operator stage1_m0 is absorbed into DSP stage1_m0.
DSP Report: operator stage1_m0 is absorbed into DSP stage1_m0.
DSP Report: Generating DSP stage1_m0, operation Mode is (post resource management): PCIN+A*B.
DSP Report: operator stage1_m0 is absorbed into DSP stage1_m0.
DSP Report: operator stage1_m0 is absorbed into DSP stage1_m0.
DSP Report: Generating DSP stage1_m0, operation Mode is (post resource management): PCIN+A*B.
DSP Report: operator stage1_m0 is absorbed into DSP stage1_m0.
DSP Report: operator stage1_m0 is absorbed into DSP stage1_m0.
DSP Report: Generating DSP stage1_m0, operation Mode is (post resource management): PCIN+A*B.
DSP Report: operator stage1_m0 is absorbed into DSP stage1_m0.
DSP Report: operator stage1_m0 is absorbed into DSP stage1_m0.
DSP Report: Generating DSP stage1_m0, operation Mode is (post resource management): A*B.
DSP Report: operator stage1_m0 is absorbed into DSP stage1_m0.
DSP Report: operator stage1_m0 is absorbed into DSP stage1_m0.
DSP Report: Generating DSP stage1_m0, operation Mode is (post resource management): (PCIN>>17)+A*B.
DSP Report: operator stage1_m0 is absorbed into DSP stage1_m0.
DSP Report: operator stage1_m0 is absorbed into DSP stage1_m0.
DSP Report: Generating DSP stage1_m0, operation Mode is (post resource management): PCIN+A*B.
DSP Report: operator stage1_m0 is absorbed into DSP stage1_m0.
DSP Report: operator stage1_m0 is absorbed into DSP stage1_m0.
DSP Report: Generating DSP stage1_m0, operation Mode is (post resource management): PCIN+A*B.
DSP Report: operator stage1_m0 is absorbed into DSP stage1_m0.
DSP Report: operator stage1_m0 is absorbed into DSP stage1_m0.
DSP Report: Generating DSP stage1_m0, operation Mode is (post resource management): A*B.
DSP Report: operator stage1_m0 is absorbed into DSP stage1_m0.
DSP Report: operator stage1_m0 is absorbed into DSP stage1_m0.
DSP Report: Generating DSP stage1_m0, operation Mode is (post resource management): PCIN+A*B.
DSP Report: operator stage1_m0 is absorbed into DSP stage1_m0.
DSP Report: operator stage1_m0 is absorbed into DSP stage1_m0.
DSP Report: Generating DSP stage1_m0, operation Mode is (post resource management): PCIN+A*B.
DSP Report: operator stage1_m0 is absorbed into DSP stage1_m0.
DSP Report: operator stage1_m0 is absorbed into DSP stage1_m0.
DSP Report: Generating DSP stage1_m0, operation Mode is (post resource management): PCIN+A*B.
DSP Report: operator stage1_m0 is absorbed into DSP stage1_m0.
DSP Report: operator stage1_m0 is absorbed into DSP stage1_m0.
DSP Report: Generating DSP stage1_m0, operation Mode is (post resource management): A*B.
DSP Report: operator stage1_m0 is absorbed into DSP stage1_m0.
DSP Report: operator stage1_m0 is absorbed into DSP stage1_m0.
DSP Report: Generating DSP stage1_m0, operation Mode is (post resource management): PCIN+A*B.
DSP Report: operator stage1_m0 is absorbed into DSP stage1_m0.
DSP Report: operator stage1_m0 is absorbed into DSP stage1_m0.
DSP Report: Generating DSP stage1_m0, operation Mode is (post resource management): PCIN+A*B.
DSP Report: operator stage1_m0 is absorbed into DSP stage1_m0.
DSP Report: operator stage1_m0 is absorbed into DSP stage1_m0.
DSP Report: Generating DSP stage1_m0, operation Mode is (post resource management): (PCIN>>17)+A*B.
DSP Report: operator stage1_m0 is absorbed into DSP stage1_m0.
DSP Report: operator stage1_m0 is absorbed into DSP stage1_m0.
DSP Report: Generating DSP stage1_m0, operation Mode is (post resource management): A*B.
DSP Report: operator stage1_m0 is absorbed into DSP stage1_m0.
DSP Report: operator stage1_m0 is absorbed into DSP stage1_m0.
DSP Report: Generating DSP stage1_m0, operation Mode is (post resource management): PCIN+A*B.
DSP Report: operator stage1_m0 is absorbed into DSP stage1_m0.
DSP Report: operator stage1_m0 is absorbed into DSP stage1_m0.
DSP Report: Generating DSP stage1_m0, operation Mode is (post resource management): (PCIN>>17)+A*B.
DSP Report: operator stage1_m0 is absorbed into DSP stage1_m0.
DSP Report: operator stage1_m0 is absorbed into DSP stage1_m0.
DSP Report: Generating DSP stage1_m0, operation Mode is (post resource management): PCIN+A*B.
DSP Report: operator stage1_m0 is absorbed into DSP stage1_m0.
DSP Report: operator stage1_m0 is absorbed into DSP stage1_m0.
DSP Report: Generating DSP stage1_m0, operation Mode is (post resource management): A*B.
DSP Report: operator stage1_m0 is absorbed into DSP stage1_m0.
DSP Report: operator stage1_m0 is absorbed into DSP stage1_m0.
DSP Report: Generating DSP stage1_m0, operation Mode is (post resource management): PCIN+A*B.
DSP Report: operator stage1_m0 is absorbed into DSP stage1_m0.
DSP Report: operator stage1_m0 is absorbed into DSP stage1_m0.
DSP Report: Generating DSP stage1_m0, operation Mode is (post resource management): (PCIN>>17)+A*B.
DSP Report: operator stage1_m0 is absorbed into DSP stage1_m0.
DSP Report: operator stage1_m0 is absorbed into DSP stage1_m0.
DSP Report: Generating DSP stage1_m0, operation Mode is (post resource management): PCIN+A*B.
DSP Report: operator stage1_m0 is absorbed into DSP stage1_m0.
DSP Report: operator stage1_m0 is absorbed into DSP stage1_m0.
DSP Report: Generating DSP stage1_m0, operation Mode is (post resource management): A*B.
DSP Report: operator stage1_m0 is absorbed into DSP stage1_m0.
DSP Report: operator stage1_m0 is absorbed into DSP stage1_m0.
DSP Report: Generating DSP stage1_m0, operation Mode is (post resource management): (PCIN>>17)+A*B.
DSP Report: operator stage1_m0 is absorbed into DSP stage1_m0.
DSP Report: operator stage1_m0 is absorbed into DSP stage1_m0.
DSP Report: Generating DSP stage1_m0, operation Mode is (post resource management): PCIN+A*B.
DSP Report: operator stage1_m0 is absorbed into DSP stage1_m0.
DSP Report: operator stage1_m0 is absorbed into DSP stage1_m0.
DSP Report: Generating DSP stage1_m0, operation Mode is (post resource management): (PCIN>>17)+A*B.
DSP Report: operator stage1_m0 is absorbed into DSP stage1_m0.
DSP Report: operator stage1_m0 is absorbed into DSP stage1_m0.
DSP Report: Generating DSP p_0_out, operation Mode is (post resource management): A*B.
DSP Report: operator p_0_out is absorbed into DSP p_0_out.
DSP Report: operator p_0_out is absorbed into DSP p_0_out.
DSP Report: Generating DSP p_0_out, operation Mode is (post resource management): (PCIN>>17)+A*B.
DSP Report: operator p_0_out is absorbed into DSP p_0_out.
DSP Report: operator p_0_out is absorbed into DSP p_0_out.
DSP Report: Generating DSP p_0_out, operation Mode is (post resource management): PCIN+A*B.
DSP Report: operator p_0_out is absorbed into DSP p_0_out.
DSP Report: operator p_0_out is absorbed into DSP p_0_out.
DSP Report: Generating DSP p_0_out, operation Mode is (post resource management): (PCIN>>17)+A*B.
DSP Report: operator p_0_out is absorbed into DSP p_0_out.
DSP Report: operator p_0_out is absorbed into DSP p_0_out.
DSP Report: Generating DSP p_0_out, operation Mode is (post resource management): A*B.
DSP Report: operator p_0_out is absorbed into DSP p_0_out.
DSP Report: operator p_0_out is absorbed into DSP p_0_out.
DSP Report: Generating DSP p_0_out, operation Mode is (post resource management): PCIN+A*B.
DSP Report: operator p_0_out is absorbed into DSP p_0_out.
DSP Report: operator p_0_out is absorbed into DSP p_0_out.
DSP Report: Generating DSP p_0_out, operation Mode is (post resource management): (PCIN>>17)+A*B.
DSP Report: operator p_0_out is absorbed into DSP p_0_out.
DSP Report: operator p_0_out is absorbed into DSP p_0_out.
DSP Report: Generating DSP p_0_out, operation Mode is (post resource management): PCIN+A*B.
DSP Report: operator p_0_out is absorbed into DSP p_0_out.
DSP Report: operator p_0_out is absorbed into DSP p_0_out.
DSP Report: Generating DSP p_0_out, operation Mode is (post resource management): A*B.
DSP Report: operator p_0_out is absorbed into DSP p_0_out.
DSP Report: operator p_0_out is absorbed into DSP p_0_out.
DSP Report: Generating DSP p_0_out, operation Mode is (post resource management): PCIN+A*B.
DSP Report: operator p_0_out is absorbed into DSP p_0_out.
DSP Report: operator p_0_out is absorbed into DSP p_0_out.
DSP Report: Generating DSP p_0_out, operation Mode is (post resource management): (PCIN>>17)+A*B.
DSP Report: operator p_0_out is absorbed into DSP p_0_out.
DSP Report: operator p_0_out is absorbed into DSP p_0_out.
DSP Report: Generating DSP p_0_out, operation Mode is (post resource management): PCIN+A*B.
DSP Report: operator p_0_out is absorbed into DSP p_0_out.
DSP Report: operator p_0_out is absorbed into DSP p_0_out.
DSP Report: Generating DSP p_0_out, operation Mode is (post resource management): A*B.
DSP Report: operator p_0_out is absorbed into DSP p_0_out.
DSP Report: operator p_0_out is absorbed into DSP p_0_out.
DSP Report: Generating DSP p_0_out, operation Mode is (post resource management): (PCIN>>17)+A*B.
DSP Report: operator p_0_out is absorbed into DSP p_0_out.
DSP Report: operator p_0_out is absorbed into DSP p_0_out.
DSP Report: Generating DSP p_0_out, operation Mode is (post resource management): PCIN+A*B.
DSP Report: operator p_0_out is absorbed into DSP p_0_out.
DSP Report: operator p_0_out is absorbed into DSP p_0_out.
DSP Report: Generating DSP p_0_out, operation Mode is (post resource management): (PCIN>>17)+A*B.
DSP Report: operator p_0_out is absorbed into DSP p_0_out.
DSP Report: operator p_0_out is absorbed into DSP p_0_out.
DSP Report: Generating DSP p_0_out, operation Mode is (post resource management): A*B.
DSP Report: operator p_0_out is absorbed into DSP p_0_out.
DSP Report: operator p_0_out is absorbed into DSP p_0_out.
DSP Report: Generating DSP p_0_out, operation Mode is (post resource management): (PCIN>>17)+A*B.
DSP Report: operator p_0_out is absorbed into DSP p_0_out.
DSP Report: operator p_0_out is absorbed into DSP p_0_out.
DSP Report: Generating DSP p_0_out, operation Mode is (post resource management): PCIN+A*B.
DSP Report: operator p_0_out is absorbed into DSP p_0_out.
DSP Report: operator p_0_out is absorbed into DSP p_0_out.
DSP Report: Generating DSP p_0_out, operation Mode is (post resource management): (PCIN>>17)+A*B.
DSP Report: operator p_0_out is absorbed into DSP p_0_out.
DSP Report: operator p_0_out is absorbed into DSP p_0_out.
DSP Report: Generating DSP p_0_out, operation Mode is (post resource management): A*B.
DSP Report: operator p_0_out is absorbed into DSP p_0_out.
DSP Report: operator p_0_out is absorbed into DSP p_0_out.
DSP Report: Generating DSP p_0_out, operation Mode is (post resource management): PCIN+A*B.
DSP Report: operator p_0_out is absorbed into DSP p_0_out.
DSP Report: operator p_0_out is absorbed into DSP p_0_out.
DSP Report: Generating DSP p_0_out, operation Mode is (post resource management): (PCIN>>17)+A*B.
DSP Report: operator p_0_out is absorbed into DSP p_0_out.
DSP Report: operator p_0_out is absorbed into DSP p_0_out.
DSP Report: Generating DSP p_0_out, operation Mode is (post resource management): PCIN+A*B.
DSP Report: operator p_0_out is absorbed into DSP p_0_out.
DSP Report: operator p_0_out is absorbed into DSP p_0_out.
DSP Report: Generating DSP p_0_out, operation Mode is (post resource management): A*B.
DSP Report: operator p_0_out is absorbed into DSP p_0_out.
DSP Report: operator p_0_out is absorbed into DSP p_0_out.
DSP Report: Generating DSP p_0_out, operation Mode is (post resource management): PCIN+A*B.
DSP Report: operator p_0_out is absorbed into DSP p_0_out.
DSP Report: operator p_0_out is absorbed into DSP p_0_out.
DSP Report: Generating DSP p_0_out, operation Mode is (post resource management): (PCIN>>17)+A*B.
DSP Report: operator p_0_out is absorbed into DSP p_0_out.
DSP Report: operator p_0_out is absorbed into DSP p_0_out.
DSP Report: Generating DSP p_0_out, operation Mode is (post resource management): PCIN+A*B.
DSP Report: operator p_0_out is absorbed into DSP p_0_out.
DSP Report: operator p_0_out is absorbed into DSP p_0_out.
DSP Report: Generating DSP p_0_out, operation Mode is (post resource management): A*B.
DSP Report: operator p_0_out is absorbed into DSP p_0_out.
DSP Report: operator p_0_out is absorbed into DSP p_0_out.
DSP Report: Generating DSP p_0_out, operation Mode is (post resource management): (PCIN>>17)+A*B.
DSP Report: operator p_0_out is absorbed into DSP p_0_out.
DSP Report: operator p_0_out is absorbed into DSP p_0_out.
DSP Report: Generating DSP p_0_out, operation Mode is (post resource management): PCIN+A*B.
DSP Report: operator p_0_out is absorbed into DSP p_0_out.
DSP Report: operator p_0_out is absorbed into DSP p_0_out.
DSP Report: Generating DSP p_0_out, operation Mode is (post resource management): (PCIN>>17)+A*B.
DSP Report: operator p_0_out is absorbed into DSP p_0_out.
DSP Report: operator p_0_out is absorbed into DSP p_0_out.
DSP Report: Generating DSP p_0_out, operation Mode is (post resource management): A*B.
DSP Report: operator p_0_out is absorbed into DSP p_0_out.
DSP Report: operator p_0_out is absorbed into DSP p_0_out.
DSP Report: Generating DSP p_0_out, operation Mode is (post resource management): (PCIN>>17)+A*B.
DSP Report: operator p_0_out is absorbed into DSP p_0_out.
DSP Report: operator p_0_out is absorbed into DSP p_0_out.
DSP Report: Generating DSP p_0_out, operation Mode is (post resource management): PCIN+A*B.
DSP Report: operator p_0_out is absorbed into DSP p_0_out.
DSP Report: operator p_0_out is absorbed into DSP p_0_out.
DSP Report: Generating DSP p_0_out, operation Mode is (post resource management): (PCIN>>17)+A*B.
DSP Report: operator p_0_out is absorbed into DSP p_0_out.
DSP Report: operator p_0_out is absorbed into DSP p_0_out.
DSP Report: Generating DSP p_0_out, operation Mode is (post resource management): A*B.
DSP Report: operator p_0_out is absorbed into DSP p_0_out.
DSP Report: operator p_0_out is absorbed into DSP p_0_out.
DSP Report: Generating DSP p_0_out, operation Mode is (post resource management): PCIN+A*B.
DSP Report: operator p_0_out is absorbed into DSP p_0_out.
DSP Report: operator p_0_out is absorbed into DSP p_0_out.
DSP Report: Generating DSP p_0_out, operation Mode is (post resource management): (PCIN>>17)+A*B.
DSP Report: operator p_0_out is absorbed into DSP p_0_out.
DSP Report: operator p_0_out is absorbed into DSP p_0_out.
DSP Report: Generating DSP p_0_out, operation Mode is (post resource management): PCIN+A*B.
DSP Report: operator p_0_out is absorbed into DSP p_0_out.
DSP Report: operator p_0_out is absorbed into DSP p_0_out.
DSP Report: Generating DSP p_0_out, operation Mode is (post resource management): A*B.
DSP Report: operator p_0_out is absorbed into DSP p_0_out.
DSP Report: operator p_0_out is absorbed into DSP p_0_out.
DSP Report: Generating DSP p_0_out, operation Mode is (post resource management): PCIN+A*B.
DSP Report: operator p_0_out is absorbed into DSP p_0_out.
DSP Report: operator p_0_out is absorbed into DSP p_0_out.
DSP Report: Generating DSP p_0_out, operation Mode is (post resource management): (PCIN>>17)+A*B.
DSP Report: operator p_0_out is absorbed into DSP p_0_out.
DSP Report: operator p_0_out is absorbed into DSP p_0_out.
DSP Report: Generating DSP p_0_out, operation Mode is (post resource management): PCIN+A*B.
DSP Report: operator p_0_out is absorbed into DSP p_0_out.
DSP Report: operator p_0_out is absorbed into DSP p_0_out.
DSP Report: Generating DSP p_0_out, operation Mode is (post resource management): A*B.
DSP Report: operator p_0_out is absorbed into DSP p_0_out.
DSP Report: operator p_0_out is absorbed into DSP p_0_out.
DSP Report: Generating DSP p_0_out, operation Mode is (post resource management): (PCIN>>17)+A*B.
DSP Report: operator p_0_out is absorbed into DSP p_0_out.
DSP Report: operator p_0_out is absorbed into DSP p_0_out.
DSP Report: Generating DSP p_0_out, operation Mode is (post resource management): PCIN+A*B.
DSP Report: operator p_0_out is absorbed into DSP p_0_out.
DSP Report: operator p_0_out is absorbed into DSP p_0_out.
DSP Report: Generating DSP p_0_out, operation Mode is (post resource management): (PCIN>>17)+A*B.
DSP Report: operator p_0_out is absorbed into DSP p_0_out.
DSP Report: operator p_0_out is absorbed into DSP p_0_out.
DSP Report: Generating DSP p_0_out, operation Mode is (post resource management): A*B.
DSP Report: operator p_0_out is absorbed into DSP p_0_out.
DSP Report: operator p_0_out is absorbed into DSP p_0_out.
DSP Report: Generating DSP p_0_out, operation Mode is (post resource management): (PCIN>>17)+A*B.
DSP Report: operator p_0_out is absorbed into DSP p_0_out.
DSP Report: operator p_0_out is absorbed into DSP p_0_out.
DSP Report: Generating DSP p_0_out, operation Mode is (post resource management): PCIN+A*B.
DSP Report: operator p_0_out is absorbed into DSP p_0_out.
DSP Report: operator p_0_out is absorbed into DSP p_0_out.
DSP Report: Generating DSP p_0_out, operation Mode is (post resource management): (PCIN>>17)+A*B.
DSP Report: operator p_0_out is absorbed into DSP p_0_out.
DSP Report: operator p_0_out is absorbed into DSP p_0_out.
DSP Report: Generating DSP p_0_out, operation Mode is (post resource management): A*B.
DSP Report: operator p_0_out is absorbed into DSP p_0_out.
DSP Report: operator p_0_out is absorbed into DSP p_0_out.
DSP Report: Generating DSP p_0_out, operation Mode is (post resource management): PCIN+A*B.
DSP Report: operator p_0_out is absorbed into DSP p_0_out.
DSP Report: operator p_0_out is absorbed into DSP p_0_out.
DSP Report: Generating DSP p_0_out, operation Mode is (post resource management): (PCIN>>17)+A*B.
DSP Report: operator p_0_out is absorbed into DSP p_0_out.
DSP Report: operator p_0_out is absorbed into DSP p_0_out.
DSP Report: Generating DSP p_0_out, operation Mode is (post resource management): PCIN+A*B.
DSP Report: operator p_0_out is absorbed into DSP p_0_out.
DSP Report: operator p_0_out is absorbed into DSP p_0_out.
DSP Report: Generating DSP p_0_out, operation Mode is (post resource management): A*B.
DSP Report: operator p_0_out is absorbed into DSP p_0_out.
DSP Report: operator p_0_out is absorbed into DSP p_0_out.
DSP Report: Generating DSP p_0_out, operation Mode is (post resource management): PCIN+A*B.
DSP Report: operator p_0_out is absorbed into DSP p_0_out.
DSP Report: operator p_0_out is absorbed into DSP p_0_out.
DSP Report: Generating DSP p_0_out, operation Mode is (post resource management): (PCIN>>17)+A*B.
DSP Report: operator p_0_out is absorbed into DSP p_0_out.
DSP Report: operator p_0_out is absorbed into DSP p_0_out.
DSP Report: Generating DSP p_0_out, operation Mode is (post resource management): PCIN+A*B.
DSP Report: operator p_0_out is absorbed into DSP p_0_out.
DSP Report: operator p_0_out is absorbed into DSP p_0_out.
DSP Report: Generating DSP p_0_out, operation Mode is (post resource management): A*B.
DSP Report: operator p_0_out is absorbed into DSP p_0_out.
DSP Report: operator p_0_out is absorbed into DSP p_0_out.
DSP Report: Generating DSP p_0_out, operation Mode is (post resource management): (PCIN>>17)+A*B.
DSP Report: operator p_0_out is absorbed into DSP p_0_out.
DSP Report: operator p_0_out is absorbed into DSP p_0_out.
DSP Report: Generating DSP p_0_out, operation Mode is (post resource management): PCIN+A*B.
DSP Report: operator p_0_out is absorbed into DSP p_0_out.
DSP Report: operator p_0_out is absorbed into DSP p_0_out.
DSP Report: Generating DSP p_0_out, operation Mode is (post resource management): (PCIN>>17)+A*B.
DSP Report: operator p_0_out is absorbed into DSP p_0_out.
DSP Report: operator p_0_out is absorbed into DSP p_0_out.
DSP Report: Generating DSP gen_i[1].gen_j[1].u_mult/result, operation Mode is (post resource management): A*B.
DSP Report: operator gen_i[1].gen_j[1].u_mult/result is absorbed into DSP gen_i[1].gen_j[1].u_mult/result.
DSP Report: operator gen_i[1].gen_j[1].u_mult/result is absorbed into DSP gen_i[1].gen_j[1].u_mult/result.
DSP Report: Generating DSP gen_i[1].gen_j[1].u_mult/result, operation Mode is (post resource management): (PCIN>>17)+A*B.
DSP Report: operator gen_i[1].gen_j[1].u_mult/result is absorbed into DSP gen_i[1].gen_j[1].u_mult/result.
DSP Report: operator gen_i[1].gen_j[1].u_mult/result is absorbed into DSP gen_i[1].gen_j[1].u_mult/result.
DSP Report: Generating DSP gen_i[1].gen_j[1].u_mult/result, operation Mode is (post resource management): PCIN+A*B.
DSP Report: operator gen_i[1].gen_j[1].u_mult/result is absorbed into DSP gen_i[1].gen_j[1].u_mult/result.
DSP Report: operator gen_i[1].gen_j[1].u_mult/result is absorbed into DSP gen_i[1].gen_j[1].u_mult/result.
DSP Report: Generating DSP gen_i[1].gen_j[1].u_mult/result, operation Mode is (post resource management): (PCIN>>17)+A*B.
DSP Report: operator gen_i[1].gen_j[1].u_mult/result is absorbed into DSP gen_i[1].gen_j[1].u_mult/result.
DSP Report: operator gen_i[1].gen_j[1].u_mult/result is absorbed into DSP gen_i[1].gen_j[1].u_mult/result.
DSP Report: Generating DSP gen_i[1].gen_j[1].u_mult/result, operation Mode is (post resource management): A*B.
DSP Report: operator gen_i[1].gen_j[1].u_mult/result is absorbed into DSP gen_i[1].gen_j[1].u_mult/result.
DSP Report: operator gen_i[1].gen_j[1].u_mult/result is absorbed into DSP gen_i[1].gen_j[1].u_mult/result.
DSP Report: Generating DSP gen_i[1].gen_j[1].u_mult/result, operation Mode is (post resource management): PCIN+A*B.
DSP Report: operator gen_i[1].gen_j[1].u_mult/result is absorbed into DSP gen_i[1].gen_j[1].u_mult/result.
DSP Report: operator gen_i[1].gen_j[1].u_mult/result is absorbed into DSP gen_i[1].gen_j[1].u_mult/result.
DSP Report: Generating DSP gen_i[1].gen_j[1].u_mult/result, operation Mode is (post resource management): (PCIN>>17)+A*B.
DSP Report: operator gen_i[1].gen_j[1].u_mult/result is absorbed into DSP gen_i[1].gen_j[1].u_mult/result.
DSP Report: operator gen_i[1].gen_j[1].u_mult/result is absorbed into DSP gen_i[1].gen_j[1].u_mult/result.
DSP Report: Generating DSP gen_i[1].gen_j[1].u_mult/result, operation Mode is (post resource management): PCIN+A*B.
DSP Report: operator gen_i[1].gen_j[1].u_mult/result is absorbed into DSP gen_i[1].gen_j[1].u_mult/result.
DSP Report: operator gen_i[1].gen_j[1].u_mult/result is absorbed into DSP gen_i[1].gen_j[1].u_mult/result.
DSP Report: Generating DSP gen_i[1].gen_j[1].u_mult/result, operation Mode is (post resource management): A*B.
DSP Report: operator gen_i[1].gen_j[1].u_mult/result is absorbed into DSP gen_i[1].gen_j[1].u_mult/result.
DSP Report: operator gen_i[1].gen_j[1].u_mult/result is absorbed into DSP gen_i[1].gen_j[1].u_mult/result.
DSP Report: Generating DSP gen_i[1].gen_j[1].u_mult/result, operation Mode is (post resource management): PCIN+A*B.
DSP Report: operator gen_i[1].gen_j[1].u_mult/result is absorbed into DSP gen_i[1].gen_j[1].u_mult/result.
DSP Report: operator gen_i[1].gen_j[1].u_mult/result is absorbed into DSP gen_i[1].gen_j[1].u_mult/result.
DSP Report: Generating DSP gen_i[1].gen_j[1].u_mult/result, operation Mode is (post resource management): (PCIN>>17)+A*B.
DSP Report: operator gen_i[1].gen_j[1].u_mult/result is absorbed into DSP gen_i[1].gen_j[1].u_mult/result.
DSP Report: operator gen_i[1].gen_j[1].u_mult/result is absorbed into DSP gen_i[1].gen_j[1].u_mult/result.
DSP Report: Generating DSP gen_i[1].gen_j[1].u_mult/result, operation Mode is (post resource management): PCIN+A*B.
DSP Report: operator gen_i[1].gen_j[1].u_mult/result is absorbed into DSP gen_i[1].gen_j[1].u_mult/result.
DSP Report: operator gen_i[1].gen_j[1].u_mult/result is absorbed into DSP gen_i[1].gen_j[1].u_mult/result.
DSP Report: Generating DSP gen_i[1].gen_j[1].u_mult/result, operation Mode is (post resource management): A*B.
DSP Report: operator gen_i[1].gen_j[1].u_mult/result is absorbed into DSP gen_i[1].gen_j[1].u_mult/result.
DSP Report: operator gen_i[1].gen_j[1].u_mult/result is absorbed into DSP gen_i[1].gen_j[1].u_mult/result.
DSP Report: Generating DSP gen_i[1].gen_j[1].u_mult/result, operation Mode is (post resource management): (PCIN>>17)+A*B.
DSP Report: operator gen_i[1].gen_j[1].u_mult/result is absorbed into DSP gen_i[1].gen_j[1].u_mult/result.
DSP Report: operator gen_i[1].gen_j[1].u_mult/result is absorbed into DSP gen_i[1].gen_j[1].u_mult/result.
DSP Report: Generating DSP gen_i[1].gen_j[1].u_mult/result, operation Mode is (post resource management): PCIN+A*B.
DSP Report: operator gen_i[1].gen_j[1].u_mult/result is absorbed into DSP gen_i[1].gen_j[1].u_mult/result.
DSP Report: operator gen_i[1].gen_j[1].u_mult/result is absorbed into DSP gen_i[1].gen_j[1].u_mult/result.
DSP Report: Generating DSP gen_i[1].gen_j[1].u_mult/result, operation Mode is (post resource management): (PCIN>>17)+A*B.
DSP Report: operator gen_i[1].gen_j[1].u_mult/result is absorbed into DSP gen_i[1].gen_j[1].u_mult/result.
DSP Report: operator gen_i[1].gen_j[1].u_mult/result is absorbed into DSP gen_i[1].gen_j[1].u_mult/result.
DSP Report: Generating DSP gen_i[0].gen_j[1].u_mult/result, operation Mode is (post resource management): A*B.
DSP Report: operator gen_i[0].gen_j[1].u_mult/result is absorbed into DSP gen_i[0].gen_j[1].u_mult/result.
DSP Report: operator gen_i[0].gen_j[1].u_mult/result is absorbed into DSP gen_i[0].gen_j[1].u_mult/result.
DSP Report: Generating DSP gen_i[0].gen_j[1].u_mult/result, operation Mode is (post resource management): (PCIN>>17)+A*B.
DSP Report: operator gen_i[0].gen_j[1].u_mult/result is absorbed into DSP gen_i[0].gen_j[1].u_mult/result.
DSP Report: operator gen_i[0].gen_j[1].u_mult/result is absorbed into DSP gen_i[0].gen_j[1].u_mult/result.
DSP Report: Generating DSP gen_i[0].gen_j[1].u_mult/result, operation Mode is (post resource management): PCIN+A*B.
DSP Report: operator gen_i[0].gen_j[1].u_mult/result is absorbed into DSP gen_i[0].gen_j[1].u_mult/result.
DSP Report: operator gen_i[0].gen_j[1].u_mult/result is absorbed into DSP gen_i[0].gen_j[1].u_mult/result.
DSP Report: Generating DSP gen_i[0].gen_j[1].u_mult/result, operation Mode is (post resource management): (PCIN>>17)+A*B.
DSP Report: operator gen_i[0].gen_j[1].u_mult/result is absorbed into DSP gen_i[0].gen_j[1].u_mult/result.
DSP Report: operator gen_i[0].gen_j[1].u_mult/result is absorbed into DSP gen_i[0].gen_j[1].u_mult/result.
DSP Report: Generating DSP gen_i[0].gen_j[1].u_mult/result, operation Mode is (post resource management): A*B.
DSP Report: operator gen_i[0].gen_j[1].u_mult/result is absorbed into DSP gen_i[0].gen_j[1].u_mult/result.
DSP Report: operator gen_i[0].gen_j[1].u_mult/result is absorbed into DSP gen_i[0].gen_j[1].u_mult/result.
DSP Report: Generating DSP gen_i[0].gen_j[1].u_mult/result, operation Mode is (post resource management): PCIN+A*B.
DSP Report: operator gen_i[0].gen_j[1].u_mult/result is absorbed into DSP gen_i[0].gen_j[1].u_mult/result.
DSP Report: operator gen_i[0].gen_j[1].u_mult/result is absorbed into DSP gen_i[0].gen_j[1].u_mult/result.
DSP Report: Generating DSP gen_i[0].gen_j[1].u_mult/result, operation Mode is (post resource management): (PCIN>>17)+A*B.
DSP Report: operator gen_i[0].gen_j[1].u_mult/result is absorbed into DSP gen_i[0].gen_j[1].u_mult/result.
DSP Report: operator gen_i[0].gen_j[1].u_mult/result is absorbed into DSP gen_i[0].gen_j[1].u_mult/result.
DSP Report: Generating DSP gen_i[0].gen_j[1].u_mult/result, operation Mode is (post resource management): PCIN+A*B.
DSP Report: operator gen_i[0].gen_j[1].u_mult/result is absorbed into DSP gen_i[0].gen_j[1].u_mult/result.
DSP Report: operator gen_i[0].gen_j[1].u_mult/result is absorbed into DSP gen_i[0].gen_j[1].u_mult/result.
DSP Report: Generating DSP gen_i[0].gen_j[1].u_mult/result, operation Mode is (post resource management): A*B.
DSP Report: operator gen_i[0].gen_j[1].u_mult/result is absorbed into DSP gen_i[0].gen_j[1].u_mult/result.
DSP Report: operator gen_i[0].gen_j[1].u_mult/result is absorbed into DSP gen_i[0].gen_j[1].u_mult/result.
DSP Report: Generating DSP gen_i[0].gen_j[1].u_mult/result, operation Mode is (post resource management): PCIN+A*B.
DSP Report: operator gen_i[0].gen_j[1].u_mult/result is absorbed into DSP gen_i[0].gen_j[1].u_mult/result.
DSP Report: operator gen_i[0].gen_j[1].u_mult/result is absorbed into DSP gen_i[0].gen_j[1].u_mult/result.
DSP Report: Generating DSP gen_i[0].gen_j[1].u_mult/result, operation Mode is (post resource management): (PCIN>>17)+A*B.
DSP Report: operator gen_i[0].gen_j[1].u_mult/result is absorbed into DSP gen_i[0].gen_j[1].u_mult/result.
DSP Report: operator gen_i[0].gen_j[1].u_mult/result is absorbed into DSP gen_i[0].gen_j[1].u_mult/result.
DSP Report: Generating DSP gen_i[0].gen_j[1].u_mult/result, operation Mode is (post resource management): PCIN+A*B.
DSP Report: operator gen_i[0].gen_j[1].u_mult/result is absorbed into DSP gen_i[0].gen_j[1].u_mult/result.
DSP Report: operator gen_i[0].gen_j[1].u_mult/result is absorbed into DSP gen_i[0].gen_j[1].u_mult/result.
DSP Report: Generating DSP gen_i[0].gen_j[1].u_mult/result, operation Mode is (post resource management): A*B.
DSP Report: operator gen_i[0].gen_j[1].u_mult/result is absorbed into DSP gen_i[0].gen_j[1].u_mult/result.
DSP Report: operator gen_i[0].gen_j[1].u_mult/result is absorbed into DSP gen_i[0].gen_j[1].u_mult/result.
DSP Report: Generating DSP gen_i[0].gen_j[1].u_mult/result, operation Mode is (post resource management): (PCIN>>17)+A*B.
DSP Report: operator gen_i[0].gen_j[1].u_mult/result is absorbed into DSP gen_i[0].gen_j[1].u_mult/result.
DSP Report: operator gen_i[0].gen_j[1].u_mult/result is absorbed into DSP gen_i[0].gen_j[1].u_mult/result.
DSP Report: Generating DSP gen_i[0].gen_j[1].u_mult/result, operation Mode is (post resource management): PCIN+A*B.
DSP Report: operator gen_i[0].gen_j[1].u_mult/result is absorbed into DSP gen_i[0].gen_j[1].u_mult/result.
DSP Report: operator gen_i[0].gen_j[1].u_mult/result is absorbed into DSP gen_i[0].gen_j[1].u_mult/result.
DSP Report: Generating DSP gen_i[0].gen_j[1].u_mult/result, operation Mode is (post resource management): (PCIN>>17)+A*B.
DSP Report: operator gen_i[0].gen_j[1].u_mult/result is absorbed into DSP gen_i[0].gen_j[1].u_mult/result.
DSP Report: operator gen_i[0].gen_j[1].u_mult/result is absorbed into DSP gen_i[0].gen_j[1].u_mult/result.
DSP Report: Generating DSP gen_i[1].gen_j[0].u_mult/result, operation Mode is (post resource management): A*B.
DSP Report: operator gen_i[1].gen_j[0].u_mult/result is absorbed into DSP gen_i[1].gen_j[0].u_mult/result.
DSP Report: operator gen_i[1].gen_j[0].u_mult/result is absorbed into DSP gen_i[1].gen_j[0].u_mult/result.
DSP Report: Generating DSP gen_i[1].gen_j[0].u_mult/result, operation Mode is (post resource management): (PCIN>>17)+A*B.
DSP Report: operator gen_i[1].gen_j[0].u_mult/result is absorbed into DSP gen_i[1].gen_j[0].u_mult/result.
DSP Report: operator gen_i[1].gen_j[0].u_mult/result is absorbed into DSP gen_i[1].gen_j[0].u_mult/result.
DSP Report: Generating DSP gen_i[1].gen_j[0].u_mult/result, operation Mode is (post resource management): PCIN+A*B.
DSP Report: operator gen_i[1].gen_j[0].u_mult/result is absorbed into DSP gen_i[1].gen_j[0].u_mult/result.
DSP Report: operator gen_i[1].gen_j[0].u_mult/result is absorbed into DSP gen_i[1].gen_j[0].u_mult/result.
DSP Report: Generating DSP gen_i[1].gen_j[0].u_mult/result, operation Mode is (post resource management): (PCIN>>17)+A*B.
DSP Report: operator gen_i[1].gen_j[0].u_mult/result is absorbed into DSP gen_i[1].gen_j[0].u_mult/result.
DSP Report: operator gen_i[1].gen_j[0].u_mult/result is absorbed into DSP gen_i[1].gen_j[0].u_mult/result.
DSP Report: Generating DSP gen_i[1].gen_j[0].u_mult/result, operation Mode is (post resource management): A*B.
DSP Report: operator gen_i[1].gen_j[0].u_mult/result is absorbed into DSP gen_i[1].gen_j[0].u_mult/result.
DSP Report: operator gen_i[1].gen_j[0].u_mult/result is absorbed into DSP gen_i[1].gen_j[0].u_mult/result.
DSP Report: Generating DSP gen_i[1].gen_j[0].u_mult/result, operation Mode is (post resource management): PCIN+A*B.
DSP Report: operator gen_i[1].gen_j[0].u_mult/result is absorbed into DSP gen_i[1].gen_j[0].u_mult/result.
DSP Report: operator gen_i[1].gen_j[0].u_mult/result is absorbed into DSP gen_i[1].gen_j[0].u_mult/result.
DSP Report: Generating DSP gen_i[1].gen_j[0].u_mult/result, operation Mode is (post resource management): (PCIN>>17)+A*B.
DSP Report: operator gen_i[1].gen_j[0].u_mult/result is absorbed into DSP gen_i[1].gen_j[0].u_mult/result.
DSP Report: operator gen_i[1].gen_j[0].u_mult/result is absorbed into DSP gen_i[1].gen_j[0].u_mult/result.
DSP Report: Generating DSP gen_i[1].gen_j[0].u_mult/result, operation Mode is (post resource management): PCIN+A*B.
DSP Report: operator gen_i[1].gen_j[0].u_mult/result is absorbed into DSP gen_i[1].gen_j[0].u_mult/result.
DSP Report: operator gen_i[1].gen_j[0].u_mult/result is absorbed into DSP gen_i[1].gen_j[0].u_mult/result.
DSP Report: Generating DSP gen_i[1].gen_j[0].u_mult/result, operation Mode is (post resource management): A*B.
DSP Report: operator gen_i[1].gen_j[0].u_mult/result is absorbed into DSP gen_i[1].gen_j[0].u_mult/result.
DSP Report: operator gen_i[1].gen_j[0].u_mult/result is absorbed into DSP gen_i[1].gen_j[0].u_mult/result.
DSP Report: Generating DSP gen_i[1].gen_j[0].u_mult/result, operation Mode is (post resource management): PCIN+A*B.
DSP Report: operator gen_i[1].gen_j[0].u_mult/result is absorbed into DSP gen_i[1].gen_j[0].u_mult/result.
DSP Report: operator gen_i[1].gen_j[0].u_mult/result is absorbed into DSP gen_i[1].gen_j[0].u_mult/result.
DSP Report: Generating DSP gen_i[1].gen_j[0].u_mult/result, operation Mode is (post resource management): (PCIN>>17)+A*B.
DSP Report: operator gen_i[1].gen_j[0].u_mult/result is absorbed into DSP gen_i[1].gen_j[0].u_mult/result.
DSP Report: operator gen_i[1].gen_j[0].u_mult/result is absorbed into DSP gen_i[1].gen_j[0].u_mult/result.
DSP Report: Generating DSP gen_i[1].gen_j[0].u_mult/result, operation Mode is (post resource management): PCIN+A*B.
DSP Report: operator gen_i[1].gen_j[0].u_mult/result is absorbed into DSP gen_i[1].gen_j[0].u_mult/result.
DSP Report: operator gen_i[1].gen_j[0].u_mult/result is absorbed into DSP gen_i[1].gen_j[0].u_mult/result.
DSP Report: Generating DSP gen_i[1].gen_j[0].u_mult/result, operation Mode is (post resource management): A*B.
DSP Report: operator gen_i[1].gen_j[0].u_mult/result is absorbed into DSP gen_i[1].gen_j[0].u_mult/result.
DSP Report: operator gen_i[1].gen_j[0].u_mult/result is absorbed into DSP gen_i[1].gen_j[0].u_mult/result.
DSP Report: Generating DSP gen_i[1].gen_j[0].u_mult/result, operation Mode is (post resource management): (PCIN>>17)+A*B.
DSP Report: operator gen_i[1].gen_j[0].u_mult/result is absorbed into DSP gen_i[1].gen_j[0].u_mult/result.
DSP Report: operator gen_i[1].gen_j[0].u_mult/result is absorbed into DSP gen_i[1].gen_j[0].u_mult/result.
DSP Report: Generating DSP gen_i[1].gen_j[0].u_mult/result, operation Mode is (post resource management): PCIN+A*B.
DSP Report: operator gen_i[1].gen_j[0].u_mult/result is absorbed into DSP gen_i[1].gen_j[0].u_mult/result.
DSP Report: operator gen_i[1].gen_j[0].u_mult/result is absorbed into DSP gen_i[1].gen_j[0].u_mult/result.
DSP Report: Generating DSP gen_i[1].gen_j[0].u_mult/result, operation Mode is (post resource management): (PCIN>>17)+A*B.
DSP Report: operator gen_i[1].gen_j[0].u_mult/result is absorbed into DSP gen_i[1].gen_j[0].u_mult/result.
DSP Report: operator gen_i[1].gen_j[0].u_mult/result is absorbed into DSP gen_i[1].gen_j[0].u_mult/result.
DSP Report: Generating DSP gen_i[0].gen_j[0].u_mult/result, operation Mode is (post resource management): A*B.
DSP Report: operator gen_i[0].gen_j[0].u_mult/result is absorbed into DSP gen_i[0].gen_j[0].u_mult/result.
DSP Report: operator gen_i[0].gen_j[0].u_mult/result is absorbed into DSP gen_i[0].gen_j[0].u_mult/result.
DSP Report: Generating DSP gen_i[0].gen_j[0].u_mult/result, operation Mode is (post resource management): (PCIN>>17)+A*B.
DSP Report: operator gen_i[0].gen_j[0].u_mult/result is absorbed into DSP gen_i[0].gen_j[0].u_mult/result.
DSP Report: operator gen_i[0].gen_j[0].u_mult/result is absorbed into DSP gen_i[0].gen_j[0].u_mult/result.
DSP Report: Generating DSP gen_i[0].gen_j[0].u_mult/result, operation Mode is (post resource management): PCIN+A*B.
DSP Report: operator gen_i[0].gen_j[0].u_mult/result is absorbed into DSP gen_i[0].gen_j[0].u_mult/result.
DSP Report: operator gen_i[0].gen_j[0].u_mult/result is absorbed into DSP gen_i[0].gen_j[0].u_mult/result.
DSP Report: Generating DSP gen_i[0].gen_j[0].u_mult/result, operation Mode is (post resource management): (PCIN>>17)+A*B.
DSP Report: operator gen_i[0].gen_j[0].u_mult/result is absorbed into DSP gen_i[0].gen_j[0].u_mult/result.
DSP Report: operator gen_i[0].gen_j[0].u_mult/result is absorbed into DSP gen_i[0].gen_j[0].u_mult/result.
DSP Report: Generating DSP gen_i[0].gen_j[0].u_mult/result, operation Mode is (post resource management): A*B.
DSP Report: operator gen_i[0].gen_j[0].u_mult/result is absorbed into DSP gen_i[0].gen_j[0].u_mult/result.
DSP Report: operator gen_i[0].gen_j[0].u_mult/result is absorbed into DSP gen_i[0].gen_j[0].u_mult/result.
DSP Report: Generating DSP gen_i[0].gen_j[0].u_mult/result, operation Mode is (post resource management): PCIN+A*B.
DSP Report: operator gen_i[0].gen_j[0].u_mult/result is absorbed into DSP gen_i[0].gen_j[0].u_mult/result.
DSP Report: operator gen_i[0].gen_j[0].u_mult/result is absorbed into DSP gen_i[0].gen_j[0].u_mult/result.
DSP Report: Generating DSP gen_i[0].gen_j[0].u_mult/result, operation Mode is (post resource management): (PCIN>>17)+A*B.
DSP Report: operator gen_i[0].gen_j[0].u_mult/result is absorbed into DSP gen_i[0].gen_j[0].u_mult/result.
DSP Report: operator gen_i[0].gen_j[0].u_mult/result is absorbed into DSP gen_i[0].gen_j[0].u_mult/result.
DSP Report: Generating DSP gen_i[0].gen_j[0].u_mult/result, operation Mode is (post resource management): PCIN+A*B.
DSP Report: operator gen_i[0].gen_j[0].u_mult/result is absorbed into DSP gen_i[0].gen_j[0].u_mult/result.
DSP Report: operator gen_i[0].gen_j[0].u_mult/result is absorbed into DSP gen_i[0].gen_j[0].u_mult/result.
DSP Report: Generating DSP gen_i[0].gen_j[0].u_mult/result, operation Mode is (post resource management): A*B.
DSP Report: operator gen_i[0].gen_j[0].u_mult/result is absorbed into DSP gen_i[0].gen_j[0].u_mult/result.
DSP Report: operator gen_i[0].gen_j[0].u_mult/result is absorbed into DSP gen_i[0].gen_j[0].u_mult/result.
DSP Report: Generating DSP gen_i[0].gen_j[0].u_mult/result, operation Mode is (post resource management): PCIN+A*B.
DSP Report: operator gen_i[0].gen_j[0].u_mult/result is absorbed into DSP gen_i[0].gen_j[0].u_mult/result.
DSP Report: operator gen_i[0].gen_j[0].u_mult/result is absorbed into DSP gen_i[0].gen_j[0].u_mult/result.
DSP Report: Generating DSP gen_i[0].gen_j[0].u_mult/result, operation Mode is (post resource management): (PCIN>>17)+A*B.
DSP Report: operator gen_i[0].gen_j[0].u_mult/result is absorbed into DSP gen_i[0].gen_j[0].u_mult/result.
DSP Report: operator gen_i[0].gen_j[0].u_mult/result is absorbed into DSP gen_i[0].gen_j[0].u_mult/result.
DSP Report: Generating DSP gen_i[0].gen_j[0].u_mult/result, operation Mode is (post resource management): PCIN+A*B.
DSP Report: operator gen_i[0].gen_j[0].u_mult/result is absorbed into DSP gen_i[0].gen_j[0].u_mult/result.
DSP Report: operator gen_i[0].gen_j[0].u_mult/result is absorbed into DSP gen_i[0].gen_j[0].u_mult/result.
DSP Report: Generating DSP gen_i[0].gen_j[0].u_mult/result, operation Mode is (post resource management): A*B.
DSP Report: operator gen_i[0].gen_j[0].u_mult/result is absorbed into DSP gen_i[0].gen_j[0].u_mult/result.
DSP Report: operator gen_i[0].gen_j[0].u_mult/result is absorbed into DSP gen_i[0].gen_j[0].u_mult/result.
DSP Report: Generating DSP gen_i[0].gen_j[0].u_mult/result, operation Mode is (post resource management): (PCIN>>17)+A*B.
DSP Report: operator gen_i[0].gen_j[0].u_mult/result is absorbed into DSP gen_i[0].gen_j[0].u_mult/result.
DSP Report: operator gen_i[0].gen_j[0].u_mult/result is absorbed into DSP gen_i[0].gen_j[0].u_mult/result.
DSP Report: Generating DSP gen_i[0].gen_j[0].u_mult/result, operation Mode is (post resource management): PCIN+A*B.
DSP Report: operator gen_i[0].gen_j[0].u_mult/result is absorbed into DSP gen_i[0].gen_j[0].u_mult/result.
DSP Report: operator gen_i[0].gen_j[0].u_mult/result is absorbed into DSP gen_i[0].gen_j[0].u_mult/result.
DSP Report: Generating DSP gen_i[0].gen_j[0].u_mult/result, operation Mode is (post resource management): (PCIN>>17)+A*B.
DSP Report: operator gen_i[0].gen_j[0].u_mult/result is absorbed into DSP gen_i[0].gen_j[0].u_mult/result.
DSP Report: operator gen_i[0].gen_j[0].u_mult/result is absorbed into DSP gen_i[0].gen_j[0].u_mult/result.
DSP Report: Generating DSP stage1_m0, operation Mode is (post resource management): A*B.
DSP Report: operator stage1_m0 is absorbed into DSP stage1_m0.
DSP Report: operator stage1_m0 is absorbed into DSP stage1_m0.
DSP Report: Generating DSP stage1_m0, operation Mode is (post resource management): PCIN+A*B.
DSP Report: operator stage1_m0 is absorbed into DSP stage1_m0.
DSP Report: operator stage1_m0 is absorbed into DSP stage1_m0.
DSP Report: Generating DSP stage1_m0, operation Mode is (post resource management): PCIN+A*B.
DSP Report: operator stage1_m0 is absorbed into DSP stage1_m0.
DSP Report: operator stage1_m0 is absorbed into DSP stage1_m0.
DSP Report: Generating DSP stage1_m0, operation Mode is (post resource management): PCIN+A*B.
DSP Report: operator stage1_m0 is absorbed into DSP stage1_m0.
DSP Report: operator stage1_m0 is absorbed into DSP stage1_m0.
DSP Report: Generating DSP stage1_m0, operation Mode is (post resource management): A*B.
DSP Report: operator stage1_m0 is absorbed into DSP stage1_m0.
DSP Report: operator stage1_m0 is absorbed into DSP stage1_m0.
DSP Report: Generating DSP stage1_m0, operation Mode is (post resource management): (PCIN>>17)+A*B.
DSP Report: operator stage1_m0 is absorbed into DSP stage1_m0.
DSP Report: operator stage1_m0 is absorbed into DSP stage1_m0.
DSP Report: Generating DSP stage1_m0, operation Mode is (post resource management): PCIN+A*B.
DSP Report: operator stage1_m0 is absorbed into DSP stage1_m0.
DSP Report: operator stage1_m0 is absorbed into DSP stage1_m0.
DSP Report: Generating DSP stage1_m0, operation Mode is (post resource management): PCIN+A*B.
DSP Report: operator stage1_m0 is absorbed into DSP stage1_m0.
DSP Report: operator stage1_m0 is absorbed into DSP stage1_m0.
DSP Report: Generating DSP stage1_m0, operation Mode is (post resource management): A*B.
DSP Report: operator stage1_m0 is absorbed into DSP stage1_m0.
DSP Report: operator stage1_m0 is absorbed into DSP stage1_m0.
DSP Report: Generating DSP stage1_m0, operation Mode is (post resource management): PCIN+A*B.
DSP Report: operator stage1_m0 is absorbed into DSP stage1_m0.
DSP Report: operator stage1_m0 is absorbed into DSP stage1_m0.
DSP Report: Generating DSP stage1_m0, operation Mode is (post resource management): PCIN+A*B.
DSP Report: operator stage1_m0 is absorbed into DSP stage1_m0.
DSP Report: operator stage1_m0 is absorbed into DSP stage1_m0.
DSP Report: Generating DSP stage1_m0, operation Mode is (post resource management): PCIN+A*B.
DSP Report: operator stage1_m0 is absorbed into DSP stage1_m0.
DSP Report: operator stage1_m0 is absorbed into DSP stage1_m0.
DSP Report: Generating DSP stage1_m0, operation Mode is (post resource management): A*B.
DSP Report: operator stage1_m0 is absorbed into DSP stage1_m0.
DSP Report: operator stage1_m0 is absorbed into DSP stage1_m0.
DSP Report: Generating DSP stage1_m0, operation Mode is (post resource management): PCIN+A*B.
DSP Report: operator stage1_m0 is absorbed into DSP stage1_m0.
DSP Report: operator stage1_m0 is absorbed into DSP stage1_m0.
DSP Report: Generating DSP stage1_m0, operation Mode is (post resource management): PCIN+A*B.
DSP Report: operator stage1_m0 is absorbed into DSP stage1_m0.
DSP Report: operator stage1_m0 is absorbed into DSP stage1_m0.
DSP Report: Generating DSP stage1_m0, operation Mode is (post resource management): (PCIN>>17)+A*B.
DSP Report: operator stage1_m0 is absorbed into DSP stage1_m0.
DSP Report: operator stage1_m0 is absorbed into DSP stage1_m0.
DSP Report: Generating DSP stage1_m0, operation Mode is (post resource management): A*B.
DSP Report: operator stage1_m0 is absorbed into DSP stage1_m0.
DSP Report: operator stage1_m0 is absorbed into DSP stage1_m0.
DSP Report: Generating DSP stage1_m0, operation Mode is (post resource management): PCIN+A*B.
DSP Report: operator stage1_m0 is absorbed into DSP stage1_m0.
DSP Report: operator stage1_m0 is absorbed into DSP stage1_m0.
DSP Report: Generating DSP stage1_m0, operation Mode is (post resource management): (PCIN>>17)+A*B.
DSP Report: operator stage1_m0 is absorbed into DSP stage1_m0.
DSP Report: operator stage1_m0 is absorbed into DSP stage1_m0.
DSP Report: Generating DSP stage1_m0, operation Mode is (post resource management): PCIN+A*B.
DSP Report: operator stage1_m0 is absorbed into DSP stage1_m0.
DSP Report: operator stage1_m0 is absorbed into DSP stage1_m0.
DSP Report: Generating DSP stage1_m0, operation Mode is (post resource management): A*B.
DSP Report: operator stage1_m0 is absorbed into DSP stage1_m0.
DSP Report: operator stage1_m0 is absorbed into DSP stage1_m0.
DSP Report: Generating DSP stage1_m0, operation Mode is (post resource management): PCIN+A*B.
DSP Report: operator stage1_m0 is absorbed into DSP stage1_m0.
DSP Report: operator stage1_m0 is absorbed into DSP stage1_m0.
DSP Report: Generating DSP stage1_m0, operation Mode is (post resource management): (PCIN>>17)+A*B.
DSP Report: operator stage1_m0 is absorbed into DSP stage1_m0.
DSP Report: operator stage1_m0 is absorbed into DSP stage1_m0.
DSP Report: Generating DSP stage1_m0, operation Mode is (post resource management): PCIN+A*B.
DSP Report: operator stage1_m0 is absorbed into DSP stage1_m0.
DSP Report: operator stage1_m0 is absorbed into DSP stage1_m0.
DSP Report: Generating DSP gen_i[0].gen_j[0].u_mult/result, operation Mode is (post resource management): A*B.
DSP Report: operator gen_i[0].gen_j[0].u_mult/result is absorbed into DSP gen_i[0].gen_j[0].u_mult/result.
DSP Report: operator gen_i[0].gen_j[0].u_mult/result is absorbed into DSP gen_i[0].gen_j[0].u_mult/result.
DSP Report: Generating DSP gen_i[0].gen_j[0].u_mult/result, operation Mode is (post resource management): (PCIN>>17)+A*B.
DSP Report: operator gen_i[0].gen_j[0].u_mult/result is absorbed into DSP gen_i[0].gen_j[0].u_mult/result.
DSP Report: operator gen_i[0].gen_j[0].u_mult/result is absorbed into DSP gen_i[0].gen_j[0].u_mult/result.
DSP Report: Generating DSP gen_i[0].gen_j[0].u_mult/result, operation Mode is (post resource management): PCIN+A*B.
DSP Report: operator gen_i[0].gen_j[0].u_mult/result is absorbed into DSP gen_i[0].gen_j[0].u_mult/result.
DSP Report: operator gen_i[0].gen_j[0].u_mult/result is absorbed into DSP gen_i[0].gen_j[0].u_mult/result.
DSP Report: Generating DSP gen_i[0].gen_j[0].u_mult/result, operation Mode is (post resource management): (PCIN>>17)+A*B.
DSP Report: operator gen_i[0].gen_j[0].u_mult/result is absorbed into DSP gen_i[0].gen_j[0].u_mult/result.
DSP Report: operator gen_i[0].gen_j[0].u_mult/result is absorbed into DSP gen_i[0].gen_j[0].u_mult/result.
DSP Report: Generating DSP stage1_m0, operation Mode is (post resource management): A*B.
DSP Report: operator stage1_m0 is absorbed into DSP stage1_m0.
DSP Report: operator stage1_m0 is absorbed into DSP stage1_m0.
DSP Report: Generating DSP stage1_m0, operation Mode is (post resource management): PCIN+A*B.
DSP Report: operator stage1_m0 is absorbed into DSP stage1_m0.
DSP Report: operator stage1_m0 is absorbed into DSP stage1_m0.
DSP Report: Generating DSP stage1_m0, operation Mode is (post resource management): PCIN+A*B.
DSP Report: operator stage1_m0 is absorbed into DSP stage1_m0.
DSP Report: operator stage1_m0 is absorbed into DSP stage1_m0.
DSP Report: Generating DSP stage1_m0, operation Mode is (post resource management): PCIN+A*B.
DSP Report: operator stage1_m0 is absorbed into DSP stage1_m0.
DSP Report: operator stage1_m0 is absorbed into DSP stage1_m0.
DSP Report: Generating DSP stage1_m0, operation Mode is (post resource management): A*B.
DSP Report: operator stage1_m0 is absorbed into DSP stage1_m0.
DSP Report: operator stage1_m0 is absorbed into DSP stage1_m0.
DSP Report: Generating DSP stage1_m0, operation Mode is (post resource management): (PCIN>>17)+A*B.
DSP Report: operator stage1_m0 is absorbed into DSP stage1_m0.
DSP Report: operator stage1_m0 is absorbed into DSP stage1_m0.
DSP Report: Generating DSP stage1_m0, operation Mode is (post resource management): PCIN+A*B.
DSP Report: operator stage1_m0 is absorbed into DSP stage1_m0.
DSP Report: operator stage1_m0 is absorbed into DSP stage1_m0.
DSP Report: Generating DSP stage1_m0, operation Mode is (post resource management): PCIN+A*B.
DSP Report: operator stage1_m0 is absorbed into DSP stage1_m0.
DSP Report: operator stage1_m0 is absorbed into DSP stage1_m0.
DSP Report: Generating DSP stage1_m0, operation Mode is (post resource management): A*B.
DSP Report: operator stage1_m0 is absorbed into DSP stage1_m0.
DSP Report: operator stage1_m0 is absorbed into DSP stage1_m0.
DSP Report: Generating DSP stage1_m0, operation Mode is (post resource management): PCIN+A*B.
DSP Report: operator stage1_m0 is absorbed into DSP stage1_m0.
DSP Report: operator stage1_m0 is absorbed into DSP stage1_m0.
DSP Report: Generating DSP stage1_m0, operation Mode is (post resource management): PCIN+A*B.
DSP Report: operator stage1_m0 is absorbed into DSP stage1_m0.
DSP Report: operator stage1_m0 is absorbed into DSP stage1_m0.
DSP Report: Generating DSP stage1_m0, operation Mode is (post resource management): PCIN+A*B.
DSP Report: operator stage1_m0 is absorbed into DSP stage1_m0.
DSP Report: operator stage1_m0 is absorbed into DSP stage1_m0.
DSP Report: Generating DSP stage1_m0, operation Mode is (post resource management): A*B.
DSP Report: operator stage1_m0 is absorbed into DSP stage1_m0.
DSP Report: operator stage1_m0 is absorbed into DSP stage1_m0.
DSP Report: Generating DSP stage1_m0, operation Mode is (post resource management): PCIN+A*B.
DSP Report: operator stage1_m0 is absorbed into DSP stage1_m0.
DSP Report: operator stage1_m0 is absorbed into DSP stage1_m0.
DSP Report: Generating DSP stage1_m0, operation Mode is (post resource management): PCIN+A*B.
DSP Report: operator stage1_m0 is absorbed into DSP stage1_m0.
DSP Report: operator stage1_m0 is absorbed into DSP stage1_m0.
DSP Report: Generating DSP stage1_m0, operation Mode is (post resource management): (PCIN>>17)+A*B.
DSP Report: operator stage1_m0 is absorbed into DSP stage1_m0.
DSP Report: operator stage1_m0 is absorbed into DSP stage1_m0.
DSP Report: Generating DSP stage1_m0, operation Mode is (post resource management): A*B.
DSP Report: operator stage1_m0 is absorbed into DSP stage1_m0.
DSP Report: operator stage1_m0 is absorbed into DSP stage1_m0.
DSP Report: Generating DSP stage1_m0, operation Mode is (post resource management): PCIN+A*B.
DSP Report: operator stage1_m0 is absorbed into DSP stage1_m0.
DSP Report: operator stage1_m0 is absorbed into DSP stage1_m0.
DSP Report: Generating DSP stage1_m0, operation Mode is (post resource management): (PCIN>>17)+A*B.
DSP Report: operator stage1_m0 is absorbed into DSP stage1_m0.
DSP Report: operator stage1_m0 is absorbed into DSP stage1_m0.
DSP Report: Generating DSP stage1_m0, operation Mode is (post resource management): PCIN+A*B.
DSP Report: operator stage1_m0 is absorbed into DSP stage1_m0.
DSP Report: operator stage1_m0 is absorbed into DSP stage1_m0.
DSP Report: Generating DSP stage1_m0, operation Mode is (post resource management): A*B.
DSP Report: operator stage1_m0 is absorbed into DSP stage1_m0.
DSP Report: operator stage1_m0 is absorbed into DSP stage1_m0.
DSP Report: Generating DSP stage1_m0, operation Mode is (post resource management): PCIN+A*B.
DSP Report: operator stage1_m0 is absorbed into DSP stage1_m0.
DSP Report: operator stage1_m0 is absorbed into DSP stage1_m0.
DSP Report: Generating DSP stage1_m0, operation Mode is (post resource management): (PCIN>>17)+A*B.
DSP Report: operator stage1_m0 is absorbed into DSP stage1_m0.
DSP Report: operator stage1_m0 is absorbed into DSP stage1_m0.
DSP Report: Generating DSP stage1_m0, operation Mode is (post resource management): PCIN+A*B.
DSP Report: operator stage1_m0 is absorbed into DSP stage1_m0.
DSP Report: operator stage1_m0 is absorbed into DSP stage1_m0.
DSP Report: Generating DSP gen_i[0].gen_j[0].u_mult/result, operation Mode is (post resource management): A*B.
DSP Report: operator gen_i[0].gen_j[0].u_mult/result is absorbed into DSP gen_i[0].gen_j[0].u_mult/result.
DSP Report: operator gen_i[0].gen_j[0].u_mult/result is absorbed into DSP gen_i[0].gen_j[0].u_mult/result.
DSP Report: Generating DSP gen_i[0].gen_j[0].u_mult/result, operation Mode is (post resource management): (PCIN>>17)+A*B.
DSP Report: operator gen_i[0].gen_j[0].u_mult/result is absorbed into DSP gen_i[0].gen_j[0].u_mult/result.
DSP Report: operator gen_i[0].gen_j[0].u_mult/result is absorbed into DSP gen_i[0].gen_j[0].u_mult/result.
DSP Report: Generating DSP gen_i[0].gen_j[0].u_mult/result, operation Mode is (post resource management): PCIN+A*B.
DSP Report: operator gen_i[0].gen_j[0].u_mult/result is absorbed into DSP gen_i[0].gen_j[0].u_mult/result.
DSP Report: operator gen_i[0].gen_j[0].u_mult/result is absorbed into DSP gen_i[0].gen_j[0].u_mult/result.
---------------------------------------------------------------------------------
Start ROM, RAM, DSP and Shift Register Reporting
---------------------------------------------------------------------------------

DSP: Preliminary Mapping  Report (see note below)
+--------------------------------+----------------+--------+--------+--------+--------+--------+------+------+------+------+-------+------+------+
|Module Name                     | DSP Mapping    | A Size | B Size | C Size | D Size | P Size | AREG | BREG | CREG | DREG | ADREG | MREG | PREG | 
+--------------------------------+----------------+--------+--------+--------+--------+--------+------+------+------+------+-------+------+------+
|montgomery_pipeline             | A*B            | 18     | 10     | -      | -      | 48     | 0    | 0    | -    | -    | -     | 0    | 0    | 
|montgomery_pipeline             | (PCIN>>17)+A*B | 18     | 10     | -      | -      | 48     | 0    | 0    | -    | -    | -     | 0    | 0    | 
|montgomery_pipeline             | PCIN+A*B       | 18     | 10     | -      | -      | 48     | 0    | 0    | -    | -    | -     | 0    | 0    | 
|montgomery_pipeline             | (PCIN>>17)+A*B | 10     | 10     | -      | -      | 48     | 0    | 0    | -    | -    | -     | 0    | 0    | 
|montgomery_pipeline             | A*B            | 18     | 18     | -      | -      | 48     | 0    | 0    | -    | -    | -     | 0    | 0    | 
|montgomery_pipeline             | PCIN+A*B       | 18     | 10     | -      | -      | 48     | 0    | 0    | -    | -    | -     | 0    | 0    | 
|montgomery_pipeline             | (PCIN>>17)+A*B | 18     | 10     | -      | -      | 48     | 0    | 0    | -    | -    | -     | 0    | 0    | 
|montgomery_pipeline             | PCIN+A*B       | 18     | 18     | -      | -      | 48     | 0    | 0    | -    | -    | -     | 0    | 0    | 
|montgomery_pipeline             | A*B            | 18     | 18     | -      | -      | 48     | 0    | 0    | -    | -    | -     | 0    | 0    | 
|montgomery_pipeline             | PCIN+A*B       | 18     | 10     | -      | -      | 48     | 0    | 0    | -    | -    | -     | 0    | 0    | 
|montgomery_pipeline             | (PCIN>>17)+A*B | 18     | 10     | -      | -      | 48     | 0    | 0    | -    | -    | -     | 0    | 0    | 
|montgomery_pipeline             | PCIN+A*B       | 18     | 18     | -      | -      | 48     | 0    | 0    | -    | -    | -     | 0    | 0    | 
|montgomery_pipeline             | A*B            | 18     | 10     | -      | -      | 48     | 0    | 0    | -    | -    | -     | 0    | 0    | 
|montgomery_pipeline             | (PCIN>>17)+A*B | 18     | 10     | -      | -      | 48     | 0    | 0    | -    | -    | -     | 0    | 0    | 
|montgomery_pipeline             | PCIN+A*B       | 18     | 18     | -      | -      | 48     | 0    | 0    | -    | -    | -     | 0    | 0    | 
|montgomery_pipeline             | PCIN+A*B       | 18     | 18     | -      | -      | 48     | 0    | 0    | -    | -    | -     | 0    | 0    | 
|montgomery_pipeline             | A*B            | 18     | 18     | -      | -      | 48     | 0    | 0    | -    | -    | -     | 0    | 0    | 
|montgomery_pipeline             | PCIN+A*B       | 18     | 18     | -      | -      | 48     | 0    | 0    | -    | -    | -     | 0    | 0    | 
|montgomery_pipeline             | PCIN+A*B       | 18     | 18     | -      | -      | 48     | 0    | 0    | -    | -    | -     | 0    | 0    | 
|montgomery_pipeline             | PCIN+A*B       | 18     | 18     | -      | -      | 48     | 0    | 0    | -    | -    | -     | 0    | 0    | 
|montgomery_pipeline             | A*B            | 18     | 18     | -      | -      | 48     | 0    | 0    | -    | -    | -     | 0    | 0    | 
|montgomery_pipeline             | PCIN+A*B       | 18     | 18     | -      | -      | 48     | 0    | 0    | -    | -    | -     | 0    | 0    | 
|montgomery_pipeline             | PCIN+A*B       | 18     | 10     | -      | -      | 48     | 0    | 0    | -    | -    | -     | 0    | 0    | 
|montgomery_pipeline             | (PCIN>>17)+A*B | 18     | 10     | -      | -      | 48     | 0    | 0    | -    | -    | -     | 0    | 0    | 
|montgomery_pipeline             | A*B            | 18     | 10     | -      | -      | 48     | 0    | 0    | -    | -    | -     | 0    | 0    | 
|montgomery_pipeline             | PCIN+A*B       | 18     | 18     | -      | -      | 48     | 0    | 0    | -    | -    | -     | 0    | 0    | 
|montgomery_pipeline             | PCIN+A*B       | 18     | 18     | -      | -      | 48     | 0    | 0    | -    | -    | -     | 0    | 0    | 
|montgomery_pipeline             | PCIN+A*B       | 18     | 18     | -      | -      | 48     | 0    | 0    | -    | -    | -     | 0    | 0    | 
|montgomery_pipeline             | A*B            | 18     | 18     | -      | -      | 48     | 0    | 0    | -    | -    | -     | 0    | 0    | 
|montgomery_pipeline             | PCIN+A*B       | 18     | 18     | -      | -      | 48     | 0    | 0    | -    | -    | -     | 0    | 0    | 
|montgomery_pipeline             | PCIN+A*B       | 18     | 18     | -      | -      | 48     | 0    | 0    | -    | -    | -     | 0    | 0    | 
|montgomery_pipeline             | PCIN+A*B       | 18     | 10     | -      | -      | 48     | 0    | 0    | -    | -    | -     | 0    | 0    | 
|montgomery_pipeline             | A*B            | 18     | 10     | -      | -      | 48     | 0    | 0    | -    | -    | -     | 0    | 0    | 
|montgomery_pipeline             | PCIN+A*B       | 18     | 18     | -      | -      | 48     | 0    | 0    | -    | -    | -     | 0    | 0    | 
|montgomery_pipeline             | PCIN+A*B       | 18     | 18     | -      | -      | 48     | 0    | 0    | -    | -    | -     | 0    | 0    | 
|montgomery_pipeline             | PCIN+A*B       | 18     | 18     | -      | -      | 48     | 0    | 0    | -    | -    | -     | 0    | 0    | 
|montgomery_pipeline             | A*B            | 18     | 18     | -      | -      | 48     | 0    | 0    | -    | -    | -     | 0    | 0    | 
|montgomery_pipeline             | PCIN+A*B       | 18     | 18     | -      | -      | 48     | 0    | 0    | -    | -    | -     | 0    | 0    | 
|montgomery_pipeline             | PCIN+A*B       | 18     | 18     | -      | -      | 48     | 0    | 0    | -    | -    | -     | 0    | 0    | 
|montgomery_pipeline             | PCIN+A*B       | 18     | 18     | -      | -      | 48     | 0    | 0    | -    | -    | -     | 0    | 0    | 
|montgomery_pipeline             | A*B            | 18     | 18     | -      | -      | 48     | 0    | 0    | -    | -    | -     | 0    | 0    | 
|montgomery_pipeline             | (PCIN>>17)+A*B | 18     | 18     | -      | -      | 48     | 0    | 0    | -    | -    | -     | 0    | 0    | 
|montgomery_pipeline             | PCIN+A*B       | 18     | 18     | -      | -      | 48     | 0    | 0    | -    | -    | -     | 0    | 0    | 
|montgomery_pipeline             | PCIN+A*B       | 18     | 18     | -      | -      | 48     | 0    | 0    | -    | -    | -     | 0    | 0    | 
|montgomery_pipeline             | A*B            | 18     | 18     | -      | -      | 48     | 0    | 0    | -    | -    | -     | 0    | 0    | 
|montgomery_pipeline             | PCIN+A*B       | 18     | 18     | -      | -      | 48     | 0    | 0    | -    | -    | -     | 0    | 0    | 
|montgomery_pipeline             | PCIN+A*B       | 18     | 18     | -      | -      | 48     | 0    | 0    | -    | -    | -     | 0    | 0    | 
|montgomery_pipeline             | PCIN+A*B       | 18     | 18     | -      | -      | 48     | 0    | 0    | -    | -    | -     | 0    | 0    | 
|montgomery_pipeline             | A*B            | 18     | 18     | -      | -      | 48     | 0    | 0    | -    | -    | -     | 0    | 0    | 
|montgomery_pipeline             | PCIN+A*B       | 18     | 18     | -      | -      | 48     | 0    | 0    | -    | -    | -     | 0    | 0    | 
|montgomery_pipeline             | PCIN+A*B       | 18     | 18     | -      | -      | 48     | 0    | 0    | -    | -    | -     | 0    | 0    | 
|montgomery_pipeline             | (PCIN>>17)+A*B | 18     | 18     | -      | -      | 48     | 0    | 0    | -    | -    | -     | 0    | 0    | 
|montgomery_pipeline             | A*B            | 18     | 18     | -      | -      | 48     | 0    | 0    | -    | -    | -     | 0    | 0    | 
|montgomery_pipeline             | PCIN+A*B       | 18     | 18     | -      | -      | 48     | 0    | 0    | -    | -    | -     | 0    | 0    | 
|montgomery_pipeline             | (PCIN>>17)+A*B | 18     | 18     | -      | -      | 48     | 0    | 0    | -    | -    | -     | 0    | 0    | 
|montgomery_pipeline             | PCIN+A*B       | 18     | 18     | -      | -      | 48     | 0    | 0    | -    | -    | -     | 0    | 0    | 
|montgomery_pipeline             | A*B            | 18     | 18     | -      | -      | 48     | 0    | 0    | -    | -    | -     | 0    | 0    | 
|montgomery_pipeline             | PCIN+A*B       | 18     | 18     | -      | -      | 48     | 0    | 0    | -    | -    | -     | 0    | 0    | 
|montgomery_pipeline             | (PCIN>>17)+A*B | 18     | 18     | -      | -      | 48     | 0    | 0    | -    | -    | -     | 0    | 0    | 
|montgomery_pipeline             | PCIN+A*B       | 18     | 18     | -      | -      | 48     | 0    | 0    | -    | -    | -     | 0    | 0    | 
|montgomery_pipeline             | A*B            | 18     | 18     | -      | -      | 48     | 0    | 0    | -    | -    | -     | 0    | 0    | 
|montgomery_pipeline             | (PCIN>>17)+A*B | 18     | 18     | -      | -      | 48     | 0    | 0    | -    | -    | -     | 0    | 0    | 
|montgomery_pipeline             | PCIN+A*B       | 18     | 18     | -      | -      | 48     | 0    | 0    | -    | -    | -     | 0    | 0    | 
|montgomery_pipeline             | (PCIN>>17)+A*B | 18     | 18     | -      | -      | 48     | 0    | 0    | -    | -    | -     | 0    | 0    | 
|montgomery_pipeline             | A*B            | 18     | 14     | -      | -      | 48     | 0    | 0    | -    | -    | -     | 0    | 0    | 
|montgomery_pipeline             | (PCIN>>17)+A*B | 18     | 14     | -      | -      | 48     | 0    | 0    | -    | -    | -     | 0    | 0    | 
|montgomery_pipeline             | PCIN+A*B       | 18     | 14     | -      | -      | 48     | 0    | 0    | -    | -    | -     | 0    | 0    | 
|montgomery_pipeline             | (PCIN>>17)+A*B | 14     | 14     | -      | -      | 48     | 0    | 0    | -    | -    | -     | 0    | 0    | 
|montgomery_pipeline             | A*B            | 18     | 18     | -      | -      | 48     | 0    | 0    | -    | -    | -     | 0    | 0    | 
|montgomery_pipeline             | PCIN+A*B       | 18     | 14     | -      | -      | 48     | 0    | 0    | -    | -    | -     | 0    | 0    | 
|montgomery_pipeline             | (PCIN>>17)+A*B | 18     | 14     | -      | -      | 48     | 0    | 0    | -    | -    | -     | 0    | 0    | 
|montgomery_pipeline             | PCIN+A*B       | 18     | 18     | -      | -      | 48     | 0    | 0    | -    | -    | -     | 0    | 0    | 
|montgomery_pipeline             | A*B            | 18     | 18     | -      | -      | 48     | 0    | 0    | -    | -    | -     | 0    | 0    | 
|montgomery_pipeline             | PCIN+A*B       | 18     | 18     | -      | -      | 48     | 0    | 0    | -    | -    | -     | 0    | 0    | 
|montgomery_pipeline             | (PCIN>>17)+A*B | 18     | 14     | -      | -      | 48     | 0    | 0    | -    | -    | -     | 0    | 0    | 
|montgomery_pipeline             | PCIN+A*B       | 18     | 18     | -      | -      | 48     | 0    | 0    | -    | -    | -     | 0    | 0    | 
|montgomery_pipeline             | A*B            | 18     | 18     | -      | -      | 48     | 0    | 0    | -    | -    | -     | 0    | 0    | 
|montgomery_pipeline             | (PCIN>>17)+A*B | 18     | 18     | -      | -      | 48     | 0    | 0    | -    | -    | -     | 0    | 0    | 
|montgomery_pipeline             | PCIN+A*B       | 18     | 18     | -      | -      | 48     | 0    | 0    | -    | -    | -     | 0    | 0    | 
|montgomery_pipeline             | (PCIN>>17)+A*B | 18     | 18     | -      | -      | 48     | 0    | 0    | -    | -    | -     | 0    | 0    | 
|montgomery_pipeline             | A*B            | 18     | 14     | -      | -      | 48     | 0    | 0    | -    | -    | -     | 0    | 0    | 
|montgomery_pipeline             | (PCIN>>17)+A*B | 18     | 14     | -      | -      | 48     | 0    | 0    | -    | -    | -     | 0    | 0    | 
|montgomery_pipeline             | PCIN+A*B       | 18     | 14     | -      | -      | 48     | 0    | 0    | -    | -    | -     | 0    | 0    | 
|montgomery_pipeline             | (PCIN>>17)+A*B | 14     | 14     | -      | -      | 48     | 0    | 0    | -    | -    | -     | 0    | 0    | 
|montgomery_pipeline             | A*B            | 18     | 18     | -      | -      | 48     | 0    | 0    | -    | -    | -     | 0    | 0    | 
|montgomery_pipeline             | PCIN+A*B       | 18     | 14     | -      | -      | 48     | 0    | 0    | -    | -    | -     | 0    | 0    | 
|montgomery_pipeline             | (PCIN>>17)+A*B | 18     | 14     | -      | -      | 48     | 0    | 0    | -    | -    | -     | 0    | 0    | 
|montgomery_pipeline             | PCIN+A*B       | 18     | 18     | -      | -      | 48     | 0    | 0    | -    | -    | -     | 0    | 0    | 
|montgomery_pipeline             | A*B            | 18     | 18     | -      | -      | 48     | 0    | 0    | -    | -    | -     | 0    | 0    | 
|montgomery_pipeline             | PCIN+A*B       | 18     | 18     | -      | -      | 48     | 0    | 0    | -    | -    | -     | 0    | 0    | 
|montgomery_pipeline             | (PCIN>>17)+A*B | 18     | 14     | -      | -      | 48     | 0    | 0    | -    | -    | -     | 0    | 0    | 
|montgomery_pipeline             | PCIN+A*B       | 18     | 18     | -      | -      | 48     | 0    | 0    | -    | -    | -     | 0    | 0    | 
|montgomery_pipeline             | A*B            | 18     | 18     | -      | -      | 48     | 0    | 0    | -    | -    | -     | 0    | 0    | 
|montgomery_pipeline             | (PCIN>>17)+A*B | 18     | 18     | -      | -      | 48     | 0    | 0    | -    | -    | -     | 0    | 0    | 
|montgomery_pipeline             | PCIN+A*B       | 18     | 18     | -      | -      | 48     | 0    | 0    | -    | -    | -     | 0    | 0    | 
|montgomery_pipeline             | (PCIN>>17)+A*B | 18     | 18     | -      | -      | 48     | 0    | 0    | -    | -    | -     | 0    | 0    | 
|montgomery_pipeline             | A*B            | 18     | 14     | -      | -      | 48     | 0    | 0    | -    | -    | -     | 0    | 0    | 
|montgomery_pipeline             | (PCIN>>17)+A*B | 18     | 14     | -      | -      | 48     | 0    | 0    | -    | -    | -     | 0    | 0    | 
|montgomery_pipeline             | PCIN+A*B       | 18     | 14     | -      | -      | 48     | 0    | 0    | -    | -    | -     | 0    | 0    | 
|montgomery_pipeline             | (PCIN>>17)+A*B | 14     | 14     | -      | -      | 48     | 0    | 0    | -    | -    | -     | 0    | 0    | 
|montgomery_pipeline             | A*B            | 18     | 18     | -      | -      | 48     | 0    | 0    | -    | -    | -     | 0    | 0    | 
|montgomery_pipeline             | PCIN+A*B       | 18     | 14     | -      | -      | 48     | 0    | 0    | -    | -    | -     | 0    | 0    | 
|montgomery_pipeline             | (PCIN>>17)+A*B | 18     | 14     | -      | -      | 48     | 0    | 0    | -    | -    | -     | 0    | 0    | 
|montgomery_pipeline             | PCIN+A*B       | 18     | 18     | -      | -      | 48     | 0    | 0    | -    | -    | -     | 0    | 0    | 
|montgomery_pipeline             | A*B            | 18     | 18     | -      | -      | 48     | 0    | 0    | -    | -    | -     | 0    | 0    | 
|montgomery_pipeline             | PCIN+A*B       | 18     | 18     | -      | -      | 48     | 0    | 0    | -    | -    | -     | 0    | 0    | 
|montgomery_pipeline             | (PCIN>>17)+A*B | 18     | 14     | -      | -      | 48     | 0    | 0    | -    | -    | -     | 0    | 0    | 
|montgomery_pipeline             | PCIN+A*B       | 18     | 18     | -      | -      | 48     | 0    | 0    | -    | -    | -     | 0    | 0    | 
|montgomery_pipeline             | A*B            | 18     | 18     | -      | -      | 48     | 0    | 0    | -    | -    | -     | 0    | 0    | 
|montgomery_pipeline             | (PCIN>>17)+A*B | 18     | 18     | -      | -      | 48     | 0    | 0    | -    | -    | -     | 0    | 0    | 
|montgomery_pipeline             | PCIN+A*B       | 18     | 18     | -      | -      | 48     | 0    | 0    | -    | -    | -     | 0    | 0    | 
|montgomery_pipeline             | (PCIN>>17)+A*B | 18     | 18     | -      | -      | 48     | 0    | 0    | -    | -    | -     | 0    | 0    | 
|montgomery_pipeline             | A*B            | 18     | 14     | -      | -      | 48     | 0    | 0    | -    | -    | -     | 0    | 0    | 
|montgomery_pipeline             | (PCIN>>17)+A*B | 18     | 14     | -      | -      | 48     | 0    | 0    | -    | -    | -     | 0    | 0    | 
|montgomery_pipeline             | PCIN+A*B       | 18     | 14     | -      | -      | 48     | 0    | 0    | -    | -    | -     | 0    | 0    | 
|montgomery_pipeline             | (PCIN>>17)+A*B | 14     | 14     | -      | -      | 48     | 0    | 0    | -    | -    | -     | 0    | 0    | 
|montgomery_pipeline             | A*B            | 18     | 18     | -      | -      | 48     | 0    | 0    | -    | -    | -     | 0    | 0    | 
|montgomery_pipeline             | PCIN+A*B       | 18     | 14     | -      | -      | 48     | 0    | 0    | -    | -    | -     | 0    | 0    | 
|montgomery_pipeline             | (PCIN>>17)+A*B | 18     | 14     | -      | -      | 48     | 0    | 0    | -    | -    | -     | 0    | 0    | 
|montgomery_pipeline             | PCIN+A*B       | 18     | 18     | -      | -      | 48     | 0    | 0    | -    | -    | -     | 0    | 0    | 
|montgomery_pipeline             | A*B            | 18     | 18     | -      | -      | 48     | 0    | 0    | -    | -    | -     | 0    | 0    | 
|montgomery_pipeline             | PCIN+A*B       | 18     | 18     | -      | -      | 48     | 0    | 0    | -    | -    | -     | 0    | 0    | 
|montgomery_pipeline             | (PCIN>>17)+A*B | 18     | 14     | -      | -      | 48     | 0    | 0    | -    | -    | -     | 0    | 0    | 
|montgomery_pipeline             | PCIN+A*B       | 18     | 18     | -      | -      | 48     | 0    | 0    | -    | -    | -     | 0    | 0    | 
|montgomery_pipeline             | A*B            | 18     | 18     | -      | -      | 48     | 0    | 0    | -    | -    | -     | 0    | 0    | 
|montgomery_pipeline             | (PCIN>>17)+A*B | 18     | 18     | -      | -      | 48     | 0    | 0    | -    | -    | -     | 0    | 0    | 
|montgomery_pipeline             | PCIN+A*B       | 18     | 18     | -      | -      | 48     | 0    | 0    | -    | -    | -     | 0    | 0    | 
|montgomery_pipeline             | (PCIN>>17)+A*B | 18     | 18     | -      | -      | 48     | 0    | 0    | -    | -    | -     | 0    | 0    | 
|segmented_256bit_full_butterfly | A*B            | 18     | 14     | -      | -      | 48     | 0    | 0    | -    | -    | -     | 0    | 0    | 
|segmented_256bit_full_butterfly | (PCIN>>17)+A*B | 18     | 14     | -      | -      | 48     | 0    | 0    | -    | -    | -     | 0    | 0    | 
|segmented_256bit_full_butterfly | PCIN+A*B       | 18     | 14     | -      | -      | 48     | 0    | 0    | -    | -    | -     | 0    | 0    | 
|segmented_256bit_full_butterfly | (PCIN>>17)+A*B | 14     | 14     | -      | -      | 48     | 0    | 0    | -    | -    | -     | 0    | 0    | 
|segmented_256bit_full_butterfly | A*B            | 18     | 18     | -      | -      | 48     | 0    | 0    | -    | -    | -     | 0    | 0    | 
|segmented_256bit_full_butterfly | PCIN+A*B       | 18     | 14     | -      | -      | 48     | 0    | 0    | -    | -    | -     | 0    | 0    | 
|segmented_256bit_full_butterfly | (PCIN>>17)+A*B | 18     | 14     | -      | -      | 48     | 0    | 0    | -    | -    | -     | 0    | 0    | 
|segmented_256bit_full_butterfly | PCIN+A*B       | 18     | 18     | -      | -      | 48     | 0    | 0    | -    | -    | -     | 0    | 0    | 
|segmented_256bit_full_butterfly | A*B            | 18     | 18     | -      | -      | 48     | 0    | 0    | -    | -    | -     | 0    | 0    | 
|segmented_256bit_full_butterfly | PCIN+A*B       | 18     | 18     | -      | -      | 48     | 0    | 0    | -    | -    | -     | 0    | 0    | 
|segmented_256bit_full_butterfly | (PCIN>>17)+A*B | 18     | 14     | -      | -      | 48     | 0    | 0    | -    | -    | -     | 0    | 0    | 
|segmented_256bit_full_butterfly | PCIN+A*B       | 18     | 18     | -      | -      | 48     | 0    | 0    | -    | -    | -     | 0    | 0    | 
|segmented_256bit_full_butterfly | A*B            | 18     | 18     | -      | -      | 48     | 0    | 0    | -    | -    | -     | 0    | 0    | 
|segmented_256bit_full_butterfly | (PCIN>>17)+A*B | 18     | 18     | -      | -      | 48     | 0    | 0    | -    | -    | -     | 0    | 0    | 
|segmented_256bit_full_butterfly | PCIN+A*B       | 18     | 18     | -      | -      | 48     | 0    | 0    | -    | -    | -     | 0    | 0    | 
|segmented_256bit_full_butterfly | (PCIN>>17)+A*B | 18     | 18     | -      | -      | 48     | 0    | 0    | -    | -    | -     | 0    | 0    | 
|segmented_256bit_full_butterfly | A*B            | 18     | 14     | -      | -      | 48     | 0    | 0    | -    | -    | -     | 0    | 0    | 
|segmented_256bit_full_butterfly | (PCIN>>17)+A*B | 18     | 14     | -      | -      | 48     | 0    | 0    | -    | -    | -     | 0    | 0    | 
|segmented_256bit_full_butterfly | PCIN+A*B       | 18     | 14     | -      | -      | 48     | 0    | 0    | -    | -    | -     | 0    | 0    | 
|segmented_256bit_full_butterfly | (PCIN>>17)+A*B | 14     | 14     | -      | -      | 48     | 0    | 0    | -    | -    | -     | 0    | 0    | 
|segmented_256bit_full_butterfly | A*B            | 18     | 18     | -      | -      | 48     | 0    | 0    | -    | -    | -     | 0    | 0    | 
|segmented_256bit_full_butterfly | PCIN+A*B       | 18     | 14     | -      | -      | 48     | 0    | 0    | -    | -    | -     | 0    | 0    | 
|segmented_256bit_full_butterfly | (PCIN>>17)+A*B | 18     | 14     | -      | -      | 48     | 0    | 0    | -    | -    | -     | 0    | 0    | 
|segmented_256bit_full_butterfly | PCIN+A*B       | 18     | 18     | -      | -      | 48     | 0    | 0    | -    | -    | -     | 0    | 0    | 
|segmented_256bit_full_butterfly | A*B            | 18     | 18     | -      | -      | 48     | 0    | 0    | -    | -    | -     | 0    | 0    | 
|segmented_256bit_full_butterfly | PCIN+A*B       | 18     | 18     | -      | -      | 48     | 0    | 0    | -    | -    | -     | 0    | 0    | 
|segmented_256bit_full_butterfly | (PCIN>>17)+A*B | 18     | 14     | -      | -      | 48     | 0    | 0    | -    | -    | -     | 0    | 0    | 
|segmented_256bit_full_butterfly | PCIN+A*B       | 18     | 18     | -      | -      | 48     | 0    | 0    | -    | -    | -     | 0    | 0    | 
|segmented_256bit_full_butterfly | A*B            | 18     | 18     | -      | -      | 48     | 0    | 0    | -    | -    | -     | 0    | 0    | 
|segmented_256bit_full_butterfly | (PCIN>>17)+A*B | 18     | 18     | -      | -      | 48     | 0    | 0    | -    | -    | -     | 0    | 0    | 
|segmented_256bit_full_butterfly | PCIN+A*B       | 18     | 18     | -      | -      | 48     | 0    | 0    | -    | -    | -     | 0    | 0    | 
|segmented_256bit_full_butterfly | (PCIN>>17)+A*B | 18     | 18     | -      | -      | 48     | 0    | 0    | -    | -    | -     | 0    | 0    | 
|segmented_256bit_full_butterfly | A*B            | 18     | 14     | -      | -      | 48     | 0    | 0    | -    | -    | -     | 0    | 0    | 
|segmented_256bit_full_butterfly | (PCIN>>17)+A*B | 18     | 14     | -      | -      | 48     | 0    | 0    | -    | -    | -     | 0    | 0    | 
|segmented_256bit_full_butterfly | PCIN+A*B       | 18     | 14     | -      | -      | 48     | 0    | 0    | -    | -    | -     | 0    | 0    | 
|segmented_256bit_full_butterfly | (PCIN>>17)+A*B | 14     | 14     | -      | -      | 48     | 0    | 0    | -    | -    | -     | 0    | 0    | 
|segmented_256bit_full_butterfly | A*B            | 18     | 18     | -      | -      | 48     | 0    | 0    | -    | -    | -     | 0    | 0    | 
|segmented_256bit_full_butterfly | PCIN+A*B       | 18     | 14     | -      | -      | 48     | 0    | 0    | -    | -    | -     | 0    | 0    | 
|segmented_256bit_full_butterfly | (PCIN>>17)+A*B | 18     | 14     | -      | -      | 48     | 0    | 0    | -    | -    | -     | 0    | 0    | 
|segmented_256bit_full_butterfly | PCIN+A*B       | 18     | 18     | -      | -      | 48     | 0    | 0    | -    | -    | -     | 0    | 0    | 
|segmented_256bit_full_butterfly | A*B            | 18     | 18     | -      | -      | 48     | 0    | 0    | -    | -    | -     | 0    | 0    | 
|segmented_256bit_full_butterfly | PCIN+A*B       | 18     | 18     | -      | -      | 48     | 0    | 0    | -    | -    | -     | 0    | 0    | 
|segmented_256bit_full_butterfly | (PCIN>>17)+A*B | 18     | 14     | -      | -      | 48     | 0    | 0    | -    | -    | -     | 0    | 0    | 
|segmented_256bit_full_butterfly | PCIN+A*B       | 18     | 18     | -      | -      | 48     | 0    | 0    | -    | -    | -     | 0    | 0    | 
|segmented_256bit_full_butterfly | A*B            | 18     | 18     | -      | -      | 48     | 0    | 0    | -    | -    | -     | 0    | 0    | 
|segmented_256bit_full_butterfly | (PCIN>>17)+A*B | 18     | 18     | -      | -      | 48     | 0    | 0    | -    | -    | -     | 0    | 0    | 
|segmented_256bit_full_butterfly | PCIN+A*B       | 18     | 18     | -      | -      | 48     | 0    | 0    | -    | -    | -     | 0    | 0    | 
|segmented_256bit_full_butterfly | (PCIN>>17)+A*B | 18     | 18     | -      | -      | 48     | 0    | 0    | -    | -    | -     | 0    | 0    | 
|segmented_256bit_full_butterfly | A*B            | 18     | 14     | -      | -      | 48     | 0    | 0    | -    | -    | -     | 0    | 0    | 
|segmented_256bit_full_butterfly | (PCIN>>17)+A*B | 18     | 14     | -      | -      | 48     | 0    | 0    | -    | -    | -     | 0    | 0    | 
|segmented_256bit_full_butterfly | PCIN+A*B       | 18     | 14     | -      | -      | 48     | 0    | 0    | -    | -    | -     | 0    | 0    | 
|segmented_256bit_full_butterfly | (PCIN>>17)+A*B | 14     | 14     | -      | -      | 48     | 0    | 0    | -    | -    | -     | 0    | 0    | 
|segmented_256bit_full_butterfly | A*B            | 18     | 18     | -      | -      | 48     | 0    | 0    | -    | -    | -     | 0    | 0    | 
|segmented_256bit_full_butterfly | PCIN+A*B       | 18     | 14     | -      | -      | 48     | 0    | 0    | -    | -    | -     | 0    | 0    | 
|segmented_256bit_full_butterfly | (PCIN>>17)+A*B | 18     | 14     | -      | -      | 48     | 0    | 0    | -    | -    | -     | 0    | 0    | 
|segmented_256bit_full_butterfly | PCIN+A*B       | 18     | 18     | -      | -      | 48     | 0    | 0    | -    | -    | -     | 0    | 0    | 
|segmented_256bit_full_butterfly | A*B            | 18     | 18     | -      | -      | 48     | 0    | 0    | -    | -    | -     | 0    | 0    | 
|segmented_256bit_full_butterfly | PCIN+A*B       | 18     | 18     | -      | -      | 48     | 0    | 0    | -    | -    | -     | 0    | 0    | 
|segmented_256bit_full_butterfly | (PCIN>>17)+A*B | 18     | 14     | -      | -      | 48     | 0    | 0    | -    | -    | -     | 0    | 0    | 
|segmented_256bit_full_butterfly | PCIN+A*B       | 18     | 18     | -      | -      | 48     | 0    | 0    | -    | -    | -     | 0    | 0    | 
|segmented_256bit_full_butterfly | A*B            | 18     | 18     | -      | -      | 48     | 0    | 0    | -    | -    | -     | 0    | 0    | 
|segmented_256bit_full_butterfly | (PCIN>>17)+A*B | 18     | 18     | -      | -      | 48     | 0    | 0    | -    | -    | -     | 0    | 0    | 
|segmented_256bit_full_butterfly | PCIN+A*B       | 18     | 18     | -      | -      | 48     | 0    | 0    | -    | -    | -     | 0    | 0    | 
|segmented_256bit_full_butterfly | (PCIN>>17)+A*B | 18     | 18     | -      | -      | 48     | 0    | 0    | -    | -    | -     | 0    | 0    | 
+--------------------------------+----------------+--------+--------+--------+--------+--------+------+------+------+------+-------+------+------+

Note: The table above is a preliminary report that shows the DSPs inferred at the current stage of the synthesis flow. Some DSP may be reimplemented as non DSP primitives later in the synthesis flow. Multiple instantiated DSPs are reported only once.
---------------------------------------------------------------------------------
Finished ROM, RAM, DSP and Shift Register Reporting
---------------------------------------------------------------------------------

Report RTL Partitions: 
+------+-----------------------------------+------------+----------+
|      |RTL Partition                      |Replication |Instances |
+------+-----------------------------------+------------+----------+
|1     |winograd_pre_transform__GB0        |           1|     19235|
|2     |winograd_pre_transform__GB1        |           1|     11603|
|3     |winograd_pre_transform__GB2        |           1|      9028|
|4     |winograd_pre_transform__GB3        |           1|     15117|
|5     |winograd_pre_transform__GB4        |           1|     22708|
|6     |segmented_256bit_full_butterfly    |           4|    262948|
|7     |reconfigurable_3d_pe_top__GC0      |           1|      4004|
|8     |ntt_axi_accelerator_v1_0__GC0      |           1|     17916|
|9     |segmented_256bit_full_butterfly__1 |           4|    265030|
+------+-----------------------------------+------------+----------+
---------------------------------------------------------------------------------
Start Applying XDC Timing Constraints
---------------------------------------------------------------------------------
---------------------------------------------------------------------------------
Finished Applying XDC Timing Constraints : Time (s): cpu = 00:04:17 ; elapsed = 00:13:08 . Memory (MB): peak = 7792.504 ; gain = 7138.215
---------------------------------------------------------------------------------
---------------------------------------------------------------------------------
Start Timing Optimization
---------------------------------------------------------------------------------
INFO: [Synth 8-3333] propagating constant 0 across sequential element (u_winograd_prei_3/\group_w_reg[2][127] )
INFO: [Synth 8-3333] propagating constant 0 across sequential element (u_winograd_prei_3/\group_w_reg[1][127] )
INFO: [Synth 8-3333] propagating constant 0 across sequential element (u_winograd_prei_3/\group_w_reg[0][127] )
INFO: [Synth 8-3333] propagating constant 0 across sequential element (u_winograd_prei_4/\group_w_reg[7][0] )
INFO: [Synth 8-3333] propagating constant 0 across sequential element (u_winograd_prei_4/\group_w_reg[7][1] )
INFO: [Synth 8-3333] propagating constant 0 across sequential element (u_winograd_prei_4/\group_w_reg[7][2] )
INFO: [Synth 8-3333] propagating constant 0 across sequential element (u_winograd_prei_4/\group_w_reg[7][3] )
INFO: [Synth 8-3333] propagating constant 0 across sequential element (u_winograd_prei_4/\group_w_reg[7][4] )
INFO: [Synth 8-3333] propagating constant 0 across sequential element (u_winograd_prei_4/\group_w_reg[7][5] )
INFO: [Synth 8-3333] propagating constant 0 across sequential element (u_winograd_prei_4/\group_w_reg[7][6] )
INFO: [Synth 8-3333] propagating constant 0 across sequential element (u_winograd_prei_4/\group_w_reg[7][7] )
INFO: [Synth 8-3333] propagating constant 0 across sequential element (u_winograd_prei_4/\group_w_reg[7][8] )
INFO: [Synth 8-3333] propagating constant 0 across sequential element (u_winograd_prei_4/\group_w_reg[7][9] )
INFO: [Synth 8-3333] propagating constant 0 across sequential element (u_winograd_prei_4/\group_w_reg[7][10] )
INFO: [Synth 8-3333] propagating constant 0 across sequential element (u_winograd_prei_4/\group_w_reg[7][11] )
INFO: [Synth 8-3333] propagating constant 0 across sequential element (u_winograd_prei_4/\group_w_reg[7][12] )
INFO: [Synth 8-3333] propagating constant 0 across sequential element (u_winograd_prei_4/\group_w_reg[7][13] )
INFO: [Synth 8-3333] propagating constant 0 across sequential element (u_winograd_prei_4/\group_w_reg[7][14] )
INFO: [Synth 8-3333] propagating constant 0 across sequential element (u_winograd_prei_4/\group_w_reg[7][15] )
INFO: [Synth 8-3333] propagating constant 0 across sequential element (u_winograd_prei_4/\group_w_reg[7][16] )
INFO: [Synth 8-3333] propagating constant 0 across sequential element (u_winograd_prei_4/\group_w_reg[7][17] )
INFO: [Synth 8-3333] propagating constant 0 across sequential element (u_winograd_prei_4/\group_w_reg[7][18] )
INFO: [Synth 8-3333] propagating constant 0 across sequential element (u_winograd_prei_4/\group_w_reg[7][19] )
INFO: [Synth 8-3333] propagating constant 0 across sequential element (u_winograd_prei_4/\group_w_reg[7][20] )
INFO: [Synth 8-3333] propagating constant 0 across sequential element (u_winograd_prei_4/\group_w_reg[7][21] )
INFO: [Synth 8-3333] propagating constant 0 across sequential element (u_winograd_prei_4/\group_w_reg[7][22] )
INFO: [Synth 8-3333] propagating constant 0 across sequential element (u_winograd_prei_4/\group_w_reg[7][23] )
INFO: [Synth 8-3333] propagating constant 0 across sequential element (u_winograd_prei_4/\group_w_reg[7][24] )
INFO: [Synth 8-3333] propagating constant 0 across sequential element (u_winograd_prei_4/\group_w_reg[7][25] )
INFO: [Synth 8-3333] propagating constant 0 across sequential element (u_winograd_prei_4/\group_w_reg[7][26] )
INFO: [Synth 8-3333] propagating constant 0 across sequential element (u_winograd_prei_4/\group_w_reg[7][27] )
INFO: [Synth 8-3333] propagating constant 0 across sequential element (u_winograd_prei_4/\group_w_reg[7][28] )
INFO: [Synth 8-3333] propagating constant 0 across sequential element (u_winograd_prei_4/\group_w_reg[7][29] )
INFO: [Synth 8-3333] propagating constant 0 across sequential element (u_winograd_prei_4/\group_w_reg[7][30] )
INFO: [Synth 8-3333] propagating constant 0 across sequential element (u_winograd_prei_4/\group_w_reg[7][31] )
INFO: [Synth 8-3333] propagating constant 0 across sequential element (u_winograd_prei_4/\group_w_reg[7][32] )
INFO: [Synth 8-3333] propagating constant 0 across sequential element (u_winograd_prei_4/\group_w_reg[7][33] )
INFO: [Synth 8-3333] propagating constant 0 across sequential element (u_winograd_prei_4/\group_w_reg[7][34] )
INFO: [Synth 8-3333] propagating constant 0 across sequential element (u_winograd_prei_4/\group_w_reg[7][35] )
INFO: [Synth 8-3333] propagating constant 0 across sequential element (u_winograd_prei_4/\group_w_reg[7][36] )
INFO: [Synth 8-3333] propagating constant 0 across sequential element (u_winograd_prei_4/\group_w_reg[7][37] )
INFO: [Synth 8-3333] propagating constant 0 across sequential element (u_winograd_prei_4/\group_w_reg[7][38] )
INFO: [Synth 8-3333] propagating constant 0 across sequential element (u_winograd_prei_4/\group_w_reg[7][39] )
INFO: [Synth 8-3333] propagating constant 0 across sequential element (u_winograd_prei_4/\group_w_reg[7][40] )
INFO: [Synth 8-3333] propagating constant 0 across sequential element (u_winograd_prei_4/\group_w_reg[7][41] )
INFO: [Synth 8-3333] propagating constant 0 across sequential element (u_winograd_prei_4/\group_w_reg[7][42] )
INFO: [Synth 8-3333] propagating constant 0 across sequential element (u_winograd_prei_4/\group_w_reg[7][43] )
INFO: [Synth 8-3333] propagating constant 0 across sequential element (u_winograd_prei_4/\group_w_reg[7][44] )
INFO: [Synth 8-3333] propagating constant 0 across sequential element (u_winograd_prei_4/\group_w_reg[7][45] )
INFO: [Synth 8-3333] propagating constant 0 across sequential element (u_winograd_prei_4/\group_w_reg[7][46] )
INFO: [Synth 8-3333] propagating constant 0 across sequential element (u_winograd_prei_4/\group_w_reg[7][47] )
INFO: [Synth 8-3333] propagating constant 0 across sequential element (u_winograd_prei_4/\group_w_reg[7][48] )
INFO: [Synth 8-3333] propagating constant 0 across sequential element (u_winograd_prei_4/\group_w_reg[7][49] )
INFO: [Synth 8-3333] propagating constant 0 across sequential element (u_winograd_prei_4/\group_w_reg[7][50] )
INFO: [Synth 8-3333] propagating constant 0 across sequential element (u_winograd_prei_4/\group_w_reg[7][51] )
INFO: [Synth 8-3333] propagating constant 0 across sequential element (u_winograd_prei_4/\group_w_reg[7][52] )
INFO: [Synth 8-3333] propagating constant 0 across sequential element (u_winograd_prei_4/\group_w_reg[7][53] )
INFO: [Synth 8-3333] propagating constant 0 across sequential element (u_winograd_prei_4/\group_w_reg[7][54] )
INFO: [Synth 8-3333] propagating constant 0 across sequential element (u_winograd_prei_4/\group_w_reg[7][55] )
INFO: [Synth 8-3333] propagating constant 0 across sequential element (u_winograd_prei_4/\group_w_reg[7][56] )
INFO: [Synth 8-3333] propagating constant 0 across sequential element (u_winograd_prei_4/\group_w_reg[7][57] )
INFO: [Synth 8-3333] propagating constant 0 across sequential element (u_winograd_prei_4/\group_w_reg[7][58] )
INFO: [Synth 8-3333] propagating constant 0 across sequential element (u_winograd_prei_4/\group_w_reg[7][59] )
INFO: [Synth 8-3333] propagating constant 0 across sequential element (u_winograd_prei_4/\group_w_reg[7][60] )
INFO: [Synth 8-3333] propagating constant 0 across sequential element (u_winograd_prei_4/\group_w_reg[7][61] )
INFO: [Synth 8-3333] propagating constant 0 across sequential element (u_winograd_prei_4/\group_w_reg[7][62] )
INFO: [Synth 8-3333] propagating constant 0 across sequential element (u_winograd_prei_4/\group_w_reg[7][63] )
INFO: [Synth 8-3333] propagating constant 0 across sequential element (u_winograd_prei_4/\group_w_reg[7][64] )
INFO: [Synth 8-3333] propagating constant 0 across sequential element (u_winograd_prei_4/\group_w_reg[7][65] )
INFO: [Synth 8-3333] propagating constant 0 across sequential element (u_winograd_prei_4/\group_w_reg[7][66] )
INFO: [Synth 8-3333] propagating constant 0 across sequential element (u_winograd_prei_4/\group_w_reg[7][67] )
INFO: [Synth 8-3333] propagating constant 0 across sequential element (u_winograd_prei_4/\group_w_reg[7][68] )
INFO: [Synth 8-3333] propagating constant 0 across sequential element (u_winograd_prei_4/\group_w_reg[7][69] )
INFO: [Synth 8-3333] propagating constant 0 across sequential element (u_winograd_prei_4/\group_w_reg[7][70] )
INFO: [Synth 8-3333] propagating constant 0 across sequential element (u_winograd_prei_4/\group_w_reg[7][71] )
INFO: [Synth 8-3333] propagating constant 0 across sequential element (u_winograd_prei_4/\group_w_reg[7][72] )
INFO: [Synth 8-3333] propagating constant 0 across sequential element (u_winograd_prei_4/\group_w_reg[7][73] )
INFO: [Synth 8-3333] propagating constant 0 across sequential element (u_winograd_prei_4/\group_w_reg[7][74] )
INFO: [Synth 8-3333] propagating constant 0 across sequential element (u_winograd_prei_4/\group_w_reg[7][75] )
INFO: [Synth 8-3333] propagating constant 0 across sequential element (u_winograd_prei_4/\group_w_reg[7][76] )
INFO: [Synth 8-3333] propagating constant 0 across sequential element (u_winograd_prei_4/\group_w_reg[7][77] )
INFO: [Synth 8-3333] propagating constant 0 across sequential element (u_winograd_prei_4/\group_w_reg[7][78] )
INFO: [Synth 8-3333] propagating constant 0 across sequential element (u_winograd_prei_4/\group_w_reg[7][79] )
INFO: [Synth 8-3333] propagating constant 0 across sequential element (u_winograd_prei_4/\group_w_reg[7][80] )
INFO: [Synth 8-3333] propagating constant 0 across sequential element (u_winograd_prei_4/\group_w_reg[7][81] )
INFO: [Synth 8-3333] propagating constant 0 across sequential element (u_winograd_prei_4/\group_w_reg[7][82] )
INFO: [Synth 8-3333] propagating constant 0 across sequential element (u_winograd_prei_4/\group_w_reg[7][83] )
INFO: [Synth 8-3333] propagating constant 0 across sequential element (u_winograd_prei_4/\group_w_reg[7][84] )
INFO: [Synth 8-3333] propagating constant 0 across sequential element (u_winograd_prei_4/\group_w_reg[7][85] )
INFO: [Synth 8-3333] propagating constant 0 across sequential element (u_winograd_prei_4/\group_w_reg[7][86] )
INFO: [Synth 8-3333] propagating constant 0 across sequential element (u_winograd_prei_4/\group_w_reg[7][87] )
INFO: [Synth 8-3333] propagating constant 0 across sequential element (u_winograd_prei_4/\group_w_reg[7][88] )
INFO: [Common 17-14] Message 'Synth 8-3333' appears 100 times and further instances of the messages will be disabled. Use the Tcl command set_msg_config to change the current settings.
---------------------------------------------------------------------------------
Finished Timing Optimization : Time (s): cpu = 00:04:23 ; elapsed = 00:13:17 . Memory (MB): peak = 7792.504 ; gain = 7138.215
---------------------------------------------------------------------------------

Report RTL Partitions: 
+------+-----------------------------------+------------+----------+
|      |RTL Partition                      |Replication |Instances |
+------+-----------------------------------+------------+----------+
|1     |winograd_pre_transform__GB0        |           1|     15143|
|2     |winograd_pre_transform__GB1        |           1|      7117|
|3     |winograd_pre_transform__GB2        |           1|      7681|
|4     |winograd_pre_transform__GB3        |           1|      9419|
|5     |winograd_pre_transform__GB4        |           1|     14983|
|6     |segmented_256bit_full_butterfly    |           4|    259610|
|7     |reconfigurable_3d_pe_top__GC0      |           1|       117|
|8     |ntt_axi_accelerator_v1_0__GC0      |           1|     17915|
|9     |segmented_256bit_full_butterfly__1 |           4|    261692|
+------+-----------------------------------+------------+----------+
---------------------------------------------------------------------------------
Start Technology Mapping
---------------------------------------------------------------------------------
INFO: [Synth 8-5844] Detected registers with asynchronous reset at DSP/BRAM block boundary. Consider using synchronous reset for optimal packing [f:/experiment/NTT/1/sum/ntt_3_tfdg_full_twiddle_4_2_sum_axi_3/ntt_1/ntt_1.srcs/sources_1/bd/design_1/ntt_ip/ip/src/montgomery_mutiply_moduli/montgomery_pipeline.v:69]
INFO: [Synth 8-5844] Detected registers with asynchronous reset at DSP/BRAM block boundary. Consider using synchronous reset for optimal packing [f:/experiment/NTT/1/sum/ntt_3_tfdg_full_twiddle_4_2_sum_axi_3/ntt_1/ntt_1.srcs/sources_1/bd/design_1/ntt_ip/ip/src/montgomery_mutiply_moduli/montgomery_pipeline.v:69]
INFO: [Synth 8-5844] Detected registers with asynchronous reset at DSP/BRAM block boundary. Consider using synchronous reset for optimal packing [f:/experiment/NTT/1/sum/ntt_3_tfdg_full_twiddle_4_2_sum_axi_3/ntt_1/ntt_1.srcs/sources_1/bd/design_1/ntt_ip/ip/src/montgomery_mutiply_moduli/montgomery_pipeline.v:69]
INFO: [Synth 8-5844] Detected registers with asynchronous reset at DSP/BRAM block boundary. Consider using synchronous reset for optimal packing [f:/experiment/NTT/1/sum/ntt_3_tfdg_full_twiddle_4_2_sum_axi_3/ntt_1/ntt_1.srcs/sources_1/bd/design_1/ntt_ip/ip/src/montgomery_mutiply_moduli/montgomery_pipeline.v:69]
INFO: [Synth 8-5844] Detected registers with asynchronous reset at DSP/BRAM block boundary. Consider using synchronous reset for optimal packing [f:/experiment/NTT/1/sum/ntt_3_tfdg_full_twiddle_4_2_sum_axi_3/ntt_1/ntt_1.srcs/sources_1/bd/design_1/ntt_ip/ip/src/montgomery_mutiply_moduli/montgomery_pipeline.v:69]
INFO: [Synth 8-5844] Detected registers with asynchronous reset at DSP/BRAM block boundary. Consider using synchronous reset for optimal packing [f:/experiment/NTT/1/sum/ntt_3_tfdg_full_twiddle_4_2_sum_axi_3/ntt_1/ntt_1.srcs/sources_1/bd/design_1/ntt_ip/ip/src/montgomery_mutiply_moduli/montgomery_pipeline.v:69]
INFO: [Synth 8-5844] Detected registers with asynchronous reset at DSP/BRAM block boundary. Consider using synchronous reset for optimal packing [f:/experiment/NTT/1/sum/ntt_3_tfdg_full_twiddle_4_2_sum_axi_3/ntt_1/ntt_1.srcs/sources_1/bd/design_1/ntt_ip/ip/src/PE/sub_pe/segmented_256bit_full_butterfly.v:78]
INFO: [Synth 8-5844] Detected registers with asynchronous reset at DSP/BRAM block boundary. Consider using synchronous reset for optimal packing [f:/experiment/NTT/1/sum/ntt_3_tfdg_full_twiddle_4_2_sum_axi_3/ntt_1/ntt_1.srcs/sources_1/bd/design_1/ntt_ip/ip/src/PE/sub_pe/segmented_256bit_full_butterfly.v:78]
INFO: [Synth 8-5844] Detected registers with asynchronous reset at DSP/BRAM block boundary. Consider using synchronous reset for optimal packing [f:/experiment/NTT/1/sum/ntt_3_tfdg_full_twiddle_4_2_sum_axi_3/ntt_1/ntt_1.srcs/sources_1/bd/design_1/ntt_ip/ip/src/PE/sub_pe/segmented_256bit_full_butterfly.v:78]
INFO: [Synth 8-5844] Detected registers with asynchronous reset at DSP/BRAM block boundary. Consider using synchronous reset for optimal packing [f:/experiment/NTT/1/sum/ntt_3_tfdg_full_twiddle_4_2_sum_axi_3/ntt_1/ntt_1.srcs/sources_1/bd/design_1/ntt_ip/ip/src/PE/sub_pe/segmented_256bit_full_butterfly.v:78]
INFO: [Synth 8-5844] Detected registers with asynchronous reset at DSP/BRAM block boundary. Consider using synchronous reset for optimal packing [f:/experiment/NTT/1/sum/ntt_3_tfdg_full_twiddle_4_2_sum_axi_3/ntt_1/ntt_1.srcs/sources_1/bd/design_1/ntt_ip/ip/src/PE/sub_pe/segmented_256bit_full_butterfly.v:78]
INFO: [Synth 8-5844] Detected registers with asynchronous reset at DSP/BRAM block boundary. Consider using synchronous reset for optimal packing [f:/experiment/NTT/1/sum/ntt_3_tfdg_full_twiddle_4_2_sum_axi_3/ntt_1/ntt_1.srcs/sources_1/bd/design_1/ntt_ip/ip/src/PE/sub_pe/segmented_256bit_full_butterfly.v:78]
INFO: [Synth 8-5844] Detected registers with asynchronous reset at DSP/BRAM block boundary. Consider using synchronous reset for optimal packing [f:/experiment/NTT/1/sum/ntt_3_tfdg_full_twiddle_4_2_sum_axi_3/ntt_1/ntt_1.srcs/sources_1/bd/design_1/ntt_ip/ip/src/PE/sub_pe/segmented_256bit_full_butterfly.v:78]
INFO: [Synth 8-5844] Detected registers with asynchronous reset at DSP/BRAM block boundary. Consider using synchronous reset for optimal packing [f:/experiment/NTT/1/sum/ntt_3_tfdg_full_twiddle_4_2_sum_axi_3/ntt_1/ntt_1.srcs/sources_1/bd/design_1/ntt_ip/ip/src/PE/sub_pe/segmented_256bit_full_butterfly.v:78]
INFO: [Synth 8-5844] Detected registers with asynchronous reset at DSP/BRAM block boundary. Consider using synchronous reset for optimal packing [f:/experiment/NTT/1/sum/ntt_3_tfdg_full_twiddle_4_2_sum_axi_3/ntt_1/ntt_1.srcs/sources_1/bd/design_1/ntt_ip/ip/src/PE/sub_pe/segmented_256bit_full_butterfly.v:78]
INFO: [Synth 8-5844] Detected registers with asynchronous reset at DSP/BRAM block boundary. Consider using synchronous reset for optimal packing [f:/experiment/NTT/1/sum/ntt_3_tfdg_full_twiddle_4_2_sum_axi_3/ntt_1/ntt_1.srcs/sources_1/bd/design_1/ntt_ip/ip/src/PE/sub_pe/segmented_256bit_full_butterfly.v:78]
INFO: [Synth 8-5844] Detected registers with asynchronous reset at DSP/BRAM block boundary. Consider using synchronous reset for optimal packing [f:/experiment/NTT/1/sum/ntt_3_tfdg_full_twiddle_4_2_sum_axi_3/ntt_1/ntt_1.srcs/sources_1/bd/design_1/ntt_ip/ip/src/PE/sub_pe/segmented_256bit_full_butterfly.v:78]
INFO: [Synth 8-5844] Detected registers with asynchronous reset at DSP/BRAM block boundary. Consider using synchronous reset for optimal packing [f:/experiment/NTT/1/sum/ntt_3_tfdg_full_twiddle_4_2_sum_axi_3/ntt_1/ntt_1.srcs/sources_1/bd/design_1/ntt_ip/ip/src/PE/sub_pe/segmented_256bit_full_butterfly.v:78]
INFO: [Synth 8-5844] Detected registers with asynchronous reset at DSP/BRAM block boundary. Consider using synchronous reset for optimal packing [f:/experiment/NTT/1/sum/ntt_3_tfdg_full_twiddle_4_2_sum_axi_3/ntt_1/ntt_1.srcs/sources_1/bd/design_1/ntt_ip/ip/src/PE/sub_pe/segmented_256bit_full_butterfly.v:78]
INFO: [Synth 8-5844] Detected registers with asynchronous reset at DSP/BRAM block boundary. Consider using synchronous reset for optimal packing [f:/experiment/NTT/1/sum/ntt_3_tfdg_full_twiddle_4_2_sum_axi_3/ntt_1/ntt_1.srcs/sources_1/bd/design_1/ntt_ip/ip/src/PE/sub_pe/segmented_256bit_full_butterfly.v:78]
INFO: [Synth 8-5844] Detected registers with asynchronous reset at DSP/BRAM block boundary. Consider using synchronous reset for optimal packing [f:/experiment/NTT/1/sum/ntt_3_tfdg_full_twiddle_4_2_sum_axi_3/ntt_1/ntt_1.srcs/sources_1/bd/design_1/ntt_ip/ip/src/PE/sub_pe/segmented_256bit_full_butterfly.v:78]
INFO: [Synth 8-5844] Detected registers with asynchronous reset at DSP/BRAM block boundary. Consider using synchronous reset for optimal packing [f:/experiment/NTT/1/sum/ntt_3_tfdg_full_twiddle_4_2_sum_axi_3/ntt_1/ntt_1.srcs/sources_1/bd/design_1/ntt_ip/ip/src/PE/sub_pe/segmented_256bit_full_butterfly.v:78]
INFO: [Synth 8-5844] Detected registers with asynchronous reset at DSP/BRAM block boundary. Consider using synchronous reset for optimal packing [f:/experiment/NTT/1/sum/ntt_3_tfdg_full_twiddle_4_2_sum_axi_3/ntt_1/ntt_1.srcs/sources_1/bd/design_1/ntt_ip/ip/src/PE/sub_pe/segmented_256bit_full_butterfly.v:78]
INFO: [Synth 8-5844] Detected registers with asynchronous reset at DSP/BRAM block boundary. Consider using synchronous reset for optimal packing [f:/experiment/NTT/1/sum/ntt_3_tfdg_full_twiddle_4_2_sum_axi_3/ntt_1/ntt_1.srcs/sources_1/bd/design_1/ntt_ip/ip/src/PE/sub_pe/segmented_256bit_full_butterfly.v:78]
INFO: [Synth 8-5844] Detected registers with asynchronous reset at DSP/BRAM block boundary. Consider using synchronous reset for optimal packing [f:/experiment/NTT/1/sum/ntt_3_tfdg_full_twiddle_4_2_sum_axi_3/ntt_1/ntt_1.srcs/sources_1/bd/design_1/ntt_ip/ip/src/PE/sub_pe/segmented_256bit_full_butterfly.v:78]
INFO: [Synth 8-5844] Detected registers with asynchronous reset at DSP/BRAM block boundary. Consider using synchronous reset for optimal packing [f:/experiment/NTT/1/sum/ntt_3_tfdg_full_twiddle_4_2_sum_axi_3/ntt_1/ntt_1.srcs/sources_1/bd/design_1/ntt_ip/ip/src/PE/sub_pe/segmented_256bit_full_butterfly.v:78]
INFO: [Synth 8-5844] Detected registers with asynchronous reset at DSP/BRAM block boundary. Consider using synchronous reset for optimal packing [f:/experiment/NTT/1/sum/ntt_3_tfdg_full_twiddle_4_2_sum_axi_3/ntt_1/ntt_1.srcs/sources_1/bd/design_1/ntt_ip/ip/src/PE/sub_pe/segmented_256bit_full_butterfly.v:78]
INFO: [Synth 8-5844] Detected registers with asynchronous reset at DSP/BRAM block boundary. Consider using synchronous reset for optimal packing [f:/experiment/NTT/1/sum/ntt_3_tfdg_full_twiddle_4_2_sum_axi_3/ntt_1/ntt_1.srcs/sources_1/bd/design_1/ntt_ip/ip/src/PE/sub_pe/segmented_256bit_full_butterfly.v:78]
INFO: [Synth 8-5844] Detected registers with asynchronous reset at DSP/BRAM block boundary. Consider using synchronous reset for optimal packing [f:/experiment/NTT/1/sum/ntt_3_tfdg_full_twiddle_4_2_sum_axi_3/ntt_1/ntt_1.srcs/sources_1/bd/design_1/ntt_ip/ip/src/PE/sub_pe/segmented_256bit_full_butterfly.v:78]
INFO: [Synth 8-5844] Detected registers with asynchronous reset at DSP/BRAM block boundary. Consider using synchronous reset for optimal packing [f:/experiment/NTT/1/sum/ntt_3_tfdg_full_twiddle_4_2_sum_axi_3/ntt_1/ntt_1.srcs/sources_1/bd/design_1/ntt_ip/ip/src/PE/sub_pe/segmented_256bit_full_butterfly.v:78]
INFO: [Synth 8-5844] Detected registers with asynchronous reset at DSP/BRAM block boundary. Consider using synchronous reset for optimal packing [f:/experiment/NTT/1/sum/ntt_3_tfdg_full_twiddle_4_2_sum_axi_3/ntt_1/ntt_1.srcs/sources_1/bd/design_1/ntt_ip/ip/src/montgomery_mutiply_moduli/montgomery_pipeline.v:69]
INFO: [Synth 8-5844] Detected registers with asynchronous reset at DSP/BRAM block boundary. Consider using synchronous reset for optimal packing [f:/experiment/NTT/1/sum/ntt_3_tfdg_full_twiddle_4_2_sum_axi_3/ntt_1/ntt_1.srcs/sources_1/bd/design_1/ntt_ip/ip/src/montgomery_mutiply_moduli/montgomery_pipeline.v:69]
INFO: [Synth 8-5844] Detected registers with asynchronous reset at DSP/BRAM block boundary. Consider using synchronous reset for optimal packing [f:/experiment/NTT/1/sum/ntt_3_tfdg_full_twiddle_4_2_sum_axi_3/ntt_1/ntt_1.srcs/sources_1/bd/design_1/ntt_ip/ip/src/montgomery_mutiply_moduli/montgomery_pipeline.v:69]
INFO: [Synth 8-5844] Detected registers with asynchronous reset at DSP/BRAM block boundary. Consider using synchronous reset for optimal packing [f:/experiment/NTT/1/sum/ntt_3_tfdg_full_twiddle_4_2_sum_axi_3/ntt_1/ntt_1.srcs/sources_1/bd/design_1/ntt_ip/ip/src/montgomery_mutiply_moduli/montgomery_pipeline.v:69]
INFO: [Synth 8-5844] Detected registers with asynchronous reset at DSP/BRAM block boundary. Consider using synchronous reset for optimal packing [f:/experiment/NTT/1/sum/ntt_3_tfdg_full_twiddle_4_2_sum_axi_3/ntt_1/ntt_1.srcs/sources_1/bd/design_1/ntt_ip/ip/src/montgomery_mutiply_moduli/montgomery_pipeline.v:69]
INFO: [Synth 8-5844] Detected registers with asynchronous reset at DSP/BRAM block boundary. Consider using synchronous reset for optimal packing [f:/experiment/NTT/1/sum/ntt_3_tfdg_full_twiddle_4_2_sum_axi_3/ntt_1/ntt_1.srcs/sources_1/bd/design_1/ntt_ip/ip/src/montgomery_mutiply_moduli/montgomery_pipeline.v:69]
INFO: [Synth 8-5844] Detected registers with asynchronous reset at DSP/BRAM block boundary. Consider using synchronous reset for optimal packing [f:/experiment/NTT/1/sum/ntt_3_tfdg_full_twiddle_4_2_sum_axi_3/ntt_1/ntt_1.srcs/sources_1/bd/design_1/ntt_ip/ip/src/PE/sub_pe/segmented_256bit_full_butterfly.v:78]
INFO: [Synth 8-5844] Detected registers with asynchronous reset at DSP/BRAM block boundary. Consider using synchronous reset for optimal packing [f:/experiment/NTT/1/sum/ntt_3_tfdg_full_twiddle_4_2_sum_axi_3/ntt_1/ntt_1.srcs/sources_1/bd/design_1/ntt_ip/ip/src/PE/sub_pe/segmented_256bit_full_butterfly.v:78]
INFO: [Synth 8-5844] Detected registers with asynchronous reset at DSP/BRAM block boundary. Consider using synchronous reset for optimal packing [f:/experiment/NTT/1/sum/ntt_3_tfdg_full_twiddle_4_2_sum_axi_3/ntt_1/ntt_1.srcs/sources_1/bd/design_1/ntt_ip/ip/src/PE/sub_pe/segmented_256bit_full_butterfly.v:78]
INFO: [Synth 8-5844] Detected registers with asynchronous reset at DSP/BRAM block boundary. Consider using synchronous reset for optimal packing [f:/experiment/NTT/1/sum/ntt_3_tfdg_full_twiddle_4_2_sum_axi_3/ntt_1/ntt_1.srcs/sources_1/bd/design_1/ntt_ip/ip/src/PE/sub_pe/segmented_256bit_full_butterfly.v:78]
INFO: [Synth 8-5844] Detected registers with asynchronous reset at DSP/BRAM block boundary. Consider using synchronous reset for optimal packing [f:/experiment/NTT/1/sum/ntt_3_tfdg_full_twiddle_4_2_sum_axi_3/ntt_1/ntt_1.srcs/sources_1/bd/design_1/ntt_ip/ip/src/PE/sub_pe/segmented_256bit_full_butterfly.v:78]
INFO: [Synth 8-5844] Detected registers with asynchronous reset at DSP/BRAM block boundary. Consider using synchronous reset for optimal packing [f:/experiment/NTT/1/sum/ntt_3_tfdg_full_twiddle_4_2_sum_axi_3/ntt_1/ntt_1.srcs/sources_1/bd/design_1/ntt_ip/ip/src/PE/sub_pe/segmented_256bit_full_butterfly.v:78]
INFO: [Synth 8-5844] Detected registers with asynchronous reset at DSP/BRAM block boundary. Consider using synchronous reset for optimal packing [f:/experiment/NTT/1/sum/ntt_3_tfdg_full_twiddle_4_2_sum_axi_3/ntt_1/ntt_1.srcs/sources_1/bd/design_1/ntt_ip/ip/src/PE/sub_pe/segmented_256bit_full_butterfly.v:78]
INFO: [Synth 8-5844] Detected registers with asynchronous reset at DSP/BRAM block boundary. Consider using synchronous reset for optimal packing [f:/experiment/NTT/1/sum/ntt_3_tfdg_full_twiddle_4_2_sum_axi_3/ntt_1/ntt_1.srcs/sources_1/bd/design_1/ntt_ip/ip/src/PE/sub_pe/segmented_256bit_full_butterfly.v:78]
INFO: [Synth 8-5844] Detected registers with asynchronous reset at DSP/BRAM block boundary. Consider using synchronous reset for optimal packing [f:/experiment/NTT/1/sum/ntt_3_tfdg_full_twiddle_4_2_sum_axi_3/ntt_1/ntt_1.srcs/sources_1/bd/design_1/ntt_ip/ip/src/PE/sub_pe/segmented_256bit_full_butterfly.v:78]
INFO: [Synth 8-5844] Detected registers with asynchronous reset at DSP/BRAM block boundary. Consider using synchronous reset for optimal packing [f:/experiment/NTT/1/sum/ntt_3_tfdg_full_twiddle_4_2_sum_axi_3/ntt_1/ntt_1.srcs/sources_1/bd/design_1/ntt_ip/ip/src/PE/sub_pe/segmented_256bit_full_butterfly.v:78]
INFO: [Synth 8-5844] Detected registers with asynchronous reset at DSP/BRAM block boundary. Consider using synchronous reset for optimal packing [f:/experiment/NTT/1/sum/ntt_3_tfdg_full_twiddle_4_2_sum_axi_3/ntt_1/ntt_1.srcs/sources_1/bd/design_1/ntt_ip/ip/src/PE/sub_pe/segmented_256bit_full_butterfly.v:78]
INFO: [Synth 8-5844] Detected registers with asynchronous reset at DSP/BRAM block boundary. Consider using synchronous reset for optimal packing [f:/experiment/NTT/1/sum/ntt_3_tfdg_full_twiddle_4_2_sum_axi_3/ntt_1/ntt_1.srcs/sources_1/bd/design_1/ntt_ip/ip/src/PE/sub_pe/segmented_256bit_full_butterfly.v:78]
INFO: [Synth 8-5844] Detected registers with asynchronous reset at DSP/BRAM block boundary. Consider using synchronous reset for optimal packing [f:/experiment/NTT/1/sum/ntt_3_tfdg_full_twiddle_4_2_sum_axi_3/ntt_1/ntt_1.srcs/sources_1/bd/design_1/ntt_ip/ip/src/PE/sub_pe/segmented_256bit_full_butterfly.v:78]
INFO: [Synth 8-5844] Detected registers with asynchronous reset at DSP/BRAM block boundary. Consider using synchronous reset for optimal packing [f:/experiment/NTT/1/sum/ntt_3_tfdg_full_twiddle_4_2_sum_axi_3/ntt_1/ntt_1.srcs/sources_1/bd/design_1/ntt_ip/ip/src/PE/sub_pe/segmented_256bit_full_butterfly.v:78]
INFO: [Synth 8-5844] Detected registers with asynchronous reset at DSP/BRAM block boundary. Consider using synchronous reset for optimal packing [f:/experiment/NTT/1/sum/ntt_3_tfdg_full_twiddle_4_2_sum_axi_3/ntt_1/ntt_1.srcs/sources_1/bd/design_1/ntt_ip/ip/src/PE/sub_pe/segmented_256bit_full_butterfly.v:78]
INFO: [Synth 8-5844] Detected registers with asynchronous reset at DSP/BRAM block boundary. Consider using synchronous reset for optimal packing [f:/experiment/NTT/1/sum/ntt_3_tfdg_full_twiddle_4_2_sum_axi_3/ntt_1/ntt_1.srcs/sources_1/bd/design_1/ntt_ip/ip/src/PE/sub_pe/segmented_256bit_full_butterfly.v:78]
INFO: [Synth 8-5844] Detected registers with asynchronous reset at DSP/BRAM block boundary. Consider using synchronous reset for optimal packing [f:/experiment/NTT/1/sum/ntt_3_tfdg_full_twiddle_4_2_sum_axi_3/ntt_1/ntt_1.srcs/sources_1/bd/design_1/ntt_ip/ip/src/PE/sub_pe/segmented_256bit_full_butterfly.v:78]
INFO: [Synth 8-5844] Detected registers with asynchronous reset at DSP/BRAM block boundary. Consider using synchronous reset for optimal packing [f:/experiment/NTT/1/sum/ntt_3_tfdg_full_twiddle_4_2_sum_axi_3/ntt_1/ntt_1.srcs/sources_1/bd/design_1/ntt_ip/ip/src/PE/sub_pe/segmented_256bit_full_butterfly.v:78]
INFO: [Synth 8-5844] Detected registers with asynchronous reset at DSP/BRAM block boundary. Consider using synchronous reset for optimal packing [f:/experiment/NTT/1/sum/ntt_3_tfdg_full_twiddle_4_2_sum_axi_3/ntt_1/ntt_1.srcs/sources_1/bd/design_1/ntt_ip/ip/src/PE/sub_pe/segmented_256bit_full_butterfly.v:78]
INFO: [Synth 8-5844] Detected registers with asynchronous reset at DSP/BRAM block boundary. Consider using synchronous reset for optimal packing [f:/experiment/NTT/1/sum/ntt_3_tfdg_full_twiddle_4_2_sum_axi_3/ntt_1/ntt_1.srcs/sources_1/bd/design_1/ntt_ip/ip/src/PE/sub_pe/segmented_256bit_full_butterfly.v:78]
INFO: [Synth 8-5844] Detected registers with asynchronous reset at DSP/BRAM block boundary. Consider using synchronous reset for optimal packing [f:/experiment/NTT/1/sum/ntt_3_tfdg_full_twiddle_4_2_sum_axi_3/ntt_1/ntt_1.srcs/sources_1/bd/design_1/ntt_ip/ip/src/PE/sub_pe/segmented_256bit_full_butterfly.v:78]
INFO: [Synth 8-5844] Detected registers with asynchronous reset at DSP/BRAM block boundary. Consider using synchronous reset for optimal packing [f:/experiment/NTT/1/sum/ntt_3_tfdg_full_twiddle_4_2_sum_axi_3/ntt_1/ntt_1.srcs/sources_1/bd/design_1/ntt_ip/ip/src/PE/sub_pe/segmented_256bit_full_butterfly.v:78]
INFO: [Synth 8-5844] Detected registers with asynchronous reset at DSP/BRAM block boundary. Consider using synchronous reset for optimal packing [f:/experiment/NTT/1/sum/ntt_3_tfdg_full_twiddle_4_2_sum_axi_3/ntt_1/ntt_1.srcs/sources_1/bd/design_1/ntt_ip/ip/src/PE/sub_pe/segmented_256bit_full_butterfly.v:78]
INFO: [Synth 8-5844] Detected registers with asynchronous reset at DSP/BRAM block boundary. Consider using synchronous reset for optimal packing [f:/experiment/NTT/1/sum/ntt_3_tfdg_full_twiddle_4_2_sum_axi_3/ntt_1/ntt_1.srcs/sources_1/bd/design_1/ntt_ip/ip/src/PE/sub_pe/segmented_256bit_full_butterfly.v:78]
INFO: [Common 17-14] Message 'Synth 8-3332' appears 100 times and further instances of the messages will be disabled. Use the Tcl command set_msg_config to change the current settings.
---------------------------------------------------------------------------------
Finished Technology Mapping : Time (s): cpu = 00:04:29 ; elapsed = 00:14:14 . Memory (MB): peak = 7792.504 ; gain = 7138.215
---------------------------------------------------------------------------------

Report RTL Partitions: 
+------+-----------------------------------+------------+----------+
|      |RTL Partition                      |Replication |Instances |
+------+-----------------------------------+------------+----------+
|1     |winograd_pre_transform__GB0        |           1|      4039|
|2     |winograd_pre_transform__GB1        |           1|      2397|
|3     |winograd_pre_transform__GB2        |           1|      2420|
|4     |winograd_pre_transform__GB3        |           1|      4437|
|5     |winograd_pre_transform__GB4        |           1|      6025|
|6     |segmented_256bit_full_butterfly    |           4|        33|
|7     |reconfigurable_3d_pe_top__GC0      |           1|        57|
|8     |ntt_axi_accelerator_v1_0__GC0      |           1|     15400|
|9     |segmented_256bit_full_butterfly__1 |           4|        33|
+------+-----------------------------------+------------+----------+
---------------------------------------------------------------------------------
Start IO Insertion
---------------------------------------------------------------------------------
---------------------------------------------------------------------------------
Start Flattening Before IO Insertion
---------------------------------------------------------------------------------
---------------------------------------------------------------------------------
Finished Flattening Before IO Insertion
---------------------------------------------------------------------------------
---------------------------------------------------------------------------------
Start Final Netlist Cleanup
---------------------------------------------------------------------------------
---------------------------------------------------------------------------------
Finished Final Netlist Cleanup
---------------------------------------------------------------------------------
---------------------------------------------------------------------------------
Finished IO Insertion : Time (s): cpu = 00:04:31 ; elapsed = 00:14:22 . Memory (MB): peak = 7792.504 ; gain = 7138.215
---------------------------------------------------------------------------------

Report Check Netlist: 
+------+------------------+-------+---------+-------+------------------+
|      |Item              |Errors |Warnings |Status |Description       |
+------+------------------+-------+---------+-------+------------------+
|1     |multi_driven_nets |      0|        0|Passed |Multi driven nets |
+------+------------------+-------+---------+-------+------------------+
---------------------------------------------------------------------------------
Start Renaming Generated Instances
---------------------------------------------------------------------------------
---------------------------------------------------------------------------------
Finished Renaming Generated Instances : Time (s): cpu = 00:04:31 ; elapsed = 00:14:22 . Memory (MB): peak = 7792.504 ; gain = 7138.215
---------------------------------------------------------------------------------

Report RTL Partitions: 
+-+--------------+------------+----------+
| |RTL Partition |Replication |Instances |
+-+--------------+------------+----------+
+-+--------------+------------+----------+
---------------------------------------------------------------------------------
Start Rebuilding User Hierarchy
---------------------------------------------------------------------------------
---------------------------------------------------------------------------------
Finished Rebuilding User Hierarchy : Time (s): cpu = 00:04:32 ; elapsed = 00:14:23 . Memory (MB): peak = 7792.504 ; gain = 7138.215
---------------------------------------------------------------------------------
---------------------------------------------------------------------------------
Start Renaming Generated Ports
---------------------------------------------------------------------------------
---------------------------------------------------------------------------------
Finished Renaming Generated Ports : Time (s): cpu = 00:04:32 ; elapsed = 00:14:23 . Memory (MB): peak = 7792.504 ; gain = 7138.215
---------------------------------------------------------------------------------
---------------------------------------------------------------------------------
Start Handling Custom Attributes
---------------------------------------------------------------------------------
---------------------------------------------------------------------------------
Finished Handling Custom Attributes : Time (s): cpu = 00:04:32 ; elapsed = 00:14:23 . Memory (MB): peak = 7792.504 ; gain = 7138.215
---------------------------------------------------------------------------------
---------------------------------------------------------------------------------
Start Renaming Generated Nets
---------------------------------------------------------------------------------
---------------------------------------------------------------------------------
Finished Renaming Generated Nets : Time (s): cpu = 00:04:32 ; elapsed = 00:14:23 . Memory (MB): peak = 7792.504 ; gain = 7138.215
---------------------------------------------------------------------------------
---------------------------------------------------------------------------------
Start ROM, RAM, DSP and Shift Register Reporting
---------------------------------------------------------------------------------

Static Shift Register Report:
+---------------------------------+-----------------------------------------------------------------+--------+-------+--------------+--------------------+-------------------+--------+---------+
|Module Name                      | RTL Name                                                        | Length | Width | Reset Signal | Pull out first Reg | Pull out last Reg | SRL16E | SRLC32E | 
+---------------------------------+-----------------------------------------------------------------+--------+-------+--------------+--------------------+-------------------+--------+---------+
|design_1_ntt_axi_accelerator_0_0 | inst/u_ntt_core/core_array[0].u_core/u_montgomery/valid_out_reg | 5      | 8     | YES          | NO                 | YES               | 8      | 0       | 
+---------------------------------+-----------------------------------------------------------------+--------+-------+--------------+--------------------+-------------------+--------+---------+

---------------------------------------------------------------------------------
Finished ROM, RAM, DSP and Shift Register Reporting
---------------------------------------------------------------------------------
---------------------------------------------------------------------------------
Start Writing Synthesis Report
---------------------------------------------------------------------------------

Report BlackBoxes: 
+-+--------------+----------+
| |BlackBox name |Instances |
+-+--------------+----------+
+-+--------------+----------+

Report Cell Usage: 
+------+-------+------+
|      |Cell   |Count |
+------+-------+------+
|1     |LUT1   |     1|
|2     |LUT2   |   212|
|3     |LUT3   |  4143|
|4     |LUT4   |   156|
|5     |LUT5   |   384|
|6     |LUT6   |  1694|
|7     |MUXF7  |   512|
|8     |MUXF8  |   256|
|9     |SRL16E |     8|
|10    |FDCE   |   102|
|11    |FDPE   |     1|
|12    |FDRE   |  8314|
|13    |FDSE   |     1|
+------+-------+------+

Report Instance Areas: 
+------+------------------------------------------+----------------------------------+------+
|      |Instance                                  |Module                            |Cells |
+------+------------------------------------------+----------------------------------+------+
|1     |top                                       |                                  | 15784|
|2     |  inst                                    |ntt_axi_accelerator_v1_0          | 15784|
|3     |    ntt_axi_accelerator_v1_0_S00_AXI_inst |ntt_axi_accelerator_v1_0_S00_AXI  | 15475|
|4     |    u_ntt_core                            |reconfigurable_3d_pe_top          |   308|
|5     |      \core_array[0].u_core               |segmented_256bit_full_butterfly   |    30|
|6     |        u_montgomery                      |montgomery_pipeline_13            |     3|
|7     |      \core_array[1].u_core               |segmented_256bit_full_butterfly_0 |    31|
|8     |        u_montgomery                      |montgomery_pipeline_12            |     3|
|9     |      \core_array[2].u_core               |segmented_256bit_full_butterfly_1 |    30|
|10    |        u_montgomery                      |montgomery_pipeline_11            |     3|
|11    |      \core_array[3].u_core               |segmented_256bit_full_butterfly_2 |    31|
|12    |        u_montgomery                      |montgomery_pipeline_10            |     3|
|13    |      \core_array[4].u_core               |segmented_256bit_full_butterfly_3 |    30|
|14    |        u_montgomery                      |montgomery_pipeline_9             |     3|
|15    |      \core_array[5].u_core               |segmented_256bit_full_butterfly_4 |    30|
|16    |        u_montgomery                      |montgomery_pipeline_8             |     3|
|17    |      \core_array[6].u_core               |segmented_256bit_full_butterfly_5 |    33|
|18    |        u_montgomery                      |montgomery_pipeline_7             |     3|
|19    |      \core_array[7].u_core               |segmented_256bit_full_butterfly_6 |    31|
|20    |        u_montgomery                      |montgomery_pipeline               |     3|
|21    |      u_winograd_post                     |winograd_post_transform           |    43|
+------+------------------------------------------+----------------------------------+------+
---------------------------------------------------------------------------------
Finished Writing Synthesis Report : Time (s): cpu = 00:04:32 ; elapsed = 00:14:23 . Memory (MB): peak = 7792.504 ; gain = 7138.215
---------------------------------------------------------------------------------
Synthesis finished with 0 errors, 0 critical warnings and 307 warnings.
Synthesis Optimization Runtime : Time (s): cpu = 00:04:09 ; elapsed = 00:14:10 . Memory (MB): peak = 7792.504 ; gain = 6822.879
Synthesis Optimization Complete : Time (s): cpu = 00:04:32 ; elapsed = 00:14:29 . Memory (MB): peak = 7792.504 ; gain = 7138.215
INFO: [Project 1-571] Translating synthesized netlist
INFO: [Netlist 29-17] Analyzing 768 Unisim elements for replacement
INFO: [Netlist 29-28] Unisim Transformation completed in 0 CPU seconds
WARNING: [Netlist 29-101] Netlist 'design_1_ntt_axi_accelerator_0_0' is not ideal for floorplanning, since the cellview 'ntt_axi_accelerator_v1_0_S00_AXI' contains a large number of primitives.  Please consider enabling hierarchy in synthesis if you want to do floorplanning.
INFO: [Project 1-570] Preparing netlist for logic optimization
INFO: [Opt 31-138] Pushed 0 inverter(s) to 0 load pin(s).
Netlist sorting complete. Time (s): cpu = 00:00:00 ; elapsed = 00:00:00.004 . Memory (MB): peak = 7792.504 ; gain = 0.000
INFO: [Project 1-111] Unisim Transformation Summary:
No Unisim elements were transformed.

INFO: [Common 17-83] Releasing license: Synthesis
351 Infos, 274 Warnings, 0 Critical Warnings and 0 Errors encountered.
synth_design completed successfully
synth_design: Time (s): cpu = 00:04:37 ; elapsed = 00:14:45 . Memory (MB): peak = 7792.504 ; gain = 7406.527
Netlist sorting complete. Time (s): cpu = 00:00:00 ; elapsed = 00:00:00.004 . Memory (MB): peak = 7792.504 ; gain = 0.000
WARNING: [Constraints 18-5210] No constraints selected for write.
Resolution: This message can indicate that there are no constraints for the design, or it can indicate that the used_in flags are set such that the constraints are ignored. This later case is used when running synth_design to not write synthesis constraints to the resulting checkpoint. Instead, project constraints are read when the synthesized design is opened.
INFO: [Common 17-1381] The checkpoint 'F:/experiment/NTT/1/sum/ntt_3_tfdg_full_twiddle_4_2_sum_axi_3/ntt_1/ntt_1.runs/design_1_ntt_axi_accelerator_0_0_synth_1/design_1_ntt_axi_accelerator_0_0.dcp' has been generated.
WARNING: [Common 17-576] 'use_project_ipc' is deprecated. This option is deprecated and no longer used.
INFO: [Coretcl 2-1648] Added synthesis output to IP cache for IP design_1_ntt_axi_accelerator_0_0, cache-ID = a8fef07c0a23778a
INFO: [Coretcl 2-1174] Renamed 20 cell refs.
Netlist sorting complete. Time (s): cpu = 00:00:00 ; elapsed = 00:00:00.004 . Memory (MB): peak = 7792.504 ; gain = 0.000
WARNING: [Constraints 18-5210] No constraints selected for write.
Resolution: This message can indicate that there are no constraints for the design, or it can indicate that the used_in flags are set such that the constraints are ignored. This later case is used when running synth_design to not write synthesis constraints to the resulting checkpoint. Instead, project constraints are read when the synthesized design is opened.
INFO: [Common 17-1381] The checkpoint 'F:/experiment/NTT/1/sum/ntt_3_tfdg_full_twiddle_4_2_sum_axi_3/ntt_1/ntt_1.runs/design_1_ntt_axi_accelerator_0_0_synth_1/design_1_ntt_axi_accelerator_0_0.dcp' has been generated.
INFO: [runtcl-4] Executing : report_utilization -file design_1_ntt_axi_accelerator_0_0_utilization_synth.rpt -pb design_1_ntt_axi_accelerator_0_0_utilization_synth.pb
INFO: [Common 17-206] Exiting Vivado at Thu Apr 30 13:19:30 2026...
