15:07:03 INFO  : Registering command handlers for SDK TCF services
15:07:03 INFO  : Launching XSCT server: xsct.bat -interactive F:\experiment\NTT\1\sum\ntt_3_tfdg_full_twiddle_4_2_sum_axi_3\ntt_1\vitis_4\temp_xsdb_launch_script.tcl
15:07:07 INFO  : XSCT server has started successfully.
15:07:07 INFO  : Successfully done setting XSCT server connection channel  
15:07:07 INFO  : Successfully done setting SDK workspace  
15:07:07 INFO  : Processing command line option -hwspec F:/experiment/NTT/1/sum/ntt_3_tfdg_full_twiddle_4_2_sum_axi_3/ntt_1/vitis_4/design_1_wrapper.hdf.
15:08:47 INFO  : 'targets -set -filter {jtag_cable_name =~ "Digilent JTAG-HS1 210512180081" && level==0} -index 1' command is executed.
15:08:47 INFO  : 'fpga -state' command is executed.
15:08:47 INFO  : Connected to target on host '127.0.0.1' and port '3121'.
15:08:47 INFO  : Jtag cable 'Digilent JTAG-HS1 210512180081' is selected.
15:08:47 INFO  : 'jtag frequency' command is executed.
15:08:47 INFO  : Sourcing of 'F:/experiment/NTT/1/sum/ntt_3_tfdg_full_twiddle_4_2_sum_axi_3/ntt_1/vitis_4/design_1_wrapper_hw_platform_0/ps7_init.tcl' is done.
15:08:47 INFO  : Context for 'APU' is selected.
15:08:48 INFO  : Hardware design information is loaded from 'F:/experiment/NTT/1/sum/ntt_3_tfdg_full_twiddle_4_2_sum_axi_3/ntt_1/vitis_4/design_1_wrapper_hw_platform_0/system.hdf'.
15:08:48 INFO  : 'configparams force-mem-access 1' command is executed.
15:08:48 INFO  : Context for 'APU' is selected.
15:08:48 INFO  : 'stop' command is executed.
15:08:48 INFO  : 'ps7_init' command is executed.
15:08:48 INFO  : 'ps7_post_config' command is executed.
15:08:48 INFO  : Context for processor 'ps7_cortexa9_0' is selected.
15:08:48 INFO  : Processor reset is completed for 'ps7_cortexa9_0'.
15:08:48 INFO  : Context for processor 'ps7_cortexa9_0' is selected.
15:08:48 INFO  : The application 'F:/experiment/NTT/1/sum/ntt_3_tfdg_full_twiddle_4_2_sum_axi_3/ntt_1/vitis_4/ntt/Debug/ntt.elf' is downloaded to processor 'ps7_cortexa9_0'.
15:08:48 INFO  : 'configparams force-mem-access 0' command is executed.
15:08:48 INFO  : ----------------XSDB Script----------------
connect -url tcp:127.0.0.1:3121
source F:/experiment/NTT/1/sum/ntt_3_tfdg_full_twiddle_4_2_sum_axi_3/ntt_1/vitis_4/design_1_wrapper_hw_platform_0/ps7_init.tcl
targets -set -nocase -filter {name =~"APU*" && jtag_cable_name =~ "Digilent JTAG-HS1 210512180081"} -index 0
loadhw -hw F:/experiment/NTT/1/sum/ntt_3_tfdg_full_twiddle_4_2_sum_axi_3/ntt_1/vitis_4/design_1_wrapper_hw_platform_0/system.hdf -mem-ranges [list {0x40000000 0xbfffffff}]
configparams force-mem-access 1
targets -set -nocase -filter {name =~"APU*" && jtag_cable_name =~ "Digilent JTAG-HS1 210512180081"} -index 0
stop
ps7_init
ps7_post_config
targets -set -nocase -filter {name =~ "ARM*#0" && jtag_cable_name =~ "Digilent JTAG-HS1 210512180081"} -index 0
rst -processor
targets -set -nocase -filter {name =~ "ARM*#0" && jtag_cable_name =~ "Digilent JTAG-HS1 210512180081"} -index 0
dow F:/experiment/NTT/1/sum/ntt_3_tfdg_full_twiddle_4_2_sum_axi_3/ntt_1/vitis_4/ntt/Debug/ntt.elf
configparams force-mem-access 0
----------------End of Script----------------

15:08:48 INFO  : Memory regions updated for context APU
15:08:48 INFO  : Context for processor 'ps7_cortexa9_0' is selected.
15:08:48 INFO  : 'con' command is executed.
15:08:48 INFO  : ----------------XSDB Script (After Launch)----------------
targets -set -nocase -filter {name =~ "ARM*#0" && jtag_cable_name =~ "Digilent JTAG-HS1 210512180081"} -index 0
con
----------------End of Script----------------

15:08:48 INFO  : Launch script is exported to file 'F:\experiment\NTT\1\sum\ntt_3_tfdg_full_twiddle_4_2_sum_axi_3\ntt_1\vitis_4\.sdk\launch_scripts\xilinx_c-c++_application_(system_debugger)\system_debugger_using_debug_ntt.elf_on_local.tcl'
15:09:25 INFO  : Disconnected from the channel tcfchan#1.
15:09:27 INFO  : 'targets -set -filter {jtag_cable_name =~ "Digilent JTAG-HS1 210512180081" && level==0} -index 1' command is executed.
15:09:27 INFO  : 'fpga -state' command is executed.
15:09:27 INFO  : Connected to target on host '127.0.0.1' and port '3121'.
15:09:27 INFO  : Jtag cable 'Digilent JTAG-HS1 210512180081' is selected.
15:09:27 INFO  : 'jtag frequency' command is executed.
15:09:27 INFO  : Sourcing of 'F:/experiment/NTT/1/sum/ntt_3_tfdg_full_twiddle_4_2_sum_axi_3/ntt_1/vitis_4/design_1_wrapper_hw_platform_0/ps7_init.tcl' is done.
15:09:27 INFO  : Context for 'APU' is selected.
15:09:28 INFO  : Hardware design information is loaded from 'F:/experiment/NTT/1/sum/ntt_3_tfdg_full_twiddle_4_2_sum_axi_3/ntt_1/vitis_4/design_1_wrapper_hw_platform_0/system.hdf'.
15:09:28 INFO  : 'configparams force-mem-access 1' command is executed.
15:09:28 INFO  : Context for 'APU' is selected.
15:09:28 INFO  : 'stop' command is executed.
15:09:29 INFO  : 'ps7_init' command is executed.
15:09:29 INFO  : 'ps7_post_config' command is executed.
15:09:29 INFO  : Context for processor 'ps7_cortexa9_0' is selected.
15:09:29 INFO  : Processor reset is completed for 'ps7_cortexa9_0'.
15:09:29 INFO  : Context for processor 'ps7_cortexa9_0' is selected.
15:09:29 INFO  : The application 'F:/experiment/NTT/1/sum/ntt_3_tfdg_full_twiddle_4_2_sum_axi_3/ntt_1/vitis_4/ntt/Debug/ntt.elf' is downloaded to processor 'ps7_cortexa9_0'.
15:09:29 INFO  : 'configparams force-mem-access 0' command is executed.
15:09:29 INFO  : ----------------XSDB Script----------------
connect -url tcp:127.0.0.1:3121
source F:/experiment/NTT/1/sum/ntt_3_tfdg_full_twiddle_4_2_sum_axi_3/ntt_1/vitis_4/design_1_wrapper_hw_platform_0/ps7_init.tcl
targets -set -nocase -filter {name =~"APU*" && jtag_cable_name =~ "Digilent JTAG-HS1 210512180081"} -index 0
loadhw -hw F:/experiment/NTT/1/sum/ntt_3_tfdg_full_twiddle_4_2_sum_axi_3/ntt_1/vitis_4/design_1_wrapper_hw_platform_0/system.hdf -mem-ranges [list {0x40000000 0xbfffffff}]
configparams force-mem-access 1
targets -set -nocase -filter {name =~"APU*" && jtag_cable_name =~ "Digilent JTAG-HS1 210512180081"} -index 0
stop
ps7_init
ps7_post_config
targets -set -nocase -filter {name =~ "ARM*#0" && jtag_cable_name =~ "Digilent JTAG-HS1 210512180081"} -index 0
rst -processor
targets -set -nocase -filter {name =~ "ARM*#0" && jtag_cable_name =~ "Digilent JTAG-HS1 210512180081"} -index 0
dow F:/experiment/NTT/1/sum/ntt_3_tfdg_full_twiddle_4_2_sum_axi_3/ntt_1/vitis_4/ntt/Debug/ntt.elf
configparams force-mem-access 0
----------------End of Script----------------

15:09:29 INFO  : Memory regions updated for context APU
15:09:29 INFO  : Context for processor 'ps7_cortexa9_0' is selected.
15:09:29 INFO  : 'con' command is executed.
15:09:29 INFO  : ----------------XSDB Script (After Launch)----------------
targets -set -nocase -filter {name =~ "ARM*#0" && jtag_cable_name =~ "Digilent JTAG-HS1 210512180081"} -index 0
con
----------------End of Script----------------

15:09:29 INFO  : Launch script is exported to file 'F:\experiment\NTT\1\sum\ntt_3_tfdg_full_twiddle_4_2_sum_axi_3\ntt_1\vitis_4\.sdk\launch_scripts\xilinx_c-c++_application_(system_debugger)\system_debugger_using_debug_ntt.elf_on_local.tcl'
15:11:14 INFO  : Disconnected from the channel tcfchan#2.
15:11:15 INFO  : Connected to target on host '127.0.0.1' and port '3121'.
15:11:15 INFO  : Jtag cable 'Digilent JTAG-HS1 210512180081' is selected.
15:11:15 INFO  : 'jtag frequency' command is executed.
15:11:15 INFO  : Sourcing of 'F:/experiment/NTT/1/sum/ntt_3_tfdg_full_twiddle_4_2_sum_axi_3/ntt_1/vitis_4/design_1_wrapper_hw_platform_0/ps7_init.tcl' is done.
15:11:15 INFO  : Context for 'APU' is selected.
15:11:15 INFO  : System reset is completed.
15:11:18 INFO  : 'after 3000' command is executed.
15:11:18 INFO  : 'targets -set -filter {jtag_cable_name =~ "Digilent JTAG-HS1 210512180081" && level==0} -index 1' command is executed.
15:11:22 INFO  : FPGA configured successfully with bitstream "F:/experiment/NTT/1/sum/ntt_3_tfdg_full_twiddle_4_2_sum_axi_3/ntt_1/vitis_4/design_1_wrapper_hw_platform_0/design_1_wrapper.bit"
15:11:22 INFO  : Context for 'APU' is selected.
15:11:23 INFO  : Hardware design information is loaded from 'F:/experiment/NTT/1/sum/ntt_3_tfdg_full_twiddle_4_2_sum_axi_3/ntt_1/vitis_4/design_1_wrapper_hw_platform_0/system.hdf'.
15:11:23 INFO  : 'configparams force-mem-access 1' command is executed.
15:11:23 INFO  : Context for 'APU' is selected.
15:11:23 INFO  : 'ps7_init' command is executed.
15:11:23 INFO  : 'ps7_post_config' command is executed.
15:11:23 INFO  : Context for processor 'ps7_cortexa9_0' is selected.
15:11:23 INFO  : The application 'F:/experiment/NTT/1/sum/ntt_3_tfdg_full_twiddle_4_2_sum_axi_3/ntt_1/vitis_4/ntt/Debug/ntt.elf' is downloaded to processor 'ps7_cortexa9_0'.
15:11:23 INFO  : 'configparams force-mem-access 0' command is executed.
15:11:23 INFO  : ----------------XSDB Script----------------
connect -url tcp:127.0.0.1:3121
source F:/experiment/NTT/1/sum/ntt_3_tfdg_full_twiddle_4_2_sum_axi_3/ntt_1/vitis_4/design_1_wrapper_hw_platform_0/ps7_init.tcl
targets -set -nocase -filter {name =~"APU*" && jtag_cable_name =~ "Digilent JTAG-HS1 210512180081"} -index 0
rst -system
after 3000
targets -set -filter {jtag_cable_name =~ "Digilent JTAG-HS1 210512180081" && level==0} -index 1
fpga -file F:/experiment/NTT/1/sum/ntt_3_tfdg_full_twiddle_4_2_sum_axi_3/ntt_1/vitis_4/design_1_wrapper_hw_platform_0/design_1_wrapper.bit
targets -set -nocase -filter {name =~"APU*" && jtag_cable_name =~ "Digilent JTAG-HS1 210512180081"} -index 0
loadhw -hw F:/experiment/NTT/1/sum/ntt_3_tfdg_full_twiddle_4_2_sum_axi_3/ntt_1/vitis_4/design_1_wrapper_hw_platform_0/system.hdf -mem-ranges [list {0x40000000 0xbfffffff}]
configparams force-mem-access 1
targets -set -nocase -filter {name =~"APU*" && jtag_cable_name =~ "Digilent JTAG-HS1 210512180081"} -index 0
ps7_init
ps7_post_config
targets -set -nocase -filter {name =~ "ARM*#0" && jtag_cable_name =~ "Digilent JTAG-HS1 210512180081"} -index 0
dow F:/experiment/NTT/1/sum/ntt_3_tfdg_full_twiddle_4_2_sum_axi_3/ntt_1/vitis_4/ntt/Debug/ntt.elf
configparams force-mem-access 0
----------------End of Script----------------

15:11:24 INFO  : Memory regions updated for context APU
15:11:24 INFO  : Context for processor 'ps7_cortexa9_0' is selected.
15:11:24 INFO  : 'con' command is executed.
15:11:24 INFO  : ----------------XSDB Script (After Launch)----------------
targets -set -nocase -filter {name =~ "ARM*#0" && jtag_cable_name =~ "Digilent JTAG-HS1 210512180081"} -index 0
con
----------------End of Script----------------

15:11:24 INFO  : Launch script is exported to file 'F:\experiment\NTT\1\sum\ntt_3_tfdg_full_twiddle_4_2_sum_axi_3\ntt_1\vitis_4\.sdk\launch_scripts\xilinx_c-c++_application_(system_debugger)\system_debugger_using_debug_ntt.elf_on_local.tcl'
15:12:52 INFO  : Disconnected from the channel tcfchan#3.
15:12:53 INFO  : Connected to target on host '127.0.0.1' and port '3121'.
15:12:54 INFO  : Jtag cable 'Digilent JTAG-HS1 210512180081' is selected.
15:12:54 INFO  : 'jtag frequency' command is executed.
15:12:54 INFO  : Sourcing of 'F:/experiment/NTT/1/sum/ntt_3_tfdg_full_twiddle_4_2_sum_axi_3/ntt_1/vitis_4/design_1_wrapper_hw_platform_0/ps7_init.tcl' is done.
15:12:54 INFO  : Context for 'APU' is selected.
15:12:54 INFO  : System reset is completed.
15:12:57 INFO  : 'after 3000' command is executed.
15:12:57 INFO  : 'targets -set -filter {jtag_cable_name =~ "Digilent JTAG-HS1 210512180081" && level==0} -index 1' command is executed.
15:13:00 INFO  : FPGA configured successfully with bitstream "F:/experiment/NTT/1/sum/ntt_3_tfdg_full_twiddle_4_2_sum_axi_3/ntt_1/vitis_4/design_1_wrapper_hw_platform_0/design_1_wrapper.bit"
15:13:01 INFO  : Context for 'APU' is selected.
15:13:02 INFO  : Hardware design information is loaded from 'F:/experiment/NTT/1/sum/ntt_3_tfdg_full_twiddle_4_2_sum_axi_3/ntt_1/vitis_4/design_1_wrapper_hw_platform_0/system.hdf'.
15:13:02 INFO  : 'configparams force-mem-access 1' command is executed.
15:13:02 INFO  : Context for 'APU' is selected.
15:13:02 INFO  : 'ps7_init' command is executed.
15:13:02 INFO  : 'ps7_post_config' command is executed.
15:13:02 INFO  : Context for processor 'ps7_cortexa9_0' is selected.
15:13:02 INFO  : The application 'F:/experiment/NTT/1/sum/ntt_3_tfdg_full_twiddle_4_2_sum_axi_3/ntt_1/vitis_4/ntt/Debug/ntt.elf' is downloaded to processor 'ps7_cortexa9_0'.
15:13:02 INFO  : 'configparams force-mem-access 0' command is executed.
15:13:02 INFO  : ----------------XSDB Script----------------
connect -url tcp:127.0.0.1:3121
source F:/experiment/NTT/1/sum/ntt_3_tfdg_full_twiddle_4_2_sum_axi_3/ntt_1/vitis_4/design_1_wrapper_hw_platform_0/ps7_init.tcl
targets -set -nocase -filter {name =~"APU*" && jtag_cable_name =~ "Digilent JTAG-HS1 210512180081"} -index 0
rst -system
after 3000
targets -set -filter {jtag_cable_name =~ "Digilent JTAG-HS1 210512180081" && level==0} -index 1
fpga -file F:/experiment/NTT/1/sum/ntt_3_tfdg_full_twiddle_4_2_sum_axi_3/ntt_1/vitis_4/design_1_wrapper_hw_platform_0/design_1_wrapper.bit
targets -set -nocase -filter {name =~"APU*" && jtag_cable_name =~ "Digilent JTAG-HS1 210512180081"} -index 0
loadhw -hw F:/experiment/NTT/1/sum/ntt_3_tfdg_full_twiddle_4_2_sum_axi_3/ntt_1/vitis_4/design_1_wrapper_hw_platform_0/system.hdf -mem-ranges [list {0x40000000 0xbfffffff}]
configparams force-mem-access 1
targets -set -nocase -filter {name =~"APU*" && jtag_cable_name =~ "Digilent JTAG-HS1 210512180081"} -index 0
ps7_init
ps7_post_config
targets -set -nocase -filter {name =~ "ARM*#0" && jtag_cable_name =~ "Digilent JTAG-HS1 210512180081"} -index 0
dow F:/experiment/NTT/1/sum/ntt_3_tfdg_full_twiddle_4_2_sum_axi_3/ntt_1/vitis_4/ntt/Debug/ntt.elf
configparams force-mem-access 0
----------------End of Script----------------

15:13:02 INFO  : Memory regions updated for context APU
15:13:02 INFO  : Context for processor 'ps7_cortexa9_0' is selected.
15:13:03 INFO  : 'con' command is executed.
15:13:03 INFO  : ----------------XSDB Script (After Launch)----------------
targets -set -nocase -filter {name =~ "ARM*#0" && jtag_cable_name =~ "Digilent JTAG-HS1 210512180081"} -index 0
con
----------------End of Script----------------

15:13:03 INFO  : Launch script is exported to file 'F:\experiment\NTT\1\sum\ntt_3_tfdg_full_twiddle_4_2_sum_axi_3\ntt_1\vitis_4\.sdk\launch_scripts\xilinx_c-c++_application_(system_debugger)\system_debugger_using_debug_ntt.elf_on_local.tcl'
15:14:57 INFO  : Disconnected from the channel tcfchan#4.
15:14:58 INFO  : Connected to target on host '127.0.0.1' and port '3121'.
15:14:58 INFO  : Jtag cable 'Digilent JTAG-HS1 210512180081' is selected.
15:14:58 INFO  : 'jtag frequency' command is executed.
15:14:58 INFO  : Sourcing of 'F:/experiment/NTT/1/sum/ntt_3_tfdg_full_twiddle_4_2_sum_axi_3/ntt_1/vitis_4/design_1_wrapper_hw_platform_0/ps7_init.tcl' is done.
15:14:58 INFO  : Context for 'APU' is selected.
15:14:58 INFO  : System reset is completed.
15:15:01 INFO  : 'after 3000' command is executed.
15:15:01 INFO  : 'targets -set -filter {jtag_cable_name =~ "Digilent JTAG-HS1 210512180081" && level==0} -index 1' command is executed.
15:15:05 INFO  : FPGA configured successfully with bitstream "F:/experiment/NTT/1/sum/ntt_3_tfdg_full_twiddle_4_2_sum_axi_3/ntt_1/vitis_4/design_1_wrapper_hw_platform_0/design_1_wrapper.bit"
15:15:05 INFO  : Context for 'APU' is selected.
15:15:06 INFO  : Hardware design information is loaded from 'F:/experiment/NTT/1/sum/ntt_3_tfdg_full_twiddle_4_2_sum_axi_3/ntt_1/vitis_4/design_1_wrapper_hw_platform_0/system.hdf'.
15:15:06 INFO  : 'configparams force-mem-access 1' command is executed.
15:15:06 INFO  : Context for 'APU' is selected.
15:15:07 INFO  : 'ps7_init' command is executed.
15:15:07 INFO  : 'ps7_post_config' command is executed.
15:15:07 INFO  : Context for processor 'ps7_cortexa9_0' is selected.
15:15:07 INFO  : The application 'F:/experiment/NTT/1/sum/ntt_3_tfdg_full_twiddle_4_2_sum_axi_3/ntt_1/vitis_4/ntt/Debug/ntt.elf' is downloaded to processor 'ps7_cortexa9_0'.
15:15:07 INFO  : 'configparams force-mem-access 0' command is executed.
15:15:07 INFO  : ----------------XSDB Script----------------
connect -url tcp:127.0.0.1:3121
source F:/experiment/NTT/1/sum/ntt_3_tfdg_full_twiddle_4_2_sum_axi_3/ntt_1/vitis_4/design_1_wrapper_hw_platform_0/ps7_init.tcl
targets -set -nocase -filter {name =~"APU*" && jtag_cable_name =~ "Digilent JTAG-HS1 210512180081"} -index 0
rst -system
after 3000
targets -set -filter {jtag_cable_name =~ "Digilent JTAG-HS1 210512180081" && level==0} -index 1
fpga -file F:/experiment/NTT/1/sum/ntt_3_tfdg_full_twiddle_4_2_sum_axi_3/ntt_1/vitis_4/design_1_wrapper_hw_platform_0/design_1_wrapper.bit
targets -set -nocase -filter {name =~"APU*" && jtag_cable_name =~ "Digilent JTAG-HS1 210512180081"} -index 0
loadhw -hw F:/experiment/NTT/1/sum/ntt_3_tfdg_full_twiddle_4_2_sum_axi_3/ntt_1/vitis_4/design_1_wrapper_hw_platform_0/system.hdf -mem-ranges [list {0x40000000 0xbfffffff}]
configparams force-mem-access 1
targets -set -nocase -filter {name =~"APU*" && jtag_cable_name =~ "Digilent JTAG-HS1 210512180081"} -index 0
ps7_init
ps7_post_config
targets -set -nocase -filter {name =~ "ARM*#0" && jtag_cable_name =~ "Digilent JTAG-HS1 210512180081"} -index 0
dow F:/experiment/NTT/1/sum/ntt_3_tfdg_full_twiddle_4_2_sum_axi_3/ntt_1/vitis_4/ntt/Debug/ntt.elf
configparams force-mem-access 0
----------------End of Script----------------

15:15:07 INFO  : Memory regions updated for context APU
15:15:07 INFO  : Context for processor 'ps7_cortexa9_0' is selected.
15:15:07 INFO  : 'con' command is executed.
15:15:07 INFO  : ----------------XSDB Script (After Launch)----------------
targets -set -nocase -filter {name =~ "ARM*#0" && jtag_cable_name =~ "Digilent JTAG-HS1 210512180081"} -index 0
con
----------------End of Script----------------

15:15:07 INFO  : Launch script is exported to file 'F:\experiment\NTT\1\sum\ntt_3_tfdg_full_twiddle_4_2_sum_axi_3\ntt_1\vitis_4\.sdk\launch_scripts\xilinx_c-c++_application_(system_debugger)\system_debugger_using_debug_ntt.elf_on_local.tcl'
15:16:07 INFO  : Disconnected from the channel tcfchan#5.
15:16:08 INFO  : Connected to target on host '127.0.0.1' and port '3121'.
15:16:08 INFO  : Jtag cable 'Digilent JTAG-HS1 210512180081' is selected.
15:16:08 INFO  : 'jtag frequency' command is executed.
15:16:08 INFO  : Sourcing of 'F:/experiment/NTT/1/sum/ntt_3_tfdg_full_twiddle_4_2_sum_axi_3/ntt_1/vitis_4/design_1_wrapper_hw_platform_0/ps7_init.tcl' is done.
15:16:08 INFO  : Context for 'APU' is selected.
15:16:08 INFO  : System reset is completed.
15:16:11 INFO  : 'after 3000' command is executed.
15:16:11 INFO  : 'targets -set -filter {jtag_cable_name =~ "Digilent JTAG-HS1 210512180081" && level==0} -index 1' command is executed.
15:16:15 INFO  : FPGA configured successfully with bitstream "F:/experiment/NTT/1/sum/ntt_3_tfdg_full_twiddle_4_2_sum_axi_3/ntt_1/vitis_4/design_1_wrapper_hw_platform_0/design_1_wrapper.bit"
15:16:15 INFO  : Context for 'APU' is selected.
15:16:16 INFO  : Hardware design information is loaded from 'F:/experiment/NTT/1/sum/ntt_3_tfdg_full_twiddle_4_2_sum_axi_3/ntt_1/vitis_4/design_1_wrapper_hw_platform_0/system.hdf'.
15:16:16 INFO  : 'configparams force-mem-access 1' command is executed.
15:16:16 INFO  : Context for 'APU' is selected.
15:16:17 INFO  : 'ps7_init' command is executed.
15:16:17 INFO  : 'ps7_post_config' command is executed.
15:16:17 INFO  : Context for processor 'ps7_cortexa9_0' is selected.
15:16:17 INFO  : The application 'F:/experiment/NTT/1/sum/ntt_3_tfdg_full_twiddle_4_2_sum_axi_3/ntt_1/vitis_4/ntt/Debug/ntt.elf' is downloaded to processor 'ps7_cortexa9_0'.
15:16:17 INFO  : 'configparams force-mem-access 0' command is executed.
15:16:17 INFO  : ----------------XSDB Script----------------
connect -url tcp:127.0.0.1:3121
source F:/experiment/NTT/1/sum/ntt_3_tfdg_full_twiddle_4_2_sum_axi_3/ntt_1/vitis_4/design_1_wrapper_hw_platform_0/ps7_init.tcl
targets -set -nocase -filter {name =~"APU*" && jtag_cable_name =~ "Digilent JTAG-HS1 210512180081"} -index 0
rst -system
after 3000
targets -set -filter {jtag_cable_name =~ "Digilent JTAG-HS1 210512180081" && level==0} -index 1
fpga -file F:/experiment/NTT/1/sum/ntt_3_tfdg_full_twiddle_4_2_sum_axi_3/ntt_1/vitis_4/design_1_wrapper_hw_platform_0/design_1_wrapper.bit
targets -set -nocase -filter {name =~"APU*" && jtag_cable_name =~ "Digilent JTAG-HS1 210512180081"} -index 0
loadhw -hw F:/experiment/NTT/1/sum/ntt_3_tfdg_full_twiddle_4_2_sum_axi_3/ntt_1/vitis_4/design_1_wrapper_hw_platform_0/system.hdf -mem-ranges [list {0x40000000 0xbfffffff}]
configparams force-mem-access 1
targets -set -nocase -filter {name =~"APU*" && jtag_cable_name =~ "Digilent JTAG-HS1 210512180081"} -index 0
ps7_init
ps7_post_config
targets -set -nocase -filter {name =~ "ARM*#0" && jtag_cable_name =~ "Digilent JTAG-HS1 210512180081"} -index 0
dow F:/experiment/NTT/1/sum/ntt_3_tfdg_full_twiddle_4_2_sum_axi_3/ntt_1/vitis_4/ntt/Debug/ntt.elf
configparams force-mem-access 0
----------------End of Script----------------

15:16:17 INFO  : Memory regions updated for context APU
15:16:17 INFO  : Context for processor 'ps7_cortexa9_0' is selected.
15:16:17 INFO  : 'con' command is executed.
15:16:17 INFO  : ----------------XSDB Script (After Launch)----------------
targets -set -nocase -filter {name =~ "ARM*#0" && jtag_cable_name =~ "Digilent JTAG-HS1 210512180081"} -index 0
con
----------------End of Script----------------

15:16:17 INFO  : Launch script is exported to file 'F:\experiment\NTT\1\sum\ntt_3_tfdg_full_twiddle_4_2_sum_axi_3\ntt_1\vitis_4\.sdk\launch_scripts\xilinx_c-c++_application_(system_debugger)\system_debugger_using_debug_ntt.elf_on_local.tcl'
15:19:26 INFO  : Disconnected from the channel tcfchan#6.
15:19:27 INFO  : Connected to target on host '127.0.0.1' and port '3121'.
15:19:28 INFO  : Jtag cable 'Digilent JTAG-HS1 210512180081' is selected.
15:19:28 INFO  : 'jtag frequency' command is executed.
15:19:28 INFO  : Sourcing of 'F:/experiment/NTT/1/sum/ntt_3_tfdg_full_twiddle_4_2_sum_axi_3/ntt_1/vitis_4/design_1_wrapper_hw_platform_0/ps7_init.tcl' is done.
15:19:28 INFO  : Context for 'APU' is selected.
15:19:28 INFO  : System reset is completed.
15:19:31 INFO  : 'after 3000' command is executed.
15:19:31 INFO  : 'targets -set -filter {jtag_cable_name =~ "Digilent JTAG-HS1 210512180081" && level==0} -index 1' command is executed.
15:19:34 INFO  : FPGA configured successfully with bitstream "F:/experiment/NTT/1/sum/ntt_3_tfdg_full_twiddle_4_2_sum_axi_3/ntt_1/vitis_4/design_1_wrapper_hw_platform_0/design_1_wrapper.bit"
15:19:35 INFO  : Context for 'APU' is selected.
15:19:36 INFO  : Hardware design information is loaded from 'F:/experiment/NTT/1/sum/ntt_3_tfdg_full_twiddle_4_2_sum_axi_3/ntt_1/vitis_4/design_1_wrapper_hw_platform_0/system.hdf'.
15:19:36 INFO  : 'configparams force-mem-access 1' command is executed.
15:19:36 INFO  : Context for 'APU' is selected.
15:19:36 INFO  : 'ps7_init' command is executed.
15:19:36 INFO  : 'ps7_post_config' command is executed.
15:19:36 INFO  : Context for processor 'ps7_cortexa9_0' is selected.
15:19:37 INFO  : The application 'F:/experiment/NTT/1/sum/ntt_3_tfdg_full_twiddle_4_2_sum_axi_3/ntt_1/vitis_4/ntt/Debug/ntt.elf' is downloaded to processor 'ps7_cortexa9_0'.
15:19:37 INFO  : 'configparams force-mem-access 0' command is executed.
15:19:37 INFO  : ----------------XSDB Script----------------
connect -url tcp:127.0.0.1:3121
source F:/experiment/NTT/1/sum/ntt_3_tfdg_full_twiddle_4_2_sum_axi_3/ntt_1/vitis_4/design_1_wrapper_hw_platform_0/ps7_init.tcl
targets -set -nocase -filter {name =~"APU*" && jtag_cable_name =~ "Digilent JTAG-HS1 210512180081"} -index 0
rst -system
after 3000
targets -set -filter {jtag_cable_name =~ "Digilent JTAG-HS1 210512180081" && level==0} -index 1
fpga -file F:/experiment/NTT/1/sum/ntt_3_tfdg_full_twiddle_4_2_sum_axi_3/ntt_1/vitis_4/design_1_wrapper_hw_platform_0/design_1_wrapper.bit
targets -set -nocase -filter {name =~"APU*" && jtag_cable_name =~ "Digilent JTAG-HS1 210512180081"} -index 0
loadhw -hw F:/experiment/NTT/1/sum/ntt_3_tfdg_full_twiddle_4_2_sum_axi_3/ntt_1/vitis_4/design_1_wrapper_hw_platform_0/system.hdf -mem-ranges [list {0x40000000 0xbfffffff}]
configparams force-mem-access 1
targets -set -nocase -filter {name =~"APU*" && jtag_cable_name =~ "Digilent JTAG-HS1 210512180081"} -index 0
ps7_init
ps7_post_config
targets -set -nocase -filter {name =~ "ARM*#0" && jtag_cable_name =~ "Digilent JTAG-HS1 210512180081"} -index 0
dow F:/experiment/NTT/1/sum/ntt_3_tfdg_full_twiddle_4_2_sum_axi_3/ntt_1/vitis_4/ntt/Debug/ntt.elf
configparams force-mem-access 0
----------------End of Script----------------

15:19:37 INFO  : Memory regions updated for context APU
15:19:37 INFO  : Context for processor 'ps7_cortexa9_0' is selected.
15:19:37 INFO  : 'con' command is executed.
15:19:37 INFO  : ----------------XSDB Script (After Launch)----------------
targets -set -nocase -filter {name =~ "ARM*#0" && jtag_cable_name =~ "Digilent JTAG-HS1 210512180081"} -index 0
con
----------------End of Script----------------

15:19:37 INFO  : Launch script is exported to file 'F:\experiment\NTT\1\sum\ntt_3_tfdg_full_twiddle_4_2_sum_axi_3\ntt_1\vitis_4\.sdk\launch_scripts\xilinx_c-c++_application_(system_debugger)\system_debugger_using_debug_ntt.elf_on_local.tcl'
15:24:00 INFO  : Disconnected from the channel tcfchan#7.
15:24:01 INFO  : Connected to target on host '127.0.0.1' and port '3121'.
15:24:02 INFO  : Jtag cable 'Digilent JTAG-HS1 210512180081' is selected.
15:24:02 INFO  : 'jtag frequency' command is executed.
15:24:02 INFO  : Sourcing of 'F:/experiment/NTT/1/sum/ntt_3_tfdg_full_twiddle_4_2_sum_axi_3/ntt_1/vitis_4/design_1_wrapper_hw_platform_0/ps7_init.tcl' is done.
15:24:02 INFO  : Context for 'APU' is selected.
15:24:02 INFO  : System reset is completed.
15:24:05 INFO  : 'after 3000' command is executed.
15:24:05 INFO  : 'targets -set -filter {jtag_cable_name =~ "Digilent JTAG-HS1 210512180081" && level==0} -index 1' command is executed.
15:24:08 INFO  : FPGA configured successfully with bitstream "F:/experiment/NTT/1/sum/ntt_3_tfdg_full_twiddle_4_2_sum_axi_3/ntt_1/vitis_4/design_1_wrapper_hw_platform_0/design_1_wrapper.bit"
15:24:08 INFO  : Context for 'APU' is selected.
15:24:10 INFO  : Hardware design information is loaded from 'F:/experiment/NTT/1/sum/ntt_3_tfdg_full_twiddle_4_2_sum_axi_3/ntt_1/vitis_4/design_1_wrapper_hw_platform_0/system.hdf'.
15:24:10 INFO  : 'configparams force-mem-access 1' command is executed.
15:24:10 INFO  : Context for 'APU' is selected.
15:24:10 INFO  : 'ps7_init' command is executed.
15:24:10 INFO  : 'ps7_post_config' command is executed.
15:24:10 INFO  : Context for processor 'ps7_cortexa9_0' is selected.
15:24:10 INFO  : The application 'F:/experiment/NTT/1/sum/ntt_3_tfdg_full_twiddle_4_2_sum_axi_3/ntt_1/vitis_4/ntt/Debug/ntt.elf' is downloaded to processor 'ps7_cortexa9_0'.
15:24:10 INFO  : 'configparams force-mem-access 0' command is executed.
15:24:10 INFO  : ----------------XSDB Script----------------
connect -url tcp:127.0.0.1:3121
source F:/experiment/NTT/1/sum/ntt_3_tfdg_full_twiddle_4_2_sum_axi_3/ntt_1/vitis_4/design_1_wrapper_hw_platform_0/ps7_init.tcl
targets -set -nocase -filter {name =~"APU*" && jtag_cable_name =~ "Digilent JTAG-HS1 210512180081"} -index 0
rst -system
after 3000
targets -set -filter {jtag_cable_name =~ "Digilent JTAG-HS1 210512180081" && level==0} -index 1
fpga -file F:/experiment/NTT/1/sum/ntt_3_tfdg_full_twiddle_4_2_sum_axi_3/ntt_1/vitis_4/design_1_wrapper_hw_platform_0/design_1_wrapper.bit
targets -set -nocase -filter {name =~"APU*" && jtag_cable_name =~ "Digilent JTAG-HS1 210512180081"} -index 0
loadhw -hw F:/experiment/NTT/1/sum/ntt_3_tfdg_full_twiddle_4_2_sum_axi_3/ntt_1/vitis_4/design_1_wrapper_hw_platform_0/system.hdf -mem-ranges [list {0x40000000 0xbfffffff}]
configparams force-mem-access 1
targets -set -nocase -filter {name =~"APU*" && jtag_cable_name =~ "Digilent JTAG-HS1 210512180081"} -index 0
ps7_init
ps7_post_config
targets -set -nocase -filter {name =~ "ARM*#0" && jtag_cable_name =~ "Digilent JTAG-HS1 210512180081"} -index 0
dow F:/experiment/NTT/1/sum/ntt_3_tfdg_full_twiddle_4_2_sum_axi_3/ntt_1/vitis_4/ntt/Debug/ntt.elf
configparams force-mem-access 0
----------------End of Script----------------

15:24:10 INFO  : Memory regions updated for context APU
15:24:10 INFO  : Context for processor 'ps7_cortexa9_0' is selected.
15:24:10 INFO  : 'con' command is executed.
15:24:10 INFO  : ----------------XSDB Script (After Launch)----------------
targets -set -nocase -filter {name =~ "ARM*#0" && jtag_cable_name =~ "Digilent JTAG-HS1 210512180081"} -index 0
con
----------------End of Script----------------

15:24:10 INFO  : Launch script is exported to file 'F:\experiment\NTT\1\sum\ntt_3_tfdg_full_twiddle_4_2_sum_axi_3\ntt_1\vitis_4\.sdk\launch_scripts\xilinx_c-c++_application_(system_debugger)\system_debugger_using_debug_ntt.elf_on_local.tcl'
15:29:29 INFO  : Disconnected from the channel tcfchan#8.
15:29:30 INFO  : Connected to target on host '127.0.0.1' and port '3121'.
15:29:30 INFO  : Jtag cable 'Digilent JTAG-HS1 210512180081' is selected.
15:29:30 INFO  : 'jtag frequency' command is executed.
15:29:30 INFO  : Sourcing of 'F:/experiment/NTT/1/sum/ntt_3_tfdg_full_twiddle_4_2_sum_axi_3/ntt_1/vitis_4/design_1_wrapper_hw_platform_0/ps7_init.tcl' is done.
15:29:30 INFO  : Context for 'APU' is selected.
15:29:30 INFO  : System reset is completed.
15:29:33 INFO  : 'after 3000' command is executed.
15:29:33 INFO  : 'targets -set -filter {jtag_cable_name =~ "Digilent JTAG-HS1 210512180081" && level==0} -index 1' command is executed.
15:29:37 INFO  : FPGA configured successfully with bitstream "F:/experiment/NTT/1/sum/ntt_3_tfdg_full_twiddle_4_2_sum_axi_3/ntt_1/vitis_4/design_1_wrapper_hw_platform_0/design_1_wrapper.bit"
15:29:37 INFO  : Context for 'APU' is selected.
15:29:38 INFO  : Hardware design information is loaded from 'F:/experiment/NTT/1/sum/ntt_3_tfdg_full_twiddle_4_2_sum_axi_3/ntt_1/vitis_4/design_1_wrapper_hw_platform_0/system.hdf'.
15:29:38 INFO  : 'configparams force-mem-access 1' command is executed.
15:29:38 INFO  : Context for 'APU' is selected.
15:29:38 INFO  : 'ps7_init' command is executed.
15:29:38 INFO  : 'ps7_post_config' command is executed.
15:29:38 INFO  : Context for processor 'ps7_cortexa9_0' is selected.
15:29:39 INFO  : The application 'F:/experiment/NTT/1/sum/ntt_3_tfdg_full_twiddle_4_2_sum_axi_3/ntt_1/vitis_4/ntt/Debug/ntt.elf' is downloaded to processor 'ps7_cortexa9_0'.
15:29:39 INFO  : 'configparams force-mem-access 0' command is executed.
15:29:39 INFO  : ----------------XSDB Script----------------
connect -url tcp:127.0.0.1:3121
source F:/experiment/NTT/1/sum/ntt_3_tfdg_full_twiddle_4_2_sum_axi_3/ntt_1/vitis_4/design_1_wrapper_hw_platform_0/ps7_init.tcl
targets -set -nocase -filter {name =~"APU*" && jtag_cable_name =~ "Digilent JTAG-HS1 210512180081"} -index 0
rst -system
after 3000
targets -set -filter {jtag_cable_name =~ "Digilent JTAG-HS1 210512180081" && level==0} -index 1
fpga -file F:/experiment/NTT/1/sum/ntt_3_tfdg_full_twiddle_4_2_sum_axi_3/ntt_1/vitis_4/design_1_wrapper_hw_platform_0/design_1_wrapper.bit
targets -set -nocase -filter {name =~"APU*" && jtag_cable_name =~ "Digilent JTAG-HS1 210512180081"} -index 0
loadhw -hw F:/experiment/NTT/1/sum/ntt_3_tfdg_full_twiddle_4_2_sum_axi_3/ntt_1/vitis_4/design_1_wrapper_hw_platform_0/system.hdf -mem-ranges [list {0x40000000 0xbfffffff}]
configparams force-mem-access 1
targets -set -nocase -filter {name =~"APU*" && jtag_cable_name =~ "Digilent JTAG-HS1 210512180081"} -index 0
ps7_init
ps7_post_config
targets -set -nocase -filter {name =~ "ARM*#0" && jtag_cable_name =~ "Digilent JTAG-HS1 210512180081"} -index 0
dow F:/experiment/NTT/1/sum/ntt_3_tfdg_full_twiddle_4_2_sum_axi_3/ntt_1/vitis_4/ntt/Debug/ntt.elf
configparams force-mem-access 0
----------------End of Script----------------

15:29:39 INFO  : Memory regions updated for context APU
15:29:39 INFO  : Context for processor 'ps7_cortexa9_0' is selected.
15:29:39 INFO  : 'con' command is executed.
15:29:39 INFO  : ----------------XSDB Script (After Launch)----------------
targets -set -nocase -filter {name =~ "ARM*#0" && jtag_cable_name =~ "Digilent JTAG-HS1 210512180081"} -index 0
con
----------------End of Script----------------

15:29:39 INFO  : Launch script is exported to file 'F:\experiment\NTT\1\sum\ntt_3_tfdg_full_twiddle_4_2_sum_axi_3\ntt_1\vitis_4\.sdk\launch_scripts\xilinx_c-c++_application_(system_debugger)\system_debugger_using_debug_ntt.elf_on_local.tcl'
15:39:33 INFO  : Refreshed build settings on project ntt
15:40:23 INFO  : Disconnected from the channel tcfchan#9.
15:40:24 INFO  : Connected to target on host '127.0.0.1' and port '3121'.
15:40:24 INFO  : Jtag cable 'Digilent JTAG-HS1 210512180081' is selected.
15:40:24 INFO  : 'jtag frequency' command is executed.
15:40:24 INFO  : Sourcing of 'F:/experiment/NTT/1/sum/ntt_3_tfdg_full_twiddle_4_2_sum_axi_3/ntt_1/vitis_4/design_1_wrapper_hw_platform_0/ps7_init.tcl' is done.
15:40:24 INFO  : Context for 'APU' is selected.
15:40:24 INFO  : System reset is completed.
15:40:27 INFO  : 'after 3000' command is executed.
15:40:27 INFO  : 'targets -set -filter {jtag_cable_name =~ "Digilent JTAG-HS1 210512180081" && level==0} -index 1' command is executed.
15:40:31 INFO  : FPGA configured successfully with bitstream "F:/experiment/NTT/1/sum/ntt_3_tfdg_full_twiddle_4_2_sum_axi_3/ntt_1/vitis_4/design_1_wrapper_hw_platform_0/design_1_wrapper.bit"
15:40:31 INFO  : Context for 'APU' is selected.
15:40:32 INFO  : Hardware design information is loaded from 'F:/experiment/NTT/1/sum/ntt_3_tfdg_full_twiddle_4_2_sum_axi_3/ntt_1/vitis_4/design_1_wrapper_hw_platform_0/system.hdf'.
15:40:32 INFO  : 'configparams force-mem-access 1' command is executed.
15:40:32 INFO  : Context for 'APU' is selected.
15:40:33 INFO  : 'ps7_init' command is executed.
15:40:33 INFO  : 'ps7_post_config' command is executed.
15:40:33 INFO  : Context for processor 'ps7_cortexa9_0' is selected.
15:40:33 INFO  : The application 'F:/experiment/NTT/1/sum/ntt_3_tfdg_full_twiddle_4_2_sum_axi_3/ntt_1/vitis_4/ntt/Debug/ntt.elf' is downloaded to processor 'ps7_cortexa9_0'.
15:40:33 INFO  : 'configparams force-mem-access 0' command is executed.
15:40:33 INFO  : ----------------XSDB Script----------------
connect -url tcp:127.0.0.1:3121
source F:/experiment/NTT/1/sum/ntt_3_tfdg_full_twiddle_4_2_sum_axi_3/ntt_1/vitis_4/design_1_wrapper_hw_platform_0/ps7_init.tcl
targets -set -nocase -filter {name =~"APU*" && jtag_cable_name =~ "Digilent JTAG-HS1 210512180081"} -index 0
rst -system
after 3000
targets -set -filter {jtag_cable_name =~ "Digilent JTAG-HS1 210512180081" && level==0} -index 1
fpga -file F:/experiment/NTT/1/sum/ntt_3_tfdg_full_twiddle_4_2_sum_axi_3/ntt_1/vitis_4/design_1_wrapper_hw_platform_0/design_1_wrapper.bit
targets -set -nocase -filter {name =~"APU*" && jtag_cable_name =~ "Digilent JTAG-HS1 210512180081"} -index 0
loadhw -hw F:/experiment/NTT/1/sum/ntt_3_tfdg_full_twiddle_4_2_sum_axi_3/ntt_1/vitis_4/design_1_wrapper_hw_platform_0/system.hdf -mem-ranges [list {0x40000000 0xbfffffff}]
configparams force-mem-access 1
targets -set -nocase -filter {name =~"APU*" && jtag_cable_name =~ "Digilent JTAG-HS1 210512180081"} -index 0
ps7_init
ps7_post_config
targets -set -nocase -filter {name =~ "ARM*#0" && jtag_cable_name =~ "Digilent JTAG-HS1 210512180081"} -index 0
dow F:/experiment/NTT/1/sum/ntt_3_tfdg_full_twiddle_4_2_sum_axi_3/ntt_1/vitis_4/ntt/Debug/ntt.elf
configparams force-mem-access 0
----------------End of Script----------------

15:40:33 INFO  : Memory regions updated for context APU
15:40:33 INFO  : Context for processor 'ps7_cortexa9_0' is selected.
15:40:33 INFO  : 'con' command is executed.
15:40:33 INFO  : ----------------XSDB Script (After Launch)----------------
targets -set -nocase -filter {name =~ "ARM*#0" && jtag_cable_name =~ "Digilent JTAG-HS1 210512180081"} -index 0
con
----------------End of Script----------------

15:40:33 INFO  : Launch script is exported to file 'F:\experiment\NTT\1\sum\ntt_3_tfdg_full_twiddle_4_2_sum_axi_3\ntt_1\vitis_4\.sdk\launch_scripts\xilinx_c-c++_application_(system_debugger)\system_debugger_using_debug_ntt.elf_on_local.tcl'
15:40:56 INFO  : Disconnected from the channel tcfchan#10.
15:40:57 INFO  : Connected to target on host '127.0.0.1' and port '3121'.
15:40:57 INFO  : Jtag cable 'Digilent JTAG-HS1 210512180081' is selected.
15:40:57 INFO  : 'jtag frequency' command is executed.
15:40:57 INFO  : Sourcing of 'F:/experiment/NTT/1/sum/ntt_3_tfdg_full_twiddle_4_2_sum_axi_3/ntt_1/vitis_4/design_1_wrapper_hw_platform_0/ps7_init.tcl' is done.
15:40:57 INFO  : Context for 'APU' is selected.
15:40:57 INFO  : System reset is completed.
15:41:00 INFO  : 'after 3000' command is executed.
15:41:00 INFO  : 'targets -set -filter {jtag_cable_name =~ "Digilent JTAG-HS1 210512180081" && level==0} -index 1' command is executed.
15:41:04 INFO  : FPGA configured successfully with bitstream "F:/experiment/NTT/1/sum/ntt_3_tfdg_full_twiddle_4_2_sum_axi_3/ntt_1/vitis_4/design_1_wrapper_hw_platform_0/design_1_wrapper.bit"
15:41:04 INFO  : Context for 'APU' is selected.
15:41:05 INFO  : Hardware design information is loaded from 'F:/experiment/NTT/1/sum/ntt_3_tfdg_full_twiddle_4_2_sum_axi_3/ntt_1/vitis_4/design_1_wrapper_hw_platform_0/system.hdf'.
15:41:05 INFO  : 'configparams force-mem-access 1' command is executed.
15:41:05 INFO  : Context for 'APU' is selected.
15:41:05 INFO  : 'ps7_init' command is executed.
15:41:05 INFO  : 'ps7_post_config' command is executed.
15:41:05 INFO  : Context for processor 'ps7_cortexa9_0' is selected.
15:41:05 INFO  : The application 'F:/experiment/NTT/1/sum/ntt_3_tfdg_full_twiddle_4_2_sum_axi_3/ntt_1/vitis_4/ntt/Debug/ntt.elf' is downloaded to processor 'ps7_cortexa9_0'.
15:41:05 INFO  : 'configparams force-mem-access 0' command is executed.
15:41:05 INFO  : ----------------XSDB Script----------------
connect -url tcp:127.0.0.1:3121
source F:/experiment/NTT/1/sum/ntt_3_tfdg_full_twiddle_4_2_sum_axi_3/ntt_1/vitis_4/design_1_wrapper_hw_platform_0/ps7_init.tcl
targets -set -nocase -filter {name =~"APU*" && jtag_cable_name =~ "Digilent JTAG-HS1 210512180081"} -index 0
rst -system
after 3000
targets -set -filter {jtag_cable_name =~ "Digilent JTAG-HS1 210512180081" && level==0} -index 1
fpga -file F:/experiment/NTT/1/sum/ntt_3_tfdg_full_twiddle_4_2_sum_axi_3/ntt_1/vitis_4/design_1_wrapper_hw_platform_0/design_1_wrapper.bit
targets -set -nocase -filter {name =~"APU*" && jtag_cable_name =~ "Digilent JTAG-HS1 210512180081"} -index 0
loadhw -hw F:/experiment/NTT/1/sum/ntt_3_tfdg_full_twiddle_4_2_sum_axi_3/ntt_1/vitis_4/design_1_wrapper_hw_platform_0/system.hdf -mem-ranges [list {0x40000000 0xbfffffff}]
configparams force-mem-access 1
targets -set -nocase -filter {name =~"APU*" && jtag_cable_name =~ "Digilent JTAG-HS1 210512180081"} -index 0
ps7_init
ps7_post_config
targets -set -nocase -filter {name =~ "ARM*#0" && jtag_cable_name =~ "Digilent JTAG-HS1 210512180081"} -index 0
dow F:/experiment/NTT/1/sum/ntt_3_tfdg_full_twiddle_4_2_sum_axi_3/ntt_1/vitis_4/ntt/Debug/ntt.elf
configparams force-mem-access 0
----------------End of Script----------------

15:41:06 INFO  : Memory regions updated for context APU
15:41:06 INFO  : Context for processor 'ps7_cortexa9_0' is selected.
15:41:06 INFO  : 'con' command is executed.
15:41:06 INFO  : ----------------XSDB Script (After Launch)----------------
targets -set -nocase -filter {name =~ "ARM*#0" && jtag_cable_name =~ "Digilent JTAG-HS1 210512180081"} -index 0
con
----------------End of Script----------------

15:41:06 INFO  : Launch script is exported to file 'F:\experiment\NTT\1\sum\ntt_3_tfdg_full_twiddle_4_2_sum_axi_3\ntt_1\vitis_4\.sdk\launch_scripts\xilinx_c-c++_application_(system_debugger)\system_debugger_using_debug_ntt.elf_on_local.tcl'
15:45:24 INFO  : No changes in MSS file content so not generating sources.
15:47:28 INFO  : Disconnected from the channel tcfchan#11.
15:47:29 INFO  : Connected to target on host '127.0.0.1' and port '3121'.
15:47:30 INFO  : Jtag cable 'Digilent JTAG-HS1 210512180081' is selected.
15:47:30 INFO  : 'jtag frequency' command is executed.
15:47:30 INFO  : Sourcing of 'F:/experiment/NTT/1/sum/ntt_3_tfdg_full_twiddle_4_2_sum_axi_3/ntt_1/vitis_4/design_1_wrapper_hw_platform_0/ps7_init.tcl' is done.
15:47:30 INFO  : Context for 'APU' is selected.
15:47:30 INFO  : System reset is completed.
15:47:33 INFO  : 'after 3000' command is executed.
15:47:33 INFO  : 'targets -set -filter {jtag_cable_name =~ "Digilent JTAG-HS1 210512180081" && level==0} -index 1' command is executed.
15:47:36 INFO  : FPGA configured successfully with bitstream "F:/experiment/NTT/1/sum/ntt_3_tfdg_full_twiddle_4_2_sum_axi_3/ntt_1/vitis_4/design_1_wrapper_hw_platform_0/design_1_wrapper.bit"
15:47:37 INFO  : Context for 'APU' is selected.
15:47:38 INFO  : Hardware design information is loaded from 'F:/experiment/NTT/1/sum/ntt_3_tfdg_full_twiddle_4_2_sum_axi_3/ntt_1/vitis_4/design_1_wrapper_hw_platform_0/system.hdf'.
15:47:38 INFO  : 'configparams force-mem-access 1' command is executed.
15:47:38 INFO  : Context for 'APU' is selected.
15:47:38 INFO  : 'ps7_init' command is executed.
15:47:38 INFO  : 'ps7_post_config' command is executed.
15:47:38 INFO  : Context for processor 'ps7_cortexa9_0' is selected.
15:47:38 INFO  : The application 'F:/experiment/NTT/1/sum/ntt_3_tfdg_full_twiddle_4_2_sum_axi_3/ntt_1/vitis_4/ntt/Debug/ntt.elf' is downloaded to processor 'ps7_cortexa9_0'.
15:47:38 INFO  : 'configparams force-mem-access 0' command is executed.
15:47:38 INFO  : ----------------XSDB Script----------------
connect -url tcp:127.0.0.1:3121
source F:/experiment/NTT/1/sum/ntt_3_tfdg_full_twiddle_4_2_sum_axi_3/ntt_1/vitis_4/design_1_wrapper_hw_platform_0/ps7_init.tcl
targets -set -nocase -filter {name =~"APU*" && jtag_cable_name =~ "Digilent JTAG-HS1 210512180081"} -index 0
rst -system
after 3000
targets -set -filter {jtag_cable_name =~ "Digilent JTAG-HS1 210512180081" && level==0} -index 1
fpga -file F:/experiment/NTT/1/sum/ntt_3_tfdg_full_twiddle_4_2_sum_axi_3/ntt_1/vitis_4/design_1_wrapper_hw_platform_0/design_1_wrapper.bit
targets -set -nocase -filter {name =~"APU*" && jtag_cable_name =~ "Digilent JTAG-HS1 210512180081"} -index 0
loadhw -hw F:/experiment/NTT/1/sum/ntt_3_tfdg_full_twiddle_4_2_sum_axi_3/ntt_1/vitis_4/design_1_wrapper_hw_platform_0/system.hdf -mem-ranges [list {0x40000000 0xbfffffff}]
configparams force-mem-access 1
targets -set -nocase -filter {name =~"APU*" && jtag_cable_name =~ "Digilent JTAG-HS1 210512180081"} -index 0
ps7_init
ps7_post_config
targets -set -nocase -filter {name =~ "ARM*#0" && jtag_cable_name =~ "Digilent JTAG-HS1 210512180081"} -index 0
dow F:/experiment/NTT/1/sum/ntt_3_tfdg_full_twiddle_4_2_sum_axi_3/ntt_1/vitis_4/ntt/Debug/ntt.elf
configparams force-mem-access 0
----------------End of Script----------------

15:47:38 INFO  : Memory regions updated for context APU
15:47:39 INFO  : Context for processor 'ps7_cortexa9_0' is selected.
15:47:39 INFO  : 'con' command is executed.
15:47:39 INFO  : ----------------XSDB Script (After Launch)----------------
targets -set -nocase -filter {name =~ "ARM*#0" && jtag_cable_name =~ "Digilent JTAG-HS1 210512180081"} -index 0
con
----------------End of Script----------------

15:47:39 INFO  : Launch script is exported to file 'F:\experiment\NTT\1\sum\ntt_3_tfdg_full_twiddle_4_2_sum_axi_3\ntt_1\vitis_4\.sdk\launch_scripts\xilinx_c-c++_application_(system_debugger)\system_debugger_using_debug_ntt.elf_on_local.tcl'
15:55:01 INFO  : SDK has detected change in the last modified timestamps for source hardware specification file Source:1777535679910,  Project:1777529612772
15:55:01 INFO  : Project design_1_wrapper_hw_platform_0's source hardware specification located at F:/experiment/NTT/1/sum/ntt_3_tfdg_full_twiddle_4_2_sum_axi_3/ntt_1/vitis_4/design_1_wrapper.hdf is now different from the local copy.
		 The local copy will be replaced with the source specification and your workspace will be updated.
15:55:18 INFO  : Copied contents of F:/experiment/NTT/1/sum/ntt_3_tfdg_full_twiddle_4_2_sum_axi_3/ntt_1/vitis_4/design_1_wrapper.hdf into \design_1_wrapper_hw_platform_0\system.hdf.
15:55:22 INFO  : Synchronizing projects in the workspace with the hardware platform specification changes.
15:55:25 INFO  : 
15:55:26 INFO  : Updating hardware inferred compiler options for ntt.
15:55:26 INFO  : Clearing existing target manager status.
15:55:26 INFO  : Closing and re-opening the MSS file of ther project ntt_bsp
15:55:27 INFO  : Workspace synchronized with the new hardware specification file. Cleaning dependent projects...
15:55:28 WARN  : Linker script will not be updated automatically. Users need to update it manually.
15:56:11 INFO  : No changes in MSS file content so not generating sources.
15:56:39 INFO  : Disconnected from the channel tcfchan#12.
15:56:40 INFO  : Connected to target on host '127.0.0.1' and port '3121'.
15:56:41 INFO  : Jtag cable 'Digilent JTAG-HS1 210512180081' is selected.
15:56:41 INFO  : 'jtag frequency' command is executed.
15:56:41 INFO  : Sourcing of 'F:/experiment/NTT/1/sum/ntt_3_tfdg_full_twiddle_4_2_sum_axi_3/ntt_1/vitis_4/design_1_wrapper_hw_platform_0/ps7_init.tcl' is done.
15:56:41 INFO  : Context for 'APU' is selected.
15:56:41 INFO  : System reset is completed.
15:56:44 INFO  : 'after 3000' command is executed.
15:56:44 INFO  : 'targets -set -filter {jtag_cable_name =~ "Digilent JTAG-HS1 210512180081" && level==0} -index 1' command is executed.
15:56:47 INFO  : FPGA configured successfully with bitstream "F:/experiment/NTT/1/sum/ntt_3_tfdg_full_twiddle_4_2_sum_axi_3/ntt_1/vitis_4/design_1_wrapper_hw_platform_0/design_1_wrapper.bit"
15:56:47 INFO  : Context for 'APU' is selected.
15:56:47 INFO  : Hardware design information is loaded from 'F:/experiment/NTT/1/sum/ntt_3_tfdg_full_twiddle_4_2_sum_axi_3/ntt_1/vitis_4/design_1_wrapper_hw_platform_0/system.hdf'.
15:56:47 INFO  : 'configparams force-mem-access 1' command is executed.
15:56:47 INFO  : Context for 'APU' is selected.
15:56:48 INFO  : 'ps7_init' command is executed.
15:56:48 INFO  : 'ps7_post_config' command is executed.
15:56:48 INFO  : Context for processor 'ps7_cortexa9_0' is selected.
15:56:48 INFO  : The application 'F:/experiment/NTT/1/sum/ntt_3_tfdg_full_twiddle_4_2_sum_axi_3/ntt_1/vitis_4/ntt/Debug/ntt.elf' is downloaded to processor 'ps7_cortexa9_0'.
15:56:48 INFO  : 'configparams force-mem-access 0' command is executed.
15:56:48 INFO  : ----------------XSDB Script----------------
connect -url tcp:127.0.0.1:3121
source F:/experiment/NTT/1/sum/ntt_3_tfdg_full_twiddle_4_2_sum_axi_3/ntt_1/vitis_4/design_1_wrapper_hw_platform_0/ps7_init.tcl
targets -set -nocase -filter {name =~"APU*" && jtag_cable_name =~ "Digilent JTAG-HS1 210512180081"} -index 0
rst -system
after 3000
targets -set -filter {jtag_cable_name =~ "Digilent JTAG-HS1 210512180081" && level==0} -index 1
fpga -file F:/experiment/NTT/1/sum/ntt_3_tfdg_full_twiddle_4_2_sum_axi_3/ntt_1/vitis_4/design_1_wrapper_hw_platform_0/design_1_wrapper.bit
targets -set -nocase -filter {name =~"APU*" && jtag_cable_name =~ "Digilent JTAG-HS1 210512180081"} -index 0
loadhw -hw F:/experiment/NTT/1/sum/ntt_3_tfdg_full_twiddle_4_2_sum_axi_3/ntt_1/vitis_4/design_1_wrapper_hw_platform_0/system.hdf -mem-ranges [list {0x40000000 0xbfffffff}]
configparams force-mem-access 1
targets -set -nocase -filter {name =~"APU*" && jtag_cable_name =~ "Digilent JTAG-HS1 210512180081"} -index 0
ps7_init
ps7_post_config
targets -set -nocase -filter {name =~ "ARM*#0" && jtag_cable_name =~ "Digilent JTAG-HS1 210512180081"} -index 0
dow F:/experiment/NTT/1/sum/ntt_3_tfdg_full_twiddle_4_2_sum_axi_3/ntt_1/vitis_4/ntt/Debug/ntt.elf
configparams force-mem-access 0
----------------End of Script----------------

15:56:48 INFO  : Memory regions updated for context APU
15:56:48 INFO  : Context for processor 'ps7_cortexa9_0' is selected.
15:56:48 INFO  : 'con' command is executed.
15:56:48 INFO  : ----------------XSDB Script (After Launch)----------------
targets -set -nocase -filter {name =~ "ARM*#0" && jtag_cable_name =~ "Digilent JTAG-HS1 210512180081"} -index 0
con
----------------End of Script----------------

15:56:48 INFO  : Launch script is exported to file 'F:\experiment\NTT\1\sum\ntt_3_tfdg_full_twiddle_4_2_sum_axi_3\ntt_1\vitis_4\.sdk\launch_scripts\xilinx_c-c++_application_(system_debugger)\system_debugger_using_debug_ntt.elf_on_local.tcl'
15:58:17 INFO  : Disconnected from the channel tcfchan#13.
15:58:18 INFO  : Connected to target on host '127.0.0.1' and port '3121'.
15:58:18 INFO  : Jtag cable 'Digilent JTAG-HS1 210512180081' is selected.
15:58:18 INFO  : 'jtag frequency' command is executed.
15:58:18 INFO  : Sourcing of 'F:/experiment/NTT/1/sum/ntt_3_tfdg_full_twiddle_4_2_sum_axi_3/ntt_1/vitis_4/design_1_wrapper_hw_platform_0/ps7_init.tcl' is done.
15:58:18 INFO  : Context for 'APU' is selected.
15:58:18 INFO  : System reset is completed.
15:58:21 INFO  : 'after 3000' command is executed.
15:58:21 INFO  : 'targets -set -filter {jtag_cable_name =~ "Digilent JTAG-HS1 210512180081" && level==0} -index 1' command is executed.
15:58:25 INFO  : FPGA configured successfully with bitstream "F:/experiment/NTT/1/sum/ntt_3_tfdg_full_twiddle_4_2_sum_axi_3/ntt_1/vitis_4/design_1_wrapper_hw_platform_0/design_1_wrapper.bit"
15:58:25 INFO  : Context for 'APU' is selected.
15:58:26 INFO  : Hardware design information is loaded from 'F:/experiment/NTT/1/sum/ntt_3_tfdg_full_twiddle_4_2_sum_axi_3/ntt_1/vitis_4/design_1_wrapper_hw_platform_0/system.hdf'.
15:58:26 INFO  : 'configparams force-mem-access 1' command is executed.
15:58:26 INFO  : Context for 'APU' is selected.
15:58:26 INFO  : 'ps7_init' command is executed.
15:58:26 INFO  : 'ps7_post_config' command is executed.
15:58:26 INFO  : Context for processor 'ps7_cortexa9_0' is selected.
15:58:27 INFO  : The application 'F:/experiment/NTT/1/sum/ntt_3_tfdg_full_twiddle_4_2_sum_axi_3/ntt_1/vitis_4/ntt/Debug/ntt.elf' is downloaded to processor 'ps7_cortexa9_0'.
15:58:27 INFO  : 'configparams force-mem-access 0' command is executed.
15:58:27 INFO  : ----------------XSDB Script----------------
connect -url tcp:127.0.0.1:3121
source F:/experiment/NTT/1/sum/ntt_3_tfdg_full_twiddle_4_2_sum_axi_3/ntt_1/vitis_4/design_1_wrapper_hw_platform_0/ps7_init.tcl
targets -set -nocase -filter {name =~"APU*" && jtag_cable_name =~ "Digilent JTAG-HS1 210512180081"} -index 0
rst -system
after 3000
targets -set -filter {jtag_cable_name =~ "Digilent JTAG-HS1 210512180081" && level==0} -index 1
fpga -file F:/experiment/NTT/1/sum/ntt_3_tfdg_full_twiddle_4_2_sum_axi_3/ntt_1/vitis_4/design_1_wrapper_hw_platform_0/design_1_wrapper.bit
targets -set -nocase -filter {name =~"APU*" && jtag_cable_name =~ "Digilent JTAG-HS1 210512180081"} -index 0
loadhw -hw F:/experiment/NTT/1/sum/ntt_3_tfdg_full_twiddle_4_2_sum_axi_3/ntt_1/vitis_4/design_1_wrapper_hw_platform_0/system.hdf -mem-ranges [list {0x40000000 0xbfffffff}]
configparams force-mem-access 1
targets -set -nocase -filter {name =~"APU*" && jtag_cable_name =~ "Digilent JTAG-HS1 210512180081"} -index 0
ps7_init
ps7_post_config
targets -set -nocase -filter {name =~ "ARM*#0" && jtag_cable_name =~ "Digilent JTAG-HS1 210512180081"} -index 0
dow F:/experiment/NTT/1/sum/ntt_3_tfdg_full_twiddle_4_2_sum_axi_3/ntt_1/vitis_4/ntt/Debug/ntt.elf
configparams force-mem-access 0
----------------End of Script----------------

15:58:27 INFO  : Memory regions updated for context APU
15:58:27 INFO  : Context for processor 'ps7_cortexa9_0' is selected.
15:58:27 INFO  : 'con' command is executed.
15:58:27 INFO  : ----------------XSDB Script (After Launch)----------------
targets -set -nocase -filter {name =~ "ARM*#0" && jtag_cable_name =~ "Digilent JTAG-HS1 210512180081"} -index 0
con
----------------End of Script----------------

15:58:27 INFO  : Launch script is exported to file 'F:\experiment\NTT\1\sum\ntt_3_tfdg_full_twiddle_4_2_sum_axi_3\ntt_1\vitis_4\.sdk\launch_scripts\xilinx_c-c++_application_(system_debugger)\system_debugger_using_debug_ntt.elf_on_local.tcl'
15:58:48 INFO  : Disconnected from the channel tcfchan#14.
15:58:49 INFO  : Connected to target on host '127.0.0.1' and port '3121'.
15:58:49 INFO  : Jtag cable 'Digilent JTAG-HS1 210512180081' is selected.
15:58:49 INFO  : 'jtag frequency' command is executed.
15:58:49 INFO  : Sourcing of 'F:/experiment/NTT/1/sum/ntt_3_tfdg_full_twiddle_4_2_sum_axi_3/ntt_1/vitis_4/design_1_wrapper_hw_platform_0/ps7_init.tcl' is done.
15:58:49 INFO  : Context for 'APU' is selected.
15:58:50 INFO  : System reset is completed.
15:58:53 INFO  : 'after 3000' command is executed.
15:58:53 INFO  : 'targets -set -filter {jtag_cable_name =~ "Digilent JTAG-HS1 210512180081" && level==0} -index 1' command is executed.
15:58:56 INFO  : FPGA configured successfully with bitstream "F:/experiment/NTT/1/sum/ntt_3_tfdg_full_twiddle_4_2_sum_axi_3/ntt_1/vitis_4/design_1_wrapper_hw_platform_0/design_1_wrapper.bit"
15:58:56 INFO  : Context for 'APU' is selected.
15:58:56 INFO  : Hardware design information is loaded from 'F:/experiment/NTT/1/sum/ntt_3_tfdg_full_twiddle_4_2_sum_axi_3/ntt_1/vitis_4/design_1_wrapper_hw_platform_0/system.hdf'.
15:58:56 INFO  : 'configparams force-mem-access 1' command is executed.
15:58:56 INFO  : Context for 'APU' is selected.
15:58:57 INFO  : 'ps7_init' command is executed.
15:58:57 INFO  : 'ps7_post_config' command is executed.
15:58:57 INFO  : Context for processor 'ps7_cortexa9_0' is selected.
15:58:57 INFO  : The application 'F:/experiment/NTT/1/sum/ntt_3_tfdg_full_twiddle_4_2_sum_axi_3/ntt_1/vitis_4/ntt/Debug/ntt.elf' is downloaded to processor 'ps7_cortexa9_0'.
15:58:57 INFO  : 'configparams force-mem-access 0' command is executed.
15:58:57 INFO  : ----------------XSDB Script----------------
connect -url tcp:127.0.0.1:3121
source F:/experiment/NTT/1/sum/ntt_3_tfdg_full_twiddle_4_2_sum_axi_3/ntt_1/vitis_4/design_1_wrapper_hw_platform_0/ps7_init.tcl
targets -set -nocase -filter {name =~"APU*" && jtag_cable_name =~ "Digilent JTAG-HS1 210512180081"} -index 0
rst -system
after 3000
targets -set -filter {jtag_cable_name =~ "Digilent JTAG-HS1 210512180081" && level==0} -index 1
fpga -file F:/experiment/NTT/1/sum/ntt_3_tfdg_full_twiddle_4_2_sum_axi_3/ntt_1/vitis_4/design_1_wrapper_hw_platform_0/design_1_wrapper.bit
targets -set -nocase -filter {name =~"APU*" && jtag_cable_name =~ "Digilent JTAG-HS1 210512180081"} -index 0
loadhw -hw F:/experiment/NTT/1/sum/ntt_3_tfdg_full_twiddle_4_2_sum_axi_3/ntt_1/vitis_4/design_1_wrapper_hw_platform_0/system.hdf -mem-ranges [list {0x40000000 0xbfffffff}]
configparams force-mem-access 1
targets -set -nocase -filter {name =~"APU*" && jtag_cable_name =~ "Digilent JTAG-HS1 210512180081"} -index 0
ps7_init
ps7_post_config
targets -set -nocase -filter {name =~ "ARM*#0" && jtag_cable_name =~ "Digilent JTAG-HS1 210512180081"} -index 0
dow F:/experiment/NTT/1/sum/ntt_3_tfdg_full_twiddle_4_2_sum_axi_3/ntt_1/vitis_4/ntt/Debug/ntt.elf
configparams force-mem-access 0
----------------End of Script----------------

15:58:57 INFO  : Memory regions updated for context APU
15:58:57 INFO  : Context for processor 'ps7_cortexa9_0' is selected.
15:58:57 INFO  : 'con' command is executed.
15:58:57 INFO  : ----------------XSDB Script (After Launch)----------------
targets -set -nocase -filter {name =~ "ARM*#0" && jtag_cable_name =~ "Digilent JTAG-HS1 210512180081"} -index 0
con
----------------End of Script----------------

15:58:57 INFO  : Launch script is exported to file 'F:\experiment\NTT\1\sum\ntt_3_tfdg_full_twiddle_4_2_sum_axi_3\ntt_1\vitis_4\.sdk\launch_scripts\xilinx_c-c++_application_(system_debugger)\system_debugger_using_debug_ntt.elf_on_local.tcl'
16:01:57 INFO  : Disconnected from the channel tcfchan#15.
16:01:58 INFO  : Connected to target on host '127.0.0.1' and port '3121'.
16:01:58 INFO  : Jtag cable 'Digilent JTAG-HS1 210512180081' is selected.
16:01:58 INFO  : 'jtag frequency' command is executed.
16:01:58 INFO  : Sourcing of 'F:/experiment/NTT/1/sum/ntt_3_tfdg_full_twiddle_4_2_sum_axi_3/ntt_1/vitis_4/design_1_wrapper_hw_platform_0/ps7_init.tcl' is done.
16:01:58 INFO  : Context for 'APU' is selected.
16:01:58 INFO  : System reset is completed.
16:02:01 INFO  : 'after 3000' command is executed.
16:02:02 INFO  : 'targets -set -filter {jtag_cable_name =~ "Digilent JTAG-HS1 210512180081" && level==0} -index 1' command is executed.
16:02:05 INFO  : FPGA configured successfully with bitstream "F:/experiment/NTT/1/sum/ntt_3_tfdg_full_twiddle_4_2_sum_axi_3/ntt_1/vitis_4/design_1_wrapper_hw_platform_0/design_1_wrapper.bit"
16:02:05 INFO  : Context for 'APU' is selected.
16:02:05 INFO  : Hardware design information is loaded from 'F:/experiment/NTT/1/sum/ntt_3_tfdg_full_twiddle_4_2_sum_axi_3/ntt_1/vitis_4/design_1_wrapper_hw_platform_0/system.hdf'.
16:02:05 INFO  : 'configparams force-mem-access 1' command is executed.
16:02:05 INFO  : Context for 'APU' is selected.
16:02:05 INFO  : 'ps7_init' command is executed.
16:02:05 INFO  : 'ps7_post_config' command is executed.
16:02:05 INFO  : Context for processor 'ps7_cortexa9_0' is selected.
16:02:06 INFO  : The application 'F:/experiment/NTT/1/sum/ntt_3_tfdg_full_twiddle_4_2_sum_axi_3/ntt_1/vitis_4/ntt/Debug/ntt.elf' is downloaded to processor 'ps7_cortexa9_0'.
16:02:06 INFO  : 'configparams force-mem-access 0' command is executed.
16:02:06 INFO  : ----------------XSDB Script----------------
connect -url tcp:127.0.0.1:3121
source F:/experiment/NTT/1/sum/ntt_3_tfdg_full_twiddle_4_2_sum_axi_3/ntt_1/vitis_4/design_1_wrapper_hw_platform_0/ps7_init.tcl
targets -set -nocase -filter {name =~"APU*" && jtag_cable_name =~ "Digilent JTAG-HS1 210512180081"} -index 0
rst -system
after 3000
targets -set -filter {jtag_cable_name =~ "Digilent JTAG-HS1 210512180081" && level==0} -index 1
fpga -file F:/experiment/NTT/1/sum/ntt_3_tfdg_full_twiddle_4_2_sum_axi_3/ntt_1/vitis_4/design_1_wrapper_hw_platform_0/design_1_wrapper.bit
targets -set -nocase -filter {name =~"APU*" && jtag_cable_name =~ "Digilent JTAG-HS1 210512180081"} -index 0
loadhw -hw F:/experiment/NTT/1/sum/ntt_3_tfdg_full_twiddle_4_2_sum_axi_3/ntt_1/vitis_4/design_1_wrapper_hw_platform_0/system.hdf -mem-ranges [list {0x40000000 0xbfffffff}]
configparams force-mem-access 1
targets -set -nocase -filter {name =~"APU*" && jtag_cable_name =~ "Digilent JTAG-HS1 210512180081"} -index 0
ps7_init
ps7_post_config
targets -set -nocase -filter {name =~ "ARM*#0" && jtag_cable_name =~ "Digilent JTAG-HS1 210512180081"} -index 0
dow F:/experiment/NTT/1/sum/ntt_3_tfdg_full_twiddle_4_2_sum_axi_3/ntt_1/vitis_4/ntt/Debug/ntt.elf
configparams force-mem-access 0
----------------End of Script----------------

16:02:06 INFO  : Memory regions updated for context APU
16:02:06 INFO  : Context for processor 'ps7_cortexa9_0' is selected.
16:02:06 INFO  : 'con' command is executed.
16:02:06 INFO  : ----------------XSDB Script (After Launch)----------------
targets -set -nocase -filter {name =~ "ARM*#0" && jtag_cable_name =~ "Digilent JTAG-HS1 210512180081"} -index 0
con
----------------End of Script----------------

16:02:06 INFO  : Launch script is exported to file 'F:\experiment\NTT\1\sum\ntt_3_tfdg_full_twiddle_4_2_sum_axi_3\ntt_1\vitis_4\.sdk\launch_scripts\xilinx_c-c++_application_(system_debugger)\system_debugger_using_debug_ntt.elf_on_local.tcl'
16:03:22 INFO  : Disconnected from the channel tcfchan#16.
16:03:23 INFO  : Connected to target on host '127.0.0.1' and port '3121'.
16:03:24 INFO  : Jtag cable 'Digilent JTAG-HS1 210512180081' is selected.
16:03:24 INFO  : 'jtag frequency' command is executed.
16:03:24 INFO  : Sourcing of 'F:/experiment/NTT/1/sum/ntt_3_tfdg_full_twiddle_4_2_sum_axi_3/ntt_1/vitis_4/design_1_wrapper_hw_platform_0/ps7_init.tcl' is done.
16:03:24 INFO  : Context for 'APU' is selected.
16:03:24 INFO  : System reset is completed.
16:03:27 INFO  : 'after 3000' command is executed.
16:03:27 INFO  : 'targets -set -filter {jtag_cable_name =~ "Digilent JTAG-HS1 210512180081" && level==0} -index 1' command is executed.
16:03:31 INFO  : FPGA configured successfully with bitstream "F:/experiment/NTT/1/sum/ntt_3_tfdg_full_twiddle_4_2_sum_axi_3/ntt_1/vitis_4/design_1_wrapper_hw_platform_0/design_1_wrapper.bit"
16:03:31 INFO  : Context for 'APU' is selected.
16:03:31 INFO  : Hardware design information is loaded from 'F:/experiment/NTT/1/sum/ntt_3_tfdg_full_twiddle_4_2_sum_axi_3/ntt_1/vitis_4/design_1_wrapper_hw_platform_0/system.hdf'.
16:03:31 INFO  : 'configparams force-mem-access 1' command is executed.
16:03:31 INFO  : Context for 'APU' is selected.
16:03:31 INFO  : 'ps7_init' command is executed.
16:03:31 INFO  : 'ps7_post_config' command is executed.
16:03:31 INFO  : Context for processor 'ps7_cortexa9_0' is selected.
16:03:31 INFO  : The application 'F:/experiment/NTT/1/sum/ntt_3_tfdg_full_twiddle_4_2_sum_axi_3/ntt_1/vitis_4/ntt/Debug/ntt.elf' is downloaded to processor 'ps7_cortexa9_0'.
16:03:31 INFO  : 'configparams force-mem-access 0' command is executed.
16:03:31 INFO  : ----------------XSDB Script----------------
connect -url tcp:127.0.0.1:3121
source F:/experiment/NTT/1/sum/ntt_3_tfdg_full_twiddle_4_2_sum_axi_3/ntt_1/vitis_4/design_1_wrapper_hw_platform_0/ps7_init.tcl
targets -set -nocase -filter {name =~"APU*" && jtag_cable_name =~ "Digilent JTAG-HS1 210512180081"} -index 0
rst -system
after 3000
targets -set -filter {jtag_cable_name =~ "Digilent JTAG-HS1 210512180081" && level==0} -index 1
fpga -file F:/experiment/NTT/1/sum/ntt_3_tfdg_full_twiddle_4_2_sum_axi_3/ntt_1/vitis_4/design_1_wrapper_hw_platform_0/design_1_wrapper.bit
targets -set -nocase -filter {name =~"APU*" && jtag_cable_name =~ "Digilent JTAG-HS1 210512180081"} -index 0
loadhw -hw F:/experiment/NTT/1/sum/ntt_3_tfdg_full_twiddle_4_2_sum_axi_3/ntt_1/vitis_4/design_1_wrapper_hw_platform_0/system.hdf -mem-ranges [list {0x40000000 0xbfffffff}]
configparams force-mem-access 1
targets -set -nocase -filter {name =~"APU*" && jtag_cable_name =~ "Digilent JTAG-HS1 210512180081"} -index 0
ps7_init
ps7_post_config
targets -set -nocase -filter {name =~ "ARM*#0" && jtag_cable_name =~ "Digilent JTAG-HS1 210512180081"} -index 0
dow F:/experiment/NTT/1/sum/ntt_3_tfdg_full_twiddle_4_2_sum_axi_3/ntt_1/vitis_4/ntt/Debug/ntt.elf
configparams force-mem-access 0
----------------End of Script----------------

16:03:32 INFO  : Memory regions updated for context APU
16:03:32 INFO  : Context for processor 'ps7_cortexa9_0' is selected.
16:03:32 INFO  : 'con' command is executed.
16:03:32 INFO  : ----------------XSDB Script (After Launch)----------------
targets -set -nocase -filter {name =~ "ARM*#0" && jtag_cable_name =~ "Digilent JTAG-HS1 210512180081"} -index 0
con
----------------End of Script----------------

16:03:32 INFO  : Launch script is exported to file 'F:\experiment\NTT\1\sum\ntt_3_tfdg_full_twiddle_4_2_sum_axi_3\ntt_1\vitis_4\.sdk\launch_scripts\xilinx_c-c++_application_(system_debugger)\system_debugger_using_debug_ntt.elf_on_local.tcl'
16:03:46 INFO  : Disconnected from the channel tcfchan#17.
16:03:47 INFO  : Connected to target on host '127.0.0.1' and port '3121'.
16:03:47 INFO  : Jtag cable 'Digilent JTAG-HS1 210512180081' is selected.
16:03:47 INFO  : 'jtag frequency' command is executed.
16:03:47 INFO  : Sourcing of 'F:/experiment/NTT/1/sum/ntt_3_tfdg_full_twiddle_4_2_sum_axi_3/ntt_1/vitis_4/design_1_wrapper_hw_platform_0/ps7_init.tcl' is done.
16:03:47 INFO  : Context for 'APU' is selected.
16:03:47 INFO  : System reset is completed.
16:03:50 INFO  : 'after 3000' command is executed.
16:03:51 INFO  : 'targets -set -filter {jtag_cable_name =~ "Digilent JTAG-HS1 210512180081" && level==0} -index 1' command is executed.
16:03:54 INFO  : FPGA configured successfully with bitstream "F:/experiment/NTT/1/sum/ntt_3_tfdg_full_twiddle_4_2_sum_axi_3/ntt_1/vitis_4/design_1_wrapper_hw_platform_0/design_1_wrapper.bit"
16:03:54 INFO  : Context for 'APU' is selected.
16:03:54 INFO  : Hardware design information is loaded from 'F:/experiment/NTT/1/sum/ntt_3_tfdg_full_twiddle_4_2_sum_axi_3/ntt_1/vitis_4/design_1_wrapper_hw_platform_0/system.hdf'.
16:03:54 INFO  : 'configparams force-mem-access 1' command is executed.
16:03:54 INFO  : Context for 'APU' is selected.
16:03:54 INFO  : 'ps7_init' command is executed.
16:03:54 INFO  : 'ps7_post_config' command is executed.
16:03:54 INFO  : Context for processor 'ps7_cortexa9_0' is selected.
16:03:55 INFO  : The application 'F:/experiment/NTT/1/sum/ntt_3_tfdg_full_twiddle_4_2_sum_axi_3/ntt_1/vitis_4/ntt/Debug/ntt.elf' is downloaded to processor 'ps7_cortexa9_0'.
16:03:55 INFO  : 'configparams force-mem-access 0' command is executed.
16:03:55 INFO  : ----------------XSDB Script----------------
connect -url tcp:127.0.0.1:3121
source F:/experiment/NTT/1/sum/ntt_3_tfdg_full_twiddle_4_2_sum_axi_3/ntt_1/vitis_4/design_1_wrapper_hw_platform_0/ps7_init.tcl
targets -set -nocase -filter {name =~"APU*" && jtag_cable_name =~ "Digilent JTAG-HS1 210512180081"} -index 0
rst -system
after 3000
targets -set -filter {jtag_cable_name =~ "Digilent JTAG-HS1 210512180081" && level==0} -index 1
fpga -file F:/experiment/NTT/1/sum/ntt_3_tfdg_full_twiddle_4_2_sum_axi_3/ntt_1/vitis_4/design_1_wrapper_hw_platform_0/design_1_wrapper.bit
targets -set -nocase -filter {name =~"APU*" && jtag_cable_name =~ "Digilent JTAG-HS1 210512180081"} -index 0
loadhw -hw F:/experiment/NTT/1/sum/ntt_3_tfdg_full_twiddle_4_2_sum_axi_3/ntt_1/vitis_4/design_1_wrapper_hw_platform_0/system.hdf -mem-ranges [list {0x40000000 0xbfffffff}]
configparams force-mem-access 1
targets -set -nocase -filter {name =~"APU*" && jtag_cable_name =~ "Digilent JTAG-HS1 210512180081"} -index 0
ps7_init
ps7_post_config
targets -set -nocase -filter {name =~ "ARM*#0" && jtag_cable_name =~ "Digilent JTAG-HS1 210512180081"} -index 0
dow F:/experiment/NTT/1/sum/ntt_3_tfdg_full_twiddle_4_2_sum_axi_3/ntt_1/vitis_4/ntt/Debug/ntt.elf
configparams force-mem-access 0
----------------End of Script----------------

16:03:55 INFO  : Memory regions updated for context APU
16:03:55 INFO  : Context for processor 'ps7_cortexa9_0' is selected.
16:03:55 INFO  : 'con' command is executed.
16:03:55 INFO  : ----------------XSDB Script (After Launch)----------------
targets -set -nocase -filter {name =~ "ARM*#0" && jtag_cable_name =~ "Digilent JTAG-HS1 210512180081"} -index 0
con
----------------End of Script----------------

16:03:55 INFO  : Launch script is exported to file 'F:\experiment\NTT\1\sum\ntt_3_tfdg_full_twiddle_4_2_sum_axi_3\ntt_1\vitis_4\.sdk\launch_scripts\xilinx_c-c++_application_(system_debugger)\system_debugger_using_debug_ntt.elf_on_local.tcl'
16:14:58 INFO  : Disconnected from the channel tcfchan#18.
16:14:59 INFO  : Connected to target on host '127.0.0.1' and port '3121'.
16:14:59 INFO  : Jtag cable 'Digilent JTAG-HS1 210512180081' is selected.
16:14:59 INFO  : 'jtag frequency' command is executed.
16:14:59 INFO  : Sourcing of 'F:/experiment/NTT/1/sum/ntt_3_tfdg_full_twiddle_4_2_sum_axi_3/ntt_1/vitis_4/design_1_wrapper_hw_platform_0/ps7_init.tcl' is done.
16:14:59 INFO  : Context for 'APU' is selected.
16:14:59 INFO  : System reset is completed.
16:15:02 INFO  : 'after 3000' command is executed.
16:15:02 INFO  : 'targets -set -filter {jtag_cable_name =~ "Digilent JTAG-HS1 210512180081" && level==0} -index 1' command is executed.
16:15:06 INFO  : FPGA configured successfully with bitstream "F:/experiment/NTT/1/sum/ntt_3_tfdg_full_twiddle_4_2_sum_axi_3/ntt_1/vitis_4/design_1_wrapper_hw_platform_0/design_1_wrapper.bit"
16:15:06 INFO  : Context for 'APU' is selected.
16:15:06 INFO  : Hardware design information is loaded from 'F:/experiment/NTT/1/sum/ntt_3_tfdg_full_twiddle_4_2_sum_axi_3/ntt_1/vitis_4/design_1_wrapper_hw_platform_0/system.hdf'.
16:15:06 INFO  : 'configparams force-mem-access 1' command is executed.
16:15:06 INFO  : Context for 'APU' is selected.
16:15:06 INFO  : 'ps7_init' command is executed.
16:15:06 INFO  : 'ps7_post_config' command is executed.
16:15:06 INFO  : Context for processor 'ps7_cortexa9_0' is selected.
16:15:06 INFO  : The application 'F:/experiment/NTT/1/sum/ntt_3_tfdg_full_twiddle_4_2_sum_axi_3/ntt_1/vitis_4/ntt/Debug/ntt.elf' is downloaded to processor 'ps7_cortexa9_0'.
16:15:06 INFO  : 'configparams force-mem-access 0' command is executed.
16:15:06 INFO  : ----------------XSDB Script----------------
connect -url tcp:127.0.0.1:3121
source F:/experiment/NTT/1/sum/ntt_3_tfdg_full_twiddle_4_2_sum_axi_3/ntt_1/vitis_4/design_1_wrapper_hw_platform_0/ps7_init.tcl
targets -set -nocase -filter {name =~"APU*" && jtag_cable_name =~ "Digilent JTAG-HS1 210512180081"} -index 0
rst -system
after 3000
targets -set -filter {jtag_cable_name =~ "Digilent JTAG-HS1 210512180081" && level==0} -index 1
fpga -file F:/experiment/NTT/1/sum/ntt_3_tfdg_full_twiddle_4_2_sum_axi_3/ntt_1/vitis_4/design_1_wrapper_hw_platform_0/design_1_wrapper.bit
targets -set -nocase -filter {name =~"APU*" && jtag_cable_name =~ "Digilent JTAG-HS1 210512180081"} -index 0
loadhw -hw F:/experiment/NTT/1/sum/ntt_3_tfdg_full_twiddle_4_2_sum_axi_3/ntt_1/vitis_4/design_1_wrapper_hw_platform_0/system.hdf -mem-ranges [list {0x40000000 0xbfffffff}]
configparams force-mem-access 1
targets -set -nocase -filter {name =~"APU*" && jtag_cable_name =~ "Digilent JTAG-HS1 210512180081"} -index 0
ps7_init
ps7_post_config
targets -set -nocase -filter {name =~ "ARM*#0" && jtag_cable_name =~ "Digilent JTAG-HS1 210512180081"} -index 0
dow F:/experiment/NTT/1/sum/ntt_3_tfdg_full_twiddle_4_2_sum_axi_3/ntt_1/vitis_4/ntt/Debug/ntt.elf
configparams force-mem-access 0
----------------End of Script----------------

16:15:06 INFO  : Memory regions updated for context APU
16:15:06 INFO  : Context for processor 'ps7_cortexa9_0' is selected.
16:15:06 INFO  : 'con' command is executed.
16:15:06 INFO  : ----------------XSDB Script (After Launch)----------------
targets -set -nocase -filter {name =~ "ARM*#0" && jtag_cable_name =~ "Digilent JTAG-HS1 210512180081"} -index 0
con
----------------End of Script----------------

16:15:06 INFO  : Launch script is exported to file 'F:\experiment\NTT\1\sum\ntt_3_tfdg_full_twiddle_4_2_sum_axi_3\ntt_1\vitis_4\.sdk\launch_scripts\xilinx_c-c++_application_(system_debugger)\system_debugger_using_debug_ntt.elf_on_local.tcl'
16:15:19 INFO  : Disconnected from the channel tcfchan#19.
16:15:20 INFO  : Connected to target on host '127.0.0.1' and port '3121'.
16:15:20 INFO  : Jtag cable 'Digilent JTAG-HS1 210512180081' is selected.
16:15:20 INFO  : 'jtag frequency' command is executed.
16:15:20 INFO  : Sourcing of 'F:/experiment/NTT/1/sum/ntt_3_tfdg_full_twiddle_4_2_sum_axi_3/ntt_1/vitis_4/design_1_wrapper_hw_platform_0/ps7_init.tcl' is done.
16:15:20 INFO  : Context for 'APU' is selected.
16:15:20 INFO  : System reset is completed.
16:15:23 INFO  : 'after 3000' command is executed.
16:15:23 INFO  : 'targets -set -filter {jtag_cable_name =~ "Digilent JTAG-HS1 210512180081" && level==0} -index 1' command is executed.
16:15:27 INFO  : FPGA configured successfully with bitstream "F:/experiment/NTT/1/sum/ntt_3_tfdg_full_twiddle_4_2_sum_axi_3/ntt_1/vitis_4/design_1_wrapper_hw_platform_0/design_1_wrapper.bit"
16:15:27 INFO  : Context for 'APU' is selected.
16:15:27 INFO  : Hardware design information is loaded from 'F:/experiment/NTT/1/sum/ntt_3_tfdg_full_twiddle_4_2_sum_axi_3/ntt_1/vitis_4/design_1_wrapper_hw_platform_0/system.hdf'.
16:15:27 INFO  : 'configparams force-mem-access 1' command is executed.
16:15:27 INFO  : Context for 'APU' is selected.
16:15:27 INFO  : 'ps7_init' command is executed.
16:15:27 INFO  : 'ps7_post_config' command is executed.
16:15:27 INFO  : Context for processor 'ps7_cortexa9_0' is selected.
16:15:27 INFO  : The application 'F:/experiment/NTT/1/sum/ntt_3_tfdg_full_twiddle_4_2_sum_axi_3/ntt_1/vitis_4/ntt/Debug/ntt.elf' is downloaded to processor 'ps7_cortexa9_0'.
16:15:27 INFO  : 'configparams force-mem-access 0' command is executed.
16:15:27 INFO  : ----------------XSDB Script----------------
connect -url tcp:127.0.0.1:3121
source F:/experiment/NTT/1/sum/ntt_3_tfdg_full_twiddle_4_2_sum_axi_3/ntt_1/vitis_4/design_1_wrapper_hw_platform_0/ps7_init.tcl
targets -set -nocase -filter {name =~"APU*" && jtag_cable_name =~ "Digilent JTAG-HS1 210512180081"} -index 0
rst -system
after 3000
targets -set -filter {jtag_cable_name =~ "Digilent JTAG-HS1 210512180081" && level==0} -index 1
fpga -file F:/experiment/NTT/1/sum/ntt_3_tfdg_full_twiddle_4_2_sum_axi_3/ntt_1/vitis_4/design_1_wrapper_hw_platform_0/design_1_wrapper.bit
targets -set -nocase -filter {name =~"APU*" && jtag_cable_name =~ "Digilent JTAG-HS1 210512180081"} -index 0
loadhw -hw F:/experiment/NTT/1/sum/ntt_3_tfdg_full_twiddle_4_2_sum_axi_3/ntt_1/vitis_4/design_1_wrapper_hw_platform_0/system.hdf -mem-ranges [list {0x40000000 0xbfffffff}]
configparams force-mem-access 1
targets -set -nocase -filter {name =~"APU*" && jtag_cable_name =~ "Digilent JTAG-HS1 210512180081"} -index 0
ps7_init
ps7_post_config
targets -set -nocase -filter {name =~ "ARM*#0" && jtag_cable_name =~ "Digilent JTAG-HS1 210512180081"} -index 0
dow F:/experiment/NTT/1/sum/ntt_3_tfdg_full_twiddle_4_2_sum_axi_3/ntt_1/vitis_4/ntt/Debug/ntt.elf
configparams force-mem-access 0
----------------End of Script----------------

16:15:27 INFO  : Memory regions updated for context APU
16:15:27 INFO  : Context for processor 'ps7_cortexa9_0' is selected.
16:15:28 INFO  : 'con' command is executed.
16:15:28 INFO  : ----------------XSDB Script (After Launch)----------------
targets -set -nocase -filter {name =~ "ARM*#0" && jtag_cable_name =~ "Digilent JTAG-HS1 210512180081"} -index 0
con
----------------End of Script----------------

16:15:28 INFO  : Launch script is exported to file 'F:\experiment\NTT\1\sum\ntt_3_tfdg_full_twiddle_4_2_sum_axi_3\ntt_1\vitis_4\.sdk\launch_scripts\xilinx_c-c++_application_(system_debugger)\system_debugger_using_debug_ntt.elf_on_local.tcl'
16:15:42 INFO  : Disconnected from the channel tcfchan#20.
16:15:43 INFO  : Connected to target on host '127.0.0.1' and port '3121'.
16:15:43 INFO  : Jtag cable 'Digilent JTAG-HS1 210512180081' is selected.
16:15:43 INFO  : 'jtag frequency' command is executed.
16:15:43 INFO  : Sourcing of 'F:/experiment/NTT/1/sum/ntt_3_tfdg_full_twiddle_4_2_sum_axi_3/ntt_1/vitis_4/design_1_wrapper_hw_platform_0/ps7_init.tcl' is done.
16:15:43 INFO  : Context for 'APU' is selected.
16:15:43 INFO  : System reset is completed.
16:15:46 INFO  : 'after 3000' command is executed.
16:15:47 INFO  : 'targets -set -filter {jtag_cable_name =~ "Digilent JTAG-HS1 210512180081" && level==0} -index 1' command is executed.
16:15:50 INFO  : FPGA configured successfully with bitstream "F:/experiment/NTT/1/sum/ntt_3_tfdg_full_twiddle_4_2_sum_axi_3/ntt_1/vitis_4/design_1_wrapper_hw_platform_0/design_1_wrapper.bit"
16:15:50 INFO  : Context for 'APU' is selected.
16:15:50 INFO  : Hardware design information is loaded from 'F:/experiment/NTT/1/sum/ntt_3_tfdg_full_twiddle_4_2_sum_axi_3/ntt_1/vitis_4/design_1_wrapper_hw_platform_0/system.hdf'.
16:15:50 INFO  : 'configparams force-mem-access 1' command is executed.
16:15:50 INFO  : Context for 'APU' is selected.
16:15:50 INFO  : 'ps7_init' command is executed.
16:15:50 INFO  : 'ps7_post_config' command is executed.
16:15:50 INFO  : Context for processor 'ps7_cortexa9_0' is selected.
16:15:51 INFO  : The application 'F:/experiment/NTT/1/sum/ntt_3_tfdg_full_twiddle_4_2_sum_axi_3/ntt_1/vitis_4/ntt/Debug/ntt.elf' is downloaded to processor 'ps7_cortexa9_0'.
16:15:51 INFO  : 'configparams force-mem-access 0' command is executed.
16:15:51 INFO  : ----------------XSDB Script----------------
connect -url tcp:127.0.0.1:3121
source F:/experiment/NTT/1/sum/ntt_3_tfdg_full_twiddle_4_2_sum_axi_3/ntt_1/vitis_4/design_1_wrapper_hw_platform_0/ps7_init.tcl
targets -set -nocase -filter {name =~"APU*" && jtag_cable_name =~ "Digilent JTAG-HS1 210512180081"} -index 0
rst -system
after 3000
targets -set -filter {jtag_cable_name =~ "Digilent JTAG-HS1 210512180081" && level==0} -index 1
fpga -file F:/experiment/NTT/1/sum/ntt_3_tfdg_full_twiddle_4_2_sum_axi_3/ntt_1/vitis_4/design_1_wrapper_hw_platform_0/design_1_wrapper.bit
targets -set -nocase -filter {name =~"APU*" && jtag_cable_name =~ "Digilent JTAG-HS1 210512180081"} -index 0
loadhw -hw F:/experiment/NTT/1/sum/ntt_3_tfdg_full_twiddle_4_2_sum_axi_3/ntt_1/vitis_4/design_1_wrapper_hw_platform_0/system.hdf -mem-ranges [list {0x40000000 0xbfffffff}]
configparams force-mem-access 1
targets -set -nocase -filter {name =~"APU*" && jtag_cable_name =~ "Digilent JTAG-HS1 210512180081"} -index 0
ps7_init
ps7_post_config
targets -set -nocase -filter {name =~ "ARM*#0" && jtag_cable_name =~ "Digilent JTAG-HS1 210512180081"} -index 0
dow F:/experiment/NTT/1/sum/ntt_3_tfdg_full_twiddle_4_2_sum_axi_3/ntt_1/vitis_4/ntt/Debug/ntt.elf
configparams force-mem-access 0
----------------End of Script----------------

16:15:51 INFO  : Memory regions updated for context APU
16:15:51 INFO  : Context for processor 'ps7_cortexa9_0' is selected.
16:15:51 INFO  : 'con' command is executed.
16:15:51 INFO  : ----------------XSDB Script (After Launch)----------------
targets -set -nocase -filter {name =~ "ARM*#0" && jtag_cable_name =~ "Digilent JTAG-HS1 210512180081"} -index 0
con
----------------End of Script----------------

16:15:51 INFO  : Launch script is exported to file 'F:\experiment\NTT\1\sum\ntt_3_tfdg_full_twiddle_4_2_sum_axi_3\ntt_1\vitis_4\.sdk\launch_scripts\xilinx_c-c++_application_(system_debugger)\system_debugger_using_debug_ntt.elf_on_local.tcl'
16:17:55 INFO  : Disconnected from the channel tcfchan#21.
16:17:56 INFO  : Connected to target on host '127.0.0.1' and port '3121'.
16:17:56 INFO  : Jtag cable 'Digilent JTAG-HS1 210512180081' is selected.
16:17:56 INFO  : 'jtag frequency' command is executed.
16:17:56 INFO  : Sourcing of 'F:/experiment/NTT/1/sum/ntt_3_tfdg_full_twiddle_4_2_sum_axi_3/ntt_1/vitis_4/design_1_wrapper_hw_platform_0/ps7_init.tcl' is done.
16:17:56 INFO  : Context for 'APU' is selected.
16:17:56 INFO  : System reset is completed.
16:17:59 INFO  : 'after 3000' command is executed.
16:17:59 INFO  : 'targets -set -filter {jtag_cable_name =~ "Digilent JTAG-HS1 210512180081" && level==0} -index 1' command is executed.
16:18:03 INFO  : FPGA configured successfully with bitstream "F:/experiment/NTT/1/sum/ntt_3_tfdg_full_twiddle_4_2_sum_axi_3/ntt_1/vitis_4/design_1_wrapper_hw_platform_0/design_1_wrapper.bit"
16:18:03 INFO  : Context for 'APU' is selected.
16:18:03 INFO  : Hardware design information is loaded from 'F:/experiment/NTT/1/sum/ntt_3_tfdg_full_twiddle_4_2_sum_axi_3/ntt_1/vitis_4/design_1_wrapper_hw_platform_0/system.hdf'.
16:18:03 INFO  : 'configparams force-mem-access 1' command is executed.
16:18:03 INFO  : Context for 'APU' is selected.
16:18:03 INFO  : 'ps7_init' command is executed.
16:18:03 INFO  : 'ps7_post_config' command is executed.
16:18:03 INFO  : Context for processor 'ps7_cortexa9_0' is selected.
16:18:03 INFO  : The application 'F:/experiment/NTT/1/sum/ntt_3_tfdg_full_twiddle_4_2_sum_axi_3/ntt_1/vitis_4/ntt/Debug/ntt.elf' is downloaded to processor 'ps7_cortexa9_0'.
16:18:03 INFO  : 'configparams force-mem-access 0' command is executed.
16:18:03 INFO  : ----------------XSDB Script----------------
connect -url tcp:127.0.0.1:3121
source F:/experiment/NTT/1/sum/ntt_3_tfdg_full_twiddle_4_2_sum_axi_3/ntt_1/vitis_4/design_1_wrapper_hw_platform_0/ps7_init.tcl
targets -set -nocase -filter {name =~"APU*" && jtag_cable_name =~ "Digilent JTAG-HS1 210512180081"} -index 0
rst -system
after 3000
targets -set -filter {jtag_cable_name =~ "Digilent JTAG-HS1 210512180081" && level==0} -index 1
fpga -file F:/experiment/NTT/1/sum/ntt_3_tfdg_full_twiddle_4_2_sum_axi_3/ntt_1/vitis_4/design_1_wrapper_hw_platform_0/design_1_wrapper.bit
targets -set -nocase -filter {name =~"APU*" && jtag_cable_name =~ "Digilent JTAG-HS1 210512180081"} -index 0
loadhw -hw F:/experiment/NTT/1/sum/ntt_3_tfdg_full_twiddle_4_2_sum_axi_3/ntt_1/vitis_4/design_1_wrapper_hw_platform_0/system.hdf -mem-ranges [list {0x40000000 0xbfffffff}]
configparams force-mem-access 1
targets -set -nocase -filter {name =~"APU*" && jtag_cable_name =~ "Digilent JTAG-HS1 210512180081"} -index 0
ps7_init
ps7_post_config
targets -set -nocase -filter {name =~ "ARM*#0" && jtag_cable_name =~ "Digilent JTAG-HS1 210512180081"} -index 0
dow F:/experiment/NTT/1/sum/ntt_3_tfdg_full_twiddle_4_2_sum_axi_3/ntt_1/vitis_4/ntt/Debug/ntt.elf
configparams force-mem-access 0
----------------End of Script----------------

16:18:04 INFO  : Memory regions updated for context APU
16:18:04 INFO  : Context for processor 'ps7_cortexa9_0' is selected.
16:18:04 INFO  : 'con' command is executed.
16:18:04 INFO  : ----------------XSDB Script (After Launch)----------------
targets -set -nocase -filter {name =~ "ARM*#0" && jtag_cable_name =~ "Digilent JTAG-HS1 210512180081"} -index 0
con
----------------End of Script----------------

16:18:04 INFO  : Launch script is exported to file 'F:\experiment\NTT\1\sum\ntt_3_tfdg_full_twiddle_4_2_sum_axi_3\ntt_1\vitis_4\.sdk\launch_scripts\xilinx_c-c++_application_(system_debugger)\system_debugger_using_debug_ntt.elf_on_local.tcl'
17:01:28 INFO  : Disconnected from the channel tcfchan#22.
13:01:31 INFO  : Registering command handlers for SDK TCF services
13:01:32 INFO  : Launching XSCT server: xsct.bat -interactive F:\experiment\NTT\1\sum\ntt_3_tfdg_full_twiddle_4_2_sum_axi_3\ntt_1\vitis_4\temp_xsdb_launch_script.tcl
13:01:35 INFO  : XSCT server has started successfully.
13:01:36 INFO  : Successfully done setting XSCT server connection channel  
13:01:36 INFO  : Successfully done setting SDK workspace  
13:01:36 INFO  : Processing command line option -hwspec F:/experiment/NTT/1/sum/ntt_3_tfdg_full_twiddle_4_2_sum_axi_3/ntt_1/vitis_4/design_1_wrapper.hdf.
13:01:36 INFO  : Checking for hwspec changes in the project design_1_wrapper_hw_platform_0.
13:03:02 INFO  : Connected to target on host '127.0.0.1' and port '3121'.
13:03:02 INFO  : Jtag cable 'Digilent JTAG-HS1 210512180081' is selected.
13:03:02 INFO  : 'jtag frequency' command is executed.
13:03:02 INFO  : Sourcing of 'F:/experiment/NTT/1/sum/ntt_3_tfdg_full_twiddle_4_2_sum_axi_3/ntt_1/vitis_4/design_1_wrapper_hw_platform_0/ps7_init.tcl' is done.
13:03:03 INFO  : Context for 'APU' is selected.
13:03:03 INFO  : System reset is completed.
13:03:06 INFO  : 'after 3000' command is executed.
13:03:06 INFO  : 'targets -set -filter {jtag_cable_name =~ "Digilent JTAG-HS1 210512180081" && level==0} -index 1' command is executed.
13:03:09 INFO  : FPGA configured successfully with bitstream "F:/experiment/NTT/1/sum/ntt_3_tfdg_full_twiddle_4_2_sum_axi_3/ntt_1/vitis_4/design_1_wrapper_hw_platform_0/design_1_wrapper.bit"
13:03:09 INFO  : Context for 'APU' is selected.
13:03:09 INFO  : Hardware design information is loaded from 'F:/experiment/NTT/1/sum/ntt_3_tfdg_full_twiddle_4_2_sum_axi_3/ntt_1/vitis_4/design_1_wrapper_hw_platform_0/system.hdf'.
13:03:09 INFO  : 'configparams force-mem-access 1' command is executed.
13:03:09 INFO  : Context for 'APU' is selected.
13:03:10 INFO  : 'ps7_init' command is executed.
13:03:10 INFO  : 'ps7_post_config' command is executed.
13:03:10 INFO  : Context for processor 'ps7_cortexa9_0' is selected.
13:03:10 INFO  : The application 'F:/experiment/NTT/1/sum/ntt_3_tfdg_full_twiddle_4_2_sum_axi_3/ntt_1/vitis_4/ntt/Debug/ntt.elf' is downloaded to processor 'ps7_cortexa9_0'.
13:03:10 INFO  : 'configparams force-mem-access 0' command is executed.
13:03:10 INFO  : ----------------XSDB Script----------------
connect -url tcp:127.0.0.1:3121
source F:/experiment/NTT/1/sum/ntt_3_tfdg_full_twiddle_4_2_sum_axi_3/ntt_1/vitis_4/design_1_wrapper_hw_platform_0/ps7_init.tcl
targets -set -nocase -filter {name =~"APU*" && jtag_cable_name =~ "Digilent JTAG-HS1 210512180081"} -index 0
rst -system
after 3000
targets -set -filter {jtag_cable_name =~ "Digilent JTAG-HS1 210512180081" && level==0} -index 1
fpga -file F:/experiment/NTT/1/sum/ntt_3_tfdg_full_twiddle_4_2_sum_axi_3/ntt_1/vitis_4/design_1_wrapper_hw_platform_0/design_1_wrapper.bit
targets -set -nocase -filter {name =~"APU*" && jtag_cable_name =~ "Digilent JTAG-HS1 210512180081"} -index 0
loadhw -hw F:/experiment/NTT/1/sum/ntt_3_tfdg_full_twiddle_4_2_sum_axi_3/ntt_1/vitis_4/design_1_wrapper_hw_platform_0/system.hdf -mem-ranges [list {0x40000000 0xbfffffff}]
configparams force-mem-access 1
targets -set -nocase -filter {name =~"APU*" && jtag_cable_name =~ "Digilent JTAG-HS1 210512180081"} -index 0
ps7_init
ps7_post_config
targets -set -nocase -filter {name =~ "ARM*#0" && jtag_cable_name =~ "Digilent JTAG-HS1 210512180081"} -index 0
dow F:/experiment/NTT/1/sum/ntt_3_tfdg_full_twiddle_4_2_sum_axi_3/ntt_1/vitis_4/ntt/Debug/ntt.elf
configparams force-mem-access 0
----------------End of Script----------------

13:03:10 INFO  : Memory regions updated for context APU
13:03:10 INFO  : Context for processor 'ps7_cortexa9_0' is selected.
13:03:10 INFO  : 'con' command is executed.
13:03:10 INFO  : ----------------XSDB Script (After Launch)----------------
targets -set -nocase -filter {name =~ "ARM*#0" && jtag_cable_name =~ "Digilent JTAG-HS1 210512180081"} -index 0
con
----------------End of Script----------------

13:03:10 INFO  : Launch script is exported to file 'F:\experiment\NTT\1\sum\ntt_3_tfdg_full_twiddle_4_2_sum_axi_3\ntt_1\vitis_4\.sdk\launch_scripts\xilinx_c-c++_application_(system_debugger)\system_debugger_using_debug_ntt.elf_on_local.tcl'
13:05:12 INFO  : Disconnected from the channel tcfchan#1.
13:05:13 INFO  : Connected to target on host '127.0.0.1' and port '3121'.
13:05:13 INFO  : Jtag cable 'Digilent JTAG-HS1 210512180081' is selected.
13:05:13 INFO  : 'jtag frequency' command is executed.
13:05:13 INFO  : Sourcing of 'F:/experiment/NTT/1/sum/ntt_3_tfdg_full_twiddle_4_2_sum_axi_3/ntt_1/vitis_4/design_1_wrapper_hw_platform_0/ps7_init.tcl' is done.
13:05:13 INFO  : Context for 'APU' is selected.
13:05:13 INFO  : System reset is completed.
13:05:16 INFO  : 'after 3000' command is executed.
13:05:16 INFO  : 'targets -set -filter {jtag_cable_name =~ "Digilent JTAG-HS1 210512180081" && level==0} -index 1' command is executed.
13:05:20 INFO  : FPGA configured successfully with bitstream "F:/experiment/NTT/1/sum/ntt_3_tfdg_full_twiddle_4_2_sum_axi_3/ntt_1/vitis_4/design_1_wrapper_hw_platform_0/design_1_wrapper.bit"
13:05:20 INFO  : Context for 'APU' is selected.
13:05:21 INFO  : Hardware design information is loaded from 'F:/experiment/NTT/1/sum/ntt_3_tfdg_full_twiddle_4_2_sum_axi_3/ntt_1/vitis_4/design_1_wrapper_hw_platform_0/system.hdf'.
13:05:21 INFO  : 'configparams force-mem-access 1' command is executed.
13:05:21 INFO  : Context for 'APU' is selected.
13:05:21 INFO  : 'ps7_init' command is executed.
13:05:21 INFO  : 'ps7_post_config' command is executed.
13:05:21 INFO  : Context for processor 'ps7_cortexa9_0' is selected.
13:05:22 INFO  : The application 'F:/experiment/NTT/1/sum/ntt_3_tfdg_full_twiddle_4_2_sum_axi_3/ntt_1/vitis_4/ntt/Debug/ntt.elf' is downloaded to processor 'ps7_cortexa9_0'.
13:05:22 INFO  : 'configparams force-mem-access 0' command is executed.
13:05:22 INFO  : ----------------XSDB Script----------------
connect -url tcp:127.0.0.1:3121
source F:/experiment/NTT/1/sum/ntt_3_tfdg_full_twiddle_4_2_sum_axi_3/ntt_1/vitis_4/design_1_wrapper_hw_platform_0/ps7_init.tcl
targets -set -nocase -filter {name =~"APU*" && jtag_cable_name =~ "Digilent JTAG-HS1 210512180081"} -index 0
rst -system
after 3000
targets -set -filter {jtag_cable_name =~ "Digilent JTAG-HS1 210512180081" && level==0} -index 1
fpga -file F:/experiment/NTT/1/sum/ntt_3_tfdg_full_twiddle_4_2_sum_axi_3/ntt_1/vitis_4/design_1_wrapper_hw_platform_0/design_1_wrapper.bit
targets -set -nocase -filter {name =~"APU*" && jtag_cable_name =~ "Digilent JTAG-HS1 210512180081"} -index 0
loadhw -hw F:/experiment/NTT/1/sum/ntt_3_tfdg_full_twiddle_4_2_sum_axi_3/ntt_1/vitis_4/design_1_wrapper_hw_platform_0/system.hdf -mem-ranges [list {0x40000000 0xbfffffff}]
configparams force-mem-access 1
targets -set -nocase -filter {name =~"APU*" && jtag_cable_name =~ "Digilent JTAG-HS1 210512180081"} -index 0
ps7_init
ps7_post_config
targets -set -nocase -filter {name =~ "ARM*#0" && jtag_cable_name =~ "Digilent JTAG-HS1 210512180081"} -index 0
dow F:/experiment/NTT/1/sum/ntt_3_tfdg_full_twiddle_4_2_sum_axi_3/ntt_1/vitis_4/ntt/Debug/ntt.elf
configparams force-mem-access 0
----------------End of Script----------------

13:05:22 INFO  : Memory regions updated for context APU
13:05:22 INFO  : Context for processor 'ps7_cortexa9_0' is selected.
13:05:22 INFO  : 'con' command is executed.
13:05:22 INFO  : ----------------XSDB Script (After Launch)----------------
targets -set -nocase -filter {name =~ "ARM*#0" && jtag_cable_name =~ "Digilent JTAG-HS1 210512180081"} -index 0
con
----------------End of Script----------------

13:05:22 INFO  : Launch script is exported to file 'F:\experiment\NTT\1\sum\ntt_3_tfdg_full_twiddle_4_2_sum_axi_3\ntt_1\vitis_4\.sdk\launch_scripts\xilinx_c-c++_application_(system_debugger)\system_debugger_using_debug_ntt.elf_on_local.tcl'
13:08:40 INFO  : Disconnected from the channel tcfchan#2.
13:08:41 INFO  : Connected to target on host '127.0.0.1' and port '3121'.
13:08:41 INFO  : Jtag cable 'Digilent JTAG-HS1 210512180081' is selected.
13:08:41 INFO  : 'jtag frequency' command is executed.
13:08:41 INFO  : Sourcing of 'F:/experiment/NTT/1/sum/ntt_3_tfdg_full_twiddle_4_2_sum_axi_3/ntt_1/vitis_4/design_1_wrapper_hw_platform_0/ps7_init.tcl' is done.
13:08:41 INFO  : Context for 'APU' is selected.
13:08:41 INFO  : System reset is completed.
13:08:44 INFO  : 'after 3000' command is executed.
13:08:44 INFO  : 'targets -set -filter {jtag_cable_name =~ "Digilent JTAG-HS1 210512180081" && level==0} -index 1' command is executed.
13:08:48 INFO  : FPGA configured successfully with bitstream "F:/experiment/NTT/1/sum/ntt_3_tfdg_full_twiddle_4_2_sum_axi_3/ntt_1/vitis_4/design_1_wrapper_hw_platform_0/design_1_wrapper.bit"
13:08:48 INFO  : Context for 'APU' is selected.
13:08:49 INFO  : Hardware design information is loaded from 'F:/experiment/NTT/1/sum/ntt_3_tfdg_full_twiddle_4_2_sum_axi_3/ntt_1/vitis_4/design_1_wrapper_hw_platform_0/system.hdf'.
13:08:49 INFO  : 'configparams force-mem-access 1' command is executed.
13:08:49 INFO  : Context for 'APU' is selected.
13:08:50 INFO  : 'ps7_init' command is executed.
13:08:50 INFO  : 'ps7_post_config' command is executed.
13:08:50 INFO  : Context for processor 'ps7_cortexa9_0' is selected.
13:08:50 INFO  : The application 'F:/experiment/NTT/1/sum/ntt_3_tfdg_full_twiddle_4_2_sum_axi_3/ntt_1/vitis_4/ntt/Debug/ntt.elf' is downloaded to processor 'ps7_cortexa9_0'.
13:08:50 INFO  : 'configparams force-mem-access 0' command is executed.
13:08:50 INFO  : ----------------XSDB Script----------------
connect -url tcp:127.0.0.1:3121
source F:/experiment/NTT/1/sum/ntt_3_tfdg_full_twiddle_4_2_sum_axi_3/ntt_1/vitis_4/design_1_wrapper_hw_platform_0/ps7_init.tcl
targets -set -nocase -filter {name =~"APU*" && jtag_cable_name =~ "Digilent JTAG-HS1 210512180081"} -index 0
rst -system
after 3000
targets -set -filter {jtag_cable_name =~ "Digilent JTAG-HS1 210512180081" && level==0} -index 1
fpga -file F:/experiment/NTT/1/sum/ntt_3_tfdg_full_twiddle_4_2_sum_axi_3/ntt_1/vitis_4/design_1_wrapper_hw_platform_0/design_1_wrapper.bit
targets -set -nocase -filter {name =~"APU*" && jtag_cable_name =~ "Digilent JTAG-HS1 210512180081"} -index 0
loadhw -hw F:/experiment/NTT/1/sum/ntt_3_tfdg_full_twiddle_4_2_sum_axi_3/ntt_1/vitis_4/design_1_wrapper_hw_platform_0/system.hdf -mem-ranges [list {0x40000000 0xbfffffff}]
configparams force-mem-access 1
targets -set -nocase -filter {name =~"APU*" && jtag_cable_name =~ "Digilent JTAG-HS1 210512180081"} -index 0
ps7_init
ps7_post_config
targets -set -nocase -filter {name =~ "ARM*#0" && jtag_cable_name =~ "Digilent JTAG-HS1 210512180081"} -index 0
dow F:/experiment/NTT/1/sum/ntt_3_tfdg_full_twiddle_4_2_sum_axi_3/ntt_1/vitis_4/ntt/Debug/ntt.elf
configparams force-mem-access 0
----------------End of Script----------------

13:08:50 INFO  : Memory regions updated for context APU
13:08:50 INFO  : Context for processor 'ps7_cortexa9_0' is selected.
13:08:50 INFO  : 'con' command is executed.
13:08:50 INFO  : ----------------XSDB Script (After Launch)----------------
targets -set -nocase -filter {name =~ "ARM*#0" && jtag_cable_name =~ "Digilent JTAG-HS1 210512180081"} -index 0
con
----------------End of Script----------------

13:08:50 INFO  : Launch script is exported to file 'F:\experiment\NTT\1\sum\ntt_3_tfdg_full_twiddle_4_2_sum_axi_3\ntt_1\vitis_4\.sdk\launch_scripts\xilinx_c-c++_application_(system_debugger)\system_debugger_using_debug_ntt.elf_on_local.tcl'
13:14:49 INFO  : Disconnected from the channel tcfchan#3.
13:14:50 INFO  : Connected to target on host '127.0.0.1' and port '3121'.
13:14:50 INFO  : Jtag cable 'Digilent JTAG-HS1 210512180081' is selected.
13:14:50 INFO  : 'jtag frequency' command is executed.
13:14:50 INFO  : Sourcing of 'F:/experiment/NTT/1/sum/ntt_3_tfdg_full_twiddle_4_2_sum_axi_3/ntt_1/vitis_4/design_1_wrapper_hw_platform_0/ps7_init.tcl' is done.
13:14:50 INFO  : Context for 'APU' is selected.
13:14:50 INFO  : System reset is completed.
13:14:54 INFO  : 'after 3000' command is executed.
13:14:54 INFO  : 'targets -set -filter {jtag_cable_name =~ "Digilent JTAG-HS1 210512180081" && level==0} -index 1' command is executed.
13:14:57 INFO  : FPGA configured successfully with bitstream "F:/experiment/NTT/1/sum/ntt_3_tfdg_full_twiddle_4_2_sum_axi_3/ntt_1/vitis_4/design_1_wrapper_hw_platform_0/design_1_wrapper.bit"
13:14:57 INFO  : Context for 'APU' is selected.
13:14:59 INFO  : Hardware design information is loaded from 'F:/experiment/NTT/1/sum/ntt_3_tfdg_full_twiddle_4_2_sum_axi_3/ntt_1/vitis_4/design_1_wrapper_hw_platform_0/system.hdf'.
13:14:59 INFO  : 'configparams force-mem-access 1' command is executed.
13:14:59 INFO  : Context for 'APU' is selected.
13:14:59 INFO  : 'ps7_init' command is executed.
13:14:59 INFO  : 'ps7_post_config' command is executed.
13:14:59 INFO  : Context for processor 'ps7_cortexa9_0' is selected.
13:14:59 INFO  : The application 'F:/experiment/NTT/1/sum/ntt_3_tfdg_full_twiddle_4_2_sum_axi_3/ntt_1/vitis_4/ntt/Debug/ntt.elf' is downloaded to processor 'ps7_cortexa9_0'.
13:14:59 INFO  : 'configparams force-mem-access 0' command is executed.
13:14:59 INFO  : ----------------XSDB Script----------------
connect -url tcp:127.0.0.1:3121
source F:/experiment/NTT/1/sum/ntt_3_tfdg_full_twiddle_4_2_sum_axi_3/ntt_1/vitis_4/design_1_wrapper_hw_platform_0/ps7_init.tcl
targets -set -nocase -filter {name =~"APU*" && jtag_cable_name =~ "Digilent JTAG-HS1 210512180081"} -index 0
rst -system
after 3000
targets -set -filter {jtag_cable_name =~ "Digilent JTAG-HS1 210512180081" && level==0} -index 1
fpga -file F:/experiment/NTT/1/sum/ntt_3_tfdg_full_twiddle_4_2_sum_axi_3/ntt_1/vitis_4/design_1_wrapper_hw_platform_0/design_1_wrapper.bit
targets -set -nocase -filter {name =~"APU*" && jtag_cable_name =~ "Digilent JTAG-HS1 210512180081"} -index 0
loadhw -hw F:/experiment/NTT/1/sum/ntt_3_tfdg_full_twiddle_4_2_sum_axi_3/ntt_1/vitis_4/design_1_wrapper_hw_platform_0/system.hdf -mem-ranges [list {0x40000000 0xbfffffff}]
configparams force-mem-access 1
targets -set -nocase -filter {name =~"APU*" && jtag_cable_name =~ "Digilent JTAG-HS1 210512180081"} -index 0
ps7_init
ps7_post_config
targets -set -nocase -filter {name =~ "ARM*#0" && jtag_cable_name =~ "Digilent JTAG-HS1 210512180081"} -index 0
dow F:/experiment/NTT/1/sum/ntt_3_tfdg_full_twiddle_4_2_sum_axi_3/ntt_1/vitis_4/ntt/Debug/ntt.elf
configparams force-mem-access 0
----------------End of Script----------------

13:14:59 INFO  : Memory regions updated for context APU
13:14:59 INFO  : Context for processor 'ps7_cortexa9_0' is selected.
13:14:59 INFO  : 'con' command is executed.
13:14:59 INFO  : ----------------XSDB Script (After Launch)----------------
targets -set -nocase -filter {name =~ "ARM*#0" && jtag_cable_name =~ "Digilent JTAG-HS1 210512180081"} -index 0
con
----------------End of Script----------------

13:14:59 INFO  : Launch script is exported to file 'F:\experiment\NTT\1\sum\ntt_3_tfdg_full_twiddle_4_2_sum_axi_3\ntt_1\vitis_4\.sdk\launch_scripts\xilinx_c-c++_application_(system_debugger)\system_debugger_using_debug_ntt.elf_on_local.tcl'
13:15:21 INFO  : Disconnected from the channel tcfchan#4.
13:15:22 INFO  : Connected to target on host '127.0.0.1' and port '3121'.
13:15:22 INFO  : Jtag cable 'Digilent JTAG-HS1 210512180081' is selected.
13:15:22 INFO  : 'jtag frequency' command is executed.
13:15:22 INFO  : Sourcing of 'F:/experiment/NTT/1/sum/ntt_3_tfdg_full_twiddle_4_2_sum_axi_3/ntt_1/vitis_4/design_1_wrapper_hw_platform_0/ps7_init.tcl' is done.
13:15:22 INFO  : Context for 'APU' is selected.
13:15:22 INFO  : System reset is completed.
13:15:25 INFO  : 'after 3000' command is executed.
13:15:25 INFO  : 'targets -set -filter {jtag_cable_name =~ "Digilent JTAG-HS1 210512180081" && level==0} -index 1' command is executed.
13:15:28 INFO  : FPGA configured successfully with bitstream "F:/experiment/NTT/1/sum/ntt_3_tfdg_full_twiddle_4_2_sum_axi_3/ntt_1/vitis_4/design_1_wrapper_hw_platform_0/design_1_wrapper.bit"
13:15:29 INFO  : Context for 'APU' is selected.
13:15:30 INFO  : Hardware design information is loaded from 'F:/experiment/NTT/1/sum/ntt_3_tfdg_full_twiddle_4_2_sum_axi_3/ntt_1/vitis_4/design_1_wrapper_hw_platform_0/system.hdf'.
13:15:30 INFO  : 'configparams force-mem-access 1' command is executed.
13:15:30 INFO  : Context for 'APU' is selected.
13:15:30 INFO  : 'ps7_init' command is executed.
13:15:30 INFO  : 'ps7_post_config' command is executed.
13:15:31 INFO  : Context for processor 'ps7_cortexa9_0' is selected.
13:15:31 INFO  : The application 'F:/experiment/NTT/1/sum/ntt_3_tfdg_full_twiddle_4_2_sum_axi_3/ntt_1/vitis_4/ntt/Debug/ntt.elf' is downloaded to processor 'ps7_cortexa9_0'.
13:15:31 INFO  : 'configparams force-mem-access 0' command is executed.
13:15:31 INFO  : ----------------XSDB Script----------------
connect -url tcp:127.0.0.1:3121
source F:/experiment/NTT/1/sum/ntt_3_tfdg_full_twiddle_4_2_sum_axi_3/ntt_1/vitis_4/design_1_wrapper_hw_platform_0/ps7_init.tcl
targets -set -nocase -filter {name =~"APU*" && jtag_cable_name =~ "Digilent JTAG-HS1 210512180081"} -index 0
rst -system
after 3000
targets -set -filter {jtag_cable_name =~ "Digilent JTAG-HS1 210512180081" && level==0} -index 1
fpga -file F:/experiment/NTT/1/sum/ntt_3_tfdg_full_twiddle_4_2_sum_axi_3/ntt_1/vitis_4/design_1_wrapper_hw_platform_0/design_1_wrapper.bit
targets -set -nocase -filter {name =~"APU*" && jtag_cable_name =~ "Digilent JTAG-HS1 210512180081"} -index 0
loadhw -hw F:/experiment/NTT/1/sum/ntt_3_tfdg_full_twiddle_4_2_sum_axi_3/ntt_1/vitis_4/design_1_wrapper_hw_platform_0/system.hdf -mem-ranges [list {0x40000000 0xbfffffff}]
configparams force-mem-access 1
targets -set -nocase -filter {name =~"APU*" && jtag_cable_name =~ "Digilent JTAG-HS1 210512180081"} -index 0
ps7_init
ps7_post_config
targets -set -nocase -filter {name =~ "ARM*#0" && jtag_cable_name =~ "Digilent JTAG-HS1 210512180081"} -index 0
dow F:/experiment/NTT/1/sum/ntt_3_tfdg_full_twiddle_4_2_sum_axi_3/ntt_1/vitis_4/ntt/Debug/ntt.elf
configparams force-mem-access 0
----------------End of Script----------------

13:15:31 INFO  : Memory regions updated for context APU
13:15:31 INFO  : Context for processor 'ps7_cortexa9_0' is selected.
13:15:31 INFO  : 'con' command is executed.
13:15:31 INFO  : ----------------XSDB Script (After Launch)----------------
targets -set -nocase -filter {name =~ "ARM*#0" && jtag_cable_name =~ "Digilent JTAG-HS1 210512180081"} -index 0
con
----------------End of Script----------------

13:15:31 INFO  : Launch script is exported to file 'F:\experiment\NTT\1\sum\ntt_3_tfdg_full_twiddle_4_2_sum_axi_3\ntt_1\vitis_4\.sdk\launch_scripts\xilinx_c-c++_application_(system_debugger)\system_debugger_using_debug_ntt.elf_on_local.tcl'
13:15:41 INFO  : Disconnected from the channel tcfchan#5.
13:15:42 INFO  : Connected to target on host '127.0.0.1' and port '3121'.
13:15:42 INFO  : Jtag cable 'Digilent JTAG-HS1 210512180081' is selected.
13:15:42 INFO  : 'jtag frequency' command is executed.
13:15:42 INFO  : Sourcing of 'F:/experiment/NTT/1/sum/ntt_3_tfdg_full_twiddle_4_2_sum_axi_3/ntt_1/vitis_4/design_1_wrapper_hw_platform_0/ps7_init.tcl' is done.
13:15:42 INFO  : Context for 'APU' is selected.
13:15:42 INFO  : System reset is completed.
13:15:45 INFO  : 'after 3000' command is executed.
13:15:45 INFO  : 'targets -set -filter {jtag_cable_name =~ "Digilent JTAG-HS1 210512180081" && level==0} -index 1' command is executed.
13:15:49 INFO  : FPGA configured successfully with bitstream "F:/experiment/NTT/1/sum/ntt_3_tfdg_full_twiddle_4_2_sum_axi_3/ntt_1/vitis_4/design_1_wrapper_hw_platform_0/design_1_wrapper.bit"
13:15:49 INFO  : Context for 'APU' is selected.
13:15:50 INFO  : Hardware design information is loaded from 'F:/experiment/NTT/1/sum/ntt_3_tfdg_full_twiddle_4_2_sum_axi_3/ntt_1/vitis_4/design_1_wrapper_hw_platform_0/system.hdf'.
13:15:50 INFO  : 'configparams force-mem-access 1' command is executed.
13:15:50 INFO  : Context for 'APU' is selected.
13:15:51 INFO  : 'ps7_init' command is executed.
13:15:51 INFO  : 'ps7_post_config' command is executed.
13:15:51 INFO  : Context for processor 'ps7_cortexa9_0' is selected.
13:15:51 INFO  : The application 'F:/experiment/NTT/1/sum/ntt_3_tfdg_full_twiddle_4_2_sum_axi_3/ntt_1/vitis_4/ntt/Debug/ntt.elf' is downloaded to processor 'ps7_cortexa9_0'.
13:15:51 INFO  : 'configparams force-mem-access 0' command is executed.
13:15:51 INFO  : ----------------XSDB Script----------------
connect -url tcp:127.0.0.1:3121
source F:/experiment/NTT/1/sum/ntt_3_tfdg_full_twiddle_4_2_sum_axi_3/ntt_1/vitis_4/design_1_wrapper_hw_platform_0/ps7_init.tcl
targets -set -nocase -filter {name =~"APU*" && jtag_cable_name =~ "Digilent JTAG-HS1 210512180081"} -index 0
rst -system
after 3000
targets -set -filter {jtag_cable_name =~ "Digilent JTAG-HS1 210512180081" && level==0} -index 1
fpga -file F:/experiment/NTT/1/sum/ntt_3_tfdg_full_twiddle_4_2_sum_axi_3/ntt_1/vitis_4/design_1_wrapper_hw_platform_0/design_1_wrapper.bit
targets -set -nocase -filter {name =~"APU*" && jtag_cable_name =~ "Digilent JTAG-HS1 210512180081"} -index 0
loadhw -hw F:/experiment/NTT/1/sum/ntt_3_tfdg_full_twiddle_4_2_sum_axi_3/ntt_1/vitis_4/design_1_wrapper_hw_platform_0/system.hdf -mem-ranges [list {0x40000000 0xbfffffff}]
configparams force-mem-access 1
targets -set -nocase -filter {name =~"APU*" && jtag_cable_name =~ "Digilent JTAG-HS1 210512180081"} -index 0
ps7_init
ps7_post_config
targets -set -nocase -filter {name =~ "ARM*#0" && jtag_cable_name =~ "Digilent JTAG-HS1 210512180081"} -index 0
dow F:/experiment/NTT/1/sum/ntt_3_tfdg_full_twiddle_4_2_sum_axi_3/ntt_1/vitis_4/ntt/Debug/ntt.elf
configparams force-mem-access 0
----------------End of Script----------------

13:15:51 INFO  : Memory regions updated for context APU
13:15:51 INFO  : Context for processor 'ps7_cortexa9_0' is selected.
13:15:51 INFO  : 'con' command is executed.
13:15:51 INFO  : ----------------XSDB Script (After Launch)----------------
targets -set -nocase -filter {name =~ "ARM*#0" && jtag_cable_name =~ "Digilent JTAG-HS1 210512180081"} -index 0
con
----------------End of Script----------------

13:15:51 INFO  : Launch script is exported to file 'F:\experiment\NTT\1\sum\ntt_3_tfdg_full_twiddle_4_2_sum_axi_3\ntt_1\vitis_4\.sdk\launch_scripts\xilinx_c-c++_application_(system_debugger)\system_debugger_using_debug_ntt.elf_on_local.tcl'
13:17:33 INFO  : Disconnected from the channel tcfchan#6.
13:17:34 INFO  : Connected to target on host '127.0.0.1' and port '3121'.
13:17:34 INFO  : Jtag cable 'Digilent JTAG-HS1 210512180081' is selected.
13:17:34 INFO  : 'jtag frequency' command is executed.
13:17:34 INFO  : Sourcing of 'F:/experiment/NTT/1/sum/ntt_3_tfdg_full_twiddle_4_2_sum_axi_3/ntt_1/vitis_4/design_1_wrapper_hw_platform_0/ps7_init.tcl' is done.
13:17:34 INFO  : Context for 'APU' is selected.
13:17:34 INFO  : System reset is completed.
13:17:37 INFO  : 'after 3000' command is executed.
13:17:37 INFO  : 'targets -set -filter {jtag_cable_name =~ "Digilent JTAG-HS1 210512180081" && level==0} -index 1' command is executed.
13:17:41 INFO  : FPGA configured successfully with bitstream "F:/experiment/NTT/1/sum/ntt_3_tfdg_full_twiddle_4_2_sum_axi_3/ntt_1/vitis_4/design_1_wrapper_hw_platform_0/design_1_wrapper.bit"
13:17:41 INFO  : Context for 'APU' is selected.
13:17:42 INFO  : Hardware design information is loaded from 'F:/experiment/NTT/1/sum/ntt_3_tfdg_full_twiddle_4_2_sum_axi_3/ntt_1/vitis_4/design_1_wrapper_hw_platform_0/system.hdf'.
13:17:42 INFO  : 'configparams force-mem-access 1' command is executed.
13:17:42 INFO  : Context for 'APU' is selected.
13:17:43 INFO  : 'ps7_init' command is executed.
13:17:43 INFO  : 'ps7_post_config' command is executed.
13:17:43 INFO  : Context for processor 'ps7_cortexa9_0' is selected.
13:17:43 INFO  : The application 'F:/experiment/NTT/1/sum/ntt_3_tfdg_full_twiddle_4_2_sum_axi_3/ntt_1/vitis_4/ntt/Debug/ntt.elf' is downloaded to processor 'ps7_cortexa9_0'.
13:17:43 INFO  : 'configparams force-mem-access 0' command is executed.
13:17:43 INFO  : ----------------XSDB Script----------------
connect -url tcp:127.0.0.1:3121
source F:/experiment/NTT/1/sum/ntt_3_tfdg_full_twiddle_4_2_sum_axi_3/ntt_1/vitis_4/design_1_wrapper_hw_platform_0/ps7_init.tcl
targets -set -nocase -filter {name =~"APU*" && jtag_cable_name =~ "Digilent JTAG-HS1 210512180081"} -index 0
rst -system
after 3000
targets -set -filter {jtag_cable_name =~ "Digilent JTAG-HS1 210512180081" && level==0} -index 1
fpga -file F:/experiment/NTT/1/sum/ntt_3_tfdg_full_twiddle_4_2_sum_axi_3/ntt_1/vitis_4/design_1_wrapper_hw_platform_0/design_1_wrapper.bit
targets -set -nocase -filter {name =~"APU*" && jtag_cable_name =~ "Digilent JTAG-HS1 210512180081"} -index 0
loadhw -hw F:/experiment/NTT/1/sum/ntt_3_tfdg_full_twiddle_4_2_sum_axi_3/ntt_1/vitis_4/design_1_wrapper_hw_platform_0/system.hdf -mem-ranges [list {0x40000000 0xbfffffff}]
configparams force-mem-access 1
targets -set -nocase -filter {name =~"APU*" && jtag_cable_name =~ "Digilent JTAG-HS1 210512180081"} -index 0
ps7_init
ps7_post_config
targets -set -nocase -filter {name =~ "ARM*#0" && jtag_cable_name =~ "Digilent JTAG-HS1 210512180081"} -index 0
dow F:/experiment/NTT/1/sum/ntt_3_tfdg_full_twiddle_4_2_sum_axi_3/ntt_1/vitis_4/ntt/Debug/ntt.elf
configparams force-mem-access 0
----------------End of Script----------------

13:17:43 INFO  : Memory regions updated for context APU
13:17:43 INFO  : Context for processor 'ps7_cortexa9_0' is selected.
13:17:43 INFO  : 'con' command is executed.
13:17:43 INFO  : ----------------XSDB Script (After Launch)----------------
targets -set -nocase -filter {name =~ "ARM*#0" && jtag_cable_name =~ "Digilent JTAG-HS1 210512180081"} -index 0
con
----------------End of Script----------------

13:17:43 INFO  : Launch script is exported to file 'F:\experiment\NTT\1\sum\ntt_3_tfdg_full_twiddle_4_2_sum_axi_3\ntt_1\vitis_4\.sdk\launch_scripts\xilinx_c-c++_application_(system_debugger)\system_debugger_using_debug_ntt.elf_on_local.tcl'
13:23:41 INFO  : Disconnected from the channel tcfchan#7.
15:05:59 INFO  : Registering command handlers for SDK TCF services
15:06:00 INFO  : Launching XSCT server: xsct.bat -interactive F:\experiment\NTT\1\sum\ntt_3_tfdg_full_twiddle_4_2_sum_axi_3\ntt_1\vitis_4\temp_xsdb_launch_script.tcl
15:06:04 INFO  : XSCT server has started successfully.
15:06:07 INFO  : Successfully done setting XSCT server connection channel  
15:06:07 INFO  : Successfully done setting SDK workspace  
15:06:07 INFO  : Processing command line option -hwspec F:/experiment/NTT/1/sum/ntt_3_tfdg_full_twiddle_4_2_sum_axi_3/ntt_1/vitis_4/design_1_wrapper.hdf.
15:06:07 INFO  : Checking for hwspec changes in the project design_1_wrapper_hw_platform_0.
15:06:14 INFO  : Connected to target on host '127.0.0.1' and port '3121'.
15:06:14 INFO  : Jtag cable 'Digilent JTAG-HS1 210512180081' is selected.
15:06:14 INFO  : 'jtag frequency' command is executed.
15:06:14 INFO  : Sourcing of 'F:/experiment/NTT/1/sum/ntt_3_tfdg_full_twiddle_4_2_sum_axi_3/ntt_1/vitis_4/design_1_wrapper_hw_platform_0/ps7_init.tcl' is done.
15:06:14 INFO  : Context for 'APU' is selected.
15:06:15 INFO  : System reset is completed.
15:06:18 INFO  : 'after 3000' command is executed.
15:06:18 INFO  : 'targets -set -filter {jtag_cable_name =~ "Digilent JTAG-HS1 210512180081" && level==0} -index 1' command is executed.
15:06:21 INFO  : FPGA configured successfully with bitstream "F:/experiment/NTT/1/sum/ntt_3_tfdg_full_twiddle_4_2_sum_axi_3/ntt_1/vitis_4/design_1_wrapper_hw_platform_0/design_1_wrapper.bit"
15:06:21 INFO  : Context for 'APU' is selected.
15:06:22 INFO  : Hardware design information is loaded from 'F:/experiment/NTT/1/sum/ntt_3_tfdg_full_twiddle_4_2_sum_axi_3/ntt_1/vitis_4/design_1_wrapper_hw_platform_0/system.hdf'.
15:06:22 INFO  : 'configparams force-mem-access 1' command is executed.
15:06:22 INFO  : Context for 'APU' is selected.
15:06:22 INFO  : 'ps7_init' command is executed.
15:06:22 INFO  : 'ps7_post_config' command is executed.
15:06:22 INFO  : Context for processor 'ps7_cortexa9_0' is selected.
15:06:22 INFO  : The application 'F:/experiment/NTT/1/sum/ntt_3_tfdg_full_twiddle_4_2_sum_axi_3/ntt_1/vitis_4/ntt/Debug/ntt.elf' is downloaded to processor 'ps7_cortexa9_0'.
15:06:22 INFO  : 'configparams force-mem-access 0' command is executed.
15:06:22 INFO  : ----------------XSDB Script----------------
connect -url tcp:127.0.0.1:3121
source F:/experiment/NTT/1/sum/ntt_3_tfdg_full_twiddle_4_2_sum_axi_3/ntt_1/vitis_4/design_1_wrapper_hw_platform_0/ps7_init.tcl
targets -set -nocase -filter {name =~"APU*" && jtag_cable_name =~ "Digilent JTAG-HS1 210512180081"} -index 0
rst -system
after 3000
targets -set -filter {jtag_cable_name =~ "Digilent JTAG-HS1 210512180081" && level==0} -index 1
fpga -file F:/experiment/NTT/1/sum/ntt_3_tfdg_full_twiddle_4_2_sum_axi_3/ntt_1/vitis_4/design_1_wrapper_hw_platform_0/design_1_wrapper.bit
targets -set -nocase -filter {name =~"APU*" && jtag_cable_name =~ "Digilent JTAG-HS1 210512180081"} -index 0
loadhw -hw F:/experiment/NTT/1/sum/ntt_3_tfdg_full_twiddle_4_2_sum_axi_3/ntt_1/vitis_4/design_1_wrapper_hw_platform_0/system.hdf -mem-ranges [list {0x40000000 0xbfffffff}]
configparams force-mem-access 1
targets -set -nocase -filter {name =~"APU*" && jtag_cable_name =~ "Digilent JTAG-HS1 210512180081"} -index 0
ps7_init
ps7_post_config
targets -set -nocase -filter {name =~ "ARM*#0" && jtag_cable_name =~ "Digilent JTAG-HS1 210512180081"} -index 0
dow F:/experiment/NTT/1/sum/ntt_3_tfdg_full_twiddle_4_2_sum_axi_3/ntt_1/vitis_4/ntt/Debug/ntt.elf
configparams force-mem-access 0
----------------End of Script----------------

15:06:23 INFO  : Memory regions updated for context APU
15:06:23 INFO  : Context for processor 'ps7_cortexa9_0' is selected.
15:06:23 INFO  : 'con' command is executed.
15:06:23 INFO  : ----------------XSDB Script (After Launch)----------------
targets -set -nocase -filter {name =~ "ARM*#0" && jtag_cable_name =~ "Digilent JTAG-HS1 210512180081"} -index 0
con
----------------End of Script----------------

15:06:23 INFO  : Launch script is exported to file 'F:\experiment\NTT\1\sum\ntt_3_tfdg_full_twiddle_4_2_sum_axi_3\ntt_1\vitis_4\.sdk\launch_scripts\xilinx_c-c++_application_(system_debugger)\system_debugger_using_debug_ntt.elf_on_local.tcl'
15:06:36 INFO  : Disconnected from the channel tcfchan#1.
15:06:37 INFO  : Connected to target on host '127.0.0.1' and port '3121'.
15:06:37 INFO  : Jtag cable 'Digilent JTAG-HS1 210512180081' is selected.
15:06:37 INFO  : 'jtag frequency' command is executed.
15:06:37 INFO  : Sourcing of 'F:/experiment/NTT/1/sum/ntt_3_tfdg_full_twiddle_4_2_sum_axi_3/ntt_1/vitis_4/design_1_wrapper_hw_platform_0/ps7_init.tcl' is done.
15:06:37 INFO  : Context for 'APU' is selected.
15:06:38 INFO  : System reset is completed.
15:06:41 INFO  : 'after 3000' command is executed.
15:06:41 INFO  : 'targets -set -filter {jtag_cable_name =~ "Digilent JTAG-HS1 210512180081" && level==0} -index 1' command is executed.
15:06:44 INFO  : FPGA configured successfully with bitstream "F:/experiment/NTT/1/sum/ntt_3_tfdg_full_twiddle_4_2_sum_axi_3/ntt_1/vitis_4/design_1_wrapper_hw_platform_0/design_1_wrapper.bit"
15:06:44 INFO  : Context for 'APU' is selected.
15:06:47 INFO  : Hardware design information is loaded from 'F:/experiment/NTT/1/sum/ntt_3_tfdg_full_twiddle_4_2_sum_axi_3/ntt_1/vitis_4/design_1_wrapper_hw_platform_0/system.hdf'.
15:06:47 INFO  : 'configparams force-mem-access 1' command is executed.
15:06:47 INFO  : Context for 'APU' is selected.
15:06:47 INFO  : 'ps7_init' command is executed.
15:06:47 INFO  : 'ps7_post_config' command is executed.
15:06:47 INFO  : Context for processor 'ps7_cortexa9_0' is selected.
15:06:48 INFO  : The application 'F:/experiment/NTT/1/sum/ntt_3_tfdg_full_twiddle_4_2_sum_axi_3/ntt_1/vitis_4/ntt/Debug/ntt.elf' is downloaded to processor 'ps7_cortexa9_0'.
15:06:48 INFO  : 'configparams force-mem-access 0' command is executed.
15:06:48 INFO  : ----------------XSDB Script----------------
connect -url tcp:127.0.0.1:3121
source F:/experiment/NTT/1/sum/ntt_3_tfdg_full_twiddle_4_2_sum_axi_3/ntt_1/vitis_4/design_1_wrapper_hw_platform_0/ps7_init.tcl
targets -set -nocase -filter {name =~"APU*" && jtag_cable_name =~ "Digilent JTAG-HS1 210512180081"} -index 0
rst -system
after 3000
targets -set -filter {jtag_cable_name =~ "Digilent JTAG-HS1 210512180081" && level==0} -index 1
fpga -file F:/experiment/NTT/1/sum/ntt_3_tfdg_full_twiddle_4_2_sum_axi_3/ntt_1/vitis_4/design_1_wrapper_hw_platform_0/design_1_wrapper.bit
targets -set -nocase -filter {name =~"APU*" && jtag_cable_name =~ "Digilent JTAG-HS1 210512180081"} -index 0
loadhw -hw F:/experiment/NTT/1/sum/ntt_3_tfdg_full_twiddle_4_2_sum_axi_3/ntt_1/vitis_4/design_1_wrapper_hw_platform_0/system.hdf -mem-ranges [list {0x40000000 0xbfffffff}]
configparams force-mem-access 1
targets -set -nocase -filter {name =~"APU*" && jtag_cable_name =~ "Digilent JTAG-HS1 210512180081"} -index 0
ps7_init
ps7_post_config
targets -set -nocase -filter {name =~ "ARM*#0" && jtag_cable_name =~ "Digilent JTAG-HS1 210512180081"} -index 0
dow F:/experiment/NTT/1/sum/ntt_3_tfdg_full_twiddle_4_2_sum_axi_3/ntt_1/vitis_4/ntt/Debug/ntt.elf
configparams force-mem-access 0
----------------End of Script----------------

15:06:48 INFO  : Memory regions updated for context APU
15:06:48 INFO  : Context for processor 'ps7_cortexa9_0' is selected.
15:06:48 INFO  : 'con' command is executed.
15:06:48 INFO  : ----------------XSDB Script (After Launch)----------------
targets -set -nocase -filter {name =~ "ARM*#0" && jtag_cable_name =~ "Digilent JTAG-HS1 210512180081"} -index 0
con
----------------End of Script----------------

15:06:48 INFO  : Launch script is exported to file 'F:\experiment\NTT\1\sum\ntt_3_tfdg_full_twiddle_4_2_sum_axi_3\ntt_1\vitis_4\.sdk\launch_scripts\xilinx_c-c++_application_(system_debugger)\system_debugger_using_debug_ntt.elf_on_local.tcl'
15:07:33 INFO  : Disconnected from the channel tcfchan#2.
15:07:34 INFO  : Connected to target on host '127.0.0.1' and port '3121'.
15:07:35 INFO  : Jtag cable 'Digilent JTAG-HS1 210512180081' is selected.
15:07:35 INFO  : 'jtag frequency' command is executed.
15:07:35 INFO  : Sourcing of 'F:/experiment/NTT/1/sum/ntt_3_tfdg_full_twiddle_4_2_sum_axi_3/ntt_1/vitis_4/design_1_wrapper_hw_platform_0/ps7_init.tcl' is done.
15:07:35 INFO  : Context for 'APU' is selected.
15:07:35 INFO  : System reset is completed.
15:07:38 INFO  : 'after 3000' command is executed.
15:07:38 INFO  : 'targets -set -filter {jtag_cable_name =~ "Digilent JTAG-HS1 210512180081" && level==0} -index 1' command is executed.
15:07:41 INFO  : FPGA configured successfully with bitstream "F:/experiment/NTT/1/sum/ntt_3_tfdg_full_twiddle_4_2_sum_axi_3/ntt_1/vitis_4/design_1_wrapper_hw_platform_0/design_1_wrapper.bit"
15:07:41 INFO  : Context for 'APU' is selected.
15:07:43 INFO  : Hardware design information is loaded from 'F:/experiment/NTT/1/sum/ntt_3_tfdg_full_twiddle_4_2_sum_axi_3/ntt_1/vitis_4/design_1_wrapper_hw_platform_0/system.hdf'.
15:07:43 INFO  : 'configparams force-mem-access 1' command is executed.
15:07:43 INFO  : Context for 'APU' is selected.
15:07:43 INFO  : 'ps7_init' command is executed.
15:07:43 INFO  : 'ps7_post_config' command is executed.
15:07:43 INFO  : Context for processor 'ps7_cortexa9_0' is selected.
15:07:44 INFO  : The application 'F:/experiment/NTT/1/sum/ntt_3_tfdg_full_twiddle_4_2_sum_axi_3/ntt_1/vitis_4/ntt/Debug/ntt.elf' is downloaded to processor 'ps7_cortexa9_0'.
15:07:44 INFO  : 'configparams force-mem-access 0' command is executed.
15:07:44 INFO  : ----------------XSDB Script----------------
connect -url tcp:127.0.0.1:3121
source F:/experiment/NTT/1/sum/ntt_3_tfdg_full_twiddle_4_2_sum_axi_3/ntt_1/vitis_4/design_1_wrapper_hw_platform_0/ps7_init.tcl
targets -set -nocase -filter {name =~"APU*" && jtag_cable_name =~ "Digilent JTAG-HS1 210512180081"} -index 0
rst -system
after 3000
targets -set -filter {jtag_cable_name =~ "Digilent JTAG-HS1 210512180081" && level==0} -index 1
fpga -file F:/experiment/NTT/1/sum/ntt_3_tfdg_full_twiddle_4_2_sum_axi_3/ntt_1/vitis_4/design_1_wrapper_hw_platform_0/design_1_wrapper.bit
targets -set -nocase -filter {name =~"APU*" && jtag_cable_name =~ "Digilent JTAG-HS1 210512180081"} -index 0
loadhw -hw F:/experiment/NTT/1/sum/ntt_3_tfdg_full_twiddle_4_2_sum_axi_3/ntt_1/vitis_4/design_1_wrapper_hw_platform_0/system.hdf -mem-ranges [list {0x40000000 0xbfffffff}]
configparams force-mem-access 1
targets -set -nocase -filter {name =~"APU*" && jtag_cable_name =~ "Digilent JTAG-HS1 210512180081"} -index 0
ps7_init
ps7_post_config
targets -set -nocase -filter {name =~ "ARM*#0" && jtag_cable_name =~ "Digilent JTAG-HS1 210512180081"} -index 0
dow F:/experiment/NTT/1/sum/ntt_3_tfdg_full_twiddle_4_2_sum_axi_3/ntt_1/vitis_4/ntt/Debug/ntt.elf
configparams force-mem-access 0
----------------End of Script----------------

15:07:44 INFO  : Memory regions updated for context APU
15:07:44 INFO  : Context for processor 'ps7_cortexa9_0' is selected.
15:07:44 INFO  : 'con' command is executed.
15:07:44 INFO  : ----------------XSDB Script (After Launch)----------------
targets -set -nocase -filter {name =~ "ARM*#0" && jtag_cable_name =~ "Digilent JTAG-HS1 210512180081"} -index 0
con
----------------End of Script----------------

15:07:44 INFO  : Launch script is exported to file 'F:\experiment\NTT\1\sum\ntt_3_tfdg_full_twiddle_4_2_sum_axi_3\ntt_1\vitis_4\.sdk\launch_scripts\xilinx_c-c++_application_(system_debugger)\system_debugger_using_debug_ntt.elf_on_local.tcl'
15:10:24 INFO  : Disconnected from the channel tcfchan#3.
15:29:21 INFO  : Registering command handlers for SDK TCF services
15:29:21 INFO  : Launching XSCT server: xsct.bat -interactive F:\experiment\NTT\1\sum\ntt_3_tfdg_full_twiddle_4_2_sum_axi_5\ntt_1\vitis_4\temp_xsdb_launch_script.tcl
15:29:24 INFO  : XSCT server has started successfully.
15:29:24 INFO  : Successfully done setting XSCT server connection channel  
15:29:25 INFO  : Successfully done setting SDK workspace  
15:29:25 INFO  : Processing command line option -hwspec F:/experiment/NTT/1/sum/ntt_3_tfdg_full_twiddle_4_2_sum_axi_5/ntt_1/vitis_4/design_1_wrapper.hdf.
15:30:28 ERROR : Unexpected error occurred during generating bsp sources
java.lang.reflect.InvocationTargetException
	at org.eclipse.jface.operation.ModalContext.run(ModalContext.java:398)
	at org.eclipse.jface.dialogs.ProgressMonitorDialog.run(ProgressMonitorDialog.java:481)
	at org.eclipse.ui.internal.progress.ProgressMonitorJobsDialog.run(ProgressMonitorJobsDialog.java:242)
	at org.eclipse.ui.internal.progress.ProgressManager$3.run(ProgressManager.java:895)
	at org.eclipse.swt.custom.BusyIndicator.showWhile(BusyIndicator.java:70)
	at org.eclipse.ui.internal.progress.ProgressManager.busyCursorWhile(ProgressManager.java:930)
	at org.eclipse.ui.internal.progress.ProgressManager.busyCursorWhile(ProgressManager.java:905)
	at org.eclipse.ui.internal.progress.ProgressManager.run(ProgressManager.java:1078)
	at com.xilinx.sdk.sw.ui.handlers.RegenBspSourcesHandler.execute(RegenBspSourcesHandler.java:125)
	at com.xilinx.sdk.sw.ui.handlers.RegenBspSourcesHandler.execute(RegenBspSourcesHandler.java:79)
	at org.eclipse.ui.internal.handlers.HandlerProxy.execute(HandlerProxy.java:295)
	at org.eclipse.ui.internal.handlers.E4HandlerProxy.execute(E4HandlerProxy.java:90)
	at sun.reflect.NativeMethodAccessorImpl.invoke0(Native Method)
	at sun.reflect.NativeMethodAccessorImpl.invoke(NativeMethodAccessorImpl.java:62)
	at sun.reflect.DelegatingMethodAccessorImpl.invoke(DelegatingMethodAccessorImpl.java:43)
	at java.lang.reflect.Method.invoke(Method.java:498)
	at org.eclipse.e4.core.internal.di.MethodRequestor.execute(MethodRequestor.java:55)
	at org.eclipse.e4.core.internal.di.InjectorImpl.invokeUsingClass(InjectorImpl.java:282)
	at org.eclipse.e4.core.internal.di.InjectorImpl.invoke(InjectorImpl.java:264)
	at org.eclipse.e4.core.contexts.ContextInjectionFactory.invoke(ContextInjectionFactory.java:132)
	at org.eclipse.e4.core.commands.internal.HandlerServiceHandler.execute(HandlerServiceHandler.java:152)
	at org.eclipse.core.commands.Command.executeWithChecks(Command.java:494)
	at org.eclipse.core.commands.ParameterizedCommand.executeWithChecks(ParameterizedCommand.java:488)
	at org.eclipse.e4.core.commands.internal.HandlerServiceImpl.executeHandler(HandlerServiceImpl.java:210)
	at org.eclipse.e4.ui.workbench.renderers.swt.HandledContributionItem.executeItem(HandledContributionItem.java:433)
	at org.eclipse.e4.ui.workbench.renderers.swt.AbstractContributionItem.handleWidgetSelection(AbstractContributionItem.java:454)
	at org.eclipse.e4.ui.workbench.renderers.swt.AbstractContributionItem$3.handleEvent(AbstractContributionItem.java:482)
	at org.eclipse.swt.widgets.EventTable.sendEvent(EventTable.java:84)
	at org.eclipse.swt.widgets.Display.sendEvent(Display.java:4410)
	at org.eclipse.swt.widgets.Widget.sendEvent(Widget.java:1079)
	at org.eclipse.swt.widgets.Display.runDeferredEvents(Display.java:4228)
	at org.eclipse.swt.widgets.Display.readAndDispatch(Display.java:3816)
	at org.eclipse.e4.ui.internal.workbench.swt.PartRenderingEngine$4.run(PartRenderingEngine.java:1121)
	at org.eclipse.core.databinding.observable.Realm.runWithDefault(Realm.java:336)
	at org.eclipse.e4.ui.internal.workbench.swt.PartRenderingEngine.run(PartRenderingEngine.java:1022)
	at org.eclipse.e4.ui.internal.workbench.E4Workbench.createAndRunUI(E4Workbench.java:150)
	at org.eclipse.ui.internal.Workbench$5.run(Workbench.java:687)
	at org.eclipse.core.databinding.observable.Realm.runWithDefault(Realm.java:336)
	at org.eclipse.ui.internal.Workbench.createAndRunWorkbench(Workbench.java:604)
	at org.eclipse.ui.PlatformUI.createAndRunWorkbench(PlatformUI.java:148)
	at org.eclipse.ui.internal.ide.application.IDEApplication.start(IDEApplication.java:138)
	at org.eclipse.equinox.internal.app.EclipseAppHandle.run(EclipseAppHandle.java:196)
	at org.eclipse.core.runtime.internal.adaptor.EclipseAppLauncher.runApplication(EclipseAppLauncher.java:134)
	at org.eclipse.core.runtime.internal.adaptor.EclipseAppLauncher.start(EclipseAppLauncher.java:104)
	at org.eclipse.core.runtime.adaptor.EclipseStarter.run(EclipseStarter.java:388)
	at org.eclipse.core.runtime.adaptor.EclipseStarter.run(EclipseStarter.java:243)
	at sun.reflect.NativeMethodAccessorImpl.invoke0(Native Method)
	at sun.reflect.NativeMethodAccessorImpl.invoke(NativeMethodAccessorImpl.java:62)
	at sun.reflect.DelegatingMethodAccessorImpl.invoke(DelegatingMethodAccessorImpl.java:43)
	at java.lang.reflect.Method.invoke(Method.java:498)
	at org.eclipse.equinox.launcher.Main.invokeFramework(Main.java:673)
	at org.eclipse.equinox.launcher.Main.basicRun(Main.java:610)
	at org.eclipse.equinox.launcher.Main.run(Main.java:1519)
Caused by: java.lang.NullPointerException
	at com.xilinx.sdk.sw.ui.handlers.RegenBspSourcesHandler$1.run(RegenBspSourcesHandler.java:136)
	at org.eclipse.jface.operation.ModalContext$ModalContextThread.run(ModalContext.java:119)
15:33:26 INFO  : Connected to target on host '127.0.0.1' and port '3121'.
15:33:26 INFO  : Jtag cable 'Digilent JTAG-HS1 210512180081' is selected.
15:33:26 INFO  : 'jtag frequency' command is executed.
15:33:26 INFO  : Sourcing of 'F:/experiment/NTT/1/sum/ntt_3_tfdg_full_twiddle_4_2_sum_axi_5/ntt_1/vitis_4/design_1_wrapper_hw_platform_1/ps7_init.tcl' is done.
15:33:26 INFO  : Context for 'APU' is selected.
15:33:26 INFO  : System reset is completed.
15:33:29 INFO  : 'after 3000' command is executed.
15:33:30 INFO  : 'targets -set -filter {jtag_cable_name =~ "Digilent JTAG-HS1 210512180081" && level==0} -index 1' command is executed.
15:33:33 INFO  : FPGA configured successfully with bitstream "F:/experiment/NTT/1/sum/ntt_3_tfdg_full_twiddle_4_2_sum_axi_5/ntt_1/vitis_4/design_1_wrapper_hw_platform_1/design_1_wrapper.bit"
15:33:33 INFO  : Context for 'APU' is selected.
15:33:33 INFO  : Hardware design information is loaded from 'F:/experiment/NTT/1/sum/ntt_3_tfdg_full_twiddle_4_2_sum_axi_5/ntt_1/vitis_4/design_1_wrapper_hw_platform_1/system.hdf'.
15:33:33 INFO  : 'configparams force-mem-access 1' command is executed.
15:33:33 INFO  : Context for 'APU' is selected.
15:33:33 INFO  : 'ps7_init' command is executed.
15:33:33 INFO  : 'ps7_post_config' command is executed.
15:33:33 INFO  : 'configparams force-mem-access 0' command is executed.
15:33:33 INFO  : ----------------XSDB Script----------------
connect -url tcp:127.0.0.1:3121
source F:/experiment/NTT/1/sum/ntt_3_tfdg_full_twiddle_4_2_sum_axi_5/ntt_1/vitis_4/design_1_wrapper_hw_platform_1/ps7_init.tcl
targets -set -nocase -filter {name =~"APU*" && jtag_cable_name =~ "Digilent JTAG-HS1 210512180081"} -index 0
rst -system
after 3000
targets -set -filter {jtag_cable_name =~ "Digilent JTAG-HS1 210512180081" && level==0} -index 1
fpga -file F:/experiment/NTT/1/sum/ntt_3_tfdg_full_twiddle_4_2_sum_axi_5/ntt_1/vitis_4/design_1_wrapper_hw_platform_1/design_1_wrapper.bit
targets -set -nocase -filter {name =~"APU*" && jtag_cable_name =~ "Digilent JTAG-HS1 210512180081"} -index 0
loadhw -hw F:/experiment/NTT/1/sum/ntt_3_tfdg_full_twiddle_4_2_sum_axi_5/ntt_1/vitis_4/design_1_wrapper_hw_platform_1/system.hdf -mem-ranges [list {0x40000000 0xbfffffff}]
configparams force-mem-access 1
targets -set -nocase -filter {name =~"APU*" && jtag_cable_name =~ "Digilent JTAG-HS1 210512180081"} -index 0
ps7_init
ps7_post_config
configparams force-mem-access 0
----------------End of Script----------------

15:33:34 INFO  : Memory regions updated for context APU
15:33:34 INFO  : Launch script is exported to file 'F:\experiment\NTT\1\sum\ntt_3_tfdg_full_twiddle_4_2_sum_axi_5\ntt_1\vitis_4\.sdk\launch_scripts\xilinx_c-c++_application_(system_debugger)\system_debugger_using_debug_ntt.elf_on_local.tcl'
15:33:40 INFO  : Disconnected from the channel tcfchan#1.
15:33:41 INFO  : Connected to target on host '127.0.0.1' and port '3121'.
15:33:41 INFO  : Jtag cable 'Digilent JTAG-HS1 210512180081' is selected.
15:33:41 INFO  : 'jtag frequency' command is executed.
15:33:41 INFO  : Sourcing of 'F:/experiment/NTT/1/sum/ntt_3_tfdg_full_twiddle_4_2_sum_axi_5/ntt_1/vitis_4/design_1_wrapper_hw_platform_1/ps7_init.tcl' is done.
15:33:41 INFO  : Context for 'APU' is selected.
15:33:42 INFO  : System reset is completed.
15:33:45 INFO  : 'after 3000' command is executed.
15:33:45 INFO  : 'targets -set -filter {jtag_cable_name =~ "Digilent JTAG-HS1 210512180081" && level==0} -index 1' command is executed.
15:33:48 INFO  : FPGA configured successfully with bitstream "F:/experiment/NTT/1/sum/ntt_3_tfdg_full_twiddle_4_2_sum_axi_5/ntt_1/vitis_4/design_1_wrapper_hw_platform_1/design_1_wrapper.bit"
15:33:48 INFO  : Context for 'APU' is selected.
15:33:50 INFO  : Hardware design information is loaded from 'F:/experiment/NTT/1/sum/ntt_3_tfdg_full_twiddle_4_2_sum_axi_5/ntt_1/vitis_4/design_1_wrapper_hw_platform_1/system.hdf'.
15:33:50 INFO  : 'configparams force-mem-access 1' command is executed.
15:33:50 INFO  : Context for 'APU' is selected.
15:33:50 INFO  : 'ps7_init' command is executed.
15:33:50 INFO  : 'ps7_post_config' command is executed.
15:33:50 INFO  : 'configparams force-mem-access 0' command is executed.
15:33:50 INFO  : ----------------XSDB Script----------------
connect -url tcp:127.0.0.1:3121
source F:/experiment/NTT/1/sum/ntt_3_tfdg_full_twiddle_4_2_sum_axi_5/ntt_1/vitis_4/design_1_wrapper_hw_platform_1/ps7_init.tcl
targets -set -nocase -filter {name =~"APU*" && jtag_cable_name =~ "Digilent JTAG-HS1 210512180081"} -index 0
rst -system
after 3000
targets -set -filter {jtag_cable_name =~ "Digilent JTAG-HS1 210512180081" && level==0} -index 1
fpga -file F:/experiment/NTT/1/sum/ntt_3_tfdg_full_twiddle_4_2_sum_axi_5/ntt_1/vitis_4/design_1_wrapper_hw_platform_1/design_1_wrapper.bit
targets -set -nocase -filter {name =~"APU*" && jtag_cable_name =~ "Digilent JTAG-HS1 210512180081"} -index 0
loadhw -hw F:/experiment/NTT/1/sum/ntt_3_tfdg_full_twiddle_4_2_sum_axi_5/ntt_1/vitis_4/design_1_wrapper_hw_platform_1/system.hdf -mem-ranges [list {0x40000000 0xbfffffff}]
configparams force-mem-access 1
targets -set -nocase -filter {name =~"APU*" && jtag_cable_name =~ "Digilent JTAG-HS1 210512180081"} -index 0
ps7_init
ps7_post_config
configparams force-mem-access 0
----------------End of Script----------------

15:33:50 INFO  : Memory regions updated for context APU
15:33:50 INFO  : Launch script is exported to file 'F:\experiment\NTT\1\sum\ntt_3_tfdg_full_twiddle_4_2_sum_axi_5\ntt_1\vitis_4\.sdk\launch_scripts\xilinx_c-c++_application_(system_debugger)\system_debugger_using_debug_ntt.elf_on_local.tcl'
15:34:54 INFO  : Disconnected from the channel tcfchan#2.
15:34:55 INFO  : Connected to target on host '127.0.0.1' and port '3121'.
15:34:55 INFO  : Jtag cable 'Digilent JTAG-HS1 210512180081' is selected.
15:34:55 INFO  : 'jtag frequency' command is executed.
15:34:55 INFO  : Sourcing of 'F:/experiment/NTT/1/sum/ntt_3_tfdg_full_twiddle_4_2_sum_axi_5/ntt_1/vitis_4/design_1_wrapper_hw_platform_1/ps7_init.tcl' is done.
15:34:55 INFO  : Context for 'APU' is selected.
15:34:55 INFO  : System reset is completed.
15:34:58 INFO  : 'after 3000' command is executed.
15:34:58 INFO  : 'targets -set -filter {jtag_cable_name =~ "Digilent JTAG-HS1 210512180081" && level==0} -index 1' command is executed.
15:35:02 INFO  : FPGA configured successfully with bitstream "F:/experiment/NTT/1/sum/ntt_3_tfdg_full_twiddle_4_2_sum_axi_5/ntt_1/vitis_4/design_1_wrapper_hw_platform_1/design_1_wrapper.bit"
15:35:02 INFO  : Context for 'APU' is selected.
15:35:02 INFO  : Hardware design information is loaded from 'F:/experiment/NTT/1/sum/ntt_3_tfdg_full_twiddle_4_2_sum_axi_5/ntt_1/vitis_4/design_1_wrapper_hw_platform_1/system.hdf'.
15:35:02 INFO  : 'configparams force-mem-access 1' command is executed.
15:35:02 INFO  : Context for 'APU' is selected.
15:35:02 INFO  : 'ps7_init' command is executed.
15:35:02 INFO  : 'ps7_post_config' command is executed.
15:35:02 INFO  : 'configparams force-mem-access 0' command is executed.
15:35:02 INFO  : ----------------XSDB Script----------------
connect -url tcp:127.0.0.1:3121
source F:/experiment/NTT/1/sum/ntt_3_tfdg_full_twiddle_4_2_sum_axi_5/ntt_1/vitis_4/design_1_wrapper_hw_platform_1/ps7_init.tcl
targets -set -nocase -filter {name =~"APU*" && jtag_cable_name =~ "Digilent JTAG-HS1 210512180081"} -index 0
rst -system
after 3000
targets -set -filter {jtag_cable_name =~ "Digilent JTAG-HS1 210512180081" && level==0} -index 1
fpga -file F:/experiment/NTT/1/sum/ntt_3_tfdg_full_twiddle_4_2_sum_axi_5/ntt_1/vitis_4/design_1_wrapper_hw_platform_1/design_1_wrapper.bit
targets -set -nocase -filter {name =~"APU*" && jtag_cable_name =~ "Digilent JTAG-HS1 210512180081"} -index 0
loadhw -hw F:/experiment/NTT/1/sum/ntt_3_tfdg_full_twiddle_4_2_sum_axi_5/ntt_1/vitis_4/design_1_wrapper_hw_platform_1/system.hdf -mem-ranges [list {0x40000000 0xbfffffff}]
configparams force-mem-access 1
targets -set -nocase -filter {name =~"APU*" && jtag_cable_name =~ "Digilent JTAG-HS1 210512180081"} -index 0
ps7_init
ps7_post_config
configparams force-mem-access 0
----------------End of Script----------------

15:35:02 INFO  : Memory regions updated for context APU
15:35:02 INFO  : Launch script is exported to file 'F:\experiment\NTT\1\sum\ntt_3_tfdg_full_twiddle_4_2_sum_axi_5\ntt_1\vitis_4\.sdk\launch_scripts\xilinx_c-c++_application_(system_debugger)\system_debugger_using_debug_ntt.elf_on_local.tcl'
15:37:39 INFO  : Disconnected from the channel tcfchan#3.
15:37:40 INFO  : Connected to target on host '127.0.0.1' and port '3121'.
15:37:41 INFO  : Jtag cable 'Digilent JTAG-HS1 210512180081' is selected.
15:37:41 INFO  : 'jtag frequency' command is executed.
15:37:41 INFO  : Sourcing of 'F:/experiment/NTT/1/sum/ntt_3_tfdg_full_twiddle_4_2_sum_axi_5/ntt_1/vitis_4/design_1_wrapper_hw_platform_1/ps7_init.tcl' is done.
15:37:41 INFO  : Context for 'APU' is selected.
15:37:41 INFO  : System reset is completed.
15:37:44 INFO  : 'after 3000' command is executed.
15:37:44 INFO  : 'targets -set -filter {jtag_cable_name =~ "Digilent JTAG-HS1 210512180081" && level==0} -index 1' command is executed.
15:37:47 INFO  : FPGA configured successfully with bitstream "F:/experiment/NTT/1/sum/ntt_3_tfdg_full_twiddle_4_2_sum_axi_5/ntt_1/vitis_4/design_1_wrapper_hw_platform_1/design_1_wrapper.bit"
15:37:48 INFO  : Context for 'APU' is selected.
15:37:48 INFO  : Hardware design information is loaded from 'F:/experiment/NTT/1/sum/ntt_3_tfdg_full_twiddle_4_2_sum_axi_5/ntt_1/vitis_4/design_1_wrapper_hw_platform_1/system.hdf'.
15:37:48 INFO  : 'configparams force-mem-access 1' command is executed.
15:37:48 INFO  : Context for 'APU' is selected.
15:37:48 INFO  : 'ps7_init' command is executed.
15:37:48 INFO  : 'ps7_post_config' command is executed.
15:37:48 INFO  : 'configparams force-mem-access 0' command is executed.
15:37:48 INFO  : ----------------XSDB Script----------------
connect -url tcp:127.0.0.1:3121
source F:/experiment/NTT/1/sum/ntt_3_tfdg_full_twiddle_4_2_sum_axi_5/ntt_1/vitis_4/design_1_wrapper_hw_platform_1/ps7_init.tcl
targets -set -nocase -filter {name =~"APU*" && jtag_cable_name =~ "Digilent JTAG-HS1 210512180081"} -index 0
rst -system
after 3000
targets -set -filter {jtag_cable_name =~ "Digilent JTAG-HS1 210512180081" && level==0} -index 1
fpga -file F:/experiment/NTT/1/sum/ntt_3_tfdg_full_twiddle_4_2_sum_axi_5/ntt_1/vitis_4/design_1_wrapper_hw_platform_1/design_1_wrapper.bit
targets -set -nocase -filter {name =~"APU*" && jtag_cable_name =~ "Digilent JTAG-HS1 210512180081"} -index 0
loadhw -hw F:/experiment/NTT/1/sum/ntt_3_tfdg_full_twiddle_4_2_sum_axi_5/ntt_1/vitis_4/design_1_wrapper_hw_platform_1/system.hdf -mem-ranges [list {0x40000000 0xbfffffff}]
configparams force-mem-access 1
targets -set -nocase -filter {name =~"APU*" && jtag_cable_name =~ "Digilent JTAG-HS1 210512180081"} -index 0
ps7_init
ps7_post_config
configparams force-mem-access 0
----------------End of Script----------------

15:37:48 INFO  : Memory regions updated for context APU
15:37:48 INFO  : Launch script is exported to file 'F:\experiment\NTT\1\sum\ntt_3_tfdg_full_twiddle_4_2_sum_axi_5\ntt_1\vitis_4\.sdk\launch_scripts\xilinx_c-c++_application_(system_debugger)\system_debugger_using_debug_ntt.elf_on_local.tcl'
15:38:10 INFO  : Disconnected from the channel tcfchan#4.
15:38:11 INFO  : Connected to target on host '127.0.0.1' and port '3121'.
15:38:12 INFO  : Jtag cable 'Digilent JTAG-HS1 210512180081' is selected.
15:38:12 INFO  : 'jtag frequency' command is executed.
15:38:12 INFO  : Sourcing of 'F:/experiment/NTT/1/sum/ntt_3_tfdg_full_twiddle_4_2_sum_axi_5/ntt_1/vitis_4/design_1_wrapper_hw_platform_1/ps7_init.tcl' is done.
15:38:12 INFO  : Context for 'APU' is selected.
15:38:12 INFO  : System reset is completed.
15:38:15 INFO  : 'after 3000' command is executed.
15:38:15 INFO  : 'targets -set -filter {jtag_cable_name =~ "Digilent JTAG-HS1 210512180081" && level==0} -index 1' command is executed.
15:38:18 INFO  : FPGA configured successfully with bitstream "F:/experiment/NTT/1/sum/ntt_3_tfdg_full_twiddle_4_2_sum_axi_5/ntt_1/vitis_4/design_1_wrapper_hw_platform_1/design_1_wrapper.bit"
15:38:18 INFO  : Context for 'APU' is selected.
15:38:18 INFO  : Hardware design information is loaded from 'F:/experiment/NTT/1/sum/ntt_3_tfdg_full_twiddle_4_2_sum_axi_5/ntt_1/vitis_4/design_1_wrapper_hw_platform_1/system.hdf'.
15:38:18 INFO  : 'configparams force-mem-access 1' command is executed.
15:38:19 INFO  : Context for 'APU' is selected.
15:38:19 INFO  : 'ps7_init' command is executed.
15:38:19 INFO  : 'ps7_post_config' command is executed.
15:38:19 INFO  : 'configparams force-mem-access 0' command is executed.
15:38:19 INFO  : ----------------XSDB Script----------------
connect -url tcp:127.0.0.1:3121
source F:/experiment/NTT/1/sum/ntt_3_tfdg_full_twiddle_4_2_sum_axi_5/ntt_1/vitis_4/design_1_wrapper_hw_platform_1/ps7_init.tcl
targets -set -nocase -filter {name =~"APU*" && jtag_cable_name =~ "Digilent JTAG-HS1 210512180081"} -index 0
rst -system
after 3000
targets -set -filter {jtag_cable_name =~ "Digilent JTAG-HS1 210512180081" && level==0} -index 1
fpga -file F:/experiment/NTT/1/sum/ntt_3_tfdg_full_twiddle_4_2_sum_axi_5/ntt_1/vitis_4/design_1_wrapper_hw_platform_1/design_1_wrapper.bit
targets -set -nocase -filter {name =~"APU*" && jtag_cable_name =~ "Digilent JTAG-HS1 210512180081"} -index 0
loadhw -hw F:/experiment/NTT/1/sum/ntt_3_tfdg_full_twiddle_4_2_sum_axi_5/ntt_1/vitis_4/design_1_wrapper_hw_platform_1/system.hdf -mem-ranges [list {0x40000000 0xbfffffff}]
configparams force-mem-access 1
targets -set -nocase -filter {name =~"APU*" && jtag_cable_name =~ "Digilent JTAG-HS1 210512180081"} -index 0
ps7_init
ps7_post_config
configparams force-mem-access 0
----------------End of Script----------------

15:38:19 INFO  : Memory regions updated for context APU
15:38:19 INFO  : Launch script is exported to file 'F:\experiment\NTT\1\sum\ntt_3_tfdg_full_twiddle_4_2_sum_axi_5\ntt_1\vitis_4\.sdk\launch_scripts\xilinx_c-c++_application_(system_debugger)\system_debugger_using_debug_ntt.elf_on_local.tcl'
15:41:21 INFO  : Disconnected from the channel tcfchan#5.
15:41:22 INFO  : Connected to target on host '127.0.0.1' and port '3121'.
15:41:22 INFO  : Jtag cable 'Digilent JTAG-HS1 210512180081' is selected.
15:41:22 INFO  : 'jtag frequency' command is executed.
15:41:22 INFO  : Sourcing of 'F:/experiment/NTT/1/sum/ntt_3_tfdg_full_twiddle_4_2_sum_axi_5/ntt_1/vitis_4/design_1_wrapper_hw_platform_1/ps7_init.tcl' is done.
15:41:22 INFO  : Context for 'APU' is selected.
15:41:23 INFO  : System reset is completed.
15:41:26 INFO  : 'after 3000' command is executed.
15:41:26 INFO  : 'targets -set -filter {jtag_cable_name =~ "Digilent JTAG-HS1 210512180081" && level==0} -index 1' command is executed.
15:41:29 INFO  : FPGA configured successfully with bitstream "F:/experiment/NTT/1/sum/ntt_3_tfdg_full_twiddle_4_2_sum_axi_5/ntt_1/vitis_4/design_1_wrapper_hw_platform_1/design_1_wrapper.bit"
15:41:29 INFO  : Context for 'APU' is selected.
15:41:29 INFO  : Hardware design information is loaded from 'F:/experiment/NTT/1/sum/ntt_3_tfdg_full_twiddle_4_2_sum_axi_5/ntt_1/vitis_4/design_1_wrapper_hw_platform_1/system.hdf'.
15:41:29 INFO  : 'configparams force-mem-access 1' command is executed.
15:41:29 INFO  : Context for 'APU' is selected.
15:41:30 INFO  : 'ps7_init' command is executed.
15:41:30 INFO  : 'ps7_post_config' command is executed.
15:41:30 INFO  : 'configparams force-mem-access 0' command is executed.
15:41:30 INFO  : ----------------XSDB Script----------------
connect -url tcp:127.0.0.1:3121
source F:/experiment/NTT/1/sum/ntt_3_tfdg_full_twiddle_4_2_sum_axi_5/ntt_1/vitis_4/design_1_wrapper_hw_platform_1/ps7_init.tcl
targets -set -nocase -filter {name =~"APU*" && jtag_cable_name =~ "Digilent JTAG-HS1 210512180081"} -index 0
rst -system
after 3000
targets -set -filter {jtag_cable_name =~ "Digilent JTAG-HS1 210512180081" && level==0} -index 1
fpga -file F:/experiment/NTT/1/sum/ntt_3_tfdg_full_twiddle_4_2_sum_axi_5/ntt_1/vitis_4/design_1_wrapper_hw_platform_1/design_1_wrapper.bit
targets -set -nocase -filter {name =~"APU*" && jtag_cable_name =~ "Digilent JTAG-HS1 210512180081"} -index 0
loadhw -hw F:/experiment/NTT/1/sum/ntt_3_tfdg_full_twiddle_4_2_sum_axi_5/ntt_1/vitis_4/design_1_wrapper_hw_platform_1/system.hdf -mem-ranges [list {0x40000000 0xbfffffff}]
configparams force-mem-access 1
targets -set -nocase -filter {name =~"APU*" && jtag_cable_name =~ "Digilent JTAG-HS1 210512180081"} -index 0
ps7_init
ps7_post_config
configparams force-mem-access 0
----------------End of Script----------------

15:41:30 INFO  : Memory regions updated for context APU
15:41:30 INFO  : Launch script is exported to file 'F:\experiment\NTT\1\sum\ntt_3_tfdg_full_twiddle_4_2_sum_axi_5\ntt_1\vitis_4\.sdk\launch_scripts\xilinx_c-c++_application_(system_debugger)\system_debugger_using_debug_ntt.elf_on_local.tcl'
15:42:52 INFO  : Disconnected from the channel tcfchan#6.
15:42:53 INFO  : Connected to target on host '127.0.0.1' and port '3121'.
15:42:53 INFO  : Jtag cable 'Digilent JTAG-HS1 210512180081' is selected.
15:42:53 INFO  : 'jtag frequency' command is executed.
15:42:53 INFO  : Sourcing of 'F:/experiment/NTT/1/sum/ntt_3_tfdg_full_twiddle_4_2_sum_axi_5/ntt_1/vitis_4/design_1_wrapper_hw_platform_1/ps7_init.tcl' is done.
15:42:53 INFO  : Context for 'APU' is selected.
15:42:54 INFO  : System reset is completed.
15:42:57 INFO  : 'after 3000' command is executed.
15:42:57 INFO  : 'targets -set -filter {jtag_cable_name =~ "Digilent JTAG-HS1 210512180081" && level==0} -index 1' command is executed.
15:43:00 INFO  : FPGA configured successfully with bitstream "F:/experiment/NTT/1/sum/ntt_3_tfdg_full_twiddle_4_2_sum_axi_5/ntt_1/vitis_4/design_1_wrapper_hw_platform_1/design_1_wrapper.bit"
15:43:00 INFO  : Context for 'APU' is selected.
15:43:00 INFO  : Hardware design information is loaded from 'F:/experiment/NTT/1/sum/ntt_3_tfdg_full_twiddle_4_2_sum_axi_5/ntt_1/vitis_4/design_1_wrapper_hw_platform_1/system.hdf'.
15:43:00 INFO  : 'configparams force-mem-access 1' command is executed.
15:43:00 INFO  : Context for 'APU' is selected.
15:43:01 INFO  : 'ps7_init' command is executed.
15:43:01 INFO  : 'ps7_post_config' command is executed.
15:43:01 INFO  : 'configparams force-mem-access 0' command is executed.
15:43:01 INFO  : ----------------XSDB Script----------------
connect -url tcp:127.0.0.1:3121
source F:/experiment/NTT/1/sum/ntt_3_tfdg_full_twiddle_4_2_sum_axi_5/ntt_1/vitis_4/design_1_wrapper_hw_platform_1/ps7_init.tcl
targets -set -nocase -filter {name =~"APU*" && jtag_cable_name =~ "Digilent JTAG-HS1 210512180081"} -index 0
rst -system
after 3000
targets -set -filter {jtag_cable_name =~ "Digilent JTAG-HS1 210512180081" && level==0} -index 1
fpga -file F:/experiment/NTT/1/sum/ntt_3_tfdg_full_twiddle_4_2_sum_axi_5/ntt_1/vitis_4/design_1_wrapper_hw_platform_1/design_1_wrapper.bit
targets -set -nocase -filter {name =~"APU*" && jtag_cable_name =~ "Digilent JTAG-HS1 210512180081"} -index 0
loadhw -hw F:/experiment/NTT/1/sum/ntt_3_tfdg_full_twiddle_4_2_sum_axi_5/ntt_1/vitis_4/design_1_wrapper_hw_platform_1/system.hdf -mem-ranges [list {0x40000000 0xbfffffff}]
configparams force-mem-access 1
targets -set -nocase -filter {name =~"APU*" && jtag_cable_name =~ "Digilent JTAG-HS1 210512180081"} -index 0
ps7_init
ps7_post_config
configparams force-mem-access 0
----------------End of Script----------------

15:43:01 INFO  : Memory regions updated for context APU
15:43:01 INFO  : Launch script is exported to file 'F:\experiment\NTT\1\sum\ntt_3_tfdg_full_twiddle_4_2_sum_axi_5\ntt_1\vitis_4\.sdk\launch_scripts\xilinx_c-c++_application_(system_debugger)\system_debugger_using_debug_ntt.elf_on_local.tcl'
16:02:54 INFO  : SDK has detected change in the last modified timestamps for source hardware specification file Source:1777708950997,  Project:1777706900086
16:02:54 INFO  : Project design_1_wrapper_hw_platform_1's source hardware specification located at F:/experiment/NTT/1/sum/ntt_3_tfdg_full_twiddle_4_2_sum_axi_5/ntt_1/vitis_4/design_1_wrapper.hdf is now different from the local copy.
		 The local copy will be replaced with the source specification and your workspace will be updated.
16:02:56 INFO  : Copied contents of F:/experiment/NTT/1/sum/ntt_3_tfdg_full_twiddle_4_2_sum_axi_5/ntt_1/vitis_4/design_1_wrapper.hdf into \design_1_wrapper_hw_platform_1\system.hdf.
16:03:00 INFO  : Synchronizing projects in the workspace with the hardware platform specification changes.
16:03:04 INFO  : 
16:03:05 INFO  : Updating hardware inferred compiler options for ntt.
16:03:06 INFO  : Clearing existing target manager status.
16:03:06 INFO  : Closing and re-opening the MSS file of ther project ntt_bsp
16:03:07 INFO  : Workspace synchronized with the new hardware specification file. Cleaning dependent projects...
16:03:10 WARN  : Linker script will not be updated automatically. Users need to update it manually.
16:04:06 INFO  : Disconnected from the channel tcfchan#7.
16:04:08 INFO  : Connected to target on host '127.0.0.1' and port '3121'.
16:04:08 INFO  : Jtag cable 'Digilent JTAG-HS1 210512180081' is selected.
16:04:08 INFO  : 'jtag frequency' command is executed.
16:04:08 INFO  : Sourcing of 'F:/experiment/NTT/1/sum/ntt_3_tfdg_full_twiddle_4_2_sum_axi_5/ntt_1/vitis_4/design_1_wrapper_hw_platform_1/ps7_init.tcl' is done.
16:04:08 INFO  : Context for 'APU' is selected.
16:04:08 INFO  : System reset is completed.
16:04:11 INFO  : 'after 3000' command is executed.
16:04:11 INFO  : 'targets -set -filter {jtag_cable_name =~ "Digilent JTAG-HS1 210512180081" && level==0} -index 1' command is executed.
16:04:15 INFO  : FPGA configured successfully with bitstream "F:/experiment/NTT/1/sum/ntt_3_tfdg_full_twiddle_4_2_sum_axi_5/ntt_1/vitis_4/design_1_wrapper_hw_platform_1/design_1_wrapper.bit"
16:04:15 INFO  : Context for 'APU' is selected.
16:04:15 INFO  : Hardware design information is loaded from 'F:/experiment/NTT/1/sum/ntt_3_tfdg_full_twiddle_4_2_sum_axi_5/ntt_1/vitis_4/design_1_wrapper_hw_platform_1/system.hdf'.
16:04:15 INFO  : 'configparams force-mem-access 1' command is executed.
16:04:15 INFO  : Context for 'APU' is selected.
16:04:15 INFO  : 'ps7_init' command is executed.
16:04:15 INFO  : 'ps7_post_config' command is executed.
16:04:15 INFO  : 'configparams force-mem-access 0' command is executed.
16:04:15 INFO  : ----------------XSDB Script----------------
connect -url tcp:127.0.0.1:3121
source F:/experiment/NTT/1/sum/ntt_3_tfdg_full_twiddle_4_2_sum_axi_5/ntt_1/vitis_4/design_1_wrapper_hw_platform_1/ps7_init.tcl
targets -set -nocase -filter {name =~"APU*" && jtag_cable_name =~ "Digilent JTAG-HS1 210512180081"} -index 0
rst -system
after 3000
targets -set -filter {jtag_cable_name =~ "Digilent JTAG-HS1 210512180081" && level==0} -index 1
fpga -file F:/experiment/NTT/1/sum/ntt_3_tfdg_full_twiddle_4_2_sum_axi_5/ntt_1/vitis_4/design_1_wrapper_hw_platform_1/design_1_wrapper.bit
targets -set -nocase -filter {name =~"APU*" && jtag_cable_name =~ "Digilent JTAG-HS1 210512180081"} -index 0
loadhw -hw F:/experiment/NTT/1/sum/ntt_3_tfdg_full_twiddle_4_2_sum_axi_5/ntt_1/vitis_4/design_1_wrapper_hw_platform_1/system.hdf -mem-ranges [list {0x40000000 0xbfffffff}]
configparams force-mem-access 1
targets -set -nocase -filter {name =~"APU*" && jtag_cable_name =~ "Digilent JTAG-HS1 210512180081"} -index 0
ps7_init
ps7_post_config
configparams force-mem-access 0
----------------End of Script----------------

16:04:15 INFO  : Memory regions updated for context APU
16:04:15 INFO  : Launch script is exported to file 'F:\experiment\NTT\1\sum\ntt_3_tfdg_full_twiddle_4_2_sum_axi_5\ntt_1\vitis_4\.sdk\launch_scripts\xilinx_c-c++_application_(system_debugger)\system_debugger_using_debug_ntt.elf_on_local.tcl'
16:04:26 INFO  : Disconnected from the channel tcfchan#8.
16:04:27 INFO  : Connected to target on host '127.0.0.1' and port '3121'.
16:04:27 INFO  : Jtag cable 'Digilent JTAG-HS1 210512180081' is selected.
16:04:27 INFO  : 'jtag frequency' command is executed.
16:04:27 INFO  : Sourcing of 'F:/experiment/NTT/1/sum/ntt_3_tfdg_full_twiddle_4_2_sum_axi_5/ntt_1/vitis_4/design_1_wrapper_hw_platform_1/ps7_init.tcl' is done.
16:04:27 INFO  : Context for 'APU' is selected.
16:04:28 INFO  : System reset is completed.
16:04:31 INFO  : 'after 3000' command is executed.
16:04:31 INFO  : 'targets -set -filter {jtag_cable_name =~ "Digilent JTAG-HS1 210512180081" && level==0} -index 1' command is executed.
16:04:34 INFO  : FPGA configured successfully with bitstream "F:/experiment/NTT/1/sum/ntt_3_tfdg_full_twiddle_4_2_sum_axi_5/ntt_1/vitis_4/design_1_wrapper_hw_platform_1/design_1_wrapper.bit"
16:04:34 INFO  : Context for 'APU' is selected.
16:04:34 INFO  : Hardware design information is loaded from 'F:/experiment/NTT/1/sum/ntt_3_tfdg_full_twiddle_4_2_sum_axi_5/ntt_1/vitis_4/design_1_wrapper_hw_platform_1/system.hdf'.
16:04:34 INFO  : 'configparams force-mem-access 1' command is executed.
16:04:34 INFO  : Context for 'APU' is selected.
16:04:34 INFO  : 'ps7_init' command is executed.
16:04:34 INFO  : 'ps7_post_config' command is executed.
16:04:34 INFO  : 'configparams force-mem-access 0' command is executed.
16:04:34 INFO  : ----------------XSDB Script----------------
connect -url tcp:127.0.0.1:3121
source F:/experiment/NTT/1/sum/ntt_3_tfdg_full_twiddle_4_2_sum_axi_5/ntt_1/vitis_4/design_1_wrapper_hw_platform_1/ps7_init.tcl
targets -set -nocase -filter {name =~"APU*" && jtag_cable_name =~ "Digilent JTAG-HS1 210512180081"} -index 0
rst -system
after 3000
targets -set -filter {jtag_cable_name =~ "Digilent JTAG-HS1 210512180081" && level==0} -index 1
fpga -file F:/experiment/NTT/1/sum/ntt_3_tfdg_full_twiddle_4_2_sum_axi_5/ntt_1/vitis_4/design_1_wrapper_hw_platform_1/design_1_wrapper.bit
targets -set -nocase -filter {name =~"APU*" && jtag_cable_name =~ "Digilent JTAG-HS1 210512180081"} -index 0
loadhw -hw F:/experiment/NTT/1/sum/ntt_3_tfdg_full_twiddle_4_2_sum_axi_5/ntt_1/vitis_4/design_1_wrapper_hw_platform_1/system.hdf -mem-ranges [list {0x40000000 0xbfffffff}]
configparams force-mem-access 1
targets -set -nocase -filter {name =~"APU*" && jtag_cable_name =~ "Digilent JTAG-HS1 210512180081"} -index 0
ps7_init
ps7_post_config
configparams force-mem-access 0
----------------End of Script----------------

16:04:35 INFO  : Memory regions updated for context APU
16:04:35 INFO  : Launch script is exported to file 'F:\experiment\NTT\1\sum\ntt_3_tfdg_full_twiddle_4_2_sum_axi_5\ntt_1\vitis_4\.sdk\launch_scripts\xilinx_c-c++_application_(system_debugger)\system_debugger_using_debug_ntt.elf_on_local.tcl'
16:05:36 INFO  : Disconnected from the channel tcfchan#9.
16:05:37 INFO  : Connected to target on host '127.0.0.1' and port '3121'.
16:05:37 INFO  : Jtag cable 'Digilent JTAG-HS1 210512180081' is selected.
16:05:37 INFO  : 'jtag frequency' command is executed.
16:05:38 INFO  : Sourcing of 'F:/experiment/NTT/1/sum/ntt_3_tfdg_full_twiddle_4_2_sum_axi_5/ntt_1/vitis_4/design_1_wrapper_hw_platform_1/ps7_init.tcl' is done.
16:05:38 INFO  : Context for 'APU' is selected.
16:05:38 INFO  : System reset is completed.
16:05:41 INFO  : 'after 3000' command is executed.
16:05:41 INFO  : 'targets -set -filter {jtag_cable_name =~ "Digilent JTAG-HS1 210512180081" && level==0} -index 1' command is executed.
16:05:44 INFO  : FPGA configured successfully with bitstream "F:/experiment/NTT/1/sum/ntt_3_tfdg_full_twiddle_4_2_sum_axi_5/ntt_1/vitis_4/design_1_wrapper_hw_platform_1/design_1_wrapper.bit"
16:05:44 INFO  : Context for 'APU' is selected.
16:05:44 INFO  : Hardware design information is loaded from 'F:/experiment/NTT/1/sum/ntt_3_tfdg_full_twiddle_4_2_sum_axi_5/ntt_1/vitis_4/design_1_wrapper_hw_platform_1/system.hdf'.
16:05:44 INFO  : 'configparams force-mem-access 1' command is executed.
16:05:44 INFO  : Context for 'APU' is selected.
16:05:45 INFO  : 'ps7_init' command is executed.
16:05:45 INFO  : 'ps7_post_config' command is executed.
16:05:45 INFO  : 'configparams force-mem-access 0' command is executed.
16:05:45 INFO  : ----------------XSDB Script----------------
connect -url tcp:127.0.0.1:3121
source F:/experiment/NTT/1/sum/ntt_3_tfdg_full_twiddle_4_2_sum_axi_5/ntt_1/vitis_4/design_1_wrapper_hw_platform_1/ps7_init.tcl
targets -set -nocase -filter {name =~"APU*" && jtag_cable_name =~ "Digilent JTAG-HS1 210512180081"} -index 0
rst -system
after 3000
targets -set -filter {jtag_cable_name =~ "Digilent JTAG-HS1 210512180081" && level==0} -index 1
fpga -file F:/experiment/NTT/1/sum/ntt_3_tfdg_full_twiddle_4_2_sum_axi_5/ntt_1/vitis_4/design_1_wrapper_hw_platform_1/design_1_wrapper.bit
targets -set -nocase -filter {name =~"APU*" && jtag_cable_name =~ "Digilent JTAG-HS1 210512180081"} -index 0
loadhw -hw F:/experiment/NTT/1/sum/ntt_3_tfdg_full_twiddle_4_2_sum_axi_5/ntt_1/vitis_4/design_1_wrapper_hw_platform_1/system.hdf -mem-ranges [list {0x40000000 0xbfffffff}]
configparams force-mem-access 1
targets -set -nocase -filter {name =~"APU*" && jtag_cable_name =~ "Digilent JTAG-HS1 210512180081"} -index 0
ps7_init
ps7_post_config
configparams force-mem-access 0
----------------End of Script----------------

16:05:45 INFO  : Memory regions updated for context APU
16:05:45 INFO  : Launch script is exported to file 'F:\experiment\NTT\1\sum\ntt_3_tfdg_full_twiddle_4_2_sum_axi_5\ntt_1\vitis_4\.sdk\launch_scripts\xilinx_c-c++_application_(system_debugger)\system_debugger_using_debug_ntt.elf_on_local.tcl'
16:10:13 INFO  : Disconnected from the channel tcfchan#10.
16:10:14 INFO  : Connected to target on host '127.0.0.1' and port '3121'.
16:10:14 INFO  : Jtag cable 'Digilent JTAG-HS1 210512180081' is selected.
16:10:14 INFO  : 'jtag frequency' command is executed.
16:10:14 INFO  : Sourcing of 'F:/experiment/NTT/1/sum/ntt_3_tfdg_full_twiddle_4_2_sum_axi_5/ntt_1/vitis_4/design_1_wrapper_hw_platform_1/ps7_init.tcl' is done.
16:10:14 INFO  : Context for 'APU' is selected.
16:10:14 INFO  : System reset is completed.
16:10:17 INFO  : 'after 3000' command is executed.
16:10:17 INFO  : 'targets -set -filter {jtag_cable_name =~ "Digilent JTAG-HS1 210512180081" && level==0} -index 1' command is executed.
16:10:21 INFO  : FPGA configured successfully with bitstream "F:/experiment/NTT/1/sum/ntt_3_tfdg_full_twiddle_4_2_sum_axi_5/ntt_1/vitis_4/design_1_wrapper_hw_platform_1/design_1_wrapper.bit"
16:10:21 INFO  : Context for 'APU' is selected.
16:10:21 INFO  : Hardware design information is loaded from 'F:/experiment/NTT/1/sum/ntt_3_tfdg_full_twiddle_4_2_sum_axi_5/ntt_1/vitis_4/design_1_wrapper_hw_platform_1/system.hdf'.
16:10:21 INFO  : 'configparams force-mem-access 1' command is executed.
16:10:21 INFO  : Context for 'APU' is selected.
16:10:21 INFO  : 'ps7_init' command is executed.
16:10:21 INFO  : 'ps7_post_config' command is executed.
16:10:21 INFO  : 'configparams force-mem-access 0' command is executed.
16:10:21 INFO  : ----------------XSDB Script----------------
connect -url tcp:127.0.0.1:3121
source F:/experiment/NTT/1/sum/ntt_3_tfdg_full_twiddle_4_2_sum_axi_5/ntt_1/vitis_4/design_1_wrapper_hw_platform_1/ps7_init.tcl
targets -set -nocase -filter {name =~"APU*" && jtag_cable_name =~ "Digilent JTAG-HS1 210512180081"} -index 0
rst -system
after 3000
targets -set -filter {jtag_cable_name =~ "Digilent JTAG-HS1 210512180081" && level==0} -index 1
fpga -file F:/experiment/NTT/1/sum/ntt_3_tfdg_full_twiddle_4_2_sum_axi_5/ntt_1/vitis_4/design_1_wrapper_hw_platform_1/design_1_wrapper.bit
targets -set -nocase -filter {name =~"APU*" && jtag_cable_name =~ "Digilent JTAG-HS1 210512180081"} -index 0
loadhw -hw F:/experiment/NTT/1/sum/ntt_3_tfdg_full_twiddle_4_2_sum_axi_5/ntt_1/vitis_4/design_1_wrapper_hw_platform_1/system.hdf -mem-ranges [list {0x40000000 0xbfffffff}]
configparams force-mem-access 1
targets -set -nocase -filter {name =~"APU*" && jtag_cable_name =~ "Digilent JTAG-HS1 210512180081"} -index 0
ps7_init
ps7_post_config
configparams force-mem-access 0
----------------End of Script----------------

16:10:21 INFO  : Memory regions updated for context APU
16:10:21 INFO  : Launch script is exported to file 'F:\experiment\NTT\1\sum\ntt_3_tfdg_full_twiddle_4_2_sum_axi_5\ntt_1\vitis_4\.sdk\launch_scripts\xilinx_c-c++_application_(system_debugger)\system_debugger_using_debug_ntt.elf_on_local.tcl'
16:10:32 INFO  : Disconnected from the channel tcfchan#11.
16:10:33 INFO  : Connected to target on host '127.0.0.1' and port '3121'.
16:10:33 INFO  : Jtag cable 'Digilent JTAG-HS1 210512180081' is selected.
16:10:33 INFO  : 'jtag frequency' command is executed.
16:10:33 INFO  : Sourcing of 'F:/experiment/NTT/1/sum/ntt_3_tfdg_full_twiddle_4_2_sum_axi_5/ntt_1/vitis_4/design_1_wrapper_hw_platform_1/ps7_init.tcl' is done.
16:10:33 INFO  : Context for 'APU' is selected.
16:10:33 INFO  : System reset is completed.
16:10:36 INFO  : 'after 3000' command is executed.
16:10:37 INFO  : 'targets -set -filter {jtag_cable_name =~ "Digilent JTAG-HS1 210512180081" && level==0} -index 1' command is executed.
16:10:40 INFO  : FPGA configured successfully with bitstream "F:/experiment/NTT/1/sum/ntt_3_tfdg_full_twiddle_4_2_sum_axi_5/ntt_1/vitis_4/design_1_wrapper_hw_platform_1/design_1_wrapper.bit"
16:10:40 INFO  : Context for 'APU' is selected.
16:10:40 INFO  : Hardware design information is loaded from 'F:/experiment/NTT/1/sum/ntt_3_tfdg_full_twiddle_4_2_sum_axi_5/ntt_1/vitis_4/design_1_wrapper_hw_platform_1/system.hdf'.
16:10:40 INFO  : 'configparams force-mem-access 1' command is executed.
16:10:40 INFO  : Context for 'APU' is selected.
16:10:41 INFO  : 'ps7_init' command is executed.
16:10:41 INFO  : 'ps7_post_config' command is executed.
16:10:41 INFO  : 'configparams force-mem-access 0' command is executed.
16:10:41 INFO  : ----------------XSDB Script----------------
connect -url tcp:127.0.0.1:3121
source F:/experiment/NTT/1/sum/ntt_3_tfdg_full_twiddle_4_2_sum_axi_5/ntt_1/vitis_4/design_1_wrapper_hw_platform_1/ps7_init.tcl
targets -set -nocase -filter {name =~"APU*" && jtag_cable_name =~ "Digilent JTAG-HS1 210512180081"} -index 0
rst -system
after 3000
targets -set -filter {jtag_cable_name =~ "Digilent JTAG-HS1 210512180081" && level==0} -index 1
fpga -file F:/experiment/NTT/1/sum/ntt_3_tfdg_full_twiddle_4_2_sum_axi_5/ntt_1/vitis_4/design_1_wrapper_hw_platform_1/design_1_wrapper.bit
targets -set -nocase -filter {name =~"APU*" && jtag_cable_name =~ "Digilent JTAG-HS1 210512180081"} -index 0
loadhw -hw F:/experiment/NTT/1/sum/ntt_3_tfdg_full_twiddle_4_2_sum_axi_5/ntt_1/vitis_4/design_1_wrapper_hw_platform_1/system.hdf -mem-ranges [list {0x40000000 0xbfffffff}]
configparams force-mem-access 1
targets -set -nocase -filter {name =~"APU*" && jtag_cable_name =~ "Digilent JTAG-HS1 210512180081"} -index 0
ps7_init
ps7_post_config
configparams force-mem-access 0
----------------End of Script----------------

16:10:41 INFO  : Memory regions updated for context APU
16:10:41 INFO  : Launch script is exported to file 'F:\experiment\NTT\1\sum\ntt_3_tfdg_full_twiddle_4_2_sum_axi_5\ntt_1\vitis_4\.sdk\launch_scripts\xilinx_c-c++_application_(system_debugger)\system_debugger_using_debug_ntt.elf_on_local.tcl'
16:10:59 INFO  : Disconnected from the channel tcfchan#12.
16:11:00 INFO  : Connected to target on host '127.0.0.1' and port '3121'.
16:11:00 INFO  : Jtag cable 'Digilent JTAG-HS1 210512180081' is selected.
16:11:00 INFO  : 'jtag frequency' command is executed.
16:11:00 INFO  : Sourcing of 'F:/experiment/NTT/1/sum/ntt_3_tfdg_full_twiddle_4_2_sum_axi_5/ntt_1/vitis_4/design_1_wrapper_hw_platform_1/ps7_init.tcl' is done.
16:11:00 INFO  : Context for 'APU' is selected.
16:11:00 INFO  : System reset is completed.
16:11:03 INFO  : 'after 3000' command is executed.
16:11:03 INFO  : 'targets -set -filter {jtag_cable_name =~ "Digilent JTAG-HS1 210512180081" && level==0} -index 1' command is executed.
16:11:07 INFO  : FPGA configured successfully with bitstream "F:/experiment/NTT/1/sum/ntt_3_tfdg_full_twiddle_4_2_sum_axi_5/ntt_1/vitis_4/design_1_wrapper_hw_platform_1/design_1_wrapper.bit"
16:11:07 INFO  : Context for 'APU' is selected.
16:11:07 INFO  : Hardware design information is loaded from 'F:/experiment/NTT/1/sum/ntt_3_tfdg_full_twiddle_4_2_sum_axi_5/ntt_1/vitis_4/design_1_wrapper_hw_platform_1/system.hdf'.
16:11:07 INFO  : 'configparams force-mem-access 1' command is executed.
16:11:07 INFO  : Context for 'APU' is selected.
16:11:07 INFO  : 'ps7_init' command is executed.
16:11:07 INFO  : 'ps7_post_config' command is executed.
16:11:07 INFO  : 'configparams force-mem-access 0' command is executed.
16:11:07 INFO  : ----------------XSDB Script----------------
connect -url tcp:127.0.0.1:3121
source F:/experiment/NTT/1/sum/ntt_3_tfdg_full_twiddle_4_2_sum_axi_5/ntt_1/vitis_4/design_1_wrapper_hw_platform_1/ps7_init.tcl
targets -set -nocase -filter {name =~"APU*" && jtag_cable_name =~ "Digilent JTAG-HS1 210512180081"} -index 0
rst -system
after 3000
targets -set -filter {jtag_cable_name =~ "Digilent JTAG-HS1 210512180081" && level==0} -index 1
fpga -file F:/experiment/NTT/1/sum/ntt_3_tfdg_full_twiddle_4_2_sum_axi_5/ntt_1/vitis_4/design_1_wrapper_hw_platform_1/design_1_wrapper.bit
targets -set -nocase -filter {name =~"APU*" && jtag_cable_name =~ "Digilent JTAG-HS1 210512180081"} -index 0
loadhw -hw F:/experiment/NTT/1/sum/ntt_3_tfdg_full_twiddle_4_2_sum_axi_5/ntt_1/vitis_4/design_1_wrapper_hw_platform_1/system.hdf -mem-ranges [list {0x40000000 0xbfffffff}]
configparams force-mem-access 1
targets -set -nocase -filter {name =~"APU*" && jtag_cable_name =~ "Digilent JTAG-HS1 210512180081"} -index 0
ps7_init
ps7_post_config
configparams force-mem-access 0
----------------End of Script----------------

16:11:07 INFO  : Memory regions updated for context APU
16:11:07 INFO  : Launch script is exported to file 'F:\experiment\NTT\1\sum\ntt_3_tfdg_full_twiddle_4_2_sum_axi_5\ntt_1\vitis_4\.sdk\launch_scripts\xilinx_c-c++_application_(system_debugger)\system_debugger_using_debug_ntt.elf_on_local.tcl'
16:11:20 INFO  : Disconnected from the channel tcfchan#13.
16:11:21 INFO  : Connected to target on host '127.0.0.1' and port '3121'.
16:11:21 INFO  : Jtag cable 'Digilent JTAG-HS1 210512180081' is selected.
16:11:21 INFO  : 'jtag frequency' command is executed.
16:11:21 INFO  : Sourcing of 'F:/experiment/NTT/1/sum/ntt_3_tfdg_full_twiddle_4_2_sum_axi_5/ntt_1/vitis_4/design_1_wrapper_hw_platform_1/ps7_init.tcl' is done.
16:11:21 INFO  : Context for 'APU' is selected.
16:11:21 INFO  : System reset is completed.
16:11:24 INFO  : 'after 3000' command is executed.
16:11:25 INFO  : 'targets -set -filter {jtag_cable_name =~ "Digilent JTAG-HS1 210512180081" && level==0} -index 1' command is executed.
16:11:28 INFO  : FPGA configured successfully with bitstream "F:/experiment/NTT/1/sum/ntt_3_tfdg_full_twiddle_4_2_sum_axi_5/ntt_1/vitis_4/design_1_wrapper_hw_platform_1/design_1_wrapper.bit"
16:11:28 INFO  : Context for 'APU' is selected.
16:11:28 INFO  : Hardware design information is loaded from 'F:/experiment/NTT/1/sum/ntt_3_tfdg_full_twiddle_4_2_sum_axi_5/ntt_1/vitis_4/design_1_wrapper_hw_platform_1/system.hdf'.
16:11:28 INFO  : 'configparams force-mem-access 1' command is executed.
16:11:28 INFO  : Context for 'APU' is selected.
16:11:28 INFO  : 'ps7_init' command is executed.
16:11:28 INFO  : 'ps7_post_config' command is executed.
16:11:28 INFO  : 'configparams force-mem-access 0' command is executed.
16:11:28 INFO  : ----------------XSDB Script----------------
connect -url tcp:127.0.0.1:3121
source F:/experiment/NTT/1/sum/ntt_3_tfdg_full_twiddle_4_2_sum_axi_5/ntt_1/vitis_4/design_1_wrapper_hw_platform_1/ps7_init.tcl
targets -set -nocase -filter {name =~"APU*" && jtag_cable_name =~ "Digilent JTAG-HS1 210512180081"} -index 0
rst -system
after 3000
targets -set -filter {jtag_cable_name =~ "Digilent JTAG-HS1 210512180081" && level==0} -index 1
fpga -file F:/experiment/NTT/1/sum/ntt_3_tfdg_full_twiddle_4_2_sum_axi_5/ntt_1/vitis_4/design_1_wrapper_hw_platform_1/design_1_wrapper.bit
targets -set -nocase -filter {name =~"APU*" && jtag_cable_name =~ "Digilent JTAG-HS1 210512180081"} -index 0
loadhw -hw F:/experiment/NTT/1/sum/ntt_3_tfdg_full_twiddle_4_2_sum_axi_5/ntt_1/vitis_4/design_1_wrapper_hw_platform_1/system.hdf -mem-ranges [list {0x40000000 0xbfffffff}]
configparams force-mem-access 1
targets -set -nocase -filter {name =~"APU*" && jtag_cable_name =~ "Digilent JTAG-HS1 210512180081"} -index 0
ps7_init
ps7_post_config
configparams force-mem-access 0
----------------End of Script----------------

16:11:28 INFO  : Memory regions updated for context APU
16:11:28 INFO  : Launch script is exported to file 'F:\experiment\NTT\1\sum\ntt_3_tfdg_full_twiddle_4_2_sum_axi_5\ntt_1\vitis_4\.sdk\launch_scripts\xilinx_c-c++_application_(system_debugger)\system_debugger_using_debug_ntt.elf_on_local.tcl'
16:13:45 INFO  : Disconnected from the channel tcfchan#14.
16:13:46 INFO  : Connected to target on host '127.0.0.1' and port '3121'.
16:13:46 INFO  : Jtag cable 'Digilent JTAG-HS1 210512180081' is selected.
16:13:46 INFO  : 'jtag frequency' command is executed.
16:13:46 INFO  : Sourcing of 'F:/experiment/NTT/1/sum/ntt_3_tfdg_full_twiddle_4_2_sum_axi_5/ntt_1/vitis_4/design_1_wrapper_hw_platform_1/ps7_init.tcl' is done.
16:13:47 INFO  : Context for 'APU' is selected.
16:13:47 INFO  : System reset is completed.
16:13:50 INFO  : 'after 3000' command is executed.
16:13:50 INFO  : 'targets -set -filter {jtag_cable_name =~ "Digilent JTAG-HS1 210512180081" && level==0} -index 1' command is executed.
16:13:53 INFO  : FPGA configured successfully with bitstream "F:/experiment/NTT/1/sum/ntt_3_tfdg_full_twiddle_4_2_sum_axi_5/ntt_1/vitis_4/design_1_wrapper_hw_platform_1/design_1_wrapper.bit"
16:13:53 INFO  : Context for 'APU' is selected.
16:13:53 INFO  : Hardware design information is loaded from 'F:/experiment/NTT/1/sum/ntt_3_tfdg_full_twiddle_4_2_sum_axi_5/ntt_1/vitis_4/design_1_wrapper_hw_platform_1/system.hdf'.
16:13:53 INFO  : 'configparams force-mem-access 1' command is executed.
16:13:53 INFO  : Context for 'APU' is selected.
16:13:54 INFO  : 'ps7_init' command is executed.
16:13:54 INFO  : 'ps7_post_config' command is executed.
16:13:54 INFO  : 'configparams force-mem-access 0' command is executed.
16:13:54 INFO  : ----------------XSDB Script----------------
connect -url tcp:127.0.0.1:3121
source F:/experiment/NTT/1/sum/ntt_3_tfdg_full_twiddle_4_2_sum_axi_5/ntt_1/vitis_4/design_1_wrapper_hw_platform_1/ps7_init.tcl
targets -set -nocase -filter {name =~"APU*" && jtag_cable_name =~ "Digilent JTAG-HS1 210512180081"} -index 0
rst -system
after 3000
targets -set -filter {jtag_cable_name =~ "Digilent JTAG-HS1 210512180081" && level==0} -index 1
fpga -file F:/experiment/NTT/1/sum/ntt_3_tfdg_full_twiddle_4_2_sum_axi_5/ntt_1/vitis_4/design_1_wrapper_hw_platform_1/design_1_wrapper.bit
targets -set -nocase -filter {name =~"APU*" && jtag_cable_name =~ "Digilent JTAG-HS1 210512180081"} -index 0
loadhw -hw F:/experiment/NTT/1/sum/ntt_3_tfdg_full_twiddle_4_2_sum_axi_5/ntt_1/vitis_4/design_1_wrapper_hw_platform_1/system.hdf -mem-ranges [list {0x40000000 0xbfffffff}]
configparams force-mem-access 1
targets -set -nocase -filter {name =~"APU*" && jtag_cable_name =~ "Digilent JTAG-HS1 210512180081"} -index 0
ps7_init
ps7_post_config
configparams force-mem-access 0
----------------End of Script----------------

16:13:54 INFO  : Memory regions updated for context APU
16:13:54 INFO  : Launch script is exported to file 'F:\experiment\NTT\1\sum\ntt_3_tfdg_full_twiddle_4_2_sum_axi_5\ntt_1\vitis_4\.sdk\launch_scripts\xilinx_c-c++_application_(system_debugger)\system_debugger_using_debug_ntt.elf_on_local.tcl'
16:14:06 INFO  : Disconnected from the channel tcfchan#15.
16:14:07 INFO  : Connected to target on host '127.0.0.1' and port '3121'.
16:14:07 INFO  : Jtag cable 'Digilent JTAG-HS1 210512180081' is selected.
16:14:07 INFO  : 'jtag frequency' command is executed.
16:14:07 INFO  : Sourcing of 'F:/experiment/NTT/1/sum/ntt_3_tfdg_full_twiddle_4_2_sum_axi_5/ntt_1/vitis_4/design_1_wrapper_hw_platform_1/ps7_init.tcl' is done.
16:14:07 INFO  : Context for 'APU' is selected.
16:14:07 INFO  : System reset is completed.
16:14:10 INFO  : 'after 3000' command is executed.
16:14:10 INFO  : 'targets -set -filter {jtag_cable_name =~ "Digilent JTAG-HS1 210512180081" && level==0} -index 1' command is executed.
16:14:14 INFO  : FPGA configured successfully with bitstream "F:/experiment/NTT/1/sum/ntt_3_tfdg_full_twiddle_4_2_sum_axi_5/ntt_1/vitis_4/design_1_wrapper_hw_platform_1/design_1_wrapper.bit"
16:14:14 INFO  : Context for 'APU' is selected.
16:14:14 INFO  : Hardware design information is loaded from 'F:/experiment/NTT/1/sum/ntt_3_tfdg_full_twiddle_4_2_sum_axi_5/ntt_1/vitis_4/design_1_wrapper_hw_platform_1/system.hdf'.
16:14:14 INFO  : 'configparams force-mem-access 1' command is executed.
16:14:14 INFO  : Context for 'APU' is selected.
16:14:14 INFO  : 'ps7_init' command is executed.
16:14:14 INFO  : 'ps7_post_config' command is executed.
16:14:14 INFO  : 'configparams force-mem-access 0' command is executed.
16:14:14 INFO  : ----------------XSDB Script----------------
connect -url tcp:127.0.0.1:3121
source F:/experiment/NTT/1/sum/ntt_3_tfdg_full_twiddle_4_2_sum_axi_5/ntt_1/vitis_4/design_1_wrapper_hw_platform_1/ps7_init.tcl
targets -set -nocase -filter {name =~"APU*" && jtag_cable_name =~ "Digilent JTAG-HS1 210512180081"} -index 0
rst -system
after 3000
targets -set -filter {jtag_cable_name =~ "Digilent JTAG-HS1 210512180081" && level==0} -index 1
fpga -file F:/experiment/NTT/1/sum/ntt_3_tfdg_full_twiddle_4_2_sum_axi_5/ntt_1/vitis_4/design_1_wrapper_hw_platform_1/design_1_wrapper.bit
targets -set -nocase -filter {name =~"APU*" && jtag_cable_name =~ "Digilent JTAG-HS1 210512180081"} -index 0
loadhw -hw F:/experiment/NTT/1/sum/ntt_3_tfdg_full_twiddle_4_2_sum_axi_5/ntt_1/vitis_4/design_1_wrapper_hw_platform_1/system.hdf -mem-ranges [list {0x40000000 0xbfffffff}]
configparams force-mem-access 1
targets -set -nocase -filter {name =~"APU*" && jtag_cable_name =~ "Digilent JTAG-HS1 210512180081"} -index 0
ps7_init
ps7_post_config
configparams force-mem-access 0
----------------End of Script----------------

16:14:14 INFO  : Memory regions updated for context APU
16:14:14 INFO  : Launch script is exported to file 'F:\experiment\NTT\1\sum\ntt_3_tfdg_full_twiddle_4_2_sum_axi_5\ntt_1\vitis_4\.sdk\launch_scripts\xilinx_c-c++_application_(system_debugger)\system_debugger_using_debug_ntt.elf_on_local.tcl'
16:29:40 INFO  : SDK has detected change in the last modified timestamps for source hardware specification file Source:1777710561206,  Project:1777708950997
16:29:40 INFO  : Project design_1_wrapper_hw_platform_1's source hardware specification located at F:/experiment/NTT/1/sum/ntt_3_tfdg_full_twiddle_4_2_sum_axi_5/ntt_1/vitis_4/design_1_wrapper.hdf is now different from the local copy.
		 The local copy will be replaced with the source specification and your workspace will be updated.
16:29:48 INFO  : Copied contents of F:/experiment/NTT/1/sum/ntt_3_tfdg_full_twiddle_4_2_sum_axi_5/ntt_1/vitis_4/design_1_wrapper.hdf into \design_1_wrapper_hw_platform_1\system.hdf.
16:29:54 INFO  : Synchronizing projects in the workspace with the hardware platform specification changes.
16:29:58 INFO  : 
16:29:58 INFO  : Updating hardware inferred compiler options for ntt.
16:29:59 INFO  : Clearing existing target manager status.
16:29:59 INFO  : Closing and re-opening the MSS file of ther project ntt_bsp
16:30:00 INFO  : Workspace synchronized with the new hardware specification file. Cleaning dependent projects...
16:30:03 WARN  : Linker script will not be updated automatically. Users need to update it manually.
16:31:12 INFO  : Disconnected from the channel tcfchan#16.
16:31:13 INFO  : Connected to target on host '127.0.0.1' and port '3121'.
16:31:13 INFO  : Jtag cable 'Digilent JTAG-HS1 210512180081' is selected.
16:31:13 INFO  : 'jtag frequency' command is executed.
16:31:13 INFO  : Sourcing of 'F:/experiment/NTT/1/sum/ntt_3_tfdg_full_twiddle_4_2_sum_axi_5/ntt_1/vitis_4/design_1_wrapper_hw_platform_1/ps7_init.tcl' is done.
16:31:13 INFO  : Context for 'APU' is selected.
16:31:13 INFO  : System reset is completed.
16:31:16 INFO  : 'after 3000' command is executed.
16:31:16 INFO  : 'targets -set -filter {jtag_cable_name =~ "Digilent JTAG-HS1 210512180081" && level==0} -index 1' command is executed.
16:31:20 INFO  : FPGA configured successfully with bitstream "F:/experiment/NTT/1/sum/ntt_3_tfdg_full_twiddle_4_2_sum_axi_5/ntt_1/vitis_4/design_1_wrapper_hw_platform_1/design_1_wrapper.bit"
16:31:20 INFO  : Context for 'APU' is selected.
16:31:20 INFO  : Hardware design information is loaded from 'F:/experiment/NTT/1/sum/ntt_3_tfdg_full_twiddle_4_2_sum_axi_5/ntt_1/vitis_4/design_1_wrapper_hw_platform_1/system.hdf'.
16:31:20 INFO  : 'configparams force-mem-access 1' command is executed.
16:31:20 INFO  : Context for 'APU' is selected.
16:31:20 INFO  : 'ps7_init' command is executed.
16:31:20 INFO  : 'ps7_post_config' command is executed.
16:31:20 INFO  : 'configparams force-mem-access 0' command is executed.
16:31:20 INFO  : ----------------XSDB Script----------------
connect -url tcp:127.0.0.1:3121
source F:/experiment/NTT/1/sum/ntt_3_tfdg_full_twiddle_4_2_sum_axi_5/ntt_1/vitis_4/design_1_wrapper_hw_platform_1/ps7_init.tcl
targets -set -nocase -filter {name =~"APU*" && jtag_cable_name =~ "Digilent JTAG-HS1 210512180081"} -index 0
rst -system
after 3000
targets -set -filter {jtag_cable_name =~ "Digilent JTAG-HS1 210512180081" && level==0} -index 1
fpga -file F:/experiment/NTT/1/sum/ntt_3_tfdg_full_twiddle_4_2_sum_axi_5/ntt_1/vitis_4/design_1_wrapper_hw_platform_1/design_1_wrapper.bit
targets -set -nocase -filter {name =~"APU*" && jtag_cable_name =~ "Digilent JTAG-HS1 210512180081"} -index 0
loadhw -hw F:/experiment/NTT/1/sum/ntt_3_tfdg_full_twiddle_4_2_sum_axi_5/ntt_1/vitis_4/design_1_wrapper_hw_platform_1/system.hdf -mem-ranges [list {0x40000000 0xbfffffff}]
configparams force-mem-access 1
targets -set -nocase -filter {name =~"APU*" && jtag_cable_name =~ "Digilent JTAG-HS1 210512180081"} -index 0
ps7_init
ps7_post_config
configparams force-mem-access 0
----------------End of Script----------------

16:31:20 INFO  : Memory regions updated for context APU
16:31:21 INFO  : Launch script is exported to file 'F:\experiment\NTT\1\sum\ntt_3_tfdg_full_twiddle_4_2_sum_axi_5\ntt_1\vitis_4\.sdk\launch_scripts\xilinx_c-c++_application_(system_debugger)\system_debugger_using_debug_ntt.elf_on_local.tcl'
16:31:53 INFO  : Disconnected from the channel tcfchan#17.
16:31:54 INFO  : Connected to target on host '127.0.0.1' and port '3121'.
16:31:54 INFO  : Jtag cable 'Digilent JTAG-HS1 210512180081' is selected.
16:31:54 INFO  : 'jtag frequency' command is executed.
16:31:54 INFO  : Sourcing of 'F:/experiment/NTT/1/sum/ntt_3_tfdg_full_twiddle_4_2_sum_axi_5/ntt_1/vitis_4/design_1_wrapper_hw_platform_1/ps7_init.tcl' is done.
16:31:54 INFO  : Context for 'APU' is selected.
16:31:55 INFO  : System reset is completed.
16:31:58 INFO  : 'after 3000' command is executed.
16:31:58 INFO  : 'targets -set -filter {jtag_cable_name =~ "Digilent JTAG-HS1 210512180081" && level==0} -index 1' command is executed.
16:32:01 INFO  : FPGA configured successfully with bitstream "F:/experiment/NTT/1/sum/ntt_3_tfdg_full_twiddle_4_2_sum_axi_5/ntt_1/vitis_4/design_1_wrapper_hw_platform_1/design_1_wrapper.bit"
16:32:02 INFO  : Context for 'APU' is selected.
16:32:02 INFO  : Hardware design information is loaded from 'F:/experiment/NTT/1/sum/ntt_3_tfdg_full_twiddle_4_2_sum_axi_5/ntt_1/vitis_4/design_1_wrapper_hw_platform_1/system.hdf'.
16:32:02 INFO  : 'configparams force-mem-access 1' command is executed.
16:32:02 INFO  : Context for 'APU' is selected.
16:32:03 INFO  : 'ps7_init' command is executed.
16:32:03 INFO  : 'ps7_post_config' command is executed.
16:32:03 INFO  : 'configparams force-mem-access 0' command is executed.
16:32:03 INFO  : ----------------XSDB Script----------------
connect -url tcp:127.0.0.1:3121
source F:/experiment/NTT/1/sum/ntt_3_tfdg_full_twiddle_4_2_sum_axi_5/ntt_1/vitis_4/design_1_wrapper_hw_platform_1/ps7_init.tcl
targets -set -nocase -filter {name =~"APU*" && jtag_cable_name =~ "Digilent JTAG-HS1 210512180081"} -index 0
rst -system
after 3000
targets -set -filter {jtag_cable_name =~ "Digilent JTAG-HS1 210512180081" && level==0} -index 1
fpga -file F:/experiment/NTT/1/sum/ntt_3_tfdg_full_twiddle_4_2_sum_axi_5/ntt_1/vitis_4/design_1_wrapper_hw_platform_1/design_1_wrapper.bit
targets -set -nocase -filter {name =~"APU*" && jtag_cable_name =~ "Digilent JTAG-HS1 210512180081"} -index 0
loadhw -hw F:/experiment/NTT/1/sum/ntt_3_tfdg_full_twiddle_4_2_sum_axi_5/ntt_1/vitis_4/design_1_wrapper_hw_platform_1/system.hdf -mem-ranges [list {0x40000000 0xbfffffff}]
configparams force-mem-access 1
targets -set -nocase -filter {name =~"APU*" && jtag_cable_name =~ "Digilent JTAG-HS1 210512180081"} -index 0
ps7_init
ps7_post_config
configparams force-mem-access 0
----------------End of Script----------------

16:32:03 INFO  : Memory regions updated for context APU
16:32:03 INFO  : Launch script is exported to file 'F:\experiment\NTT\1\sum\ntt_3_tfdg_full_twiddle_4_2_sum_axi_5\ntt_1\vitis_4\.sdk\launch_scripts\xilinx_c-c++_application_(system_debugger)\system_debugger_using_debug_ntt.elf_on_local.tcl'
16:32:13 INFO  : Disconnected from the channel tcfchan#18.
16:32:14 INFO  : Connected to target on host '127.0.0.1' and port '3121'.
16:32:15 INFO  : Jtag cable 'Digilent JTAG-HS1 210512180081' is selected.
16:32:15 INFO  : 'jtag frequency' command is executed.
16:32:15 INFO  : Sourcing of 'F:/experiment/NTT/1/sum/ntt_3_tfdg_full_twiddle_4_2_sum_axi_5/ntt_1/vitis_4/design_1_wrapper_hw_platform_1/ps7_init.tcl' is done.
16:32:15 INFO  : Context for 'APU' is selected.
16:32:15 INFO  : System reset is completed.
16:32:18 INFO  : 'after 3000' command is executed.
16:32:18 INFO  : 'targets -set -filter {jtag_cable_name =~ "Digilent JTAG-HS1 210512180081" && level==0} -index 1' command is executed.
16:32:22 INFO  : FPGA configured successfully with bitstream "F:/experiment/NTT/1/sum/ntt_3_tfdg_full_twiddle_4_2_sum_axi_5/ntt_1/vitis_4/design_1_wrapper_hw_platform_1/design_1_wrapper.bit"
16:32:22 INFO  : Context for 'APU' is selected.
16:32:22 INFO  : Hardware design information is loaded from 'F:/experiment/NTT/1/sum/ntt_3_tfdg_full_twiddle_4_2_sum_axi_5/ntt_1/vitis_4/design_1_wrapper_hw_platform_1/system.hdf'.
16:32:22 INFO  : 'configparams force-mem-access 1' command is executed.
16:32:22 INFO  : Context for 'APU' is selected.
16:32:22 INFO  : 'ps7_init' command is executed.
16:32:23 INFO  : 'ps7_post_config' command is executed.
16:32:23 INFO  : 'configparams force-mem-access 0' command is executed.
16:32:23 INFO  : ----------------XSDB Script----------------
connect -url tcp:127.0.0.1:3121
source F:/experiment/NTT/1/sum/ntt_3_tfdg_full_twiddle_4_2_sum_axi_5/ntt_1/vitis_4/design_1_wrapper_hw_platform_1/ps7_init.tcl
targets -set -nocase -filter {name =~"APU*" && jtag_cable_name =~ "Digilent JTAG-HS1 210512180081"} -index 0
rst -system
after 3000
targets -set -filter {jtag_cable_name =~ "Digilent JTAG-HS1 210512180081" && level==0} -index 1
fpga -file F:/experiment/NTT/1/sum/ntt_3_tfdg_full_twiddle_4_2_sum_axi_5/ntt_1/vitis_4/design_1_wrapper_hw_platform_1/design_1_wrapper.bit
targets -set -nocase -filter {name =~"APU*" && jtag_cable_name =~ "Digilent JTAG-HS1 210512180081"} -index 0
loadhw -hw F:/experiment/NTT/1/sum/ntt_3_tfdg_full_twiddle_4_2_sum_axi_5/ntt_1/vitis_4/design_1_wrapper_hw_platform_1/system.hdf -mem-ranges [list {0x40000000 0xbfffffff}]
configparams force-mem-access 1
targets -set -nocase -filter {name =~"APU*" && jtag_cable_name =~ "Digilent JTAG-HS1 210512180081"} -index 0
ps7_init
ps7_post_config
configparams force-mem-access 0
----------------End of Script----------------

16:32:23 INFO  : Memory regions updated for context APU
16:32:23 INFO  : Launch script is exported to file 'F:\experiment\NTT\1\sum\ntt_3_tfdg_full_twiddle_4_2_sum_axi_5\ntt_1\vitis_4\.sdk\launch_scripts\xilinx_c-c++_application_(system_debugger)\system_debugger_using_debug_ntt.elf_on_local.tcl'
16:33:17 INFO  : Disconnected from the channel tcfchan#19.
16:33:18 INFO  : Connected to target on host '127.0.0.1' and port '3121'.
16:33:18 INFO  : Jtag cable 'Digilent JTAG-HS1 210512180081' is selected.
16:33:18 INFO  : 'jtag frequency' command is executed.
16:33:18 INFO  : Sourcing of 'F:/experiment/NTT/1/sum/ntt_3_tfdg_full_twiddle_4_2_sum_axi_5/ntt_1/vitis_4/design_1_wrapper_hw_platform_1/ps7_init.tcl' is done.
16:33:18 INFO  : Context for 'APU' is selected.
16:33:18 INFO  : System reset is completed.
16:33:21 INFO  : 'after 3000' command is executed.
16:33:21 INFO  : 'targets -set -filter {jtag_cable_name =~ "Digilent JTAG-HS1 210512180081" && level==0} -index 1' command is executed.
16:33:25 INFO  : FPGA configured successfully with bitstream "F:/experiment/NTT/1/sum/ntt_3_tfdg_full_twiddle_4_2_sum_axi_5/ntt_1/vitis_4/design_1_wrapper_hw_platform_1/design_1_wrapper.bit"
16:33:25 INFO  : Context for 'APU' is selected.
16:33:25 INFO  : Hardware design information is loaded from 'F:/experiment/NTT/1/sum/ntt_3_tfdg_full_twiddle_4_2_sum_axi_5/ntt_1/vitis_4/design_1_wrapper_hw_platform_1/system.hdf'.
16:33:25 INFO  : 'configparams force-mem-access 1' command is executed.
16:33:25 INFO  : Context for 'APU' is selected.
16:33:25 INFO  : 'ps7_init' command is executed.
16:33:25 INFO  : 'ps7_post_config' command is executed.
16:33:25 INFO  : 'configparams force-mem-access 0' command is executed.
16:33:25 INFO  : ----------------XSDB Script----------------
connect -url tcp:127.0.0.1:3121
source F:/experiment/NTT/1/sum/ntt_3_tfdg_full_twiddle_4_2_sum_axi_5/ntt_1/vitis_4/design_1_wrapper_hw_platform_1/ps7_init.tcl
targets -set -nocase -filter {name =~"APU*" && jtag_cable_name =~ "Digilent JTAG-HS1 210512180081"} -index 0
rst -system
after 3000
targets -set -filter {jtag_cable_name =~ "Digilent JTAG-HS1 210512180081" && level==0} -index 1
fpga -file F:/experiment/NTT/1/sum/ntt_3_tfdg_full_twiddle_4_2_sum_axi_5/ntt_1/vitis_4/design_1_wrapper_hw_platform_1/design_1_wrapper.bit
targets -set -nocase -filter {name =~"APU*" && jtag_cable_name =~ "Digilent JTAG-HS1 210512180081"} -index 0
loadhw -hw F:/experiment/NTT/1/sum/ntt_3_tfdg_full_twiddle_4_2_sum_axi_5/ntt_1/vitis_4/design_1_wrapper_hw_platform_1/system.hdf -mem-ranges [list {0x40000000 0xbfffffff}]
configparams force-mem-access 1
targets -set -nocase -filter {name =~"APU*" && jtag_cable_name =~ "Digilent JTAG-HS1 210512180081"} -index 0
ps7_init
ps7_post_config
configparams force-mem-access 0
----------------End of Script----------------

16:33:25 INFO  : Memory regions updated for context APU
16:33:25 INFO  : Launch script is exported to file 'F:\experiment\NTT\1\sum\ntt_3_tfdg_full_twiddle_4_2_sum_axi_5\ntt_1\vitis_4\.sdk\launch_scripts\xilinx_c-c++_application_(system_debugger)\system_debugger_using_debug_ntt.elf_on_local.tcl'
16:34:15 INFO  : Disconnected from the channel tcfchan#20.
16:34:16 INFO  : Connected to target on host '127.0.0.1' and port '3121'.
16:34:17 INFO  : Jtag cable 'Digilent JTAG-HS1 210512180081' is selected.
16:34:17 INFO  : 'jtag frequency' command is executed.
16:34:17 INFO  : Sourcing of 'F:/experiment/NTT/1/sum/ntt_3_tfdg_full_twiddle_4_2_sum_axi_5/ntt_1/vitis_4/design_1_wrapper_hw_platform_1/ps7_init.tcl' is done.
16:34:17 INFO  : Context for 'APU' is selected.
16:34:17 INFO  : System reset is completed.
16:34:20 INFO  : 'after 3000' command is executed.
16:34:20 INFO  : 'targets -set -filter {jtag_cable_name =~ "Digilent JTAG-HS1 210512180081" && level==0} -index 1' command is executed.
16:34:24 INFO  : FPGA configured successfully with bitstream "F:/experiment/NTT/1/sum/ntt_3_tfdg_full_twiddle_4_2_sum_axi_5/ntt_1/vitis_4/design_1_wrapper_hw_platform_1/design_1_wrapper.bit"
16:34:24 INFO  : Context for 'APU' is selected.
16:34:25 INFO  : Hardware design information is loaded from 'F:/experiment/NTT/1/sum/ntt_3_tfdg_full_twiddle_4_2_sum_axi_5/ntt_1/vitis_4/design_1_wrapper_hw_platform_1/system.hdf'.
16:34:25 INFO  : 'configparams force-mem-access 1' command is executed.
16:34:25 INFO  : Context for 'APU' is selected.
16:34:25 INFO  : 'ps7_init' command is executed.
16:34:25 INFO  : 'ps7_post_config' command is executed.
16:34:25 INFO  : 'configparams force-mem-access 0' command is executed.
16:34:25 INFO  : ----------------XSDB Script----------------
connect -url tcp:127.0.0.1:3121
source F:/experiment/NTT/1/sum/ntt_3_tfdg_full_twiddle_4_2_sum_axi_5/ntt_1/vitis_4/design_1_wrapper_hw_platform_1/ps7_init.tcl
targets -set -nocase -filter {name =~"APU*" && jtag_cable_name =~ "Digilent JTAG-HS1 210512180081"} -index 0
rst -system
after 3000
targets -set -filter {jtag_cable_name =~ "Digilent JTAG-HS1 210512180081" && level==0} -index 1
fpga -file F:/experiment/NTT/1/sum/ntt_3_tfdg_full_twiddle_4_2_sum_axi_5/ntt_1/vitis_4/design_1_wrapper_hw_platform_1/design_1_wrapper.bit
targets -set -nocase -filter {name =~"APU*" && jtag_cable_name =~ "Digilent JTAG-HS1 210512180081"} -index 0
loadhw -hw F:/experiment/NTT/1/sum/ntt_3_tfdg_full_twiddle_4_2_sum_axi_5/ntt_1/vitis_4/design_1_wrapper_hw_platform_1/system.hdf -mem-ranges [list {0x40000000 0xbfffffff}]
configparams force-mem-access 1
targets -set -nocase -filter {name =~"APU*" && jtag_cable_name =~ "Digilent JTAG-HS1 210512180081"} -index 0
ps7_init
ps7_post_config
configparams force-mem-access 0
----------------End of Script----------------

16:34:26 INFO  : Memory regions updated for context APU
16:34:26 INFO  : Launch script is exported to file 'F:\experiment\NTT\1\sum\ntt_3_tfdg_full_twiddle_4_2_sum_axi_5\ntt_1\vitis_4\.sdk\launch_scripts\xilinx_c-c++_application_(system_debugger)\system_debugger_using_debug_ntt.elf_on_local.tcl'
16:37:32 INFO  : Refreshed build settings on project ntt
16:38:13 INFO  : Disconnected from the channel tcfchan#21.
16:38:15 INFO  : Connected to target on host '127.0.0.1' and port '3121'.
16:38:15 INFO  : Jtag cable 'Digilent JTAG-HS1 210512180081' is selected.
16:38:15 INFO  : 'jtag frequency' command is executed.
16:38:15 INFO  : Sourcing of 'F:/experiment/NTT/1/sum/ntt_3_tfdg_full_twiddle_4_2_sum_axi_5/ntt_1/vitis_4/design_1_wrapper_hw_platform_1/ps7_init.tcl' is done.
16:38:15 INFO  : Context for 'APU' is selected.
16:38:15 INFO  : System reset is completed.
16:38:18 INFO  : 'after 3000' command is executed.
16:38:18 INFO  : 'targets -set -filter {jtag_cable_name =~ "Digilent JTAG-HS1 210512180081" && level==0} -index 1' command is executed.
16:38:22 INFO  : FPGA configured successfully with bitstream "F:/experiment/NTT/1/sum/ntt_3_tfdg_full_twiddle_4_2_sum_axi_5/ntt_1/vitis_4/design_1_wrapper_hw_platform_1/design_1_wrapper.bit"
16:38:22 INFO  : Context for 'APU' is selected.
16:38:22 INFO  : Hardware design information is loaded from 'F:/experiment/NTT/1/sum/ntt_3_tfdg_full_twiddle_4_2_sum_axi_5/ntt_1/vitis_4/design_1_wrapper_hw_platform_1/system.hdf'.
16:38:22 INFO  : 'configparams force-mem-access 1' command is executed.
16:38:22 INFO  : Context for 'APU' is selected.
16:38:22 INFO  : 'ps7_init' command is executed.
16:38:22 INFO  : 'ps7_post_config' command is executed.
16:38:22 INFO  : 'configparams force-mem-access 0' command is executed.
16:38:22 INFO  : ----------------XSDB Script----------------
connect -url tcp:127.0.0.1:3121
source F:/experiment/NTT/1/sum/ntt_3_tfdg_full_twiddle_4_2_sum_axi_5/ntt_1/vitis_4/design_1_wrapper_hw_platform_1/ps7_init.tcl
targets -set -nocase -filter {name =~"APU*" && jtag_cable_name =~ "Digilent JTAG-HS1 210512180081"} -index 0
rst -system
after 3000
targets -set -filter {jtag_cable_name =~ "Digilent JTAG-HS1 210512180081" && level==0} -index 1
fpga -file F:/experiment/NTT/1/sum/ntt_3_tfdg_full_twiddle_4_2_sum_axi_5/ntt_1/vitis_4/design_1_wrapper_hw_platform_1/design_1_wrapper.bit
targets -set -nocase -filter {name =~"APU*" && jtag_cable_name =~ "Digilent JTAG-HS1 210512180081"} -index 0
loadhw -hw F:/experiment/NTT/1/sum/ntt_3_tfdg_full_twiddle_4_2_sum_axi_5/ntt_1/vitis_4/design_1_wrapper_hw_platform_1/system.hdf -mem-ranges [list {0x40000000 0xbfffffff}]
configparams force-mem-access 1
targets -set -nocase -filter {name =~"APU*" && jtag_cable_name =~ "Digilent JTAG-HS1 210512180081"} -index 0
ps7_init
ps7_post_config
configparams force-mem-access 0
----------------End of Script----------------

16:38:22 INFO  : Memory regions updated for context APU
16:38:22 INFO  : Launch script is exported to file 'F:\experiment\NTT\1\sum\ntt_3_tfdg_full_twiddle_4_2_sum_axi_5\ntt_1\vitis_4\.sdk\launch_scripts\xilinx_c-c++_application_(system_debugger)\system_debugger_using_debug_ntt.elf_on_local.tcl'
16:38:46 INFO  : No changes in MSS file content so not generating sources.
16:40:38 INFO  : Disconnected from the channel tcfchan#22.
16:40:39 INFO  : Connected to target on host '127.0.0.1' and port '3121'.
16:40:39 INFO  : Jtag cable 'Digilent JTAG-HS1 210512180081' is selected.
16:40:39 INFO  : 'jtag frequency' command is executed.
16:40:39 INFO  : Sourcing of 'F:/experiment/NTT/1/sum/ntt_3_tfdg_full_twiddle_4_2_sum_axi_5/ntt_1/vitis_4/design_1_wrapper_hw_platform_1/ps7_init.tcl' is done.
16:40:40 INFO  : Context for 'APU' is selected.
16:40:40 INFO  : System reset is completed.
16:40:43 INFO  : 'after 3000' command is executed.
16:40:43 INFO  : 'targets -set -filter {jtag_cable_name =~ "Digilent JTAG-HS1 210512180081" && level==0} -index 1' command is executed.
16:40:46 INFO  : FPGA configured successfully with bitstream "F:/experiment/NTT/1/sum/ntt_3_tfdg_full_twiddle_4_2_sum_axi_5/ntt_1/vitis_4/design_1_wrapper_hw_platform_1/design_1_wrapper.bit"
16:40:47 INFO  : Context for 'APU' is selected.
16:40:47 INFO  : Hardware design information is loaded from 'F:/experiment/NTT/1/sum/ntt_3_tfdg_full_twiddle_4_2_sum_axi_5/ntt_1/vitis_4/design_1_wrapper_hw_platform_1/system.hdf'.
16:40:47 INFO  : 'configparams force-mem-access 1' command is executed.
16:40:47 INFO  : Context for 'APU' is selected.
16:40:48 INFO  : 'ps7_init' command is executed.
16:40:48 INFO  : 'ps7_post_config' command is executed.
16:40:48 INFO  : 'configparams force-mem-access 0' command is executed.
16:40:48 INFO  : ----------------XSDB Script----------------
connect -url tcp:127.0.0.1:3121
source F:/experiment/NTT/1/sum/ntt_3_tfdg_full_twiddle_4_2_sum_axi_5/ntt_1/vitis_4/design_1_wrapper_hw_platform_1/ps7_init.tcl
targets -set -nocase -filter {name =~"APU*" && jtag_cable_name =~ "Digilent JTAG-HS1 210512180081"} -index 0
rst -system
after 3000
targets -set -filter {jtag_cable_name =~ "Digilent JTAG-HS1 210512180081" && level==0} -index 1
fpga -file F:/experiment/NTT/1/sum/ntt_3_tfdg_full_twiddle_4_2_sum_axi_5/ntt_1/vitis_4/design_1_wrapper_hw_platform_1/design_1_wrapper.bit
targets -set -nocase -filter {name =~"APU*" && jtag_cable_name =~ "Digilent JTAG-HS1 210512180081"} -index 0
loadhw -hw F:/experiment/NTT/1/sum/ntt_3_tfdg_full_twiddle_4_2_sum_axi_5/ntt_1/vitis_4/design_1_wrapper_hw_platform_1/system.hdf -mem-ranges [list {0x40000000 0xbfffffff}]
configparams force-mem-access 1
targets -set -nocase -filter {name =~"APU*" && jtag_cable_name =~ "Digilent JTAG-HS1 210512180081"} -index 0
ps7_init
ps7_post_config
configparams force-mem-access 0
----------------End of Script----------------

16:40:48 INFO  : Memory regions updated for context APU
16:40:48 INFO  : Launch script is exported to file 'F:\experiment\NTT\1\sum\ntt_3_tfdg_full_twiddle_4_2_sum_axi_5\ntt_1\vitis_4\.sdk\launch_scripts\xilinx_c-c++_application_(system_debugger)\system_debugger_using_debug_ntt.elf_on_local.tcl'
16:42:54 INFO  : No changes in MSS file content so not generating sources.
16:45:34 INFO  : Disconnected from the channel tcfchan#23.
16:45:35 INFO  : Connected to target on host '127.0.0.1' and port '3121'.
16:45:36 INFO  : Jtag cable 'Digilent JTAG-HS1 210512180081' is selected.
16:45:36 INFO  : 'jtag frequency' command is executed.
16:45:36 INFO  : Sourcing of 'F:/experiment/NTT/1/sum/ntt_3_tfdg_full_twiddle_4_2_sum_axi_5/ntt_1/vitis_4/design_1_wrapper_hw_platform_1/ps7_init.tcl' is done.
16:45:36 INFO  : Context for 'APU' is selected.
16:45:36 INFO  : System reset is completed.
16:45:39 INFO  : 'after 3000' command is executed.
16:45:39 INFO  : 'targets -set -filter {jtag_cable_name =~ "Digilent JTAG-HS1 210512180081" && level==0} -index 1' command is executed.
16:45:43 INFO  : FPGA configured successfully with bitstream "F:/experiment/NTT/1/sum/ntt_3_tfdg_full_twiddle_4_2_sum_axi_5/ntt_1/vitis_4/design_1_wrapper_hw_platform_1/design_1_wrapper.bit"
16:45:43 INFO  : Context for 'APU' is selected.
16:45:43 INFO  : Hardware design information is loaded from 'F:/experiment/NTT/1/sum/ntt_3_tfdg_full_twiddle_4_2_sum_axi_5/ntt_1/vitis_4/design_1_wrapper_hw_platform_1/system.hdf'.
16:45:43 INFO  : 'configparams force-mem-access 1' command is executed.
16:45:43 INFO  : Context for 'APU' is selected.
16:45:44 INFO  : 'ps7_init' command is executed.
16:45:44 INFO  : 'ps7_post_config' command is executed.
16:45:44 INFO  : 'configparams force-mem-access 0' command is executed.
16:45:44 INFO  : ----------------XSDB Script----------------
connect -url tcp:127.0.0.1:3121
source F:/experiment/NTT/1/sum/ntt_3_tfdg_full_twiddle_4_2_sum_axi_5/ntt_1/vitis_4/design_1_wrapper_hw_platform_1/ps7_init.tcl
targets -set -nocase -filter {name =~"APU*" && jtag_cable_name =~ "Digilent JTAG-HS1 210512180081"} -index 0
rst -system
after 3000
targets -set -filter {jtag_cable_name =~ "Digilent JTAG-HS1 210512180081" && level==0} -index 1
fpga -file F:/experiment/NTT/1/sum/ntt_3_tfdg_full_twiddle_4_2_sum_axi_5/ntt_1/vitis_4/design_1_wrapper_hw_platform_1/design_1_wrapper.bit
targets -set -nocase -filter {name =~"APU*" && jtag_cable_name =~ "Digilent JTAG-HS1 210512180081"} -index 0
loadhw -hw F:/experiment/NTT/1/sum/ntt_3_tfdg_full_twiddle_4_2_sum_axi_5/ntt_1/vitis_4/design_1_wrapper_hw_platform_1/system.hdf -mem-ranges [list {0x40000000 0xbfffffff}]
configparams force-mem-access 1
targets -set -nocase -filter {name =~"APU*" && jtag_cable_name =~ "Digilent JTAG-HS1 210512180081"} -index 0
ps7_init
ps7_post_config
configparams force-mem-access 0
----------------End of Script----------------

16:45:44 INFO  : Memory regions updated for context APU
16:45:44 INFO  : Launch script is exported to file 'F:\experiment\NTT\1\sum\ntt_3_tfdg_full_twiddle_4_2_sum_axi_5\ntt_1\vitis_4\.sdk\launch_scripts\xilinx_c-c++_application_(system_debugger)\system_debugger_using_debug_ntt.elf_on_local.tcl'
16:45:52 INFO  : Disconnected from the channel tcfchan#24.
