Copyright 1986-2019 Xilinx, Inc. All Rights Reserved.
---------------------------------------------------------------------------------------------
| Tool Version : Vivado v.2019.1 (win64) Build 2552052 Fri May 24 14:49:42 MDT 2019
| Date         : Sat May  2 16:27:06 2026
| Host         : LAPTOP-96OTIR0P running 64-bit major release  (build 9200)
| Command      : report_control_sets -verbose -file design_1_wrapper_control_sets_placed.rpt
| Design       : design_1_wrapper
| Device       : xc7z020i
---------------------------------------------------------------------------------------------

Control Set Information

Table of Contents
-----------------
1. Summary
2. Histogram
3. Flip-Flop Distribution
4. Detailed Control Set Information

1. Summary
----------

+----------------------------------------------------------+-------+
|                          Status                          | Count |
+----------------------------------------------------------+-------+
| Total control sets                                       |  1066 |
|    Minimum number of control sets                        |  1066 |
|    Addition due to synthesis replication                 |     0 |
|    Addition due to physical synthesis replication        |     0 |
| Unused register locations in slices containing registers |   113 |
+----------------------------------------------------------+-------+
* Control sets can be merged at opt_design using control_set_merge or merge_equivalent_drivers
** Run report_qor_suggestions for automated merging and remapping suggestions


2. Histogram
------------

+--------------------+-------+
|       Fanout       | Count |
+--------------------+-------+
| Total control sets |  1066 |
| >= 0 to < 4        |     1 |
| >= 4 to < 6        |    16 |
| >= 6 to < 8        |     1 |
| >= 8 to < 10       |  1025 |
| >= 10 to < 12      |     1 |
| >= 12 to < 14      |     5 |
| >= 14 to < 16      |     2 |
| >= 16              |    15 |
+--------------------+-------+
* Control sets can be remapped at either synth_design or opt_design


3. Flip-Flop Distribution
-------------------------

+--------------+-----------------------+------------------------+-----------------+--------------+
| Clock Enable | Synchronous Set/Reset | Asynchronous Set/Reset | Total Registers | Total Slices |
+--------------+-----------------------+------------------------+-----------------+--------------+
| No           | No                    | No                     |             120 |           36 |
| No           | No                    | Yes                    |              66 |           28 |
| No           | Yes                   | No                     |              28 |           14 |
| Yes          | No                    | No                     |             336 |           88 |
| Yes          | No                    | Yes                    |              37 |           12 |
| Yes          | Yes                   | No                     |            8332 |         2838 |
+--------------+-----------------------+------------------------+-----------------+--------------+


4. Detailed Control Set Information
-----------------------------------

+-------------------------------------------------+----------------------------------------------------------------------------------------------------------------------------------------------------------------+-------------------------------------------------------------------------------------------------------------------------------------------------------+------------------+----------------+
|                   Clock Signal                  |                                                                          Enable Signal                                                                         |                                                                    Set/Reset Signal                                                                   | Slice Load Count | Bel Load Count |
+-------------------------------------------------+----------------------------------------------------------------------------------------------------------------------------------------------------------------+-------------------------------------------------------------------------------------------------------------------------------------------------------+------------------+----------------+
|  design_1_i/processing_system7_0/inst/FCLK_CLK0 | design_1_i/ps7_0_axi_periph/s00_couplers/auto_pc/inst/gen_axilite.gen_b2s_conv.axilite_b2s/WR.b_channel_0/bid_fifo_0/bresp_push                                |                                                                                                                                                       |                1 |              2 |
|  design_1_i/processing_system7_0/inst/FCLK_CLK0 | design_1_i/ntt_axi_accelerator_0/inst/u_ntt_core/core_array[4].u_core/i___1_n_0                                                                                | design_1_i/ntt_axi_accelerator_0/inst/ntt_axi_accelerator_v1_0_S00_AXI_inst/p_0_in                                                                    |                1 |              4 |
|  design_1_i/processing_system7_0/inst/FCLK_CLK0 |                                                                                                                                                                | design_1_i/ps7_0_axi_periph/s00_couplers/auto_pc/inst/gen_axilite.gen_b2s_conv.axilite_b2s/SI_REG/ar.ar_pipe/aresetn_d_reg[1]_inv_0                   |                3 |              4 |
|  design_1_i/processing_system7_0/inst/FCLK_CLK0 |                                                                                                                                                                | design_1_i/ps7_0_axi_periph/s00_couplers/auto_pc/inst/gen_axilite.gen_b2s_conv.axilite_b2s/SI_REG/aw.aw_pipe/aresetn_d_reg[0]_0                       |                2 |              4 |
|  design_1_i/processing_system7_0/inst/FCLK_CLK0 |                                                                                                                                                                | design_1_i/rst_ps7_0_50M/U0/EXT_LPF/lpf_int                                                                                                           |                3 |              4 |
|  design_1_i/processing_system7_0/inst/FCLK_CLK0 | design_1_i/ntt_axi_accelerator_0/inst/u_ntt_core/core_array[3].u_core/i___1_n_0                                                                                | design_1_i/ntt_axi_accelerator_0/inst/ntt_axi_accelerator_v1_0_S00_AXI_inst/p_0_in                                                                    |                1 |              4 |
|  design_1_i/processing_system7_0/inst/FCLK_CLK0 | design_1_i/ntt_axi_accelerator_0/inst/u_ntt_core/core_array[2].u_core/i___1_n_0                                                                                | design_1_i/ntt_axi_accelerator_0/inst/ntt_axi_accelerator_v1_0_S00_AXI_inst/p_0_in                                                                    |                1 |              4 |
|  design_1_i/processing_system7_0/inst/FCLK_CLK0 | design_1_i/ntt_axi_accelerator_0/inst/u_ntt_core/core_array[1].u_core/i___1_n_0                                                                                | design_1_i/ntt_axi_accelerator_0/inst/ntt_axi_accelerator_v1_0_S00_AXI_inst/p_0_in                                                                    |                1 |              4 |
|  design_1_i/processing_system7_0/inst/FCLK_CLK0 | design_1_i/ntt_axi_accelerator_0/inst/u_ntt_core/core_array[0].u_core/i___1_n_0                                                                                | design_1_i/ntt_axi_accelerator_0/inst/ntt_axi_accelerator_v1_0_S00_AXI_inst/p_0_in                                                                    |                1 |              4 |
|  design_1_i/processing_system7_0/inst/FCLK_CLK0 | design_1_i/ntt_axi_accelerator_0/inst/u_ntt_core/core_array[7].u_core/i___1_n_0                                                                                | design_1_i/ntt_axi_accelerator_0/inst/ntt_axi_accelerator_v1_0_S00_AXI_inst/p_0_in                                                                    |                1 |              4 |
|  design_1_i/processing_system7_0/inst/FCLK_CLK0 | design_1_i/ntt_axi_accelerator_0/inst/u_ntt_core/core_array[5].u_core/i___1_n_0                                                                                | design_1_i/ntt_axi_accelerator_0/inst/ntt_axi_accelerator_v1_0_S00_AXI_inst/p_0_in                                                                    |                2 |              4 |
|  design_1_i/processing_system7_0/inst/FCLK_CLK0 | design_1_i/ntt_axi_accelerator_0/inst/u_ntt_core/core_array[6].u_core/i___1_n_0                                                                                | design_1_i/ntt_axi_accelerator_0/inst/ntt_axi_accelerator_v1_0_S00_AXI_inst/p_0_in                                                                    |                2 |              4 |
|  design_1_i/processing_system7_0/inst/FCLK_CLK0 | design_1_i/ps7_0_axi_periph/s00_couplers/auto_pc/inst/gen_axilite.gen_b2s_conv.axilite_b2s/WR.aw_channel_0/aw_cmd_fsm_0/m_valid_i_reg_0                        | design_1_i/ps7_0_axi_periph/s00_couplers/auto_pc/inst/gen_axilite.gen_b2s_conv.axilite_b2s/WR.aw_channel_0/aw_cmd_fsm_0/m_valid_i_reg                 |                2 |              5 |
|  design_1_i/processing_system7_0/inst/FCLK_CLK0 | design_1_i/ps7_0_axi_periph/s00_couplers/auto_pc/inst/gen_axilite.gen_b2s_conv.axilite_b2s/RD.r_channel_0/transaction_fifo_0/E[0]                              | design_1_i/ps7_0_axi_periph/s00_couplers/auto_pc/inst/gen_axilite.gen_b2s_conv.axilite_b2s/areset_d1                                                  |                2 |              5 |
|  design_1_i/processing_system7_0/inst/FCLK_CLK0 | design_1_i/ps7_0_axi_periph/s00_couplers/auto_pc/inst/gen_axilite.gen_b2s_conv.axilite_b2s/RD.r_channel_0/transaction_fifo_0/cnt_read[4]_i_1__0_n_0            | design_1_i/ps7_0_axi_periph/s00_couplers/auto_pc/inst/gen_axilite.gen_b2s_conv.axilite_b2s/areset_d1                                                  |                2 |              5 |
|  design_1_i/processing_system7_0/inst/FCLK_CLK0 | design_1_i/ps7_0_axi_periph/s00_couplers/auto_pc/inst/gen_axilite.gen_b2s_conv.axilite_b2s/RD.ar_channel_0/ar_cmd_fsm_0/m_axi_arready_0                        | design_1_i/ps7_0_axi_periph/s00_couplers/auto_pc/inst/gen_axilite.gen_b2s_conv.axilite_b2s/RD.ar_channel_0/ar_cmd_fsm_0/FSM_sequential_state_reg[1]_0 |                2 |              5 |
|  design_1_i/processing_system7_0/inst/FCLK_CLK0 | design_1_i/ntt_axi_accelerator_0/inst/ntt_axi_accelerator_v1_0_S00_AXI_inst/Q[0]                                                                               | design_1_i/ntt_axi_accelerator_0/inst/ntt_axi_accelerator_v1_0_S00_AXI_inst/p_0_in                                                                    |                2 |              5 |
|  design_1_i/processing_system7_0/inst/FCLK_CLK0 | design_1_i/rst_ps7_0_50M/U0/SEQ/seq_cnt_en                                                                                                                     | design_1_i/rst_ps7_0_50M/U0/SEQ/SEQ_COUNTER/clear                                                                                                     |                1 |              6 |
|  design_1_i/processing_system7_0/inst/FCLK_CLK0 | design_1_i/ntt_axi_accelerator_0/inst/ntt_axi_accelerator_v1_0_S00_AXI_inst/slv_reg[74][15]_i_1_n_0                                                            | design_1_i/ntt_axi_accelerator_0/inst/ntt_axi_accelerator_v1_0_S00_AXI_inst/p_0_in                                                                    |                3 |              8 |
|  design_1_i/processing_system7_0/inst/FCLK_CLK0 | design_1_i/ntt_axi_accelerator_0/inst/ntt_axi_accelerator_v1_0_S00_AXI_inst/slv_reg[27][7]_i_1_n_0                                                             | design_1_i/ntt_axi_accelerator_0/inst/ntt_axi_accelerator_v1_0_S00_AXI_inst/p_0_in                                                                    |                2 |              8 |
|  design_1_i/processing_system7_0/inst/FCLK_CLK0 | design_1_i/ntt_axi_accelerator_0/inst/ntt_axi_accelerator_v1_0_S00_AXI_inst/slv_reg[29][15]_i_1_n_0                                                            | design_1_i/ntt_axi_accelerator_0/inst/ntt_axi_accelerator_v1_0_S00_AXI_inst/p_0_in                                                                    |                2 |              8 |
|  design_1_i/processing_system7_0/inst/FCLK_CLK0 | design_1_i/ntt_axi_accelerator_0/inst/ntt_axi_accelerator_v1_0_S00_AXI_inst/slv_reg[27][15]_i_1_n_0                                                            | design_1_i/ntt_axi_accelerator_0/inst/ntt_axi_accelerator_v1_0_S00_AXI_inst/p_0_in                                                                    |                3 |              8 |
|  design_1_i/processing_system7_0/inst/FCLK_CLK0 | design_1_i/ntt_axi_accelerator_0/inst/ntt_axi_accelerator_v1_0_S00_AXI_inst/slv_reg[29][23]_i_1_n_0                                                            | design_1_i/ntt_axi_accelerator_0/inst/ntt_axi_accelerator_v1_0_S00_AXI_inst/p_0_in                                                                    |                2 |              8 |
|  design_1_i/processing_system7_0/inst/FCLK_CLK0 | design_1_i/ntt_axi_accelerator_0/inst/ntt_axi_accelerator_v1_0_S00_AXI_inst/slv_reg[26][7]_i_1_n_0                                                             | design_1_i/ntt_axi_accelerator_0/inst/ntt_axi_accelerator_v1_0_S00_AXI_inst/p_0_in                                                                    |                3 |              8 |
|  design_1_i/processing_system7_0/inst/FCLK_CLK0 | design_1_i/ntt_axi_accelerator_0/inst/ntt_axi_accelerator_v1_0_S00_AXI_inst/slv_reg[29][31]_i_1_n_0                                                            | design_1_i/ntt_axi_accelerator_0/inst/ntt_axi_accelerator_v1_0_S00_AXI_inst/p_0_in                                                                    |                3 |              8 |
|  design_1_i/processing_system7_0/inst/FCLK_CLK0 | design_1_i/ntt_axi_accelerator_0/inst/ntt_axi_accelerator_v1_0_S00_AXI_inst/slv_reg[28][31]_i_1_n_0                                                            | design_1_i/ntt_axi_accelerator_0/inst/ntt_axi_accelerator_v1_0_S00_AXI_inst/p_0_in                                                                    |                2 |              8 |
|  design_1_i/processing_system7_0/inst/FCLK_CLK0 | design_1_i/ntt_axi_accelerator_0/inst/ntt_axi_accelerator_v1_0_S00_AXI_inst/slv_reg[28][7]_i_1_n_0                                                             | design_1_i/ntt_axi_accelerator_0/inst/ntt_axi_accelerator_v1_0_S00_AXI_inst/p_0_in                                                                    |                2 |              8 |
|  design_1_i/processing_system7_0/inst/FCLK_CLK0 | design_1_i/ntt_axi_accelerator_0/inst/ntt_axi_accelerator_v1_0_S00_AXI_inst/slv_reg[29][7]_i_1_n_0                                                             | design_1_i/ntt_axi_accelerator_0/inst/ntt_axi_accelerator_v1_0_S00_AXI_inst/p_0_in                                                                    |                4 |              8 |
|  design_1_i/processing_system7_0/inst/FCLK_CLK0 | design_1_i/ntt_axi_accelerator_0/inst/ntt_axi_accelerator_v1_0_S00_AXI_inst/p_1_in[31]                                                                         | design_1_i/ntt_axi_accelerator_0/inst/ntt_axi_accelerator_v1_0_S00_AXI_inst/p_0_in                                                                    |                8 |              8 |
|  design_1_i/processing_system7_0/inst/FCLK_CLK0 | design_1_i/ntt_axi_accelerator_0/inst/ntt_axi_accelerator_v1_0_S00_AXI_inst/p_1_in[23]                                                                         | design_1_i/ntt_axi_accelerator_0/inst/ntt_axi_accelerator_v1_0_S00_AXI_inst/p_0_in                                                                    |                4 |              8 |
|  design_1_i/processing_system7_0/inst/FCLK_CLK0 | design_1_i/ntt_axi_accelerator_0/inst/ntt_axi_accelerator_v1_0_S00_AXI_inst/p_1_in[15]                                                                         | design_1_i/ntt_axi_accelerator_0/inst/ntt_axi_accelerator_v1_0_S00_AXI_inst/p_0_in                                                                    |                3 |              8 |
|  design_1_i/processing_system7_0/inst/FCLK_CLK0 | design_1_i/ntt_axi_accelerator_0/inst/ntt_axi_accelerator_v1_0_S00_AXI_inst/p_1_in[0]                                                                          | design_1_i/ntt_axi_accelerator_0/inst/ntt_axi_accelerator_v1_0_S00_AXI_inst/p_0_in                                                                    |                4 |              8 |
|  design_1_i/processing_system7_0/inst/FCLK_CLK0 | design_1_i/ntt_axi_accelerator_0/inst/ntt_axi_accelerator_v1_0_S00_AXI_inst/slv_reg[243][15]_i_1_n_0                                                           | design_1_i/ntt_axi_accelerator_0/inst/ntt_axi_accelerator_v1_0_S00_AXI_inst/p_0_in                                                                    |                2 |              8 |
|  design_1_i/processing_system7_0/inst/FCLK_CLK0 | design_1_i/ntt_axi_accelerator_0/inst/ntt_axi_accelerator_v1_0_S00_AXI_inst/slv_reg[51][23]_i_1_n_0                                                            | design_1_i/ntt_axi_accelerator_0/inst/ntt_axi_accelerator_v1_0_S00_AXI_inst/p_0_in                                                                    |                2 |              8 |
|  design_1_i/processing_system7_0/inst/FCLK_CLK0 | design_1_i/ntt_axi_accelerator_0/inst/ntt_axi_accelerator_v1_0_S00_AXI_inst/slv_reg[43][15]_i_1_n_0                                                            | design_1_i/ntt_axi_accelerator_0/inst/ntt_axi_accelerator_v1_0_S00_AXI_inst/p_0_in                                                                    |                2 |              8 |
|  design_1_i/processing_system7_0/inst/FCLK_CLK0 | design_1_i/ntt_axi_accelerator_0/inst/ntt_axi_accelerator_v1_0_S00_AXI_inst/slv_reg[52][7]_i_1_n_0                                                             | design_1_i/ntt_axi_accelerator_0/inst/ntt_axi_accelerator_v1_0_S00_AXI_inst/p_0_in                                                                    |                3 |              8 |
|  design_1_i/processing_system7_0/inst/FCLK_CLK0 | design_1_i/ntt_axi_accelerator_0/inst/ntt_axi_accelerator_v1_0_S00_AXI_inst/slv_reg[53][31]_i_1_n_0                                                            | design_1_i/ntt_axi_accelerator_0/inst/ntt_axi_accelerator_v1_0_S00_AXI_inst/p_0_in                                                                    |                2 |              8 |
|  design_1_i/processing_system7_0/inst/FCLK_CLK0 | design_1_i/ntt_axi_accelerator_0/inst/ntt_axi_accelerator_v1_0_S00_AXI_inst/slv_reg[53][7]_i_1_n_0                                                             | design_1_i/ntt_axi_accelerator_0/inst/ntt_axi_accelerator_v1_0_S00_AXI_inst/p_0_in                                                                    |                3 |              8 |
|  design_1_i/processing_system7_0/inst/FCLK_CLK0 | design_1_i/ntt_axi_accelerator_0/inst/ntt_axi_accelerator_v1_0_S00_AXI_inst/slv_reg[49][15]_i_1_n_0                                                            | design_1_i/ntt_axi_accelerator_0/inst/ntt_axi_accelerator_v1_0_S00_AXI_inst/p_0_in                                                                    |                3 |              8 |
|  design_1_i/processing_system7_0/inst/FCLK_CLK0 | design_1_i/ntt_axi_accelerator_0/inst/ntt_axi_accelerator_v1_0_S00_AXI_inst/slv_reg[54][15]_i_1_n_0                                                            | design_1_i/ntt_axi_accelerator_0/inst/ntt_axi_accelerator_v1_0_S00_AXI_inst/p_0_in                                                                    |                3 |              8 |
|  design_1_i/processing_system7_0/inst/FCLK_CLK0 | design_1_i/ntt_axi_accelerator_0/inst/ntt_axi_accelerator_v1_0_S00_AXI_inst/slv_reg[54][23]_i_1_n_0                                                            | design_1_i/ntt_axi_accelerator_0/inst/ntt_axi_accelerator_v1_0_S00_AXI_inst/p_0_in                                                                    |                2 |              8 |
|  design_1_i/processing_system7_0/inst/FCLK_CLK0 | design_1_i/ntt_axi_accelerator_0/inst/ntt_axi_accelerator_v1_0_S00_AXI_inst/slv_reg[44][31]_i_1_n_0                                                            | design_1_i/ntt_axi_accelerator_0/inst/ntt_axi_accelerator_v1_0_S00_AXI_inst/p_0_in                                                                    |                2 |              8 |
|  design_1_i/processing_system7_0/inst/FCLK_CLK0 | design_1_i/ntt_axi_accelerator_0/inst/ntt_axi_accelerator_v1_0_S00_AXI_inst/slv_reg[45][31]_i_1_n_0                                                            | design_1_i/ntt_axi_accelerator_0/inst/ntt_axi_accelerator_v1_0_S00_AXI_inst/p_0_in                                                                    |                2 |              8 |
|  design_1_i/processing_system7_0/inst/FCLK_CLK0 | design_1_i/ntt_axi_accelerator_0/inst/ntt_axi_accelerator_v1_0_S00_AXI_inst/slv_reg[47][23]_i_1_n_0                                                            | design_1_i/ntt_axi_accelerator_0/inst/ntt_axi_accelerator_v1_0_S00_AXI_inst/p_0_in                                                                    |                2 |              8 |
|  design_1_i/processing_system7_0/inst/FCLK_CLK0 | design_1_i/ntt_axi_accelerator_0/inst/ntt_axi_accelerator_v1_0_S00_AXI_inst/slv_reg[48][15]_i_1_n_0                                                            | design_1_i/ntt_axi_accelerator_0/inst/ntt_axi_accelerator_v1_0_S00_AXI_inst/p_0_in                                                                    |                3 |              8 |
|  design_1_i/processing_system7_0/inst/FCLK_CLK0 | design_1_i/ntt_axi_accelerator_0/inst/ntt_axi_accelerator_v1_0_S00_AXI_inst/slv_reg[48][7]_i_1_n_0                                                             | design_1_i/ntt_axi_accelerator_0/inst/ntt_axi_accelerator_v1_0_S00_AXI_inst/p_0_in                                                                    |                7 |              8 |
|  design_1_i/processing_system7_0/inst/FCLK_CLK0 | design_1_i/ntt_axi_accelerator_0/inst/ntt_axi_accelerator_v1_0_S00_AXI_inst/slv_reg[4][31]_i_1_n_0                                                             | design_1_i/ntt_axi_accelerator_0/inst/ntt_axi_accelerator_v1_0_S00_AXI_inst/p_0_in                                                                    |                2 |              8 |
|  design_1_i/processing_system7_0/inst/FCLK_CLK0 | design_1_i/ntt_axi_accelerator_0/inst/ntt_axi_accelerator_v1_0_S00_AXI_inst/slv_reg[47][31]_i_1_n_0                                                            | design_1_i/ntt_axi_accelerator_0/inst/ntt_axi_accelerator_v1_0_S00_AXI_inst/p_0_in                                                                    |                5 |              8 |
|  design_1_i/processing_system7_0/inst/FCLK_CLK0 | design_1_i/ntt_axi_accelerator_0/inst/ntt_axi_accelerator_v1_0_S00_AXI_inst/slv_reg[42][15]_i_1_n_0                                                            | design_1_i/ntt_axi_accelerator_0/inst/ntt_axi_accelerator_v1_0_S00_AXI_inst/p_0_in                                                                    |                5 |              8 |
|  design_1_i/processing_system7_0/inst/FCLK_CLK0 | design_1_i/ntt_axi_accelerator_0/inst/ntt_axi_accelerator_v1_0_S00_AXI_inst/slv_reg[42][31]_i_1_n_0                                                            | design_1_i/ntt_axi_accelerator_0/inst/ntt_axi_accelerator_v1_0_S00_AXI_inst/p_0_in                                                                    |                2 |              8 |
|  design_1_i/processing_system7_0/inst/FCLK_CLK0 | design_1_i/ntt_axi_accelerator_0/inst/ntt_axi_accelerator_v1_0_S00_AXI_inst/slv_reg[47][7]_i_1_n_0                                                             | design_1_i/ntt_axi_accelerator_0/inst/ntt_axi_accelerator_v1_0_S00_AXI_inst/p_0_in                                                                    |                2 |              8 |
|  design_1_i/processing_system7_0/inst/FCLK_CLK0 | design_1_i/ntt_axi_accelerator_0/inst/ntt_axi_accelerator_v1_0_S00_AXI_inst/slv_reg[45][15]_i_1_n_0                                                            | design_1_i/ntt_axi_accelerator_0/inst/ntt_axi_accelerator_v1_0_S00_AXI_inst/p_0_in                                                                    |                3 |              8 |
|  design_1_i/processing_system7_0/inst/FCLK_CLK0 | design_1_i/ntt_axi_accelerator_0/inst/ntt_axi_accelerator_v1_0_S00_AXI_inst/slv_reg[49][23]_i_1_n_0                                                            | design_1_i/ntt_axi_accelerator_0/inst/ntt_axi_accelerator_v1_0_S00_AXI_inst/p_0_in                                                                    |                2 |              8 |
|  design_1_i/processing_system7_0/inst/FCLK_CLK0 | design_1_i/ntt_axi_accelerator_0/inst/ntt_axi_accelerator_v1_0_S00_AXI_inst/slv_reg[43][23]_i_1_n_0                                                            | design_1_i/ntt_axi_accelerator_0/inst/ntt_axi_accelerator_v1_0_S00_AXI_inst/p_0_in                                                                    |                4 |              8 |
|  design_1_i/processing_system7_0/inst/FCLK_CLK0 | design_1_i/ntt_axi_accelerator_0/inst/ntt_axi_accelerator_v1_0_S00_AXI_inst/slv_reg[52][23]_i_1_n_0                                                            | design_1_i/ntt_axi_accelerator_0/inst/ntt_axi_accelerator_v1_0_S00_AXI_inst/p_0_in                                                                    |                2 |              8 |
|  design_1_i/processing_system7_0/inst/FCLK_CLK0 | design_1_i/ntt_axi_accelerator_0/inst/ntt_axi_accelerator_v1_0_S00_AXI_inst/slv_reg[42][23]_i_1_n_0                                                            | design_1_i/ntt_axi_accelerator_0/inst/ntt_axi_accelerator_v1_0_S00_AXI_inst/p_0_in                                                                    |                2 |              8 |
|  design_1_i/processing_system7_0/inst/FCLK_CLK0 | design_1_i/ntt_axi_accelerator_0/inst/ntt_axi_accelerator_v1_0_S00_AXI_inst/slv_reg[49][31]_i_1_n_0                                                            | design_1_i/ntt_axi_accelerator_0/inst/ntt_axi_accelerator_v1_0_S00_AXI_inst/p_0_in                                                                    |                2 |              8 |
|  design_1_i/processing_system7_0/inst/FCLK_CLK0 | design_1_i/ntt_axi_accelerator_0/inst/ntt_axi_accelerator_v1_0_S00_AXI_inst/slv_reg[48][23]_i_1_n_0                                                            | design_1_i/ntt_axi_accelerator_0/inst/ntt_axi_accelerator_v1_0_S00_AXI_inst/p_0_in                                                                    |                3 |              8 |
|  design_1_i/processing_system7_0/inst/FCLK_CLK0 | design_1_i/ntt_axi_accelerator_0/inst/ntt_axi_accelerator_v1_0_S00_AXI_inst/slv_reg[52][15]_i_1_n_0                                                            | design_1_i/ntt_axi_accelerator_0/inst/ntt_axi_accelerator_v1_0_S00_AXI_inst/p_0_in                                                                    |                3 |              8 |
|  design_1_i/processing_system7_0/inst/FCLK_CLK0 | design_1_i/ntt_axi_accelerator_0/inst/ntt_axi_accelerator_v1_0_S00_AXI_inst/slv_reg[45][23]_i_1_n_0                                                            | design_1_i/ntt_axi_accelerator_0/inst/ntt_axi_accelerator_v1_0_S00_AXI_inst/p_0_in                                                                    |                4 |              8 |
|  design_1_i/processing_system7_0/inst/FCLK_CLK0 | design_1_i/ntt_axi_accelerator_0/inst/ntt_axi_accelerator_v1_0_S00_AXI_inst/slv_reg[46][15]_i_1_n_0                                                            | design_1_i/ntt_axi_accelerator_0/inst/ntt_axi_accelerator_v1_0_S00_AXI_inst/p_0_in                                                                    |                3 |              8 |
|  design_1_i/processing_system7_0/inst/FCLK_CLK0 | design_1_i/ntt_axi_accelerator_0/inst/ntt_axi_accelerator_v1_0_S00_AXI_inst/slv_reg[4][7]_i_1_n_0                                                              | design_1_i/ntt_axi_accelerator_0/inst/ntt_axi_accelerator_v1_0_S00_AXI_inst/p_0_in                                                                    |                2 |              8 |
|  design_1_i/processing_system7_0/inst/FCLK_CLK0 | design_1_i/ntt_axi_accelerator_0/inst/ntt_axi_accelerator_v1_0_S00_AXI_inst/slv_reg[50][7]_i_1_n_0                                                             | design_1_i/ntt_axi_accelerator_0/inst/ntt_axi_accelerator_v1_0_S00_AXI_inst/p_0_in                                                                    |                7 |              8 |
|  design_1_i/processing_system7_0/inst/FCLK_CLK0 | design_1_i/ntt_axi_accelerator_0/inst/ntt_axi_accelerator_v1_0_S00_AXI_inst/slv_reg[46][23]_i_1_n_0                                                            | design_1_i/ntt_axi_accelerator_0/inst/ntt_axi_accelerator_v1_0_S00_AXI_inst/p_0_in                                                                    |                3 |              8 |
|  design_1_i/processing_system7_0/inst/FCLK_CLK0 | design_1_i/ntt_axi_accelerator_0/inst/ntt_axi_accelerator_v1_0_S00_AXI_inst/slv_reg[47][15]_i_1_n_0                                                            | design_1_i/ntt_axi_accelerator_0/inst/ntt_axi_accelerator_v1_0_S00_AXI_inst/p_0_in                                                                    |                3 |              8 |
|  design_1_i/processing_system7_0/inst/FCLK_CLK0 | design_1_i/ntt_axi_accelerator_0/inst/ntt_axi_accelerator_v1_0_S00_AXI_inst/slv_reg[52][31]_i_1_n_0                                                            | design_1_i/ntt_axi_accelerator_0/inst/ntt_axi_accelerator_v1_0_S00_AXI_inst/p_0_in                                                                    |                2 |              8 |
|  design_1_i/processing_system7_0/inst/FCLK_CLK0 | design_1_i/ntt_axi_accelerator_0/inst/ntt_axi_accelerator_v1_0_S00_AXI_inst/slv_reg[53][15]_i_1_n_0                                                            | design_1_i/ntt_axi_accelerator_0/inst/ntt_axi_accelerator_v1_0_S00_AXI_inst/p_0_in                                                                    |                1 |              8 |
|  design_1_i/processing_system7_0/inst/FCLK_CLK0 | design_1_i/ntt_axi_accelerator_0/inst/ntt_axi_accelerator_v1_0_S00_AXI_inst/slv_reg[53][23]_i_1_n_0                                                            | design_1_i/ntt_axi_accelerator_0/inst/ntt_axi_accelerator_v1_0_S00_AXI_inst/p_0_in                                                                    |                1 |              8 |
|  design_1_i/processing_system7_0/inst/FCLK_CLK0 | design_1_i/ntt_axi_accelerator_0/inst/ntt_axi_accelerator_v1_0_S00_AXI_inst/slv_reg[45][7]_i_1_n_0                                                             | design_1_i/ntt_axi_accelerator_0/inst/ntt_axi_accelerator_v1_0_S00_AXI_inst/p_0_in                                                                    |                2 |              8 |
|  design_1_i/processing_system7_0/inst/FCLK_CLK0 | design_1_i/ntt_axi_accelerator_0/inst/ntt_axi_accelerator_v1_0_S00_AXI_inst/slv_reg[51][7]_i_1_n_0                                                             | design_1_i/ntt_axi_accelerator_0/inst/ntt_axi_accelerator_v1_0_S00_AXI_inst/p_0_in                                                                    |                3 |              8 |
|  design_1_i/processing_system7_0/inst/FCLK_CLK0 | design_1_i/ntt_axi_accelerator_0/inst/ntt_axi_accelerator_v1_0_S00_AXI_inst/slv_reg[48][31]_i_1_n_0                                                            | design_1_i/ntt_axi_accelerator_0/inst/ntt_axi_accelerator_v1_0_S00_AXI_inst/p_0_in                                                                    |                7 |              8 |
|  design_1_i/processing_system7_0/inst/FCLK_CLK0 | design_1_i/ntt_axi_accelerator_0/inst/ntt_axi_accelerator_v1_0_S00_AXI_inst/slv_reg[51][31]_i_1_n_0                                                            | design_1_i/ntt_axi_accelerator_0/inst/ntt_axi_accelerator_v1_0_S00_AXI_inst/p_0_in                                                                    |                2 |              8 |
|  design_1_i/processing_system7_0/inst/FCLK_CLK0 | design_1_i/ntt_axi_accelerator_0/inst/ntt_axi_accelerator_v1_0_S00_AXI_inst/slv_reg[43][31]_i_1_n_0                                                            | design_1_i/ntt_axi_accelerator_0/inst/ntt_axi_accelerator_v1_0_S00_AXI_inst/p_0_in                                                                    |                2 |              8 |
|  design_1_i/processing_system7_0/inst/FCLK_CLK0 | design_1_i/ntt_axi_accelerator_0/inst/ntt_axi_accelerator_v1_0_S00_AXI_inst/slv_reg[44][15]_i_1_n_0                                                            | design_1_i/ntt_axi_accelerator_0/inst/ntt_axi_accelerator_v1_0_S00_AXI_inst/p_0_in                                                                    |                2 |              8 |
|  design_1_i/processing_system7_0/inst/FCLK_CLK0 | design_1_i/ntt_axi_accelerator_0/inst/ntt_axi_accelerator_v1_0_S00_AXI_inst/slv_reg[46][7]_i_1_n_0                                                             | design_1_i/ntt_axi_accelerator_0/inst/ntt_axi_accelerator_v1_0_S00_AXI_inst/p_0_in                                                                    |                2 |              8 |
|  design_1_i/processing_system7_0/inst/FCLK_CLK0 | design_1_i/ntt_axi_accelerator_0/inst/ntt_axi_accelerator_v1_0_S00_AXI_inst/slv_reg[49][7]_i_1_n_0                                                             | design_1_i/ntt_axi_accelerator_0/inst/ntt_axi_accelerator_v1_0_S00_AXI_inst/p_0_in                                                                    |                3 |              8 |
|  design_1_i/processing_system7_0/inst/FCLK_CLK0 | design_1_i/ntt_axi_accelerator_0/inst/ntt_axi_accelerator_v1_0_S00_AXI_inst/slv_reg[4][15]_i_1_n_0                                                             | design_1_i/ntt_axi_accelerator_0/inst/ntt_axi_accelerator_v1_0_S00_AXI_inst/p_0_in                                                                    |                3 |              8 |
|  design_1_i/processing_system7_0/inst/FCLK_CLK0 | design_1_i/ntt_axi_accelerator_0/inst/ntt_axi_accelerator_v1_0_S00_AXI_inst/slv_reg[4][23]_i_1_n_0                                                             | design_1_i/ntt_axi_accelerator_0/inst/ntt_axi_accelerator_v1_0_S00_AXI_inst/p_0_in                                                                    |                2 |              8 |
|  design_1_i/processing_system7_0/inst/FCLK_CLK0 | design_1_i/ntt_axi_accelerator_0/inst/ntt_axi_accelerator_v1_0_S00_AXI_inst/slv_reg[50][15]_i_1_n_0                                                            | design_1_i/ntt_axi_accelerator_0/inst/ntt_axi_accelerator_v1_0_S00_AXI_inst/p_0_in                                                                    |                3 |              8 |
|  design_1_i/processing_system7_0/inst/FCLK_CLK0 | design_1_i/ntt_axi_accelerator_0/inst/ntt_axi_accelerator_v1_0_S00_AXI_inst/slv_reg[50][23]_i_1_n_0                                                            | design_1_i/ntt_axi_accelerator_0/inst/ntt_axi_accelerator_v1_0_S00_AXI_inst/p_0_in                                                                    |                3 |              8 |
|  design_1_i/processing_system7_0/inst/FCLK_CLK0 | design_1_i/ntt_axi_accelerator_0/inst/ntt_axi_accelerator_v1_0_S00_AXI_inst/slv_reg[50][31]_i_1_n_0                                                            | design_1_i/ntt_axi_accelerator_0/inst/ntt_axi_accelerator_v1_0_S00_AXI_inst/p_0_in                                                                    |                5 |              8 |
|  design_1_i/processing_system7_0/inst/FCLK_CLK0 | design_1_i/ntt_axi_accelerator_0/inst/ntt_axi_accelerator_v1_0_S00_AXI_inst/slv_reg[51][15]_i_1_n_0                                                            | design_1_i/ntt_axi_accelerator_0/inst/ntt_axi_accelerator_v1_0_S00_AXI_inst/p_0_in                                                                    |                4 |              8 |
|  design_1_i/processing_system7_0/inst/FCLK_CLK0 | design_1_i/ntt_axi_accelerator_0/inst/ntt_axi_accelerator_v1_0_S00_AXI_inst/slv_reg[43][7]_i_1_n_0                                                             | design_1_i/ntt_axi_accelerator_0/inst/ntt_axi_accelerator_v1_0_S00_AXI_inst/p_0_in                                                                    |                4 |              8 |
|  design_1_i/processing_system7_0/inst/FCLK_CLK0 | design_1_i/ntt_axi_accelerator_0/inst/ntt_axi_accelerator_v1_0_S00_AXI_inst/slv_reg[44][23]_i_1_n_0                                                            | design_1_i/ntt_axi_accelerator_0/inst/ntt_axi_accelerator_v1_0_S00_AXI_inst/p_0_in                                                                    |                3 |              8 |
|  design_1_i/processing_system7_0/inst/FCLK_CLK0 | design_1_i/ntt_axi_accelerator_0/inst/ntt_axi_accelerator_v1_0_S00_AXI_inst/slv_reg[42][7]_i_1_n_0                                                             | design_1_i/ntt_axi_accelerator_0/inst/ntt_axi_accelerator_v1_0_S00_AXI_inst/p_0_in                                                                    |                3 |              8 |
|  design_1_i/processing_system7_0/inst/FCLK_CLK0 | design_1_i/ntt_axi_accelerator_0/inst/ntt_axi_accelerator_v1_0_S00_AXI_inst/slv_reg[46][31]_i_1_n_0                                                            | design_1_i/ntt_axi_accelerator_0/inst/ntt_axi_accelerator_v1_0_S00_AXI_inst/p_0_in                                                                    |                2 |              8 |
|  design_1_i/processing_system7_0/inst/FCLK_CLK0 | design_1_i/ntt_axi_accelerator_0/inst/ntt_axi_accelerator_v1_0_S00_AXI_inst/slv_reg[44][7]_i_1_n_0                                                             | design_1_i/ntt_axi_accelerator_0/inst/ntt_axi_accelerator_v1_0_S00_AXI_inst/p_0_in                                                                    |                3 |              8 |
|  design_1_i/processing_system7_0/inst/FCLK_CLK0 | design_1_i/ntt_axi_accelerator_0/inst/ntt_axi_accelerator_v1_0_S00_AXI_inst/slv_reg[56][7]_i_1_n_0                                                             | design_1_i/ntt_axi_accelerator_0/inst/ntt_axi_accelerator_v1_0_S00_AXI_inst/p_0_in                                                                    |                2 |              8 |
|  design_1_i/processing_system7_0/inst/FCLK_CLK0 | design_1_i/ntt_axi_accelerator_0/inst/ntt_axi_accelerator_v1_0_S00_AXI_inst/slv_reg[55][7]_i_1_n_0                                                             | design_1_i/ntt_axi_accelerator_0/inst/ntt_axi_accelerator_v1_0_S00_AXI_inst/p_0_in                                                                    |                2 |              8 |
|  design_1_i/processing_system7_0/inst/FCLK_CLK0 | design_1_i/ntt_axi_accelerator_0/inst/ntt_axi_accelerator_v1_0_S00_AXI_inst/slv_reg[62][23]_i_1_n_0                                                            | design_1_i/ntt_axi_accelerator_0/inst/ntt_axi_accelerator_v1_0_S00_AXI_inst/p_0_in                                                                    |                3 |              8 |
|  design_1_i/processing_system7_0/inst/FCLK_CLK0 | design_1_i/ntt_axi_accelerator_0/inst/ntt_axi_accelerator_v1_0_S00_AXI_inst/slv_reg[55][23]_i_1_n_0                                                            | design_1_i/ntt_axi_accelerator_0/inst/ntt_axi_accelerator_v1_0_S00_AXI_inst/p_0_in                                                                    |                2 |              8 |
|  design_1_i/processing_system7_0/inst/FCLK_CLK0 | design_1_i/ntt_axi_accelerator_0/inst/ntt_axi_accelerator_v1_0_S00_AXI_inst/slv_reg[60][31]_i_1_n_0                                                            | design_1_i/ntt_axi_accelerator_0/inst/ntt_axi_accelerator_v1_0_S00_AXI_inst/p_0_in                                                                    |                2 |              8 |
|  design_1_i/processing_system7_0/inst/FCLK_CLK0 | design_1_i/ntt_axi_accelerator_0/inst/ntt_axi_accelerator_v1_0_S00_AXI_inst/slv_reg[58][7]_i_1_n_0                                                             | design_1_i/ntt_axi_accelerator_0/inst/ntt_axi_accelerator_v1_0_S00_AXI_inst/p_0_in                                                                    |                3 |              8 |
|  design_1_i/processing_system7_0/inst/FCLK_CLK0 | design_1_i/ntt_axi_accelerator_0/inst/ntt_axi_accelerator_v1_0_S00_AXI_inst/slv_reg[60][23]_i_1_n_0                                                            | design_1_i/ntt_axi_accelerator_0/inst/ntt_axi_accelerator_v1_0_S00_AXI_inst/p_0_in                                                                    |                2 |              8 |
|  design_1_i/processing_system7_0/inst/FCLK_CLK0 | design_1_i/ntt_axi_accelerator_0/inst/ntt_axi_accelerator_v1_0_S00_AXI_inst/slv_reg[57][7]_i_1_n_0                                                             | design_1_i/ntt_axi_accelerator_0/inst/ntt_axi_accelerator_v1_0_S00_AXI_inst/p_0_in                                                                    |                2 |              8 |
|  design_1_i/processing_system7_0/inst/FCLK_CLK0 | design_1_i/ntt_axi_accelerator_0/inst/ntt_axi_accelerator_v1_0_S00_AXI_inst/slv_reg[55][31]_i_1_n_0                                                            | design_1_i/ntt_axi_accelerator_0/inst/ntt_axi_accelerator_v1_0_S00_AXI_inst/p_0_in                                                                    |                4 |              8 |
|  design_1_i/processing_system7_0/inst/FCLK_CLK0 | design_1_i/ntt_axi_accelerator_0/inst/ntt_axi_accelerator_v1_0_S00_AXI_inst/slv_reg[5][7]_i_1_n_0                                                              | design_1_i/ntt_axi_accelerator_0/inst/ntt_axi_accelerator_v1_0_S00_AXI_inst/p_0_in                                                                    |                2 |              8 |
|  design_1_i/processing_system7_0/inst/FCLK_CLK0 | design_1_i/ntt_axi_accelerator_0/inst/ntt_axi_accelerator_v1_0_S00_AXI_inst/slv_reg[61][23]_i_1_n_0                                                            | design_1_i/ntt_axi_accelerator_0/inst/ntt_axi_accelerator_v1_0_S00_AXI_inst/p_0_in                                                                    |                3 |              8 |
|  design_1_i/processing_system7_0/inst/FCLK_CLK0 | design_1_i/ntt_axi_accelerator_0/inst/ntt_axi_accelerator_v1_0_S00_AXI_inst/slv_reg[5][31]_i_1_n_0                                                             | design_1_i/ntt_axi_accelerator_0/inst/ntt_axi_accelerator_v1_0_S00_AXI_inst/p_0_in                                                                    |                4 |              8 |
|  design_1_i/processing_system7_0/inst/FCLK_CLK0 | design_1_i/ntt_axi_accelerator_0/inst/ntt_axi_accelerator_v1_0_S00_AXI_inst/slv_reg[60][7]_i_1_n_0                                                             | design_1_i/ntt_axi_accelerator_0/inst/ntt_axi_accelerator_v1_0_S00_AXI_inst/p_0_in                                                                    |                2 |              8 |
|  design_1_i/processing_system7_0/inst/FCLK_CLK0 | design_1_i/ntt_axi_accelerator_0/inst/ntt_axi_accelerator_v1_0_S00_AXI_inst/slv_reg[56][31]_i_1_n_0                                                            | design_1_i/ntt_axi_accelerator_0/inst/ntt_axi_accelerator_v1_0_S00_AXI_inst/p_0_in                                                                    |                2 |              8 |
|  design_1_i/processing_system7_0/inst/FCLK_CLK0 | design_1_i/ntt_axi_accelerator_0/inst/ntt_axi_accelerator_v1_0_S00_AXI_inst/slv_reg[57][23]_i_1_n_0                                                            | design_1_i/ntt_axi_accelerator_0/inst/ntt_axi_accelerator_v1_0_S00_AXI_inst/p_0_in                                                                    |                3 |              8 |
|  design_1_i/processing_system7_0/inst/FCLK_CLK0 | design_1_i/ntt_axi_accelerator_0/inst/ntt_axi_accelerator_v1_0_S00_AXI_inst/slv_reg[62][7]_i_1_n_0                                                             | design_1_i/ntt_axi_accelerator_0/inst/ntt_axi_accelerator_v1_0_S00_AXI_inst/p_0_in                                                                    |                2 |              8 |
|  design_1_i/processing_system7_0/inst/FCLK_CLK0 | design_1_i/ntt_axi_accelerator_0/inst/ntt_axi_accelerator_v1_0_S00_AXI_inst/slv_reg[57][15]_i_1_n_0                                                            | design_1_i/ntt_axi_accelerator_0/inst/ntt_axi_accelerator_v1_0_S00_AXI_inst/p_0_in                                                                    |                2 |              8 |
|  design_1_i/processing_system7_0/inst/FCLK_CLK0 | design_1_i/ntt_axi_accelerator_0/inst/ntt_axi_accelerator_v1_0_S00_AXI_inst/slv_reg[63][23]_i_1_n_0                                                            | design_1_i/ntt_axi_accelerator_0/inst/ntt_axi_accelerator_v1_0_S00_AXI_inst/p_0_in                                                                    |                2 |              8 |
|  design_1_i/processing_system7_0/inst/FCLK_CLK0 | design_1_i/ntt_axi_accelerator_0/inst/ntt_axi_accelerator_v1_0_S00_AXI_inst/slv_reg[63][31]_i_1_n_0                                                            | design_1_i/ntt_axi_accelerator_0/inst/ntt_axi_accelerator_v1_0_S00_AXI_inst/p_0_in                                                                    |                3 |              8 |
|  design_1_i/processing_system7_0/inst/FCLK_CLK0 | design_1_i/ntt_axi_accelerator_0/inst/ntt_axi_accelerator_v1_0_S00_AXI_inst/slv_reg[63][7]_i_1_n_0                                                             | design_1_i/ntt_axi_accelerator_0/inst/ntt_axi_accelerator_v1_0_S00_AXI_inst/p_0_in                                                                    |                4 |              8 |
|  design_1_i/processing_system7_0/inst/FCLK_CLK0 | design_1_i/ntt_axi_accelerator_0/inst/ntt_axi_accelerator_v1_0_S00_AXI_inst/slv_reg[64][31]_i_1_n_0                                                            | design_1_i/ntt_axi_accelerator_0/inst/ntt_axi_accelerator_v1_0_S00_AXI_inst/p_0_in                                                                    |                2 |              8 |
|  design_1_i/processing_system7_0/inst/FCLK_CLK0 | design_1_i/ntt_axi_accelerator_0/inst/ntt_axi_accelerator_v1_0_S00_AXI_inst/slv_reg[59][7]_i_1_n_0                                                             | design_1_i/ntt_axi_accelerator_0/inst/ntt_axi_accelerator_v1_0_S00_AXI_inst/p_0_in                                                                    |                3 |              8 |
|  design_1_i/processing_system7_0/inst/FCLK_CLK0 | design_1_i/ntt_axi_accelerator_0/inst/ntt_axi_accelerator_v1_0_S00_AXI_inst/slv_reg[63][15]_i_1_n_0                                                            | design_1_i/ntt_axi_accelerator_0/inst/ntt_axi_accelerator_v1_0_S00_AXI_inst/p_0_in                                                                    |                3 |              8 |
|  design_1_i/processing_system7_0/inst/FCLK_CLK0 | design_1_i/ntt_axi_accelerator_0/inst/ntt_axi_accelerator_v1_0_S00_AXI_inst/slv_reg[61][7]_i_1_n_0                                                             | design_1_i/ntt_axi_accelerator_0/inst/ntt_axi_accelerator_v1_0_S00_AXI_inst/p_0_in                                                                    |                2 |              8 |
|  design_1_i/processing_system7_0/inst/FCLK_CLK0 | design_1_i/ntt_axi_accelerator_0/inst/ntt_axi_accelerator_v1_0_S00_AXI_inst/slv_reg[54][7]_i_1_n_0                                                             | design_1_i/ntt_axi_accelerator_0/inst/ntt_axi_accelerator_v1_0_S00_AXI_inst/p_0_in                                                                    |                3 |              8 |
|  design_1_i/processing_system7_0/inst/FCLK_CLK0 | design_1_i/ntt_axi_accelerator_0/inst/ntt_axi_accelerator_v1_0_S00_AXI_inst/slv_reg[64][7]_i_1_n_0                                                             | design_1_i/ntt_axi_accelerator_0/inst/ntt_axi_accelerator_v1_0_S00_AXI_inst/p_0_in                                                                    |                5 |              8 |
|  design_1_i/processing_system7_0/inst/FCLK_CLK0 | design_1_i/ntt_axi_accelerator_0/inst/ntt_axi_accelerator_v1_0_S00_AXI_inst/slv_reg[65][15]_i_1_n_0                                                            | design_1_i/ntt_axi_accelerator_0/inst/ntt_axi_accelerator_v1_0_S00_AXI_inst/p_0_in                                                                    |                3 |              8 |
|  design_1_i/processing_system7_0/inst/FCLK_CLK0 | design_1_i/ntt_axi_accelerator_0/inst/ntt_axi_accelerator_v1_0_S00_AXI_inst/slv_reg[60][15]_i_1_n_0                                                            | design_1_i/ntt_axi_accelerator_0/inst/ntt_axi_accelerator_v1_0_S00_AXI_inst/p_0_in                                                                    |                1 |              8 |
|  design_1_i/processing_system7_0/inst/FCLK_CLK0 | design_1_i/ntt_axi_accelerator_0/inst/ntt_axi_accelerator_v1_0_S00_AXI_inst/slv_reg[58][23]_i_1_n_0                                                            | design_1_i/ntt_axi_accelerator_0/inst/ntt_axi_accelerator_v1_0_S00_AXI_inst/p_0_in                                                                    |                2 |              8 |
|  design_1_i/processing_system7_0/inst/FCLK_CLK0 | design_1_i/ntt_axi_accelerator_0/inst/ntt_axi_accelerator_v1_0_S00_AXI_inst/slv_reg[65][23]_i_1_n_0                                                            | design_1_i/ntt_axi_accelerator_0/inst/ntt_axi_accelerator_v1_0_S00_AXI_inst/p_0_in                                                                    |                2 |              8 |
|  design_1_i/processing_system7_0/inst/FCLK_CLK0 | design_1_i/ntt_axi_accelerator_0/inst/ntt_axi_accelerator_v1_0_S00_AXI_inst/slv_reg[56][23]_i_1_n_0                                                            | design_1_i/ntt_axi_accelerator_0/inst/ntt_axi_accelerator_v1_0_S00_AXI_inst/p_0_in                                                                    |                2 |              8 |
|  design_1_i/processing_system7_0/inst/FCLK_CLK0 | design_1_i/ntt_axi_accelerator_0/inst/ntt_axi_accelerator_v1_0_S00_AXI_inst/slv_reg[64][23]_i_1_n_0                                                            | design_1_i/ntt_axi_accelerator_0/inst/ntt_axi_accelerator_v1_0_S00_AXI_inst/p_0_in                                                                    |                2 |              8 |
|  design_1_i/processing_system7_0/inst/FCLK_CLK0 | design_1_i/ntt_axi_accelerator_0/inst/ntt_axi_accelerator_v1_0_S00_AXI_inst/slv_reg[65][31]_i_1_n_0                                                            | design_1_i/ntt_axi_accelerator_0/inst/ntt_axi_accelerator_v1_0_S00_AXI_inst/p_0_in                                                                    |                2 |              8 |
|  design_1_i/processing_system7_0/inst/FCLK_CLK0 | design_1_i/ntt_axi_accelerator_0/inst/ntt_axi_accelerator_v1_0_S00_AXI_inst/slv_reg[65][7]_i_1_n_0                                                             | design_1_i/ntt_axi_accelerator_0/inst/ntt_axi_accelerator_v1_0_S00_AXI_inst/p_0_in                                                                    |                3 |              8 |
|  design_1_i/processing_system7_0/inst/FCLK_CLK0 | design_1_i/ntt_axi_accelerator_0/inst/ntt_axi_accelerator_v1_0_S00_AXI_inst/slv_reg[62][15]_i_1_n_0                                                            | design_1_i/ntt_axi_accelerator_0/inst/ntt_axi_accelerator_v1_0_S00_AXI_inst/p_0_in                                                                    |                2 |              8 |
|  design_1_i/processing_system7_0/inst/FCLK_CLK0 | design_1_i/ntt_axi_accelerator_0/inst/ntt_axi_accelerator_v1_0_S00_AXI_inst/slv_reg[66][15]_i_1_n_0                                                            | design_1_i/ntt_axi_accelerator_0/inst/ntt_axi_accelerator_v1_0_S00_AXI_inst/p_0_in                                                                    |                3 |              8 |
|  design_1_i/processing_system7_0/inst/FCLK_CLK0 | design_1_i/ntt_axi_accelerator_0/inst/ntt_axi_accelerator_v1_0_S00_AXI_inst/slv_reg[66][31]_i_1_n_0                                                            | design_1_i/ntt_axi_accelerator_0/inst/ntt_axi_accelerator_v1_0_S00_AXI_inst/p_0_in                                                                    |                3 |              8 |
|  design_1_i/processing_system7_0/inst/FCLK_CLK0 | design_1_i/ntt_axi_accelerator_0/inst/ntt_axi_accelerator_v1_0_S00_AXI_inst/slv_reg[59][15]_i_1_n_0                                                            | design_1_i/ntt_axi_accelerator_0/inst/ntt_axi_accelerator_v1_0_S00_AXI_inst/p_0_in                                                                    |                2 |              8 |
|  design_1_i/processing_system7_0/inst/FCLK_CLK0 | design_1_i/ntt_axi_accelerator_0/inst/ntt_axi_accelerator_v1_0_S00_AXI_inst/slv_reg[5][23]_i_1_n_0                                                             | design_1_i/ntt_axi_accelerator_0/inst/ntt_axi_accelerator_v1_0_S00_AXI_inst/p_0_in                                                                    |                2 |              8 |
|  design_1_i/processing_system7_0/inst/FCLK_CLK0 | design_1_i/ntt_axi_accelerator_0/inst/ntt_axi_accelerator_v1_0_S00_AXI_inst/slv_reg[66][23]_i_1_n_0                                                            | design_1_i/ntt_axi_accelerator_0/inst/ntt_axi_accelerator_v1_0_S00_AXI_inst/p_0_in                                                                    |                2 |              8 |
|  design_1_i/processing_system7_0/inst/FCLK_CLK0 | design_1_i/ntt_axi_accelerator_0/inst/ntt_axi_accelerator_v1_0_S00_AXI_inst/slv_reg[57][31]_i_1_n_0                                                            | design_1_i/ntt_axi_accelerator_0/inst/ntt_axi_accelerator_v1_0_S00_AXI_inst/p_0_in                                                                    |                4 |              8 |
|  design_1_i/processing_system7_0/inst/FCLK_CLK0 | design_1_i/ntt_axi_accelerator_0/inst/ntt_axi_accelerator_v1_0_S00_AXI_inst/slv_reg[66][7]_i_1_n_0                                                             | design_1_i/ntt_axi_accelerator_0/inst/ntt_axi_accelerator_v1_0_S00_AXI_inst/p_0_in                                                                    |                6 |              8 |
|  design_1_i/processing_system7_0/inst/FCLK_CLK0 | design_1_i/ntt_axi_accelerator_0/inst/ntt_axi_accelerator_v1_0_S00_AXI_inst/slv_reg[54][31]_i_1_n_0                                                            | design_1_i/ntt_axi_accelerator_0/inst/ntt_axi_accelerator_v1_0_S00_AXI_inst/p_0_in                                                                    |                3 |              8 |
|  design_1_i/processing_system7_0/inst/FCLK_CLK0 | design_1_i/ntt_axi_accelerator_0/inst/ntt_axi_accelerator_v1_0_S00_AXI_inst/slv_reg[58][15]_i_1_n_0                                                            | design_1_i/ntt_axi_accelerator_0/inst/ntt_axi_accelerator_v1_0_S00_AXI_inst/p_0_in                                                                    |                2 |              8 |
|  design_1_i/processing_system7_0/inst/FCLK_CLK0 | design_1_i/ntt_axi_accelerator_0/inst/ntt_axi_accelerator_v1_0_S00_AXI_inst/slv_reg[56][15]_i_1_n_0                                                            | design_1_i/ntt_axi_accelerator_0/inst/ntt_axi_accelerator_v1_0_S00_AXI_inst/p_0_in                                                                    |                1 |              8 |
|  design_1_i/processing_system7_0/inst/FCLK_CLK0 | design_1_i/ntt_axi_accelerator_0/inst/ntt_axi_accelerator_v1_0_S00_AXI_inst/slv_reg[5][15]_i_1_n_0                                                             | design_1_i/ntt_axi_accelerator_0/inst/ntt_axi_accelerator_v1_0_S00_AXI_inst/p_0_in                                                                    |                3 |              8 |
|  design_1_i/processing_system7_0/inst/FCLK_CLK0 | design_1_i/ntt_axi_accelerator_0/inst/ntt_axi_accelerator_v1_0_S00_AXI_inst/slv_reg[59][31]_i_1_n_0                                                            | design_1_i/ntt_axi_accelerator_0/inst/ntt_axi_accelerator_v1_0_S00_AXI_inst/p_0_in                                                                    |                3 |              8 |
|  design_1_i/processing_system7_0/inst/FCLK_CLK0 | design_1_i/ntt_axi_accelerator_0/inst/ntt_axi_accelerator_v1_0_S00_AXI_inst/slv_reg[61][15]_i_1_n_0                                                            | design_1_i/ntt_axi_accelerator_0/inst/ntt_axi_accelerator_v1_0_S00_AXI_inst/p_0_in                                                                    |                1 |              8 |
|  design_1_i/processing_system7_0/inst/FCLK_CLK0 | design_1_i/ntt_axi_accelerator_0/inst/ntt_axi_accelerator_v1_0_S00_AXI_inst/slv_reg[55][15]_i_1_n_0                                                            | design_1_i/ntt_axi_accelerator_0/inst/ntt_axi_accelerator_v1_0_S00_AXI_inst/p_0_in                                                                    |                3 |              8 |
|  design_1_i/processing_system7_0/inst/FCLK_CLK0 | design_1_i/ntt_axi_accelerator_0/inst/ntt_axi_accelerator_v1_0_S00_AXI_inst/slv_reg[61][31]_i_1_n_0                                                            | design_1_i/ntt_axi_accelerator_0/inst/ntt_axi_accelerator_v1_0_S00_AXI_inst/p_0_in                                                                    |                2 |              8 |
|  design_1_i/processing_system7_0/inst/FCLK_CLK0 | design_1_i/ntt_axi_accelerator_0/inst/ntt_axi_accelerator_v1_0_S00_AXI_inst/slv_reg[62][31]_i_1_n_0                                                            | design_1_i/ntt_axi_accelerator_0/inst/ntt_axi_accelerator_v1_0_S00_AXI_inst/p_0_in                                                                    |                2 |              8 |
|  design_1_i/processing_system7_0/inst/FCLK_CLK0 | design_1_i/ntt_axi_accelerator_0/inst/ntt_axi_accelerator_v1_0_S00_AXI_inst/slv_reg[64][15]_i_1_n_0                                                            | design_1_i/ntt_axi_accelerator_0/inst/ntt_axi_accelerator_v1_0_S00_AXI_inst/p_0_in                                                                    |                2 |              8 |
|  design_1_i/processing_system7_0/inst/FCLK_CLK0 | design_1_i/ntt_axi_accelerator_0/inst/ntt_axi_accelerator_v1_0_S00_AXI_inst/slv_reg[59][23]_i_1_n_0                                                            | design_1_i/ntt_axi_accelerator_0/inst/ntt_axi_accelerator_v1_0_S00_AXI_inst/p_0_in                                                                    |                3 |              8 |
|  design_1_i/processing_system7_0/inst/FCLK_CLK0 | design_1_i/ntt_axi_accelerator_0/inst/ntt_axi_accelerator_v1_0_S00_AXI_inst/slv_reg[58][31]_i_1_n_0                                                            | design_1_i/ntt_axi_accelerator_0/inst/ntt_axi_accelerator_v1_0_S00_AXI_inst/p_0_in                                                                    |                5 |              8 |
|  design_1_i/processing_system7_0/inst/FCLK_CLK0 | design_1_i/ntt_axi_accelerator_0/inst/ntt_axi_accelerator_v1_0_S00_AXI_inst/slv_reg[69][15]_i_1_n_0                                                            | design_1_i/ntt_axi_accelerator_0/inst/ntt_axi_accelerator_v1_0_S00_AXI_inst/p_0_in                                                                    |                4 |              8 |
|  design_1_i/processing_system7_0/inst/FCLK_CLK0 | design_1_i/ntt_axi_accelerator_0/inst/ntt_axi_accelerator_v1_0_S00_AXI_inst/slv_reg[67][7]_i_1_n_0                                                             | design_1_i/ntt_axi_accelerator_0/inst/ntt_axi_accelerator_v1_0_S00_AXI_inst/p_0_in                                                                    |                2 |              8 |
|  design_1_i/processing_system7_0/inst/FCLK_CLK0 | design_1_i/ntt_axi_accelerator_0/inst/ntt_axi_accelerator_v1_0_S00_AXI_inst/slv_reg[68][31]_i_1_n_0                                                            | design_1_i/ntt_axi_accelerator_0/inst/ntt_axi_accelerator_v1_0_S00_AXI_inst/p_0_in                                                                    |                3 |              8 |
|  design_1_i/processing_system7_0/inst/FCLK_CLK0 | design_1_i/ntt_axi_accelerator_0/inst/ntt_axi_accelerator_v1_0_S00_AXI_inst/slv_reg[70][7]_i_1_n_0                                                             | design_1_i/ntt_axi_accelerator_0/inst/ntt_axi_accelerator_v1_0_S00_AXI_inst/p_0_in                                                                    |                4 |              8 |
|  design_1_i/processing_system7_0/inst/FCLK_CLK0 | design_1_i/ntt_axi_accelerator_0/inst/ntt_axi_accelerator_v1_0_S00_AXI_inst/slv_reg[97][15]_i_1_n_0                                                            | design_1_i/ntt_axi_accelerator_0/inst/ntt_axi_accelerator_v1_0_S00_AXI_inst/p_0_in                                                                    |                3 |              8 |
|  design_1_i/processing_system7_0/inst/FCLK_CLK0 | design_1_i/ntt_axi_accelerator_0/inst/ntt_axi_accelerator_v1_0_S00_AXI_inst/slv_reg[74][23]_i_1_n_0                                                            | design_1_i/ntt_axi_accelerator_0/inst/ntt_axi_accelerator_v1_0_S00_AXI_inst/p_0_in                                                                    |                3 |              8 |
|  design_1_i/processing_system7_0/inst/FCLK_CLK0 | design_1_i/ntt_axi_accelerator_0/inst/ntt_axi_accelerator_v1_0_S00_AXI_inst/slv_reg[79][7]_i_1_n_0                                                             | design_1_i/ntt_axi_accelerator_0/inst/ntt_axi_accelerator_v1_0_S00_AXI_inst/p_0_in                                                                    |                4 |              8 |
|  design_1_i/processing_system7_0/inst/FCLK_CLK0 | design_1_i/ntt_axi_accelerator_0/inst/ntt_axi_accelerator_v1_0_S00_AXI_inst/slv_reg[71][31]_i_1_n_0                                                            | design_1_i/ntt_axi_accelerator_0/inst/ntt_axi_accelerator_v1_0_S00_AXI_inst/p_0_in                                                                    |                2 |              8 |
|  design_1_i/processing_system7_0/inst/FCLK_CLK0 | design_1_i/ntt_axi_accelerator_0/inst/ntt_axi_accelerator_v1_0_S00_AXI_inst/slv_reg[69][31]_i_1_n_0                                                            | design_1_i/ntt_axi_accelerator_0/inst/ntt_axi_accelerator_v1_0_S00_AXI_inst/p_0_in                                                                    |                3 |              8 |
|  design_1_i/processing_system7_0/inst/FCLK_CLK0 | design_1_i/ntt_axi_accelerator_0/inst/ntt_axi_accelerator_v1_0_S00_AXI_inst/slv_reg[71][23]_i_1_n_0                                                            | design_1_i/ntt_axi_accelerator_0/inst/ntt_axi_accelerator_v1_0_S00_AXI_inst/p_0_in                                                                    |                3 |              8 |
|  design_1_i/processing_system7_0/inst/FCLK_CLK0 | design_1_i/ntt_axi_accelerator_0/inst/ntt_axi_accelerator_v1_0_S00_AXI_inst/slv_reg[72][31]_i_1_n_0                                                            | design_1_i/ntt_axi_accelerator_0/inst/ntt_axi_accelerator_v1_0_S00_AXI_inst/p_0_in                                                                    |                2 |              8 |
|  design_1_i/processing_system7_0/inst/FCLK_CLK0 | design_1_i/ntt_axi_accelerator_0/inst/ntt_axi_accelerator_v1_0_S00_AXI_inst/slv_reg[76][15]_i_1_n_0                                                            | design_1_i/ntt_axi_accelerator_0/inst/ntt_axi_accelerator_v1_0_S00_AXI_inst/p_0_in                                                                    |                2 |              8 |
|  design_1_i/processing_system7_0/inst/FCLK_CLK0 | design_1_i/ntt_axi_accelerator_0/inst/ntt_axi_accelerator_v1_0_S00_AXI_inst/slv_reg[76][23]_i_1_n_0                                                            | design_1_i/ntt_axi_accelerator_0/inst/ntt_axi_accelerator_v1_0_S00_AXI_inst/p_0_in                                                                    |                3 |              8 |
|  design_1_i/processing_system7_0/inst/FCLK_CLK0 | design_1_i/ntt_axi_accelerator_0/inst/ntt_axi_accelerator_v1_0_S00_AXI_inst/slv_reg[76][31]_i_1_n_0                                                            | design_1_i/ntt_axi_accelerator_0/inst/ntt_axi_accelerator_v1_0_S00_AXI_inst/p_0_in                                                                    |                3 |              8 |
|  design_1_i/processing_system7_0/inst/FCLK_CLK0 | design_1_i/ntt_axi_accelerator_0/inst/ntt_axi_accelerator_v1_0_S00_AXI_inst/slv_reg[68][15]_i_1_n_0                                                            | design_1_i/ntt_axi_accelerator_0/inst/ntt_axi_accelerator_v1_0_S00_AXI_inst/p_0_in                                                                    |                3 |              8 |
|  design_1_i/processing_system7_0/inst/FCLK_CLK0 | design_1_i/ntt_axi_accelerator_0/inst/ntt_axi_accelerator_v1_0_S00_AXI_inst/slv_reg[67][15]_i_1_n_0                                                            | design_1_i/ntt_axi_accelerator_0/inst/ntt_axi_accelerator_v1_0_S00_AXI_inst/p_0_in                                                                    |                5 |              8 |
|  design_1_i/processing_system7_0/inst/FCLK_CLK0 | design_1_i/ntt_axi_accelerator_0/inst/ntt_axi_accelerator_v1_0_S00_AXI_inst/slv_reg[6][31]_i_1_n_0                                                             | design_1_i/ntt_axi_accelerator_0/inst/ntt_axi_accelerator_v1_0_S00_AXI_inst/p_0_in                                                                    |                3 |              8 |
|  design_1_i/processing_system7_0/inst/FCLK_CLK0 | design_1_i/ntt_axi_accelerator_0/inst/ntt_axi_accelerator_v1_0_S00_AXI_inst/slv_reg[70][31]_i_1_n_0                                                            | design_1_i/ntt_axi_accelerator_0/inst/ntt_axi_accelerator_v1_0_S00_AXI_inst/p_0_in                                                                    |                2 |              8 |
|  design_1_i/processing_system7_0/inst/FCLK_CLK0 | design_1_i/ntt_axi_accelerator_0/inst/ntt_axi_accelerator_v1_0_S00_AXI_inst/slv_reg[70][23]_i_1_n_0                                                            | design_1_i/ntt_axi_accelerator_0/inst/ntt_axi_accelerator_v1_0_S00_AXI_inst/p_0_in                                                                    |                3 |              8 |
|  design_1_i/processing_system7_0/inst/FCLK_CLK0 | design_1_i/ntt_axi_accelerator_0/inst/ntt_axi_accelerator_v1_0_S00_AXI_inst/slv_reg[73][31]_i_1_n_0                                                            | design_1_i/ntt_axi_accelerator_0/inst/ntt_axi_accelerator_v1_0_S00_AXI_inst/p_0_in                                                                    |                2 |              8 |
|  design_1_i/processing_system7_0/inst/FCLK_CLK0 | design_1_i/ntt_axi_accelerator_0/inst/ntt_axi_accelerator_v1_0_S00_AXI_inst/slv_reg[68][23]_i_1_n_0                                                            | design_1_i/ntt_axi_accelerator_0/inst/ntt_axi_accelerator_v1_0_S00_AXI_inst/p_0_in                                                                    |                3 |              8 |
|  design_1_i/processing_system7_0/inst/FCLK_CLK0 | design_1_i/ntt_axi_accelerator_0/inst/ntt_axi_accelerator_v1_0_S00_AXI_inst/slv_reg[73][15]_i_1_n_0                                                            | design_1_i/ntt_axi_accelerator_0/inst/ntt_axi_accelerator_v1_0_S00_AXI_inst/p_0_in                                                                    |                5 |              8 |
|  design_1_i/processing_system7_0/inst/FCLK_CLK0 | design_1_i/ntt_axi_accelerator_0/inst/ntt_axi_accelerator_v1_0_S00_AXI_inst/slv_reg[68][7]_i_1_n_0                                                             | design_1_i/ntt_axi_accelerator_0/inst/ntt_axi_accelerator_v1_0_S00_AXI_inst/p_0_in                                                                    |                4 |              8 |
|  design_1_i/processing_system7_0/inst/FCLK_CLK0 | design_1_i/ntt_axi_accelerator_0/inst/ntt_axi_accelerator_v1_0_S00_AXI_inst/slv_reg[72][23]_i_1_n_0                                                            | design_1_i/ntt_axi_accelerator_0/inst/ntt_axi_accelerator_v1_0_S00_AXI_inst/p_0_in                                                                    |                2 |              8 |
|  design_1_i/processing_system7_0/inst/FCLK_CLK0 | design_1_i/ntt_axi_accelerator_0/inst/ntt_axi_accelerator_v1_0_S00_AXI_inst/slv_reg[69][23]_i_1_n_0                                                            | design_1_i/ntt_axi_accelerator_0/inst/ntt_axi_accelerator_v1_0_S00_AXI_inst/p_0_in                                                                    |                2 |              8 |
|  design_1_i/processing_system7_0/inst/FCLK_CLK0 | design_1_i/ntt_axi_accelerator_0/inst/ntt_axi_accelerator_v1_0_S00_AXI_inst/slv_reg[6][15]_i_1_n_0                                                             | design_1_i/ntt_axi_accelerator_0/inst/ntt_axi_accelerator_v1_0_S00_AXI_inst/p_0_in                                                                    |                2 |              8 |
|  design_1_i/processing_system7_0/inst/FCLK_CLK0 | design_1_i/ntt_axi_accelerator_0/inst/ntt_axi_accelerator_v1_0_S00_AXI_inst/slv_reg[72][15]_i_1_n_0                                                            | design_1_i/ntt_axi_accelerator_0/inst/ntt_axi_accelerator_v1_0_S00_AXI_inst/p_0_in                                                                    |                3 |              8 |
|  design_1_i/processing_system7_0/inst/FCLK_CLK0 | design_1_i/ntt_axi_accelerator_0/inst/ntt_axi_accelerator_v1_0_S00_AXI_inst/slv_reg[74][31]_i_1_n_0                                                            | design_1_i/ntt_axi_accelerator_0/inst/ntt_axi_accelerator_v1_0_S00_AXI_inst/p_0_in                                                                    |                3 |              8 |
|  design_1_i/processing_system7_0/inst/FCLK_CLK0 | design_1_i/ntt_axi_accelerator_0/inst/ntt_axi_accelerator_v1_0_S00_AXI_inst/slv_reg[71][15]_i_1_n_0                                                            | design_1_i/ntt_axi_accelerator_0/inst/ntt_axi_accelerator_v1_0_S00_AXI_inst/p_0_in                                                                    |                4 |              8 |
|  design_1_i/processing_system7_0/inst/FCLK_CLK0 | design_1_i/ntt_axi_accelerator_0/inst/ntt_axi_accelerator_v1_0_S00_AXI_inst/slv_reg[6][7]_i_1_n_0                                                              | design_1_i/ntt_axi_accelerator_0/inst/ntt_axi_accelerator_v1_0_S00_AXI_inst/p_0_in                                                                    |                4 |              8 |
|  design_1_i/processing_system7_0/inst/FCLK_CLK0 | design_1_i/ntt_axi_accelerator_0/inst/ntt_axi_accelerator_v1_0_S00_AXI_inst/slv_reg[72][7]_i_1_n_0                                                             | design_1_i/ntt_axi_accelerator_0/inst/ntt_axi_accelerator_v1_0_S00_AXI_inst/p_0_in                                                                    |                3 |              8 |
|  design_1_i/processing_system7_0/inst/FCLK_CLK0 | design_1_i/ntt_axi_accelerator_0/inst/ntt_axi_accelerator_v1_0_S00_AXI_inst/slv_reg[75][23]_i_1_n_0                                                            | design_1_i/ntt_axi_accelerator_0/inst/ntt_axi_accelerator_v1_0_S00_AXI_inst/p_0_in                                                                    |                2 |              8 |
|  design_1_i/processing_system7_0/inst/FCLK_CLK0 | design_1_i/ntt_axi_accelerator_0/inst/ntt_axi_accelerator_v1_0_S00_AXI_inst/slv_reg[75][31]_i_1_n_0                                                            | design_1_i/ntt_axi_accelerator_0/inst/ntt_axi_accelerator_v1_0_S00_AXI_inst/p_0_in                                                                    |                2 |              8 |
|  design_1_i/processing_system7_0/inst/FCLK_CLK0 | design_1_i/ntt_axi_accelerator_0/inst/ntt_axi_accelerator_v1_0_S00_AXI_inst/slv_reg[67][31]_i_1_n_0                                                            | design_1_i/ntt_axi_accelerator_0/inst/ntt_axi_accelerator_v1_0_S00_AXI_inst/p_0_in                                                                    |                3 |              8 |
|  design_1_i/processing_system7_0/inst/FCLK_CLK0 | design_1_i/ntt_axi_accelerator_0/inst/ntt_axi_accelerator_v1_0_S00_AXI_inst/slv_reg[70][15]_i_1_n_0                                                            | design_1_i/ntt_axi_accelerator_0/inst/ntt_axi_accelerator_v1_0_S00_AXI_inst/p_0_in                                                                    |                3 |              8 |
|  design_1_i/processing_system7_0/inst/FCLK_CLK0 | design_1_i/ntt_axi_accelerator_0/inst/ntt_axi_accelerator_v1_0_S00_AXI_inst/slv_reg[73][23]_i_1_n_0                                                            | design_1_i/ntt_axi_accelerator_0/inst/ntt_axi_accelerator_v1_0_S00_AXI_inst/p_0_in                                                                    |                3 |              8 |
|  design_1_i/processing_system7_0/inst/FCLK_CLK0 | design_1_i/ntt_axi_accelerator_0/inst/ntt_axi_accelerator_v1_0_S00_AXI_inst/slv_reg[75][15]_i_1_n_0                                                            | design_1_i/ntt_axi_accelerator_0/inst/ntt_axi_accelerator_v1_0_S00_AXI_inst/p_0_in                                                                    |                4 |              8 |
|  design_1_i/processing_system7_0/inst/FCLK_CLK0 | design_1_i/ntt_axi_accelerator_0/inst/ntt_axi_accelerator_v1_0_S00_AXI_inst/slv_reg[77][15]_i_1_n_0                                                            | design_1_i/ntt_axi_accelerator_0/inst/ntt_axi_accelerator_v1_0_S00_AXI_inst/p_0_in                                                                    |                3 |              8 |
|  design_1_i/processing_system7_0/inst/FCLK_CLK0 | design_1_i/ntt_axi_accelerator_0/inst/ntt_axi_accelerator_v1_0_S00_AXI_inst/slv_reg[77][31]_i_1_n_0                                                            | design_1_i/ntt_axi_accelerator_0/inst/ntt_axi_accelerator_v1_0_S00_AXI_inst/p_0_in                                                                    |                2 |              8 |
|  design_1_i/processing_system7_0/inst/FCLK_CLK0 | design_1_i/ntt_axi_accelerator_0/inst/ntt_axi_accelerator_v1_0_S00_AXI_inst/slv_reg[77][23]_i_1_n_0                                                            | design_1_i/ntt_axi_accelerator_0/inst/ntt_axi_accelerator_v1_0_S00_AXI_inst/p_0_in                                                                    |                4 |              8 |
|  design_1_i/processing_system7_0/inst/FCLK_CLK0 | design_1_i/ntt_axi_accelerator_0/inst/ntt_axi_accelerator_v1_0_S00_AXI_inst/slv_reg[6][23]_i_1_n_0                                                             | design_1_i/ntt_axi_accelerator_0/inst/ntt_axi_accelerator_v1_0_S00_AXI_inst/p_0_in                                                                    |                3 |              8 |
|  design_1_i/processing_system7_0/inst/FCLK_CLK0 | design_1_i/ntt_axi_accelerator_0/inst/ntt_axi_accelerator_v1_0_S00_AXI_inst/slv_reg[73][7]_i_1_n_0                                                             | design_1_i/ntt_axi_accelerator_0/inst/ntt_axi_accelerator_v1_0_S00_AXI_inst/p_0_in                                                                    |                3 |              8 |
|  design_1_i/processing_system7_0/inst/FCLK_CLK0 | design_1_i/ntt_axi_accelerator_0/inst/ntt_axi_accelerator_v1_0_S00_AXI_inst/slv_reg[75][7]_i_1_n_0                                                             | design_1_i/ntt_axi_accelerator_0/inst/ntt_axi_accelerator_v1_0_S00_AXI_inst/p_0_in                                                                    |                4 |              8 |
|  design_1_i/processing_system7_0/inst/FCLK_CLK0 | design_1_i/ntt_axi_accelerator_0/inst/ntt_axi_accelerator_v1_0_S00_AXI_inst/slv_reg[76][7]_i_1_n_0                                                             | design_1_i/ntt_axi_accelerator_0/inst/ntt_axi_accelerator_v1_0_S00_AXI_inst/p_0_in                                                                    |                3 |              8 |
|  design_1_i/processing_system7_0/inst/FCLK_CLK0 | design_1_i/ntt_axi_accelerator_0/inst/ntt_axi_accelerator_v1_0_S00_AXI_inst/slv_reg[74][7]_i_1_n_0                                                             | design_1_i/ntt_axi_accelerator_0/inst/ntt_axi_accelerator_v1_0_S00_AXI_inst/p_0_in                                                                    |                3 |              8 |
|  design_1_i/processing_system7_0/inst/FCLK_CLK0 | design_1_i/ntt_axi_accelerator_0/inst/ntt_axi_accelerator_v1_0_S00_AXI_inst/slv_reg[77][7]_i_1_n_0                                                             | design_1_i/ntt_axi_accelerator_0/inst/ntt_axi_accelerator_v1_0_S00_AXI_inst/p_0_in                                                                    |                6 |              8 |
|  design_1_i/processing_system7_0/inst/FCLK_CLK0 | design_1_i/ntt_axi_accelerator_0/inst/ntt_axi_accelerator_v1_0_S00_AXI_inst/slv_reg[78][23]_i_1_n_0                                                            | design_1_i/ntt_axi_accelerator_0/inst/ntt_axi_accelerator_v1_0_S00_AXI_inst/p_0_in                                                                    |                2 |              8 |
|  design_1_i/processing_system7_0/inst/FCLK_CLK0 | design_1_i/ntt_axi_accelerator_0/inst/ntt_axi_accelerator_v1_0_S00_AXI_inst/slv_reg[71][7]_i_1_n_0                                                             | design_1_i/ntt_axi_accelerator_0/inst/ntt_axi_accelerator_v1_0_S00_AXI_inst/p_0_in                                                                    |                2 |              8 |
|  design_1_i/processing_system7_0/inst/FCLK_CLK0 | design_1_i/ntt_axi_accelerator_0/inst/ntt_axi_accelerator_v1_0_S00_AXI_inst/slv_reg[78][31]_i_1_n_0                                                            | design_1_i/ntt_axi_accelerator_0/inst/ntt_axi_accelerator_v1_0_S00_AXI_inst/p_0_in                                                                    |                2 |              8 |
|  design_1_i/processing_system7_0/inst/FCLK_CLK0 | design_1_i/ntt_axi_accelerator_0/inst/ntt_axi_accelerator_v1_0_S00_AXI_inst/slv_reg[79][15]_i_1_n_0                                                            | design_1_i/ntt_axi_accelerator_0/inst/ntt_axi_accelerator_v1_0_S00_AXI_inst/p_0_in                                                                    |                1 |              8 |
|  design_1_i/processing_system7_0/inst/FCLK_CLK0 | design_1_i/ntt_axi_accelerator_0/inst/ntt_axi_accelerator_v1_0_S00_AXI_inst/slv_reg[67][23]_i_1_n_0                                                            | design_1_i/ntt_axi_accelerator_0/inst/ntt_axi_accelerator_v1_0_S00_AXI_inst/p_0_in                                                                    |                5 |              8 |
|  design_1_i/processing_system7_0/inst/FCLK_CLK0 | design_1_i/ntt_axi_accelerator_0/inst/ntt_axi_accelerator_v1_0_S00_AXI_inst/slv_reg[78][7]_i_1_n_0                                                             | design_1_i/ntt_axi_accelerator_0/inst/ntt_axi_accelerator_v1_0_S00_AXI_inst/p_0_in                                                                    |                5 |              8 |
|  design_1_i/processing_system7_0/inst/FCLK_CLK0 | design_1_i/ntt_axi_accelerator_0/inst/ntt_axi_accelerator_v1_0_S00_AXI_inst/slv_reg[69][7]_i_1_n_0                                                             | design_1_i/ntt_axi_accelerator_0/inst/ntt_axi_accelerator_v1_0_S00_AXI_inst/p_0_in                                                                    |                3 |              8 |
|  design_1_i/processing_system7_0/inst/FCLK_CLK0 | design_1_i/ntt_axi_accelerator_0/inst/ntt_axi_accelerator_v1_0_S00_AXI_inst/slv_reg[79][23]_i_1_n_0                                                            | design_1_i/ntt_axi_accelerator_0/inst/ntt_axi_accelerator_v1_0_S00_AXI_inst/p_0_in                                                                    |                3 |              8 |
|  design_1_i/processing_system7_0/inst/FCLK_CLK0 | design_1_i/ntt_axi_accelerator_0/inst/ntt_axi_accelerator_v1_0_S00_AXI_inst/slv_reg[79][31]_i_1_n_0                                                            | design_1_i/ntt_axi_accelerator_0/inst/ntt_axi_accelerator_v1_0_S00_AXI_inst/p_0_in                                                                    |                3 |              8 |
|  design_1_i/processing_system7_0/inst/FCLK_CLK0 | design_1_i/ntt_axi_accelerator_0/inst/ntt_axi_accelerator_v1_0_S00_AXI_inst/slv_reg[78][15]_i_1_n_0                                                            | design_1_i/ntt_axi_accelerator_0/inst/ntt_axi_accelerator_v1_0_S00_AXI_inst/p_0_in                                                                    |                5 |              8 |
|  design_1_i/processing_system7_0/inst/FCLK_CLK0 | design_1_i/ntt_axi_accelerator_0/inst/ntt_axi_accelerator_v1_0_S00_AXI_inst/slv_reg[8][7]_i_1_n_0                                                              | design_1_i/ntt_axi_accelerator_0/inst/ntt_axi_accelerator_v1_0_S00_AXI_inst/p_0_in                                                                    |                4 |              8 |
|  design_1_i/processing_system7_0/inst/FCLK_CLK0 | design_1_i/ntt_axi_accelerator_0/inst/ntt_axi_accelerator_v1_0_S00_AXI_inst/slv_reg[7][23]_i_1_n_0                                                             | design_1_i/ntt_axi_accelerator_0/inst/ntt_axi_accelerator_v1_0_S00_AXI_inst/p_0_in                                                                    |                3 |              8 |
|  design_1_i/processing_system7_0/inst/FCLK_CLK0 | design_1_i/ntt_axi_accelerator_0/inst/ntt_axi_accelerator_v1_0_S00_AXI_inst/slv_reg[90][23]_i_1_n_0                                                            | design_1_i/ntt_axi_accelerator_0/inst/ntt_axi_accelerator_v1_0_S00_AXI_inst/p_0_in                                                                    |                3 |              8 |
|  design_1_i/processing_system7_0/inst/FCLK_CLK0 | design_1_i/ntt_axi_accelerator_0/inst/ntt_axi_accelerator_v1_0_S00_AXI_inst/slv_reg[90][31]_i_1_n_0                                                            | design_1_i/ntt_axi_accelerator_0/inst/ntt_axi_accelerator_v1_0_S00_AXI_inst/p_0_in                                                                    |                2 |              8 |
|  design_1_i/processing_system7_0/inst/FCLK_CLK0 | design_1_i/ntt_axi_accelerator_0/inst/ntt_axi_accelerator_v1_0_S00_AXI_inst/slv_reg[82][23]_i_1_n_0                                                            | design_1_i/ntt_axi_accelerator_0/inst/ntt_axi_accelerator_v1_0_S00_AXI_inst/p_0_in                                                                    |                3 |              8 |
|  design_1_i/processing_system7_0/inst/FCLK_CLK0 | design_1_i/ntt_axi_accelerator_0/inst/ntt_axi_accelerator_v1_0_S00_AXI_inst/slv_reg[86][15]_i_1_n_0                                                            | design_1_i/ntt_axi_accelerator_0/inst/ntt_axi_accelerator_v1_0_S00_AXI_inst/p_0_in                                                                    |                3 |              8 |
|  design_1_i/processing_system7_0/inst/FCLK_CLK0 | design_1_i/ntt_axi_accelerator_0/inst/ntt_axi_accelerator_v1_0_S00_AXI_inst/slv_reg[82][15]_i_1_n_0                                                            | design_1_i/ntt_axi_accelerator_0/inst/ntt_axi_accelerator_v1_0_S00_AXI_inst/p_0_in                                                                    |                2 |              8 |
|  design_1_i/processing_system7_0/inst/FCLK_CLK0 | design_1_i/ntt_axi_accelerator_0/inst/ntt_axi_accelerator_v1_0_S00_AXI_inst/slv_reg[90][7]_i_1_n_0                                                             | design_1_i/ntt_axi_accelerator_0/inst/ntt_axi_accelerator_v1_0_S00_AXI_inst/p_0_in                                                                    |                3 |              8 |
|  design_1_i/processing_system7_0/inst/FCLK_CLK0 | design_1_i/ntt_axi_accelerator_0/inst/ntt_axi_accelerator_v1_0_S00_AXI_inst/slv_reg[87][7]_i_1_n_0                                                             | design_1_i/ntt_axi_accelerator_0/inst/ntt_axi_accelerator_v1_0_S00_AXI_inst/p_0_in                                                                    |                4 |              8 |
|  design_1_i/processing_system7_0/inst/FCLK_CLK0 | design_1_i/ntt_axi_accelerator_0/inst/ntt_axi_accelerator_v1_0_S00_AXI_inst/slv_reg[80][23]_i_1_n_0                                                            | design_1_i/ntt_axi_accelerator_0/inst/ntt_axi_accelerator_v1_0_S00_AXI_inst/p_0_in                                                                    |                3 |              8 |
|  design_1_i/processing_system7_0/inst/FCLK_CLK0 | design_1_i/ntt_axi_accelerator_0/inst/ntt_axi_accelerator_v1_0_S00_AXI_inst/slv_reg[82][7]_i_1_n_0                                                             | design_1_i/ntt_axi_accelerator_0/inst/ntt_axi_accelerator_v1_0_S00_AXI_inst/p_0_in                                                                    |                3 |              8 |
|  design_1_i/processing_system7_0/inst/FCLK_CLK0 | design_1_i/ntt_axi_accelerator_0/inst/ntt_axi_accelerator_v1_0_S00_AXI_inst/slv_reg[80][15]_i_1_n_0                                                            | design_1_i/ntt_axi_accelerator_0/inst/ntt_axi_accelerator_v1_0_S00_AXI_inst/p_0_in                                                                    |                2 |              8 |
|  design_1_i/processing_system7_0/inst/FCLK_CLK0 | design_1_i/ntt_axi_accelerator_0/inst/ntt_axi_accelerator_v1_0_S00_AXI_inst/slv_reg[80][7]_i_1_n_0                                                             | design_1_i/ntt_axi_accelerator_0/inst/ntt_axi_accelerator_v1_0_S00_AXI_inst/p_0_in                                                                    |                6 |              8 |
|  design_1_i/processing_system7_0/inst/FCLK_CLK0 | design_1_i/ntt_axi_accelerator_0/inst/ntt_axi_accelerator_v1_0_S00_AXI_inst/slv_reg[83][31]_i_1_n_0                                                            | design_1_i/ntt_axi_accelerator_0/inst/ntt_axi_accelerator_v1_0_S00_AXI_inst/p_0_in                                                                    |                4 |              8 |
|  design_1_i/processing_system7_0/inst/FCLK_CLK0 | design_1_i/ntt_axi_accelerator_0/inst/ntt_axi_accelerator_v1_0_S00_AXI_inst/slv_reg[85][7]_i_1_n_0                                                             | design_1_i/ntt_axi_accelerator_0/inst/ntt_axi_accelerator_v1_0_S00_AXI_inst/p_0_in                                                                    |                2 |              8 |
|  design_1_i/processing_system7_0/inst/FCLK_CLK0 | design_1_i/ntt_axi_accelerator_0/inst/ntt_axi_accelerator_v1_0_S00_AXI_inst/slv_reg[88][7]_i_1_n_0                                                             | design_1_i/ntt_axi_accelerator_0/inst/ntt_axi_accelerator_v1_0_S00_AXI_inst/p_0_in                                                                    |                2 |              8 |
|  design_1_i/processing_system7_0/inst/FCLK_CLK0 | design_1_i/ntt_axi_accelerator_0/inst/ntt_axi_accelerator_v1_0_S00_AXI_inst/slv_reg[81][31]_i_1_n_0                                                            | design_1_i/ntt_axi_accelerator_0/inst/ntt_axi_accelerator_v1_0_S00_AXI_inst/p_0_in                                                                    |                2 |              8 |
|  design_1_i/processing_system7_0/inst/FCLK_CLK0 | design_1_i/ntt_axi_accelerator_0/inst/ntt_axi_accelerator_v1_0_S00_AXI_inst/slv_reg[89][15]_i_1_n_0                                                            | design_1_i/ntt_axi_accelerator_0/inst/ntt_axi_accelerator_v1_0_S00_AXI_inst/p_0_in                                                                    |                3 |              8 |
|  design_1_i/processing_system7_0/inst/FCLK_CLK0 | design_1_i/ntt_axi_accelerator_0/inst/ntt_axi_accelerator_v1_0_S00_AXI_inst/slv_reg[8][23]_i_1_n_0                                                             | design_1_i/ntt_axi_accelerator_0/inst/ntt_axi_accelerator_v1_0_S00_AXI_inst/p_0_in                                                                    |                2 |              8 |
|  design_1_i/processing_system7_0/inst/FCLK_CLK0 | design_1_i/ntt_axi_accelerator_0/inst/ntt_axi_accelerator_v1_0_S00_AXI_inst/slv_reg[83][23]_i_1_n_0                                                            | design_1_i/ntt_axi_accelerator_0/inst/ntt_axi_accelerator_v1_0_S00_AXI_inst/p_0_in                                                                    |                4 |              8 |
|  design_1_i/processing_system7_0/inst/FCLK_CLK0 | design_1_i/ntt_axi_accelerator_0/inst/ntt_axi_accelerator_v1_0_S00_AXI_inst/slv_reg[90][15]_i_1_n_0                                                            | design_1_i/ntt_axi_accelerator_0/inst/ntt_axi_accelerator_v1_0_S00_AXI_inst/p_0_in                                                                    |                5 |              8 |
|  design_1_i/processing_system7_0/inst/FCLK_CLK0 | design_1_i/ntt_axi_accelerator_0/inst/ntt_axi_accelerator_v1_0_S00_AXI_inst/slv_reg[83][15]_i_1_n_0                                                            | design_1_i/ntt_axi_accelerator_0/inst/ntt_axi_accelerator_v1_0_S00_AXI_inst/p_0_in                                                                    |                4 |              8 |
|  design_1_i/processing_system7_0/inst/FCLK_CLK0 | design_1_i/ntt_axi_accelerator_0/inst/ntt_axi_accelerator_v1_0_S00_AXI_inst/slv_reg[84][31]_i_1_n_0                                                            | design_1_i/ntt_axi_accelerator_0/inst/ntt_axi_accelerator_v1_0_S00_AXI_inst/p_0_in                                                                    |                4 |              8 |
|  design_1_i/processing_system7_0/inst/FCLK_CLK0 | design_1_i/ntt_axi_accelerator_0/inst/ntt_axi_accelerator_v1_0_S00_AXI_inst/slv_reg[84][7]_i_1_n_0                                                             | design_1_i/ntt_axi_accelerator_0/inst/ntt_axi_accelerator_v1_0_S00_AXI_inst/p_0_in                                                                    |                2 |              8 |
|  design_1_i/processing_system7_0/inst/FCLK_CLK0 | design_1_i/ntt_axi_accelerator_0/inst/ntt_axi_accelerator_v1_0_S00_AXI_inst/slv_reg[81][23]_i_1_n_0                                                            | design_1_i/ntt_axi_accelerator_0/inst/ntt_axi_accelerator_v1_0_S00_AXI_inst/p_0_in                                                                    |                3 |              8 |
|  design_1_i/processing_system7_0/inst/FCLK_CLK0 | design_1_i/ntt_axi_accelerator_0/inst/ntt_axi_accelerator_v1_0_S00_AXI_inst/slv_reg[85][23]_i_1_n_0                                                            | design_1_i/ntt_axi_accelerator_0/inst/ntt_axi_accelerator_v1_0_S00_AXI_inst/p_0_in                                                                    |                1 |              8 |
|  design_1_i/processing_system7_0/inst/FCLK_CLK0 | design_1_i/ntt_axi_accelerator_0/inst/ntt_axi_accelerator_v1_0_S00_AXI_inst/slv_reg[85][31]_i_1_n_0                                                            | design_1_i/ntt_axi_accelerator_0/inst/ntt_axi_accelerator_v1_0_S00_AXI_inst/p_0_in                                                                    |                3 |              8 |
|  design_1_i/processing_system7_0/inst/FCLK_CLK0 | design_1_i/ntt_axi_accelerator_0/inst/ntt_axi_accelerator_v1_0_S00_AXI_inst/slv_reg[86][23]_i_1_n_0                                                            | design_1_i/ntt_axi_accelerator_0/inst/ntt_axi_accelerator_v1_0_S00_AXI_inst/p_0_in                                                                    |                3 |              8 |
|  design_1_i/processing_system7_0/inst/FCLK_CLK0 | design_1_i/ntt_axi_accelerator_0/inst/ntt_axi_accelerator_v1_0_S00_AXI_inst/slv_reg[7][7]_i_1_n_0                                                              | design_1_i/ntt_axi_accelerator_0/inst/ntt_axi_accelerator_v1_0_S00_AXI_inst/p_0_in                                                                    |                5 |              8 |
|  design_1_i/processing_system7_0/inst/FCLK_CLK0 | design_1_i/ntt_axi_accelerator_0/inst/ntt_axi_accelerator_v1_0_S00_AXI_inst/slv_reg[80][31]_i_1_n_0                                                            | design_1_i/ntt_axi_accelerator_0/inst/ntt_axi_accelerator_v1_0_S00_AXI_inst/p_0_in                                                                    |                2 |              8 |
|  design_1_i/processing_system7_0/inst/FCLK_CLK0 | design_1_i/ntt_axi_accelerator_0/inst/ntt_axi_accelerator_v1_0_S00_AXI_inst/slv_reg[86][31]_i_1_n_0                                                            | design_1_i/ntt_axi_accelerator_0/inst/ntt_axi_accelerator_v1_0_S00_AXI_inst/p_0_in                                                                    |                2 |              8 |
|  design_1_i/processing_system7_0/inst/FCLK_CLK0 | design_1_i/ntt_axi_accelerator_0/inst/ntt_axi_accelerator_v1_0_S00_AXI_inst/slv_reg[87][15]_i_1_n_0                                                            | design_1_i/ntt_axi_accelerator_0/inst/ntt_axi_accelerator_v1_0_S00_AXI_inst/p_0_in                                                                    |                2 |              8 |
|  design_1_i/processing_system7_0/inst/FCLK_CLK0 | design_1_i/ntt_axi_accelerator_0/inst/ntt_axi_accelerator_v1_0_S00_AXI_inst/slv_reg[87][31]_i_1_n_0                                                            | design_1_i/ntt_axi_accelerator_0/inst/ntt_axi_accelerator_v1_0_S00_AXI_inst/p_0_in                                                                    |                2 |              8 |
|  design_1_i/processing_system7_0/inst/FCLK_CLK0 | design_1_i/ntt_axi_accelerator_0/inst/ntt_axi_accelerator_v1_0_S00_AXI_inst/slv_reg[87][23]_i_1_n_0                                                            | design_1_i/ntt_axi_accelerator_0/inst/ntt_axi_accelerator_v1_0_S00_AXI_inst/p_0_in                                                                    |                2 |              8 |
|  design_1_i/processing_system7_0/inst/FCLK_CLK0 | design_1_i/ntt_axi_accelerator_0/inst/ntt_axi_accelerator_v1_0_S00_AXI_inst/slv_reg[88][15]_i_1_n_0                                                            | design_1_i/ntt_axi_accelerator_0/inst/ntt_axi_accelerator_v1_0_S00_AXI_inst/p_0_in                                                                    |                2 |              8 |
|  design_1_i/processing_system7_0/inst/FCLK_CLK0 | design_1_i/ntt_axi_accelerator_0/inst/ntt_axi_accelerator_v1_0_S00_AXI_inst/slv_reg[88][31]_i_1_n_0                                                            | design_1_i/ntt_axi_accelerator_0/inst/ntt_axi_accelerator_v1_0_S00_AXI_inst/p_0_in                                                                    |                3 |              8 |
|  design_1_i/processing_system7_0/inst/FCLK_CLK0 | design_1_i/ntt_axi_accelerator_0/inst/ntt_axi_accelerator_v1_0_S00_AXI_inst/slv_reg[89][23]_i_1_n_0                                                            | design_1_i/ntt_axi_accelerator_0/inst/ntt_axi_accelerator_v1_0_S00_AXI_inst/p_0_in                                                                    |                1 |              8 |
|  design_1_i/processing_system7_0/inst/FCLK_CLK0 | design_1_i/ntt_axi_accelerator_0/inst/ntt_axi_accelerator_v1_0_S00_AXI_inst/slv_reg[86][7]_i_1_n_0                                                             | design_1_i/ntt_axi_accelerator_0/inst/ntt_axi_accelerator_v1_0_S00_AXI_inst/p_0_in                                                                    |                2 |              8 |
|  design_1_i/processing_system7_0/inst/FCLK_CLK0 | design_1_i/ntt_axi_accelerator_0/inst/ntt_axi_accelerator_v1_0_S00_AXI_inst/slv_reg[84][15]_i_1_n_0                                                            | design_1_i/ntt_axi_accelerator_0/inst/ntt_axi_accelerator_v1_0_S00_AXI_inst/p_0_in                                                                    |                3 |              8 |
|  design_1_i/processing_system7_0/inst/FCLK_CLK0 | design_1_i/ntt_axi_accelerator_0/inst/ntt_axi_accelerator_v1_0_S00_AXI_inst/slv_reg[85][15]_i_1_n_0                                                            | design_1_i/ntt_axi_accelerator_0/inst/ntt_axi_accelerator_v1_0_S00_AXI_inst/p_0_in                                                                    |                3 |              8 |
|  design_1_i/processing_system7_0/inst/FCLK_CLK0 | design_1_i/ntt_axi_accelerator_0/inst/ntt_axi_accelerator_v1_0_S00_AXI_inst/slv_reg[88][23]_i_1_n_0                                                            | design_1_i/ntt_axi_accelerator_0/inst/ntt_axi_accelerator_v1_0_S00_AXI_inst/p_0_in                                                                    |                2 |              8 |
|  design_1_i/processing_system7_0/inst/FCLK_CLK0 | design_1_i/ntt_axi_accelerator_0/inst/ntt_axi_accelerator_v1_0_S00_AXI_inst/slv_reg[7][15]_i_1_n_0                                                             | design_1_i/ntt_axi_accelerator_0/inst/ntt_axi_accelerator_v1_0_S00_AXI_inst/p_0_in                                                                    |                2 |              8 |
|  design_1_i/processing_system7_0/inst/FCLK_CLK0 | design_1_i/ntt_axi_accelerator_0/inst/ntt_axi_accelerator_v1_0_S00_AXI_inst/slv_reg[83][7]_i_1_n_0                                                             | design_1_i/ntt_axi_accelerator_0/inst/ntt_axi_accelerator_v1_0_S00_AXI_inst/p_0_in                                                                    |                3 |              8 |
|  design_1_i/processing_system7_0/inst/FCLK_CLK0 | design_1_i/ntt_axi_accelerator_0/inst/ntt_axi_accelerator_v1_0_S00_AXI_inst/slv_reg[81][15]_i_1_n_0                                                            | design_1_i/ntt_axi_accelerator_0/inst/ntt_axi_accelerator_v1_0_S00_AXI_inst/p_0_in                                                                    |                2 |              8 |
|  design_1_i/processing_system7_0/inst/FCLK_CLK0 | design_1_i/ntt_axi_accelerator_0/inst/ntt_axi_accelerator_v1_0_S00_AXI_inst/slv_reg[7][31]_i_1_n_0                                                             | design_1_i/ntt_axi_accelerator_0/inst/ntt_axi_accelerator_v1_0_S00_AXI_inst/p_0_in                                                                    |                3 |              8 |
|  design_1_i/processing_system7_0/inst/FCLK_CLK0 | design_1_i/ntt_axi_accelerator_0/inst/ntt_axi_accelerator_v1_0_S00_AXI_inst/slv_reg[84][23]_i_1_n_0                                                            | design_1_i/ntt_axi_accelerator_0/inst/ntt_axi_accelerator_v1_0_S00_AXI_inst/p_0_in                                                                    |                2 |              8 |
|  design_1_i/processing_system7_0/inst/FCLK_CLK0 | design_1_i/ntt_axi_accelerator_0/inst/ntt_axi_accelerator_v1_0_S00_AXI_inst/slv_reg[82][31]_i_1_n_0                                                            | design_1_i/ntt_axi_accelerator_0/inst/ntt_axi_accelerator_v1_0_S00_AXI_inst/p_0_in                                                                    |                3 |              8 |
|  design_1_i/processing_system7_0/inst/FCLK_CLK0 | design_1_i/ntt_axi_accelerator_0/inst/ntt_axi_accelerator_v1_0_S00_AXI_inst/slv_reg[89][31]_i_1_n_0                                                            | design_1_i/ntt_axi_accelerator_0/inst/ntt_axi_accelerator_v1_0_S00_AXI_inst/p_0_in                                                                    |                2 |              8 |
|  design_1_i/processing_system7_0/inst/FCLK_CLK0 | design_1_i/ntt_axi_accelerator_0/inst/ntt_axi_accelerator_v1_0_S00_AXI_inst/slv_reg[89][7]_i_1_n_0                                                             | design_1_i/ntt_axi_accelerator_0/inst/ntt_axi_accelerator_v1_0_S00_AXI_inst/p_0_in                                                                    |                2 |              8 |
|  design_1_i/processing_system7_0/inst/FCLK_CLK0 | design_1_i/ntt_axi_accelerator_0/inst/ntt_axi_accelerator_v1_0_S00_AXI_inst/slv_reg[8][15]_i_1_n_0                                                             | design_1_i/ntt_axi_accelerator_0/inst/ntt_axi_accelerator_v1_0_S00_AXI_inst/p_0_in                                                                    |                2 |              8 |
|  design_1_i/processing_system7_0/inst/FCLK_CLK0 | design_1_i/ntt_axi_accelerator_0/inst/ntt_axi_accelerator_v1_0_S00_AXI_inst/slv_reg[81][7]_i_1_n_0                                                             | design_1_i/ntt_axi_accelerator_0/inst/ntt_axi_accelerator_v1_0_S00_AXI_inst/p_0_in                                                                    |                3 |              8 |
|  design_1_i/processing_system7_0/inst/FCLK_CLK0 | design_1_i/ntt_axi_accelerator_0/inst/ntt_axi_accelerator_v1_0_S00_AXI_inst/slv_reg[8][31]_i_1_n_0                                                             | design_1_i/ntt_axi_accelerator_0/inst/ntt_axi_accelerator_v1_0_S00_AXI_inst/p_0_in                                                                    |                2 |              8 |
|  design_1_i/processing_system7_0/inst/FCLK_CLK0 | design_1_i/ntt_axi_accelerator_0/inst/ntt_axi_accelerator_v1_0_S00_AXI_inst/slv_reg[94][7]_i_1_n_0                                                             | design_1_i/ntt_axi_accelerator_0/inst/ntt_axi_accelerator_v1_0_S00_AXI_inst/p_0_in                                                                    |                4 |              8 |
|  design_1_i/processing_system7_0/inst/FCLK_CLK0 | design_1_i/ntt_axi_accelerator_0/inst/ntt_axi_accelerator_v1_0_S00_AXI_inst/slv_reg[94][23]_i_1_n_0                                                            | design_1_i/ntt_axi_accelerator_0/inst/ntt_axi_accelerator_v1_0_S00_AXI_inst/p_0_in                                                                    |                2 |              8 |
|  design_1_i/processing_system7_0/inst/FCLK_CLK0 | design_1_i/ntt_axi_accelerator_0/inst/ntt_axi_accelerator_v1_0_S00_AXI_inst/slv_reg[95][7]_i_1_n_0                                                             | design_1_i/ntt_axi_accelerator_0/inst/ntt_axi_accelerator_v1_0_S00_AXI_inst/p_0_in                                                                    |                2 |              8 |
|  design_1_i/processing_system7_0/inst/FCLK_CLK0 | design_1_i/ntt_axi_accelerator_0/inst/ntt_axi_accelerator_v1_0_S00_AXI_inst/slv_reg[97][7]_i_1_n_0                                                             | design_1_i/ntt_axi_accelerator_0/inst/ntt_axi_accelerator_v1_0_S00_AXI_inst/p_0_in                                                                    |                2 |              8 |
|  design_1_i/processing_system7_0/inst/FCLK_CLK0 | design_1_i/ntt_axi_accelerator_0/inst/ntt_axi_accelerator_v1_0_S00_AXI_inst/slv_reg[99][23]_i_1_n_0                                                            | design_1_i/ntt_axi_accelerator_0/inst/ntt_axi_accelerator_v1_0_S00_AXI_inst/p_0_in                                                                    |                5 |              8 |
|  design_1_i/processing_system7_0/inst/FCLK_CLK0 | design_1_i/ntt_axi_accelerator_0/inst/ntt_axi_accelerator_v1_0_S00_AXI_inst/slv_reg[98][31]_i_1_n_0                                                            | design_1_i/ntt_axi_accelerator_0/inst/ntt_axi_accelerator_v1_0_S00_AXI_inst/p_0_in                                                                    |                4 |              8 |
|  design_1_i/processing_system7_0/inst/FCLK_CLK0 | design_1_i/ntt_axi_accelerator_0/inst/ntt_axi_accelerator_v1_0_S00_AXI_inst/slv_reg[91][15]_i_1_n_0                                                            | design_1_i/ntt_axi_accelerator_0/inst/ntt_axi_accelerator_v1_0_S00_AXI_inst/p_0_in                                                                    |                3 |              8 |
|  design_1_i/processing_system7_0/inst/FCLK_CLK0 | design_1_i/ntt_axi_accelerator_0/inst/ntt_axi_accelerator_v1_0_S00_AXI_inst/slv_reg[93][7]_i_1_n_0                                                             | design_1_i/ntt_axi_accelerator_0/inst/ntt_axi_accelerator_v1_0_S00_AXI_inst/p_0_in                                                                    |                4 |              8 |
|  design_1_i/processing_system7_0/inst/FCLK_CLK0 | design_1_i/ntt_axi_accelerator_0/inst/ntt_axi_accelerator_v1_0_S00_AXI_inst/slv_reg[97][31]_i_1_n_0                                                            | design_1_i/ntt_axi_accelerator_0/inst/ntt_axi_accelerator_v1_0_S00_AXI_inst/p_0_in                                                                    |                4 |              8 |
|  design_1_i/processing_system7_0/inst/FCLK_CLK0 | design_1_i/ntt_axi_accelerator_0/inst/ntt_axi_accelerator_v1_0_S00_AXI_inst/slv_reg[95][15]_i_1_n_0                                                            | design_1_i/ntt_axi_accelerator_0/inst/ntt_axi_accelerator_v1_0_S00_AXI_inst/p_0_in                                                                    |                2 |              8 |
|  design_1_i/processing_system7_0/inst/FCLK_CLK0 | design_1_i/ntt_axi_accelerator_0/inst/ntt_axi_accelerator_v1_0_S00_AXI_inst/slv_reg[98][7]_i_1_n_0                                                             | design_1_i/ntt_axi_accelerator_0/inst/ntt_axi_accelerator_v1_0_S00_AXI_inst/p_0_in                                                                    |                3 |              8 |
|  design_1_i/processing_system7_0/inst/FCLK_CLK0 | design_1_i/ntt_axi_accelerator_0/inst/ntt_axi_accelerator_v1_0_S00_AXI_inst/slv_reg[92][7]_i_1_n_0                                                             | design_1_i/ntt_axi_accelerator_0/inst/ntt_axi_accelerator_v1_0_S00_AXI_inst/p_0_in                                                                    |                2 |              8 |
|  design_1_i/processing_system7_0/inst/FCLK_CLK0 | design_1_i/ntt_axi_accelerator_0/inst/ntt_axi_accelerator_v1_0_S00_AXI_inst/slv_reg[99][31]_i_1_n_0                                                            | design_1_i/ntt_axi_accelerator_0/inst/ntt_axi_accelerator_v1_0_S00_AXI_inst/p_0_in                                                                    |                2 |              8 |
|  design_1_i/processing_system7_0/inst/FCLK_CLK0 | design_1_i/ntt_axi_accelerator_0/inst/ntt_axi_accelerator_v1_0_S00_AXI_inst/slv_reg[98][15]_i_1_n_0                                                            | design_1_i/ntt_axi_accelerator_0/inst/ntt_axi_accelerator_v1_0_S00_AXI_inst/p_0_in                                                                    |                2 |              8 |
|  design_1_i/processing_system7_0/inst/FCLK_CLK0 | design_1_i/ntt_axi_accelerator_0/inst/ntt_axi_accelerator_v1_0_S00_AXI_inst/slv_reg[92][23]_i_1_n_0                                                            | design_1_i/ntt_axi_accelerator_0/inst/ntt_axi_accelerator_v1_0_S00_AXI_inst/p_0_in                                                                    |                4 |              8 |
|  design_1_i/processing_system7_0/inst/FCLK_CLK0 | design_1_i/ntt_axi_accelerator_0/inst/ntt_axi_accelerator_v1_0_S00_AXI_inst/slv_reg[92][31]_i_1_n_0                                                            | design_1_i/ntt_axi_accelerator_0/inst/ntt_axi_accelerator_v1_0_S00_AXI_inst/p_0_in                                                                    |                3 |              8 |
|  design_1_i/processing_system7_0/inst/FCLK_CLK0 | design_1_i/ntt_axi_accelerator_0/inst/ntt_axi_accelerator_v1_0_S00_AXI_inst/slv_reg[91][31]_i_1_n_0                                                            | design_1_i/ntt_axi_accelerator_0/inst/ntt_axi_accelerator_v1_0_S00_AXI_inst/p_0_in                                                                    |                3 |              8 |
|  design_1_i/processing_system7_0/inst/FCLK_CLK0 | design_1_i/ntt_axi_accelerator_0/inst/ntt_axi_accelerator_v1_0_S00_AXI_inst/slv_reg[9][31]_i_1_n_0                                                             | design_1_i/ntt_axi_accelerator_0/inst/ntt_axi_accelerator_v1_0_S00_AXI_inst/p_0_in                                                                    |                3 |              8 |
|  design_1_i/processing_system7_0/inst/FCLK_CLK0 | design_1_i/ntt_axi_accelerator_0/inst/ntt_axi_accelerator_v1_0_S00_AXI_inst/slv_reg[94][15]_i_1_n_0                                                            | design_1_i/ntt_axi_accelerator_0/inst/ntt_axi_accelerator_v1_0_S00_AXI_inst/p_0_in                                                                    |                2 |              8 |
|  design_1_i/processing_system7_0/inst/FCLK_CLK0 | design_1_i/ntt_axi_accelerator_0/inst/ntt_axi_accelerator_v1_0_S00_AXI_inst/slv_reg[96][23]_i_1_n_0                                                            | design_1_i/ntt_axi_accelerator_0/inst/ntt_axi_accelerator_v1_0_S00_AXI_inst/p_0_in                                                                    |                3 |              8 |
|  design_1_i/processing_system7_0/inst/FCLK_CLK0 | design_1_i/ntt_axi_accelerator_0/inst/ntt_axi_accelerator_v1_0_S00_AXI_inst/slv_reg[91][23]_i_1_n_0                                                            | design_1_i/ntt_axi_accelerator_0/inst/ntt_axi_accelerator_v1_0_S00_AXI_inst/p_0_in                                                                    |                3 |              8 |
|  design_1_i/processing_system7_0/inst/FCLK_CLK0 | design_1_i/ntt_axi_accelerator_0/inst/ntt_axi_accelerator_v1_0_S00_AXI_inst/slv_reg[93][15]_i_1_n_0                                                            | design_1_i/ntt_axi_accelerator_0/inst/ntt_axi_accelerator_v1_0_S00_AXI_inst/p_0_in                                                                    |                3 |              8 |
|  design_1_i/processing_system7_0/inst/FCLK_CLK0 | design_1_i/ntt_axi_accelerator_0/inst/ntt_axi_accelerator_v1_0_S00_AXI_inst/slv_reg[95][31]_i_1_n_0                                                            | design_1_i/ntt_axi_accelerator_0/inst/ntt_axi_accelerator_v1_0_S00_AXI_inst/p_0_in                                                                    |                3 |              8 |
|  design_1_i/processing_system7_0/inst/FCLK_CLK0 | design_1_i/ntt_axi_accelerator_0/inst/ntt_axi_accelerator_v1_0_S00_AXI_inst/slv_reg[9][23]_i_1_n_0                                                             | design_1_i/ntt_axi_accelerator_0/inst/ntt_axi_accelerator_v1_0_S00_AXI_inst/p_0_in                                                                    |                4 |              8 |
|  design_1_i/processing_system7_0/inst/FCLK_CLK0 | design_1_i/ntt_axi_accelerator_0/inst/ntt_axi_accelerator_v1_0_S00_AXI_inst/slv_reg[96][7]_i_1_n_0                                                             | design_1_i/ntt_axi_accelerator_0/inst/ntt_axi_accelerator_v1_0_S00_AXI_inst/p_0_in                                                                    |                4 |              8 |
|  design_1_i/processing_system7_0/inst/FCLK_CLK0 | design_1_i/ntt_axi_accelerator_0/inst/ntt_axi_accelerator_v1_0_S00_AXI_inst/slv_reg[93][23]_i_1_n_0                                                            | design_1_i/ntt_axi_accelerator_0/inst/ntt_axi_accelerator_v1_0_S00_AXI_inst/p_0_in                                                                    |                2 |              8 |
|  design_1_i/processing_system7_0/inst/FCLK_CLK0 | design_1_i/ntt_axi_accelerator_0/inst/ntt_axi_accelerator_v1_0_S00_AXI_inst/slv_reg[96][31]_i_1_n_0                                                            | design_1_i/ntt_axi_accelerator_0/inst/ntt_axi_accelerator_v1_0_S00_AXI_inst/p_0_in                                                                    |                2 |              8 |
|  design_1_i/processing_system7_0/inst/FCLK_CLK0 | design_1_i/ntt_axi_accelerator_0/inst/ntt_axi_accelerator_v1_0_S00_AXI_inst/slv_reg[99][15]_i_1_n_0                                                            | design_1_i/ntt_axi_accelerator_0/inst/ntt_axi_accelerator_v1_0_S00_AXI_inst/p_0_in                                                                    |                2 |              8 |
|  design_1_i/processing_system7_0/inst/FCLK_CLK0 | design_1_i/ntt_axi_accelerator_0/inst/ntt_axi_accelerator_v1_0_S00_AXI_inst/slv_reg[98][23]_i_1_n_0                                                            | design_1_i/ntt_axi_accelerator_0/inst/ntt_axi_accelerator_v1_0_S00_AXI_inst/p_0_in                                                                    |                4 |              8 |
|  design_1_i/processing_system7_0/inst/FCLK_CLK0 | design_1_i/ntt_axi_accelerator_0/inst/ntt_axi_accelerator_v1_0_S00_AXI_inst/slv_reg[99][7]_i_1_n_0                                                             | design_1_i/ntt_axi_accelerator_0/inst/ntt_axi_accelerator_v1_0_S00_AXI_inst/p_0_in                                                                    |                4 |              8 |
|  design_1_i/processing_system7_0/inst/FCLK_CLK0 | design_1_i/ntt_axi_accelerator_0/inst/ntt_axi_accelerator_v1_0_S00_AXI_inst/slv_reg[9][7]_i_1_n_0                                                              | design_1_i/ntt_axi_accelerator_0/inst/ntt_axi_accelerator_v1_0_S00_AXI_inst/p_0_in                                                                    |                2 |              8 |
|  design_1_i/processing_system7_0/inst/FCLK_CLK0 | design_1_i/ntt_axi_accelerator_0/inst/ntt_axi_accelerator_v1_0_S00_AXI_inst/slv_reg[93][31]_i_1_n_0                                                            | design_1_i/ntt_axi_accelerator_0/inst/ntt_axi_accelerator_v1_0_S00_AXI_inst/p_0_in                                                                    |                3 |              8 |
|  design_1_i/processing_system7_0/inst/FCLK_CLK0 | design_1_i/ntt_axi_accelerator_0/inst/ntt_axi_accelerator_v1_0_S00_AXI_inst/slv_reg[91][7]_i_1_n_0                                                             | design_1_i/ntt_axi_accelerator_0/inst/ntt_axi_accelerator_v1_0_S00_AXI_inst/p_0_in                                                                    |                2 |              8 |
|  design_1_i/processing_system7_0/inst/FCLK_CLK0 | design_1_i/ntt_axi_accelerator_0/inst/ntt_axi_accelerator_v1_0_S00_AXI_inst/slv_reg[95][23]_i_1_n_0                                                            | design_1_i/ntt_axi_accelerator_0/inst/ntt_axi_accelerator_v1_0_S00_AXI_inst/p_0_in                                                                    |                2 |              8 |
|  design_1_i/processing_system7_0/inst/FCLK_CLK0 | design_1_i/ntt_axi_accelerator_0/inst/ntt_axi_accelerator_v1_0_S00_AXI_inst/slv_reg[96][15]_i_1_n_0                                                            | design_1_i/ntt_axi_accelerator_0/inst/ntt_axi_accelerator_v1_0_S00_AXI_inst/p_0_in                                                                    |                3 |              8 |
|  design_1_i/processing_system7_0/inst/FCLK_CLK0 | design_1_i/ntt_axi_accelerator_0/inst/ntt_axi_accelerator_v1_0_S00_AXI_inst/slv_reg[97][23]_i_1_n_0                                                            | design_1_i/ntt_axi_accelerator_0/inst/ntt_axi_accelerator_v1_0_S00_AXI_inst/p_0_in                                                                    |                3 |              8 |
|  design_1_i/processing_system7_0/inst/FCLK_CLK0 | design_1_i/ntt_axi_accelerator_0/inst/ntt_axi_accelerator_v1_0_S00_AXI_inst/slv_reg[9][15]_i_1_n_0                                                             | design_1_i/ntt_axi_accelerator_0/inst/ntt_axi_accelerator_v1_0_S00_AXI_inst/p_0_in                                                                    |                2 |              8 |
|  design_1_i/processing_system7_0/inst/FCLK_CLK0 | design_1_i/ntt_axi_accelerator_0/inst/ntt_axi_accelerator_v1_0_S00_AXI_inst/slv_reg[92][15]_i_1_n_0                                                            | design_1_i/ntt_axi_accelerator_0/inst/ntt_axi_accelerator_v1_0_S00_AXI_inst/p_0_in                                                                    |                4 |              8 |
|  design_1_i/processing_system7_0/inst/FCLK_CLK0 | design_1_i/ntt_axi_accelerator_0/inst/ntt_axi_accelerator_v1_0_S00_AXI_inst/slv_reg[94][31]_i_1_n_0                                                            | design_1_i/ntt_axi_accelerator_0/inst/ntt_axi_accelerator_v1_0_S00_AXI_inst/p_0_in                                                                    |                2 |              8 |
|  design_1_i/processing_system7_0/inst/FCLK_CLK0 | design_1_i/ps7_0_axi_periph/s00_couplers/auto_pc/inst/gen_axilite.gen_b2s_conv.axilite_b2s/WR.b_channel_0/mhandshake_r                                         | design_1_i/ps7_0_axi_periph/s00_couplers/auto_pc/inst/gen_axilite.gen_b2s_conv.axilite_b2s/WR.b_channel_0/bid_fifo_0/SR[0]                            |                2 |              8 |
|  design_1_i/processing_system7_0/inst/FCLK_CLK0 | design_1_i/ntt_axi_accelerator_0/inst/ntt_axi_accelerator_v1_0_S00_AXI_inst/slv_reg[2][23]_i_1_n_0                                                             | design_1_i/ntt_axi_accelerator_0/inst/ntt_axi_accelerator_v1_0_S00_AXI_inst/p_0_in                                                                    |                3 |              8 |
|  design_1_i/processing_system7_0/inst/FCLK_CLK0 | design_1_i/ntt_axi_accelerator_0/inst/ntt_axi_accelerator_v1_0_S00_AXI_inst/slv_reg[31][23]_i_1_n_0                                                            | design_1_i/ntt_axi_accelerator_0/inst/ntt_axi_accelerator_v1_0_S00_AXI_inst/p_0_in                                                                    |                2 |              8 |
|  design_1_i/processing_system7_0/inst/FCLK_CLK0 | design_1_i/ntt_axi_accelerator_0/inst/ntt_axi_accelerator_v1_0_S00_AXI_inst/slv_reg[33][31]_i_1_n_0                                                            | design_1_i/ntt_axi_accelerator_0/inst/ntt_axi_accelerator_v1_0_S00_AXI_inst/p_0_in                                                                    |                2 |              8 |
|  design_1_i/processing_system7_0/inst/FCLK_CLK0 | design_1_i/ntt_axi_accelerator_0/inst/ntt_axi_accelerator_v1_0_S00_AXI_inst/slv_reg[34][23]_i_1_n_0                                                            | design_1_i/ntt_axi_accelerator_0/inst/ntt_axi_accelerator_v1_0_S00_AXI_inst/p_0_in                                                                    |                2 |              8 |
|  design_1_i/processing_system7_0/inst/FCLK_CLK0 | design_1_i/ntt_axi_accelerator_0/inst/ntt_axi_accelerator_v1_0_S00_AXI_inst/slv_reg[37][15]_i_1_n_0                                                            | design_1_i/ntt_axi_accelerator_0/inst/ntt_axi_accelerator_v1_0_S00_AXI_inst/p_0_in                                                                    |                4 |              8 |
|  design_1_i/processing_system7_0/inst/FCLK_CLK0 | design_1_i/ntt_axi_accelerator_0/inst/ntt_axi_accelerator_v1_0_S00_AXI_inst/slv_reg[39][31]_i_1_n_0                                                            | design_1_i/ntt_axi_accelerator_0/inst/ntt_axi_accelerator_v1_0_S00_AXI_inst/p_0_in                                                                    |                2 |              8 |
|  design_1_i/processing_system7_0/inst/FCLK_CLK0 | design_1_i/ntt_axi_accelerator_0/inst/ntt_axi_accelerator_v1_0_S00_AXI_inst/slv_reg[33][7]_i_1_n_0                                                             | design_1_i/ntt_axi_accelerator_0/inst/ntt_axi_accelerator_v1_0_S00_AXI_inst/p_0_in                                                                    |                3 |              8 |
|  design_1_i/processing_system7_0/inst/FCLK_CLK0 | design_1_i/ntt_axi_accelerator_0/inst/ntt_axi_accelerator_v1_0_S00_AXI_inst/slv_reg[34][15]_i_1_n_0                                                            | design_1_i/ntt_axi_accelerator_0/inst/ntt_axi_accelerator_v1_0_S00_AXI_inst/p_0_in                                                                    |                3 |              8 |
|  design_1_i/processing_system7_0/inst/FCLK_CLK0 | design_1_i/ntt_axi_accelerator_0/inst/ntt_axi_accelerator_v1_0_S00_AXI_inst/slv_reg[35][15]_i_1_n_0                                                            | design_1_i/ntt_axi_accelerator_0/inst/ntt_axi_accelerator_v1_0_S00_AXI_inst/p_0_in                                                                    |                2 |              8 |
|  design_1_i/processing_system7_0/inst/FCLK_CLK0 | design_1_i/ntt_axi_accelerator_0/inst/ntt_axi_accelerator_v1_0_S00_AXI_inst/slv_reg[37][31]_i_1_n_0                                                            | design_1_i/ntt_axi_accelerator_0/inst/ntt_axi_accelerator_v1_0_S00_AXI_inst/p_0_in                                                                    |                4 |              8 |
|  design_1_i/processing_system7_0/inst/FCLK_CLK0 | design_1_i/ntt_axi_accelerator_0/inst/ntt_axi_accelerator_v1_0_S00_AXI_inst/slv_reg[30][23]_i_1_n_0                                                            | design_1_i/ntt_axi_accelerator_0/inst/ntt_axi_accelerator_v1_0_S00_AXI_inst/p_0_in                                                                    |                2 |              8 |
|  design_1_i/processing_system7_0/inst/FCLK_CLK0 | design_1_i/ntt_axi_accelerator_0/inst/ntt_axi_accelerator_v1_0_S00_AXI_inst/slv_reg[31][31]_i_1_n_0                                                            | design_1_i/ntt_axi_accelerator_0/inst/ntt_axi_accelerator_v1_0_S00_AXI_inst/p_0_in                                                                    |                3 |              8 |
|  design_1_i/processing_system7_0/inst/FCLK_CLK0 | design_1_i/ntt_axi_accelerator_0/inst/ntt_axi_accelerator_v1_0_S00_AXI_inst/slv_reg[2][7]_i_1_n_0                                                              | design_1_i/ntt_axi_accelerator_0/inst/ntt_axi_accelerator_v1_0_S00_AXI_inst/p_0_in                                                                    |                4 |              8 |
|  design_1_i/processing_system7_0/inst/FCLK_CLK0 | design_1_i/ntt_axi_accelerator_0/inst/ntt_axi_accelerator_v1_0_S00_AXI_inst/slv_reg[36][23]_i_1_n_0                                                            | design_1_i/ntt_axi_accelerator_0/inst/ntt_axi_accelerator_v1_0_S00_AXI_inst/p_0_in                                                                    |                2 |              8 |
|  design_1_i/processing_system7_0/inst/FCLK_CLK0 | design_1_i/ntt_axi_accelerator_0/inst/ntt_axi_accelerator_v1_0_S00_AXI_inst/slv_reg[30][7]_i_1_n_0                                                             | design_1_i/ntt_axi_accelerator_0/inst/ntt_axi_accelerator_v1_0_S00_AXI_inst/p_0_in                                                                    |                4 |              8 |
|  design_1_i/processing_system7_0/inst/FCLK_CLK0 | design_1_i/ntt_axi_accelerator_0/inst/ntt_axi_accelerator_v1_0_S00_AXI_inst/slv_reg[31][15]_i_1_n_0                                                            | design_1_i/ntt_axi_accelerator_0/inst/ntt_axi_accelerator_v1_0_S00_AXI_inst/p_0_in                                                                    |                6 |              8 |
|  design_1_i/processing_system7_0/inst/FCLK_CLK0 | design_1_i/ntt_axi_accelerator_0/inst/ntt_axi_accelerator_v1_0_S00_AXI_inst/slv_reg[35][23]_i_1_n_0                                                            | design_1_i/ntt_axi_accelerator_0/inst/ntt_axi_accelerator_v1_0_S00_AXI_inst/p_0_in                                                                    |                4 |              8 |
|  design_1_i/processing_system7_0/inst/FCLK_CLK0 | design_1_i/ntt_axi_accelerator_0/inst/ntt_axi_accelerator_v1_0_S00_AXI_inst/slv_reg[36][31]_i_1_n_0                                                            | design_1_i/ntt_axi_accelerator_0/inst/ntt_axi_accelerator_v1_0_S00_AXI_inst/p_0_in                                                                    |                3 |              8 |
|  design_1_i/processing_system7_0/inst/FCLK_CLK0 | design_1_i/ntt_axi_accelerator_0/inst/ntt_axi_accelerator_v1_0_S00_AXI_inst/slv_reg[37][7]_i_1_n_0                                                             | design_1_i/ntt_axi_accelerator_0/inst/ntt_axi_accelerator_v1_0_S00_AXI_inst/p_0_in                                                                    |                2 |              8 |
|  design_1_i/processing_system7_0/inst/FCLK_CLK0 | design_1_i/ntt_axi_accelerator_0/inst/ntt_axi_accelerator_v1_0_S00_AXI_inst/slv_reg[33][15]_i_1_n_0                                                            | design_1_i/ntt_axi_accelerator_0/inst/ntt_axi_accelerator_v1_0_S00_AXI_inst/p_0_in                                                                    |                3 |              8 |
|  design_1_i/processing_system7_0/inst/FCLK_CLK0 | design_1_i/ntt_axi_accelerator_0/inst/ntt_axi_accelerator_v1_0_S00_AXI_inst/slv_reg[30][15]_i_1_n_0                                                            | design_1_i/ntt_axi_accelerator_0/inst/ntt_axi_accelerator_v1_0_S00_AXI_inst/p_0_in                                                                    |                3 |              8 |
|  design_1_i/processing_system7_0/inst/FCLK_CLK0 | design_1_i/ntt_axi_accelerator_0/inst/ntt_axi_accelerator_v1_0_S00_AXI_inst/slv_reg[33][23]_i_1_n_0                                                            | design_1_i/ntt_axi_accelerator_0/inst/ntt_axi_accelerator_v1_0_S00_AXI_inst/p_0_in                                                                    |                2 |              8 |
|  design_1_i/processing_system7_0/inst/FCLK_CLK0 | design_1_i/ntt_axi_accelerator_0/inst/ntt_axi_accelerator_v1_0_S00_AXI_inst/slv_reg[3][15]_i_1_n_0                                                             | design_1_i/ntt_axi_accelerator_0/inst/ntt_axi_accelerator_v1_0_S00_AXI_inst/p_0_in                                                                    |                4 |              8 |
|  design_1_i/processing_system7_0/inst/FCLK_CLK0 | design_1_i/ntt_axi_accelerator_0/inst/ntt_axi_accelerator_v1_0_S00_AXI_inst/slv_reg[35][31]_i_1_n_0                                                            | design_1_i/ntt_axi_accelerator_0/inst/ntt_axi_accelerator_v1_0_S00_AXI_inst/p_0_in                                                                    |                3 |              8 |
|  design_1_i/processing_system7_0/inst/FCLK_CLK0 | design_1_i/ntt_axi_accelerator_0/inst/ntt_axi_accelerator_v1_0_S00_AXI_inst/slv_reg[34][31]_i_1_n_0                                                            | design_1_i/ntt_axi_accelerator_0/inst/ntt_axi_accelerator_v1_0_S00_AXI_inst/p_0_in                                                                    |                3 |              8 |
|  design_1_i/processing_system7_0/inst/FCLK_CLK0 | design_1_i/ntt_axi_accelerator_0/inst/ntt_axi_accelerator_v1_0_S00_AXI_inst/slv_reg[3][23]_i_1_n_0                                                             | design_1_i/ntt_axi_accelerator_0/inst/ntt_axi_accelerator_v1_0_S00_AXI_inst/p_0_in                                                                    |                3 |              8 |
|  design_1_i/processing_system7_0/inst/FCLK_CLK0 | design_1_i/ntt_axi_accelerator_0/inst/ntt_axi_accelerator_v1_0_S00_AXI_inst/slv_reg[3][7]_i_1_n_0                                                              | design_1_i/ntt_axi_accelerator_0/inst/ntt_axi_accelerator_v1_0_S00_AXI_inst/p_0_in                                                                    |                2 |              8 |
|  design_1_i/processing_system7_0/inst/FCLK_CLK0 | design_1_i/ntt_axi_accelerator_0/inst/ntt_axi_accelerator_v1_0_S00_AXI_inst/slv_reg[34][7]_i_1_n_0                                                             | design_1_i/ntt_axi_accelerator_0/inst/ntt_axi_accelerator_v1_0_S00_AXI_inst/p_0_in                                                                    |                2 |              8 |
|  design_1_i/processing_system7_0/inst/FCLK_CLK0 | design_1_i/ntt_axi_accelerator_0/inst/ntt_axi_accelerator_v1_0_S00_AXI_inst/slv_reg[38][23]_i_1_n_0                                                            | design_1_i/ntt_axi_accelerator_0/inst/ntt_axi_accelerator_v1_0_S00_AXI_inst/p_0_in                                                                    |                4 |              8 |
|  design_1_i/processing_system7_0/inst/FCLK_CLK0 | design_1_i/ntt_axi_accelerator_0/inst/ntt_axi_accelerator_v1_0_S00_AXI_inst/slv_reg[38][7]_i_1_n_0                                                             | design_1_i/ntt_axi_accelerator_0/inst/ntt_axi_accelerator_v1_0_S00_AXI_inst/p_0_in                                                                    |                2 |              8 |
|  design_1_i/processing_system7_0/inst/FCLK_CLK0 | design_1_i/ntt_axi_accelerator_0/inst/ntt_axi_accelerator_v1_0_S00_AXI_inst/slv_reg[39][23]_i_1_n_0                                                            | design_1_i/ntt_axi_accelerator_0/inst/ntt_axi_accelerator_v1_0_S00_AXI_inst/p_0_in                                                                    |                2 |              8 |
|  design_1_i/processing_system7_0/inst/FCLK_CLK0 | design_1_i/ntt_axi_accelerator_0/inst/ntt_axi_accelerator_v1_0_S00_AXI_inst/slv_reg[31][7]_i_1_n_0                                                             | design_1_i/ntt_axi_accelerator_0/inst/ntt_axi_accelerator_v1_0_S00_AXI_inst/p_0_in                                                                    |                4 |              8 |
|  design_1_i/processing_system7_0/inst/FCLK_CLK0 | design_1_i/ntt_axi_accelerator_0/inst/ntt_axi_accelerator_v1_0_S00_AXI_inst/slv_reg[32][15]_i_1_n_0                                                            | design_1_i/ntt_axi_accelerator_0/inst/ntt_axi_accelerator_v1_0_S00_AXI_inst/p_0_in                                                                    |                4 |              8 |
|  design_1_i/processing_system7_0/inst/FCLK_CLK0 | design_1_i/ntt_axi_accelerator_0/inst/ntt_axi_accelerator_v1_0_S00_AXI_inst/slv_reg[40][15]_i_1_n_0                                                            | design_1_i/ntt_axi_accelerator_0/inst/ntt_axi_accelerator_v1_0_S00_AXI_inst/p_0_in                                                                    |                1 |              8 |
|  design_1_i/processing_system7_0/inst/FCLK_CLK0 | design_1_i/ntt_axi_accelerator_0/inst/ntt_axi_accelerator_v1_0_S00_AXI_inst/slv_reg[40][31]_i_1_n_0                                                            | design_1_i/ntt_axi_accelerator_0/inst/ntt_axi_accelerator_v1_0_S00_AXI_inst/p_0_in                                                                    |                2 |              8 |
|  design_1_i/processing_system7_0/inst/FCLK_CLK0 | design_1_i/ntt_axi_accelerator_0/inst/ntt_axi_accelerator_v1_0_S00_AXI_inst/slv_reg[3][31]_i_1_n_0                                                             | design_1_i/ntt_axi_accelerator_0/inst/ntt_axi_accelerator_v1_0_S00_AXI_inst/p_0_in                                                                    |                2 |              8 |
|  design_1_i/processing_system7_0/inst/FCLK_CLK0 | design_1_i/ntt_axi_accelerator_0/inst/ntt_axi_accelerator_v1_0_S00_AXI_inst/slv_reg[40][7]_i_1_n_0                                                             | design_1_i/ntt_axi_accelerator_0/inst/ntt_axi_accelerator_v1_0_S00_AXI_inst/p_0_in                                                                    |                3 |              8 |
|  design_1_i/processing_system7_0/inst/FCLK_CLK0 | design_1_i/ntt_axi_accelerator_0/inst/ntt_axi_accelerator_v1_0_S00_AXI_inst/slv_reg[2][31]_i_1_n_0                                                             | design_1_i/ntt_axi_accelerator_0/inst/ntt_axi_accelerator_v1_0_S00_AXI_inst/p_0_in                                                                    |                4 |              8 |
|  design_1_i/processing_system7_0/inst/FCLK_CLK0 | design_1_i/ntt_axi_accelerator_0/inst/ntt_axi_accelerator_v1_0_S00_AXI_inst/slv_reg[41][15]_i_1_n_0                                                            | design_1_i/ntt_axi_accelerator_0/inst/ntt_axi_accelerator_v1_0_S00_AXI_inst/p_0_in                                                                    |                2 |              8 |
|  design_1_i/processing_system7_0/inst/FCLK_CLK0 | design_1_i/ntt_axi_accelerator_0/inst/ntt_axi_accelerator_v1_0_S00_AXI_inst/slv_reg[41][23]_i_1_n_0                                                            | design_1_i/ntt_axi_accelerator_0/inst/ntt_axi_accelerator_v1_0_S00_AXI_inst/p_0_in                                                                    |                2 |              8 |
|  design_1_i/processing_system7_0/inst/FCLK_CLK0 | design_1_i/ntt_axi_accelerator_0/inst/ntt_axi_accelerator_v1_0_S00_AXI_inst/slv_reg[32][23]_i_1_n_0                                                            | design_1_i/ntt_axi_accelerator_0/inst/ntt_axi_accelerator_v1_0_S00_AXI_inst/p_0_in                                                                    |                5 |              8 |
|  design_1_i/processing_system7_0/inst/FCLK_CLK0 | design_1_i/ntt_axi_accelerator_0/inst/ntt_axi_accelerator_v1_0_S00_AXI_inst/slv_reg[41][31]_i_1_n_0                                                            | design_1_i/ntt_axi_accelerator_0/inst/ntt_axi_accelerator_v1_0_S00_AXI_inst/p_0_in                                                                    |                3 |              8 |
|  design_1_i/processing_system7_0/inst/FCLK_CLK0 | design_1_i/ntt_axi_accelerator_0/inst/ntt_axi_accelerator_v1_0_S00_AXI_inst/slv_reg[41][7]_i_1_n_0                                                             | design_1_i/ntt_axi_accelerator_0/inst/ntt_axi_accelerator_v1_0_S00_AXI_inst/p_0_in                                                                    |                2 |              8 |
|  design_1_i/processing_system7_0/inst/FCLK_CLK0 | design_1_i/ntt_axi_accelerator_0/inst/ntt_axi_accelerator_v1_0_S00_AXI_inst/slv_reg[32][7]_i_1_n_0                                                             | design_1_i/ntt_axi_accelerator_0/inst/ntt_axi_accelerator_v1_0_S00_AXI_inst/p_0_in                                                                    |                4 |              8 |
|  design_1_i/processing_system7_0/inst/FCLK_CLK0 | design_1_i/ntt_axi_accelerator_0/inst/ntt_axi_accelerator_v1_0_S00_AXI_inst/slv_reg[39][15]_i_1_n_0                                                            | design_1_i/ntt_axi_accelerator_0/inst/ntt_axi_accelerator_v1_0_S00_AXI_inst/p_0_in                                                                    |                2 |              8 |
|  design_1_i/processing_system7_0/inst/FCLK_CLK0 | design_1_i/ntt_axi_accelerator_0/inst/ntt_axi_accelerator_v1_0_S00_AXI_inst/slv_reg[38][15]_i_1_n_0                                                            | design_1_i/ntt_axi_accelerator_0/inst/ntt_axi_accelerator_v1_0_S00_AXI_inst/p_0_in                                                                    |                3 |              8 |
|  design_1_i/processing_system7_0/inst/FCLK_CLK0 | design_1_i/ntt_axi_accelerator_0/inst/ntt_axi_accelerator_v1_0_S00_AXI_inst/slv_reg[35][7]_i_1_n_0                                                             | design_1_i/ntt_axi_accelerator_0/inst/ntt_axi_accelerator_v1_0_S00_AXI_inst/p_0_in                                                                    |                5 |              8 |
|  design_1_i/processing_system7_0/inst/FCLK_CLK0 | design_1_i/ntt_axi_accelerator_0/inst/ntt_axi_accelerator_v1_0_S00_AXI_inst/slv_reg[30][31]_i_1_n_0                                                            | design_1_i/ntt_axi_accelerator_0/inst/ntt_axi_accelerator_v1_0_S00_AXI_inst/p_0_in                                                                    |                2 |              8 |
|  design_1_i/processing_system7_0/inst/FCLK_CLK0 | design_1_i/ntt_axi_accelerator_0/inst/ntt_axi_accelerator_v1_0_S00_AXI_inst/slv_reg[36][15]_i_1_n_0                                                            | design_1_i/ntt_axi_accelerator_0/inst/ntt_axi_accelerator_v1_0_S00_AXI_inst/p_0_in                                                                    |                3 |              8 |
|  design_1_i/processing_system7_0/inst/FCLK_CLK0 | design_1_i/ntt_axi_accelerator_0/inst/ntt_axi_accelerator_v1_0_S00_AXI_inst/slv_reg[32][31]_i_1_n_0                                                            | design_1_i/ntt_axi_accelerator_0/inst/ntt_axi_accelerator_v1_0_S00_AXI_inst/p_0_in                                                                    |                2 |              8 |
|  design_1_i/processing_system7_0/inst/FCLK_CLK0 | design_1_i/ntt_axi_accelerator_0/inst/ntt_axi_accelerator_v1_0_S00_AXI_inst/slv_reg[36][7]_i_1_n_0                                                             | design_1_i/ntt_axi_accelerator_0/inst/ntt_axi_accelerator_v1_0_S00_AXI_inst/p_0_in                                                                    |                3 |              8 |
|  design_1_i/processing_system7_0/inst/FCLK_CLK0 | design_1_i/ntt_axi_accelerator_0/inst/ntt_axi_accelerator_v1_0_S00_AXI_inst/slv_reg[38][31]_i_1_n_0                                                            | design_1_i/ntt_axi_accelerator_0/inst/ntt_axi_accelerator_v1_0_S00_AXI_inst/p_0_in                                                                    |                2 |              8 |
|  design_1_i/processing_system7_0/inst/FCLK_CLK0 | design_1_i/ntt_axi_accelerator_0/inst/ntt_axi_accelerator_v1_0_S00_AXI_inst/slv_reg[40][23]_i_1_n_0                                                            | design_1_i/ntt_axi_accelerator_0/inst/ntt_axi_accelerator_v1_0_S00_AXI_inst/p_0_in                                                                    |                3 |              8 |
|  design_1_i/processing_system7_0/inst/FCLK_CLK0 | design_1_i/ntt_axi_accelerator_0/inst/ntt_axi_accelerator_v1_0_S00_AXI_inst/slv_reg[37][23]_i_1_n_0                                                            | design_1_i/ntt_axi_accelerator_0/inst/ntt_axi_accelerator_v1_0_S00_AXI_inst/p_0_in                                                                    |                3 |              8 |
|  design_1_i/processing_system7_0/inst/FCLK_CLK0 | design_1_i/ntt_axi_accelerator_0/inst/ntt_axi_accelerator_v1_0_S00_AXI_inst/slv_reg[39][7]_i_1_n_0                                                             | design_1_i/ntt_axi_accelerator_0/inst/ntt_axi_accelerator_v1_0_S00_AXI_inst/p_0_in                                                                    |                4 |              8 |
|  design_1_i/processing_system7_0/inst/FCLK_CLK0 | design_1_i/ntt_axi_accelerator_0/inst/ntt_axi_accelerator_v1_0_S00_AXI_inst/slv_reg[106][15]_i_1_n_0                                                           | design_1_i/ntt_axi_accelerator_0/inst/ntt_axi_accelerator_v1_0_S00_AXI_inst/p_0_in                                                                    |                2 |              8 |
|  design_1_i/processing_system7_0/inst/FCLK_CLK0 | design_1_i/ntt_axi_accelerator_0/inst/ntt_axi_accelerator_v1_0_S00_AXI_inst/slv_reg[107][15]_i_1_n_0                                                           | design_1_i/ntt_axi_accelerator_0/inst/ntt_axi_accelerator_v1_0_S00_AXI_inst/p_0_in                                                                    |                2 |              8 |
|  design_1_i/processing_system7_0/inst/FCLK_CLK0 | design_1_i/ntt_axi_accelerator_0/inst/ntt_axi_accelerator_v1_0_S00_AXI_inst/slv_reg[108][15]_i_1_n_0                                                           | design_1_i/ntt_axi_accelerator_0/inst/ntt_axi_accelerator_v1_0_S00_AXI_inst/p_0_in                                                                    |                3 |              8 |
|  design_1_i/processing_system7_0/inst/FCLK_CLK0 | design_1_i/ntt_axi_accelerator_0/inst/ntt_axi_accelerator_v1_0_S00_AXI_inst/slv_reg[106][31]_i_1_n_0                                                           | design_1_i/ntt_axi_accelerator_0/inst/ntt_axi_accelerator_v1_0_S00_AXI_inst/p_0_in                                                                    |                2 |              8 |
|  design_1_i/processing_system7_0/inst/FCLK_CLK0 | design_1_i/ntt_axi_accelerator_0/inst/ntt_axi_accelerator_v1_0_S00_AXI_inst/slv_reg[104][15]_i_1_n_0                                                           | design_1_i/ntt_axi_accelerator_0/inst/ntt_axi_accelerator_v1_0_S00_AXI_inst/p_0_in                                                                    |                2 |              8 |
|  design_1_i/processing_system7_0/inst/FCLK_CLK0 | design_1_i/ntt_axi_accelerator_0/inst/ntt_axi_accelerator_v1_0_S00_AXI_inst/slv_reg[105][23]_i_1_n_0                                                           | design_1_i/ntt_axi_accelerator_0/inst/ntt_axi_accelerator_v1_0_S00_AXI_inst/p_0_in                                                                    |                2 |              8 |
|  design_1_i/processing_system7_0/inst/FCLK_CLK0 | design_1_i/ntt_axi_accelerator_0/inst/ntt_axi_accelerator_v1_0_S00_AXI_inst/slv_reg[100][15]_i_1_n_0                                                           | design_1_i/ntt_axi_accelerator_0/inst/ntt_axi_accelerator_v1_0_S00_AXI_inst/p_0_in                                                                    |                2 |              8 |
|  design_1_i/processing_system7_0/inst/FCLK_CLK0 | design_1_i/ntt_axi_accelerator_0/inst/ntt_axi_accelerator_v1_0_S00_AXI_inst/slv_reg[105][31]_i_1_n_0                                                           | design_1_i/ntt_axi_accelerator_0/inst/ntt_axi_accelerator_v1_0_S00_AXI_inst/p_0_in                                                                    |                2 |              8 |
|  design_1_i/processing_system7_0/inst/FCLK_CLK0 | design_1_i/ntt_axi_accelerator_0/inst/ntt_axi_accelerator_v1_0_S00_AXI_inst/slv_reg[107][23]_i_1_n_0                                                           | design_1_i/ntt_axi_accelerator_0/inst/ntt_axi_accelerator_v1_0_S00_AXI_inst/p_0_in                                                                    |                2 |              8 |
|  design_1_i/processing_system7_0/inst/FCLK_CLK0 | design_1_i/ntt_axi_accelerator_0/inst/ntt_axi_accelerator_v1_0_S00_AXI_inst/slv_reg[108][23]_i_1_n_0                                                           | design_1_i/ntt_axi_accelerator_0/inst/ntt_axi_accelerator_v1_0_S00_AXI_inst/p_0_in                                                                    |                2 |              8 |
|  design_1_i/processing_system7_0/inst/FCLK_CLK0 | design_1_i/ntt_axi_accelerator_0/inst/ntt_axi_accelerator_v1_0_S00_AXI_inst/slv_reg[109][7]_i_1_n_0                                                            | design_1_i/ntt_axi_accelerator_0/inst/ntt_axi_accelerator_v1_0_S00_AXI_inst/p_0_in                                                                    |                2 |              8 |
|  design_1_i/processing_system7_0/inst/FCLK_CLK0 | design_1_i/ntt_axi_accelerator_0/inst/ntt_axi_accelerator_v1_0_S00_AXI_inst/slv_reg[101][15]_i_1_n_0                                                           | design_1_i/ntt_axi_accelerator_0/inst/ntt_axi_accelerator_v1_0_S00_AXI_inst/p_0_in                                                                    |                3 |              8 |
|  design_1_i/processing_system7_0/inst/FCLK_CLK0 | design_1_i/ntt_axi_accelerator_0/inst/ntt_axi_accelerator_v1_0_S00_AXI_inst/slv_reg[10][7]_i_1_n_0                                                             | design_1_i/ntt_axi_accelerator_0/inst/ntt_axi_accelerator_v1_0_S00_AXI_inst/p_0_in                                                                    |                2 |              8 |
|  design_1_i/processing_system7_0/inst/FCLK_CLK0 | design_1_i/ntt_axi_accelerator_0/inst/ntt_axi_accelerator_v1_0_S00_AXI_inst/slv_reg[104][7]_i_1_n_0                                                            | design_1_i/ntt_axi_accelerator_0/inst/ntt_axi_accelerator_v1_0_S00_AXI_inst/p_0_in                                                                    |                2 |              8 |
|  design_1_i/processing_system7_0/inst/FCLK_CLK0 | design_1_i/ntt_axi_accelerator_0/inst/ntt_axi_accelerator_v1_0_S00_AXI_inst/slv_reg[110][15]_i_1_n_0                                                           | design_1_i/ntt_axi_accelerator_0/inst/ntt_axi_accelerator_v1_0_S00_AXI_inst/p_0_in                                                                    |                2 |              8 |
|  design_1_i/processing_system7_0/inst/FCLK_CLK0 | design_1_i/ntt_axi_accelerator_0/inst/ntt_axi_accelerator_v1_0_S00_AXI_inst/slv_reg[108][7]_i_1_n_0                                                            | design_1_i/ntt_axi_accelerator_0/inst/ntt_axi_accelerator_v1_0_S00_AXI_inst/p_0_in                                                                    |                3 |              8 |
|  design_1_i/processing_system7_0/inst/FCLK_CLK0 | design_1_i/ntt_axi_accelerator_0/inst/ntt_axi_accelerator_v1_0_S00_AXI_inst/slv_reg[110][23]_i_1_n_0                                                           | design_1_i/ntt_axi_accelerator_0/inst/ntt_axi_accelerator_v1_0_S00_AXI_inst/p_0_in                                                                    |                4 |              8 |
|  design_1_i/processing_system7_0/inst/FCLK_CLK0 | design_1_i/ntt_axi_accelerator_0/inst/ntt_axi_accelerator_v1_0_S00_AXI_inst/slv_reg[110][31]_i_1_n_0                                                           | design_1_i/ntt_axi_accelerator_0/inst/ntt_axi_accelerator_v1_0_S00_AXI_inst/p_0_in                                                                    |                3 |              8 |
|  design_1_i/processing_system7_0/inst/FCLK_CLK0 | design_1_i/ntt_axi_accelerator_0/inst/ntt_axi_accelerator_v1_0_S00_AXI_inst/slv_reg[108][31]_i_1_n_0                                                           | design_1_i/ntt_axi_accelerator_0/inst/ntt_axi_accelerator_v1_0_S00_AXI_inst/p_0_in                                                                    |                2 |              8 |
|  design_1_i/processing_system7_0/inst/FCLK_CLK0 | design_1_i/ntt_axi_accelerator_0/inst/ntt_axi_accelerator_v1_0_S00_AXI_inst/slv_reg[102][23]_i_1_n_0                                                           | design_1_i/ntt_axi_accelerator_0/inst/ntt_axi_accelerator_v1_0_S00_AXI_inst/p_0_in                                                                    |                2 |              8 |
|  design_1_i/processing_system7_0/inst/FCLK_CLK0 | design_1_i/ntt_axi_accelerator_0/inst/ntt_axi_accelerator_v1_0_S00_AXI_inst/slv_reg[103][7]_i_1_n_0                                                            | design_1_i/ntt_axi_accelerator_0/inst/ntt_axi_accelerator_v1_0_S00_AXI_inst/p_0_in                                                                    |                2 |              8 |
|  design_1_i/processing_system7_0/inst/FCLK_CLK0 | design_1_i/ntt_axi_accelerator_0/inst/ntt_axi_accelerator_v1_0_S00_AXI_inst/slv_reg[100][23]_i_1_n_0                                                           | design_1_i/ntt_axi_accelerator_0/inst/ntt_axi_accelerator_v1_0_S00_AXI_inst/p_0_in                                                                    |                3 |              8 |
|  design_1_i/processing_system7_0/inst/FCLK_CLK0 | design_1_i/ntt_axi_accelerator_0/inst/ntt_axi_accelerator_v1_0_S00_AXI_inst/slv_reg[109][23]_i_1_n_0                                                           | design_1_i/ntt_axi_accelerator_0/inst/ntt_axi_accelerator_v1_0_S00_AXI_inst/p_0_in                                                                    |                3 |              8 |
|  design_1_i/processing_system7_0/inst/FCLK_CLK0 | design_1_i/ntt_axi_accelerator_0/inst/ntt_axi_accelerator_v1_0_S00_AXI_inst/slv_reg[10][23]_i_1_n_0                                                            | design_1_i/ntt_axi_accelerator_0/inst/ntt_axi_accelerator_v1_0_S00_AXI_inst/p_0_in                                                                    |                1 |              8 |
|  design_1_i/processing_system7_0/inst/FCLK_CLK0 | design_1_i/ntt_axi_accelerator_0/inst/ntt_axi_accelerator_v1_0_S00_AXI_inst/slv_reg[100][31]_i_1_n_0                                                           | design_1_i/ntt_axi_accelerator_0/inst/ntt_axi_accelerator_v1_0_S00_AXI_inst/p_0_in                                                                    |                2 |              8 |
|  design_1_i/processing_system7_0/inst/FCLK_CLK0 | design_1_i/ntt_axi_accelerator_0/inst/ntt_axi_accelerator_v1_0_S00_AXI_inst/slv_reg[102][31]_i_1_n_0                                                           | design_1_i/ntt_axi_accelerator_0/inst/ntt_axi_accelerator_v1_0_S00_AXI_inst/p_0_in                                                                    |                3 |              8 |
|  design_1_i/processing_system7_0/inst/FCLK_CLK0 | design_1_i/ntt_axi_accelerator_0/inst/ntt_axi_accelerator_v1_0_S00_AXI_inst/slv_reg[105][7]_i_1_n_0                                                            | design_1_i/ntt_axi_accelerator_0/inst/ntt_axi_accelerator_v1_0_S00_AXI_inst/p_0_in                                                                    |                3 |              8 |
|  design_1_i/processing_system7_0/inst/FCLK_CLK0 | design_1_i/ntt_axi_accelerator_0/inst/ntt_axi_accelerator_v1_0_S00_AXI_inst/slv_reg[100][7]_i_1_n_0                                                            | design_1_i/ntt_axi_accelerator_0/inst/ntt_axi_accelerator_v1_0_S00_AXI_inst/p_0_in                                                                    |                4 |              8 |
|  design_1_i/processing_system7_0/inst/FCLK_CLK0 | design_1_i/ntt_axi_accelerator_0/inst/ntt_axi_accelerator_v1_0_S00_AXI_inst/slv_reg[10][15]_i_1_n_0                                                            | design_1_i/ntt_axi_accelerator_0/inst/ntt_axi_accelerator_v1_0_S00_AXI_inst/p_0_in                                                                    |                2 |              8 |
|  design_1_i/processing_system7_0/inst/FCLK_CLK0 | design_1_i/ntt_axi_accelerator_0/inst/ntt_axi_accelerator_v1_0_S00_AXI_inst/slv_reg[10][31]_i_1_n_0                                                            | design_1_i/ntt_axi_accelerator_0/inst/ntt_axi_accelerator_v1_0_S00_AXI_inst/p_0_in                                                                    |                2 |              8 |
|  design_1_i/processing_system7_0/inst/FCLK_CLK0 | design_1_i/ntt_axi_accelerator_0/inst/ntt_axi_accelerator_v1_0_S00_AXI_inst/slv_reg[107][31]_i_1_n_0                                                           | design_1_i/ntt_axi_accelerator_0/inst/ntt_axi_accelerator_v1_0_S00_AXI_inst/p_0_in                                                                    |                2 |              8 |
|  design_1_i/processing_system7_0/inst/FCLK_CLK0 | design_1_i/ntt_axi_accelerator_0/inst/ntt_axi_accelerator_v1_0_S00_AXI_inst/slv_reg[103][31]_i_1_n_0                                                           | design_1_i/ntt_axi_accelerator_0/inst/ntt_axi_accelerator_v1_0_S00_AXI_inst/p_0_in                                                                    |                2 |              8 |
|  design_1_i/processing_system7_0/inst/FCLK_CLK0 | design_1_i/ntt_axi_accelerator_0/inst/ntt_axi_accelerator_v1_0_S00_AXI_inst/slv_reg[106][7]_i_1_n_0                                                            | design_1_i/ntt_axi_accelerator_0/inst/ntt_axi_accelerator_v1_0_S00_AXI_inst/p_0_in                                                                    |                3 |              8 |
|  design_1_i/processing_system7_0/inst/FCLK_CLK0 | design_1_i/ntt_axi_accelerator_0/inst/ntt_axi_accelerator_v1_0_S00_AXI_inst/slv_reg[107][7]_i_1_n_0                                                            | design_1_i/ntt_axi_accelerator_0/inst/ntt_axi_accelerator_v1_0_S00_AXI_inst/p_0_in                                                                    |                3 |              8 |
|  design_1_i/processing_system7_0/inst/FCLK_CLK0 | design_1_i/ntt_axi_accelerator_0/inst/ntt_axi_accelerator_v1_0_S00_AXI_inst/slv_reg[101][31]_i_1_n_0                                                           | design_1_i/ntt_axi_accelerator_0/inst/ntt_axi_accelerator_v1_0_S00_AXI_inst/p_0_in                                                                    |                2 |              8 |
|  design_1_i/processing_system7_0/inst/FCLK_CLK0 | design_1_i/ntt_axi_accelerator_0/inst/ntt_axi_accelerator_v1_0_S00_AXI_inst/slv_reg[102][7]_i_1_n_0                                                            | design_1_i/ntt_axi_accelerator_0/inst/ntt_axi_accelerator_v1_0_S00_AXI_inst/p_0_in                                                                    |                5 |              8 |
|  design_1_i/processing_system7_0/inst/FCLK_CLK0 | design_1_i/ntt_axi_accelerator_0/inst/ntt_axi_accelerator_v1_0_S00_AXI_inst/slv_reg[104][23]_i_1_n_0                                                           | design_1_i/ntt_axi_accelerator_0/inst/ntt_axi_accelerator_v1_0_S00_AXI_inst/p_0_in                                                                    |                3 |              8 |
|  design_1_i/processing_system7_0/inst/FCLK_CLK0 | design_1_i/ntt_axi_accelerator_0/inst/ntt_axi_accelerator_v1_0_S00_AXI_inst/slv_reg[101][23]_i_1_n_0                                                           | design_1_i/ntt_axi_accelerator_0/inst/ntt_axi_accelerator_v1_0_S00_AXI_inst/p_0_in                                                                    |                2 |              8 |
|  design_1_i/processing_system7_0/inst/FCLK_CLK0 | design_1_i/ntt_axi_accelerator_0/inst/ntt_axi_accelerator_v1_0_S00_AXI_inst/slv_reg[106][23]_i_1_n_0                                                           | design_1_i/ntt_axi_accelerator_0/inst/ntt_axi_accelerator_v1_0_S00_AXI_inst/p_0_in                                                                    |                3 |              8 |
|  design_1_i/processing_system7_0/inst/FCLK_CLK0 | design_1_i/ntt_axi_accelerator_0/inst/ntt_axi_accelerator_v1_0_S00_AXI_inst/slv_reg[109][15]_i_1_n_0                                                           | design_1_i/ntt_axi_accelerator_0/inst/ntt_axi_accelerator_v1_0_S00_AXI_inst/p_0_in                                                                    |                2 |              8 |
|  design_1_i/processing_system7_0/inst/FCLK_CLK0 | design_1_i/ntt_axi_accelerator_0/inst/ntt_axi_accelerator_v1_0_S00_AXI_inst/slv_reg[109][31]_i_1_n_0                                                           | design_1_i/ntt_axi_accelerator_0/inst/ntt_axi_accelerator_v1_0_S00_AXI_inst/p_0_in                                                                    |                2 |              8 |
|  design_1_i/processing_system7_0/inst/FCLK_CLK0 | design_1_i/ntt_axi_accelerator_0/inst/ntt_axi_accelerator_v1_0_S00_AXI_inst/slv_reg[102][15]_i_1_n_0                                                           | design_1_i/ntt_axi_accelerator_0/inst/ntt_axi_accelerator_v1_0_S00_AXI_inst/p_0_in                                                                    |                2 |              8 |
|  design_1_i/processing_system7_0/inst/FCLK_CLK0 | design_1_i/ntt_axi_accelerator_0/inst/ntt_axi_accelerator_v1_0_S00_AXI_inst/slv_reg[104][31]_i_1_n_0                                                           | design_1_i/ntt_axi_accelerator_0/inst/ntt_axi_accelerator_v1_0_S00_AXI_inst/p_0_in                                                                    |                2 |              8 |
|  design_1_i/processing_system7_0/inst/FCLK_CLK0 | design_1_i/ntt_axi_accelerator_0/inst/ntt_axi_accelerator_v1_0_S00_AXI_inst/slv_reg[105][15]_i_1_n_0                                                           | design_1_i/ntt_axi_accelerator_0/inst/ntt_axi_accelerator_v1_0_S00_AXI_inst/p_0_in                                                                    |                3 |              8 |
|  design_1_i/processing_system7_0/inst/FCLK_CLK0 | design_1_i/ntt_axi_accelerator_0/inst/ntt_axi_accelerator_v1_0_S00_AXI_inst/slv_reg[103][23]_i_1_n_0                                                           | design_1_i/ntt_axi_accelerator_0/inst/ntt_axi_accelerator_v1_0_S00_AXI_inst/p_0_in                                                                    |                3 |              8 |
|  design_1_i/processing_system7_0/inst/FCLK_CLK0 | design_1_i/ntt_axi_accelerator_0/inst/ntt_axi_accelerator_v1_0_S00_AXI_inst/slv_reg[101][7]_i_1_n_0                                                            | design_1_i/ntt_axi_accelerator_0/inst/ntt_axi_accelerator_v1_0_S00_AXI_inst/p_0_in                                                                    |                2 |              8 |
|  design_1_i/processing_system7_0/inst/FCLK_CLK0 | design_1_i/ntt_axi_accelerator_0/inst/ntt_axi_accelerator_v1_0_S00_AXI_inst/slv_reg[103][15]_i_1_n_0                                                           | design_1_i/ntt_axi_accelerator_0/inst/ntt_axi_accelerator_v1_0_S00_AXI_inst/p_0_in                                                                    |                1 |              8 |
|  design_1_i/processing_system7_0/inst/FCLK_CLK0 | design_1_i/ntt_axi_accelerator_0/inst/ntt_axi_accelerator_v1_0_S00_AXI_inst/slv_reg[116][31]_i_1_n_0                                                           | design_1_i/ntt_axi_accelerator_0/inst/ntt_axi_accelerator_v1_0_S00_AXI_inst/p_0_in                                                                    |                3 |              8 |
|  design_1_i/processing_system7_0/inst/FCLK_CLK0 | design_1_i/ntt_axi_accelerator_0/inst/ntt_axi_accelerator_v1_0_S00_AXI_inst/slv_reg[113][15]_i_1_n_0                                                           | design_1_i/ntt_axi_accelerator_0/inst/ntt_axi_accelerator_v1_0_S00_AXI_inst/p_0_in                                                                    |                2 |              8 |
|  design_1_i/processing_system7_0/inst/FCLK_CLK0 | design_1_i/ntt_axi_accelerator_0/inst/ntt_axi_accelerator_v1_0_S00_AXI_inst/slv_reg[117][31]_i_1_n_0                                                           | design_1_i/ntt_axi_accelerator_0/inst/ntt_axi_accelerator_v1_0_S00_AXI_inst/p_0_in                                                                    |                2 |              8 |
|  design_1_i/processing_system7_0/inst/FCLK_CLK0 | design_1_i/ntt_axi_accelerator_0/inst/ntt_axi_accelerator_v1_0_S00_AXI_inst/slv_reg[114][31]_i_1_n_0                                                           | design_1_i/ntt_axi_accelerator_0/inst/ntt_axi_accelerator_v1_0_S00_AXI_inst/p_0_in                                                                    |                3 |              8 |
|  design_1_i/processing_system7_0/inst/FCLK_CLK0 | design_1_i/ntt_axi_accelerator_0/inst/ntt_axi_accelerator_v1_0_S00_AXI_inst/slv_reg[117][7]_i_1_n_0                                                            | design_1_i/ntt_axi_accelerator_0/inst/ntt_axi_accelerator_v1_0_S00_AXI_inst/p_0_in                                                                    |                4 |              8 |
|  design_1_i/processing_system7_0/inst/FCLK_CLK0 | design_1_i/ntt_axi_accelerator_0/inst/ntt_axi_accelerator_v1_0_S00_AXI_inst/slv_reg[118][31]_i_1_n_0                                                           | design_1_i/ntt_axi_accelerator_0/inst/ntt_axi_accelerator_v1_0_S00_AXI_inst/p_0_in                                                                    |                2 |              8 |
|  design_1_i/processing_system7_0/inst/FCLK_CLK0 | design_1_i/ntt_axi_accelerator_0/inst/ntt_axi_accelerator_v1_0_S00_AXI_inst/slv_reg[112][23]_i_1_n_0                                                           | design_1_i/ntt_axi_accelerator_0/inst/ntt_axi_accelerator_v1_0_S00_AXI_inst/p_0_in                                                                    |                2 |              8 |
|  design_1_i/processing_system7_0/inst/FCLK_CLK0 | design_1_i/ntt_axi_accelerator_0/inst/ntt_axi_accelerator_v1_0_S00_AXI_inst/slv_reg[113][23]_i_1_n_0                                                           | design_1_i/ntt_axi_accelerator_0/inst/ntt_axi_accelerator_v1_0_S00_AXI_inst/p_0_in                                                                    |                3 |              8 |
|  design_1_i/processing_system7_0/inst/FCLK_CLK0 | design_1_i/ntt_axi_accelerator_0/inst/ntt_axi_accelerator_v1_0_S00_AXI_inst/slv_reg[113][7]_i_1_n_0                                                            | design_1_i/ntt_axi_accelerator_0/inst/ntt_axi_accelerator_v1_0_S00_AXI_inst/p_0_in                                                                    |                3 |              8 |
|  design_1_i/processing_system7_0/inst/FCLK_CLK0 | design_1_i/ntt_axi_accelerator_0/inst/ntt_axi_accelerator_v1_0_S00_AXI_inst/slv_reg[114][7]_i_1_n_0                                                            | design_1_i/ntt_axi_accelerator_0/inst/ntt_axi_accelerator_v1_0_S00_AXI_inst/p_0_in                                                                    |                3 |              8 |
|  design_1_i/processing_system7_0/inst/FCLK_CLK0 | design_1_i/ntt_axi_accelerator_0/inst/ntt_axi_accelerator_v1_0_S00_AXI_inst/slv_reg[115][23]_i_1_n_0                                                           | design_1_i/ntt_axi_accelerator_0/inst/ntt_axi_accelerator_v1_0_S00_AXI_inst/p_0_in                                                                    |                4 |              8 |
|  design_1_i/processing_system7_0/inst/FCLK_CLK0 | design_1_i/ntt_axi_accelerator_0/inst/ntt_axi_accelerator_v1_0_S00_AXI_inst/slv_reg[118][15]_i_1_n_0                                                           | design_1_i/ntt_axi_accelerator_0/inst/ntt_axi_accelerator_v1_0_S00_AXI_inst/p_0_in                                                                    |                4 |              8 |
|  design_1_i/processing_system7_0/inst/FCLK_CLK0 | design_1_i/ntt_axi_accelerator_0/inst/ntt_axi_accelerator_v1_0_S00_AXI_inst/slv_reg[118][23]_i_1_n_0                                                           | design_1_i/ntt_axi_accelerator_0/inst/ntt_axi_accelerator_v1_0_S00_AXI_inst/p_0_in                                                                    |                4 |              8 |
|  design_1_i/processing_system7_0/inst/FCLK_CLK0 | design_1_i/ntt_axi_accelerator_0/inst/ntt_axi_accelerator_v1_0_S00_AXI_inst/slv_reg[111][15]_i_1_n_0                                                           | design_1_i/ntt_axi_accelerator_0/inst/ntt_axi_accelerator_v1_0_S00_AXI_inst/p_0_in                                                                    |                2 |              8 |
|  design_1_i/processing_system7_0/inst/FCLK_CLK0 | design_1_i/ntt_axi_accelerator_0/inst/ntt_axi_accelerator_v1_0_S00_AXI_inst/slv_reg[119][23]_i_1_n_0                                                           | design_1_i/ntt_axi_accelerator_0/inst/ntt_axi_accelerator_v1_0_S00_AXI_inst/p_0_in                                                                    |                3 |              8 |
|  design_1_i/processing_system7_0/inst/FCLK_CLK0 | design_1_i/ntt_axi_accelerator_0/inst/ntt_axi_accelerator_v1_0_S00_AXI_inst/slv_reg[116][23]_i_1_n_0                                                           | design_1_i/ntt_axi_accelerator_0/inst/ntt_axi_accelerator_v1_0_S00_AXI_inst/p_0_in                                                                    |                2 |              8 |
|  design_1_i/processing_system7_0/inst/FCLK_CLK0 | design_1_i/ntt_axi_accelerator_0/inst/ntt_axi_accelerator_v1_0_S00_AXI_inst/slv_reg[11][23]_i_1_n_0                                                            | design_1_i/ntt_axi_accelerator_0/inst/ntt_axi_accelerator_v1_0_S00_AXI_inst/p_0_in                                                                    |                3 |              8 |
|  design_1_i/processing_system7_0/inst/FCLK_CLK0 | design_1_i/ntt_axi_accelerator_0/inst/ntt_axi_accelerator_v1_0_S00_AXI_inst/slv_reg[115][15]_i_1_n_0                                                           | design_1_i/ntt_axi_accelerator_0/inst/ntt_axi_accelerator_v1_0_S00_AXI_inst/p_0_in                                                                    |                2 |              8 |
|  design_1_i/processing_system7_0/inst/FCLK_CLK0 | design_1_i/ntt_axi_accelerator_0/inst/ntt_axi_accelerator_v1_0_S00_AXI_inst/slv_reg[11][15]_i_1_n_0                                                            | design_1_i/ntt_axi_accelerator_0/inst/ntt_axi_accelerator_v1_0_S00_AXI_inst/p_0_in                                                                    |                3 |              8 |
|  design_1_i/processing_system7_0/inst/FCLK_CLK0 | design_1_i/ntt_axi_accelerator_0/inst/ntt_axi_accelerator_v1_0_S00_AXI_inst/slv_reg[11][31]_i_1_n_0                                                            | design_1_i/ntt_axi_accelerator_0/inst/ntt_axi_accelerator_v1_0_S00_AXI_inst/p_0_in                                                                    |                2 |              8 |
|  design_1_i/processing_system7_0/inst/FCLK_CLK0 | design_1_i/ntt_axi_accelerator_0/inst/ntt_axi_accelerator_v1_0_S00_AXI_inst/slv_reg[117][23]_i_1_n_0                                                           | design_1_i/ntt_axi_accelerator_0/inst/ntt_axi_accelerator_v1_0_S00_AXI_inst/p_0_in                                                                    |                5 |              8 |
|  design_1_i/processing_system7_0/inst/FCLK_CLK0 | design_1_i/ntt_axi_accelerator_0/inst/ntt_axi_accelerator_v1_0_S00_AXI_inst/slv_reg[11][7]_i_1_n_0                                                             | design_1_i/ntt_axi_accelerator_0/inst/ntt_axi_accelerator_v1_0_S00_AXI_inst/p_0_in                                                                    |                4 |              8 |
|  design_1_i/processing_system7_0/inst/FCLK_CLK0 | design_1_i/ntt_axi_accelerator_0/inst/ntt_axi_accelerator_v1_0_S00_AXI_inst/slv_reg[120][15]_i_1_n_0                                                           | design_1_i/ntt_axi_accelerator_0/inst/ntt_axi_accelerator_v1_0_S00_AXI_inst/p_0_in                                                                    |                3 |              8 |
|  design_1_i/processing_system7_0/inst/FCLK_CLK0 | design_1_i/ntt_axi_accelerator_0/inst/ntt_axi_accelerator_v1_0_S00_AXI_inst/slv_reg[117][15]_i_1_n_0                                                           | design_1_i/ntt_axi_accelerator_0/inst/ntt_axi_accelerator_v1_0_S00_AXI_inst/p_0_in                                                                    |                2 |              8 |
|  design_1_i/processing_system7_0/inst/FCLK_CLK0 | design_1_i/ntt_axi_accelerator_0/inst/ntt_axi_accelerator_v1_0_S00_AXI_inst/slv_reg[111][31]_i_1_n_0                                                           | design_1_i/ntt_axi_accelerator_0/inst/ntt_axi_accelerator_v1_0_S00_AXI_inst/p_0_in                                                                    |                3 |              8 |
|  design_1_i/processing_system7_0/inst/FCLK_CLK0 | design_1_i/ntt_axi_accelerator_0/inst/ntt_axi_accelerator_v1_0_S00_AXI_inst/slv_reg[110][7]_i_1_n_0                                                            | design_1_i/ntt_axi_accelerator_0/inst/ntt_axi_accelerator_v1_0_S00_AXI_inst/p_0_in                                                                    |                4 |              8 |
|  design_1_i/processing_system7_0/inst/FCLK_CLK0 | design_1_i/ntt_axi_accelerator_0/inst/ntt_axi_accelerator_v1_0_S00_AXI_inst/slv_reg[113][31]_i_1_n_0                                                           | design_1_i/ntt_axi_accelerator_0/inst/ntt_axi_accelerator_v1_0_S00_AXI_inst/p_0_in                                                                    |                4 |              8 |
|  design_1_i/processing_system7_0/inst/FCLK_CLK0 | design_1_i/ntt_axi_accelerator_0/inst/ntt_axi_accelerator_v1_0_S00_AXI_inst/slv_reg[114][15]_i_1_n_0                                                           | design_1_i/ntt_axi_accelerator_0/inst/ntt_axi_accelerator_v1_0_S00_AXI_inst/p_0_in                                                                    |                2 |              8 |
|  design_1_i/processing_system7_0/inst/FCLK_CLK0 | design_1_i/ntt_axi_accelerator_0/inst/ntt_axi_accelerator_v1_0_S00_AXI_inst/slv_reg[116][15]_i_1_n_0                                                           | design_1_i/ntt_axi_accelerator_0/inst/ntt_axi_accelerator_v1_0_S00_AXI_inst/p_0_in                                                                    |                2 |              8 |
|  design_1_i/processing_system7_0/inst/FCLK_CLK0 | design_1_i/ntt_axi_accelerator_0/inst/ntt_axi_accelerator_v1_0_S00_AXI_inst/slv_reg[118][7]_i_1_n_0                                                            | design_1_i/ntt_axi_accelerator_0/inst/ntt_axi_accelerator_v1_0_S00_AXI_inst/p_0_in                                                                    |                4 |              8 |
|  design_1_i/processing_system7_0/inst/FCLK_CLK0 | design_1_i/ntt_axi_accelerator_0/inst/ntt_axi_accelerator_v1_0_S00_AXI_inst/slv_reg[114][23]_i_1_n_0                                                           | design_1_i/ntt_axi_accelerator_0/inst/ntt_axi_accelerator_v1_0_S00_AXI_inst/p_0_in                                                                    |                3 |              8 |
|  design_1_i/processing_system7_0/inst/FCLK_CLK0 | design_1_i/ntt_axi_accelerator_0/inst/ntt_axi_accelerator_v1_0_S00_AXI_inst/slv_reg[111][7]_i_1_n_0                                                            | design_1_i/ntt_axi_accelerator_0/inst/ntt_axi_accelerator_v1_0_S00_AXI_inst/p_0_in                                                                    |                2 |              8 |
|  design_1_i/processing_system7_0/inst/FCLK_CLK0 | design_1_i/ntt_axi_accelerator_0/inst/ntt_axi_accelerator_v1_0_S00_AXI_inst/slv_reg[115][31]_i_1_n_0                                                           | design_1_i/ntt_axi_accelerator_0/inst/ntt_axi_accelerator_v1_0_S00_AXI_inst/p_0_in                                                                    |                2 |              8 |
|  design_1_i/processing_system7_0/inst/FCLK_CLK0 | design_1_i/ntt_axi_accelerator_0/inst/ntt_axi_accelerator_v1_0_S00_AXI_inst/slv_reg[120][7]_i_1_n_0                                                            | design_1_i/ntt_axi_accelerator_0/inst/ntt_axi_accelerator_v1_0_S00_AXI_inst/p_0_in                                                                    |                3 |              8 |
|  design_1_i/processing_system7_0/inst/FCLK_CLK0 | design_1_i/ntt_axi_accelerator_0/inst/ntt_axi_accelerator_v1_0_S00_AXI_inst/slv_reg[119][31]_i_1_n_0                                                           | design_1_i/ntt_axi_accelerator_0/inst/ntt_axi_accelerator_v1_0_S00_AXI_inst/p_0_in                                                                    |                2 |              8 |
|  design_1_i/processing_system7_0/inst/FCLK_CLK0 | design_1_i/ntt_axi_accelerator_0/inst/ntt_axi_accelerator_v1_0_S00_AXI_inst/slv_reg[120][23]_i_1_n_0                                                           | design_1_i/ntt_axi_accelerator_0/inst/ntt_axi_accelerator_v1_0_S00_AXI_inst/p_0_in                                                                    |                3 |              8 |
|  design_1_i/processing_system7_0/inst/FCLK_CLK0 | design_1_i/ntt_axi_accelerator_0/inst/ntt_axi_accelerator_v1_0_S00_AXI_inst/slv_reg[121][15]_i_1_n_0                                                           | design_1_i/ntt_axi_accelerator_0/inst/ntt_axi_accelerator_v1_0_S00_AXI_inst/p_0_in                                                                    |                2 |              8 |
|  design_1_i/processing_system7_0/inst/FCLK_CLK0 | design_1_i/ntt_axi_accelerator_0/inst/ntt_axi_accelerator_v1_0_S00_AXI_inst/slv_reg[119][7]_i_1_n_0                                                            | design_1_i/ntt_axi_accelerator_0/inst/ntt_axi_accelerator_v1_0_S00_AXI_inst/p_0_in                                                                    |                3 |              8 |
|  design_1_i/processing_system7_0/inst/FCLK_CLK0 | design_1_i/ntt_axi_accelerator_0/inst/ntt_axi_accelerator_v1_0_S00_AXI_inst/slv_reg[121][7]_i_1_n_0                                                            | design_1_i/ntt_axi_accelerator_0/inst/ntt_axi_accelerator_v1_0_S00_AXI_inst/p_0_in                                                                    |                4 |              8 |
|  design_1_i/processing_system7_0/inst/FCLK_CLK0 | design_1_i/ntt_axi_accelerator_0/inst/ntt_axi_accelerator_v1_0_S00_AXI_inst/slv_reg[121][31]_i_1_n_0                                                           | design_1_i/ntt_axi_accelerator_0/inst/ntt_axi_accelerator_v1_0_S00_AXI_inst/p_0_in                                                                    |                2 |              8 |
|  design_1_i/processing_system7_0/inst/FCLK_CLK0 | design_1_i/ntt_axi_accelerator_0/inst/ntt_axi_accelerator_v1_0_S00_AXI_inst/slv_reg[121][23]_i_1_n_0                                                           | design_1_i/ntt_axi_accelerator_0/inst/ntt_axi_accelerator_v1_0_S00_AXI_inst/p_0_in                                                                    |                2 |              8 |
|  design_1_i/processing_system7_0/inst/FCLK_CLK0 | design_1_i/ntt_axi_accelerator_0/inst/ntt_axi_accelerator_v1_0_S00_AXI_inst/slv_reg[122][15]_i_1_n_0                                                           | design_1_i/ntt_axi_accelerator_0/inst/ntt_axi_accelerator_v1_0_S00_AXI_inst/p_0_in                                                                    |                2 |              8 |
|  design_1_i/processing_system7_0/inst/FCLK_CLK0 | design_1_i/ntt_axi_accelerator_0/inst/ntt_axi_accelerator_v1_0_S00_AXI_inst/slv_reg[120][31]_i_1_n_0                                                           | design_1_i/ntt_axi_accelerator_0/inst/ntt_axi_accelerator_v1_0_S00_AXI_inst/p_0_in                                                                    |                2 |              8 |
|  design_1_i/processing_system7_0/inst/FCLK_CLK0 | design_1_i/ntt_axi_accelerator_0/inst/ntt_axi_accelerator_v1_0_S00_AXI_inst/slv_reg[122][23]_i_1_n_0                                                           | design_1_i/ntt_axi_accelerator_0/inst/ntt_axi_accelerator_v1_0_S00_AXI_inst/p_0_in                                                                    |                2 |              8 |
|  design_1_i/processing_system7_0/inst/FCLK_CLK0 | design_1_i/ntt_axi_accelerator_0/inst/ntt_axi_accelerator_v1_0_S00_AXI_inst/slv_reg[112][31]_i_1_n_0                                                           | design_1_i/ntt_axi_accelerator_0/inst/ntt_axi_accelerator_v1_0_S00_AXI_inst/p_0_in                                                                    |                2 |              8 |
|  design_1_i/processing_system7_0/inst/FCLK_CLK0 | design_1_i/ntt_axi_accelerator_0/inst/ntt_axi_accelerator_v1_0_S00_AXI_inst/slv_reg[112][15]_i_1_n_0                                                           | design_1_i/ntt_axi_accelerator_0/inst/ntt_axi_accelerator_v1_0_S00_AXI_inst/p_0_in                                                                    |                2 |              8 |
|  design_1_i/processing_system7_0/inst/FCLK_CLK0 | design_1_i/ntt_axi_accelerator_0/inst/ntt_axi_accelerator_v1_0_S00_AXI_inst/slv_reg[122][31]_i_1_n_0                                                           | design_1_i/ntt_axi_accelerator_0/inst/ntt_axi_accelerator_v1_0_S00_AXI_inst/p_0_in                                                                    |                3 |              8 |
|  design_1_i/processing_system7_0/inst/FCLK_CLK0 | design_1_i/ntt_axi_accelerator_0/inst/ntt_axi_accelerator_v1_0_S00_AXI_inst/slv_reg[116][7]_i_1_n_0                                                            | design_1_i/ntt_axi_accelerator_0/inst/ntt_axi_accelerator_v1_0_S00_AXI_inst/p_0_in                                                                    |                3 |              8 |
|  design_1_i/processing_system7_0/inst/FCLK_CLK0 | design_1_i/ntt_axi_accelerator_0/inst/ntt_axi_accelerator_v1_0_S00_AXI_inst/slv_reg[115][7]_i_1_n_0                                                            | design_1_i/ntt_axi_accelerator_0/inst/ntt_axi_accelerator_v1_0_S00_AXI_inst/p_0_in                                                                    |                2 |              8 |
|  design_1_i/processing_system7_0/inst/FCLK_CLK0 | design_1_i/ntt_axi_accelerator_0/inst/ntt_axi_accelerator_v1_0_S00_AXI_inst/slv_reg[119][15]_i_1_n_0                                                           | design_1_i/ntt_axi_accelerator_0/inst/ntt_axi_accelerator_v1_0_S00_AXI_inst/p_0_in                                                                    |                1 |              8 |
|  design_1_i/processing_system7_0/inst/FCLK_CLK0 | design_1_i/ntt_axi_accelerator_0/inst/ntt_axi_accelerator_v1_0_S00_AXI_inst/slv_reg[122][7]_i_1_n_0                                                            | design_1_i/ntt_axi_accelerator_0/inst/ntt_axi_accelerator_v1_0_S00_AXI_inst/p_0_in                                                                    |                4 |              8 |
|  design_1_i/processing_system7_0/inst/FCLK_CLK0 | design_1_i/ntt_axi_accelerator_0/inst/ntt_axi_accelerator_v1_0_S00_AXI_inst/slv_reg[123][15]_i_1_n_0                                                           | design_1_i/ntt_axi_accelerator_0/inst/ntt_axi_accelerator_v1_0_S00_AXI_inst/p_0_in                                                                    |                2 |              8 |
|  design_1_i/processing_system7_0/inst/FCLK_CLK0 | design_1_i/ntt_axi_accelerator_0/inst/ntt_axi_accelerator_v1_0_S00_AXI_inst/slv_reg[111][23]_i_1_n_0                                                           | design_1_i/ntt_axi_accelerator_0/inst/ntt_axi_accelerator_v1_0_S00_AXI_inst/p_0_in                                                                    |                5 |              8 |
|  design_1_i/processing_system7_0/inst/FCLK_CLK0 | design_1_i/ntt_axi_accelerator_0/inst/ntt_axi_accelerator_v1_0_S00_AXI_inst/slv_reg[112][7]_i_1_n_0                                                            | design_1_i/ntt_axi_accelerator_0/inst/ntt_axi_accelerator_v1_0_S00_AXI_inst/p_0_in                                                                    |                2 |              8 |
|  design_1_i/processing_system7_0/inst/FCLK_CLK0 | design_1_i/ntt_axi_accelerator_0/inst/ntt_axi_accelerator_v1_0_S00_AXI_inst/slv_reg[129][31]_i_1_n_0                                                           | design_1_i/ntt_axi_accelerator_0/inst/ntt_axi_accelerator_v1_0_S00_AXI_inst/p_0_in                                                                    |                3 |              8 |
|  design_1_i/processing_system7_0/inst/FCLK_CLK0 | design_1_i/ntt_axi_accelerator_0/inst/ntt_axi_accelerator_v1_0_S00_AXI_inst/slv_reg[131][31]_i_1_n_0                                                           | design_1_i/ntt_axi_accelerator_0/inst/ntt_axi_accelerator_v1_0_S00_AXI_inst/p_0_in                                                                    |                2 |              8 |
|  design_1_i/processing_system7_0/inst/FCLK_CLK0 | design_1_i/ntt_axi_accelerator_0/inst/ntt_axi_accelerator_v1_0_S00_AXI_inst/slv_reg[132][15]_i_1_n_0                                                           | design_1_i/ntt_axi_accelerator_0/inst/ntt_axi_accelerator_v1_0_S00_AXI_inst/p_0_in                                                                    |                3 |              8 |
|  design_1_i/processing_system7_0/inst/FCLK_CLK0 | design_1_i/ntt_axi_accelerator_0/inst/ntt_axi_accelerator_v1_0_S00_AXI_inst/slv_reg[131][7]_i_1_n_0                                                            | design_1_i/ntt_axi_accelerator_0/inst/ntt_axi_accelerator_v1_0_S00_AXI_inst/p_0_in                                                                    |                3 |              8 |
|  design_1_i/processing_system7_0/inst/FCLK_CLK0 | design_1_i/ntt_axi_accelerator_0/inst/ntt_axi_accelerator_v1_0_S00_AXI_inst/slv_reg[130][23]_i_1_n_0                                                           | design_1_i/ntt_axi_accelerator_0/inst/ntt_axi_accelerator_v1_0_S00_AXI_inst/p_0_in                                                                    |                2 |              8 |
|  design_1_i/processing_system7_0/inst/FCLK_CLK0 | design_1_i/ntt_axi_accelerator_0/inst/ntt_axi_accelerator_v1_0_S00_AXI_inst/slv_reg[128][7]_i_1_n_0                                                            | design_1_i/ntt_axi_accelerator_0/inst/ntt_axi_accelerator_v1_0_S00_AXI_inst/p_0_in                                                                    |                4 |              8 |
|  design_1_i/processing_system7_0/inst/FCLK_CLK0 | design_1_i/ntt_axi_accelerator_0/inst/ntt_axi_accelerator_v1_0_S00_AXI_inst/slv_reg[132][31]_i_1_n_0                                                           | design_1_i/ntt_axi_accelerator_0/inst/ntt_axi_accelerator_v1_0_S00_AXI_inst/p_0_in                                                                    |                3 |              8 |
|  design_1_i/processing_system7_0/inst/FCLK_CLK0 | design_1_i/ntt_axi_accelerator_0/inst/ntt_axi_accelerator_v1_0_S00_AXI_inst/slv_reg[126][15]_i_1_n_0                                                           | design_1_i/ntt_axi_accelerator_0/inst/ntt_axi_accelerator_v1_0_S00_AXI_inst/p_0_in                                                                    |                3 |              8 |
|  design_1_i/processing_system7_0/inst/FCLK_CLK0 | design_1_i/ntt_axi_accelerator_0/inst/ntt_axi_accelerator_v1_0_S00_AXI_inst/slv_reg[126][31]_i_1_n_0                                                           | design_1_i/ntt_axi_accelerator_0/inst/ntt_axi_accelerator_v1_0_S00_AXI_inst/p_0_in                                                                    |                3 |              8 |
|  design_1_i/processing_system7_0/inst/FCLK_CLK0 | design_1_i/ntt_axi_accelerator_0/inst/ntt_axi_accelerator_v1_0_S00_AXI_inst/slv_reg[126][7]_i_1_n_0                                                            | design_1_i/ntt_axi_accelerator_0/inst/ntt_axi_accelerator_v1_0_S00_AXI_inst/p_0_in                                                                    |                4 |              8 |
|  design_1_i/processing_system7_0/inst/FCLK_CLK0 | design_1_i/ntt_axi_accelerator_0/inst/ntt_axi_accelerator_v1_0_S00_AXI_inst/slv_reg[127][23]_i_1_n_0                                                           | design_1_i/ntt_axi_accelerator_0/inst/ntt_axi_accelerator_v1_0_S00_AXI_inst/p_0_in                                                                    |                2 |              8 |
|  design_1_i/processing_system7_0/inst/FCLK_CLK0 | design_1_i/ntt_axi_accelerator_0/inst/ntt_axi_accelerator_v1_0_S00_AXI_inst/slv_reg[125][15]_i_1_n_0                                                           | design_1_i/ntt_axi_accelerator_0/inst/ntt_axi_accelerator_v1_0_S00_AXI_inst/p_0_in                                                                    |                2 |              8 |
|  design_1_i/processing_system7_0/inst/FCLK_CLK0 | design_1_i/ntt_axi_accelerator_0/inst/ntt_axi_accelerator_v1_0_S00_AXI_inst/slv_reg[129][15]_i_1_n_0                                                           | design_1_i/ntt_axi_accelerator_0/inst/ntt_axi_accelerator_v1_0_S00_AXI_inst/p_0_in                                                                    |                2 |              8 |
|  design_1_i/processing_system7_0/inst/FCLK_CLK0 | design_1_i/ntt_axi_accelerator_0/inst/ntt_axi_accelerator_v1_0_S00_AXI_inst/slv_reg[124][23]_i_1_n_0                                                           | design_1_i/ntt_axi_accelerator_0/inst/ntt_axi_accelerator_v1_0_S00_AXI_inst/p_0_in                                                                    |                2 |              8 |
|  design_1_i/processing_system7_0/inst/FCLK_CLK0 | design_1_i/ntt_axi_accelerator_0/inst/ntt_axi_accelerator_v1_0_S00_AXI_inst/slv_reg[127][7]_i_1_n_0                                                            | design_1_i/ntt_axi_accelerator_0/inst/ntt_axi_accelerator_v1_0_S00_AXI_inst/p_0_in                                                                    |                3 |              8 |
|  design_1_i/processing_system7_0/inst/FCLK_CLK0 | design_1_i/ntt_axi_accelerator_0/inst/ntt_axi_accelerator_v1_0_S00_AXI_inst/slv_reg[126][23]_i_1_n_0                                                           | design_1_i/ntt_axi_accelerator_0/inst/ntt_axi_accelerator_v1_0_S00_AXI_inst/p_0_in                                                                    |                3 |              8 |
|  design_1_i/processing_system7_0/inst/FCLK_CLK0 | design_1_i/ntt_axi_accelerator_0/inst/ntt_axi_accelerator_v1_0_S00_AXI_inst/slv_reg[133][23]_i_1_n_0                                                           | design_1_i/ntt_axi_accelerator_0/inst/ntt_axi_accelerator_v1_0_S00_AXI_inst/p_0_in                                                                    |                2 |              8 |
|  design_1_i/processing_system7_0/inst/FCLK_CLK0 | design_1_i/ntt_axi_accelerator_0/inst/ntt_axi_accelerator_v1_0_S00_AXI_inst/slv_reg[134][15]_i_1_n_0                                                           | design_1_i/ntt_axi_accelerator_0/inst/ntt_axi_accelerator_v1_0_S00_AXI_inst/p_0_in                                                                    |                4 |              8 |
|  design_1_i/processing_system7_0/inst/FCLK_CLK0 | design_1_i/ntt_axi_accelerator_0/inst/ntt_axi_accelerator_v1_0_S00_AXI_inst/slv_reg[134][23]_i_1_n_0                                                           | design_1_i/ntt_axi_accelerator_0/inst/ntt_axi_accelerator_v1_0_S00_AXI_inst/p_0_in                                                                    |                1 |              8 |
|  design_1_i/processing_system7_0/inst/FCLK_CLK0 | design_1_i/ntt_axi_accelerator_0/inst/ntt_axi_accelerator_v1_0_S00_AXI_inst/slv_reg[129][7]_i_1_n_0                                                            | design_1_i/ntt_axi_accelerator_0/inst/ntt_axi_accelerator_v1_0_S00_AXI_inst/p_0_in                                                                    |                3 |              8 |
|  design_1_i/processing_system7_0/inst/FCLK_CLK0 | design_1_i/ntt_axi_accelerator_0/inst/ntt_axi_accelerator_v1_0_S00_AXI_inst/slv_reg[132][7]_i_1_n_0                                                            | design_1_i/ntt_axi_accelerator_0/inst/ntt_axi_accelerator_v1_0_S00_AXI_inst/p_0_in                                                                    |                5 |              8 |
|  design_1_i/processing_system7_0/inst/FCLK_CLK0 | design_1_i/ntt_axi_accelerator_0/inst/ntt_axi_accelerator_v1_0_S00_AXI_inst/slv_reg[134][31]_i_1_n_0                                                           | design_1_i/ntt_axi_accelerator_0/inst/ntt_axi_accelerator_v1_0_S00_AXI_inst/p_0_in                                                                    |                5 |              8 |
|  design_1_i/processing_system7_0/inst/FCLK_CLK0 | design_1_i/ntt_axi_accelerator_0/inst/ntt_axi_accelerator_v1_0_S00_AXI_inst/slv_reg[135][15]_i_1_n_0                                                           | design_1_i/ntt_axi_accelerator_0/inst/ntt_axi_accelerator_v1_0_S00_AXI_inst/p_0_in                                                                    |                3 |              8 |
|  design_1_i/processing_system7_0/inst/FCLK_CLK0 | design_1_i/ntt_axi_accelerator_0/inst/ntt_axi_accelerator_v1_0_S00_AXI_inst/slv_reg[135][31]_i_1_n_0                                                           | design_1_i/ntt_axi_accelerator_0/inst/ntt_axi_accelerator_v1_0_S00_AXI_inst/p_0_in                                                                    |                2 |              8 |
|  design_1_i/processing_system7_0/inst/FCLK_CLK0 | design_1_i/ntt_axi_accelerator_0/inst/ntt_axi_accelerator_v1_0_S00_AXI_inst/slv_reg[135][7]_i_1_n_0                                                            | design_1_i/ntt_axi_accelerator_0/inst/ntt_axi_accelerator_v1_0_S00_AXI_inst/p_0_in                                                                    |                4 |              8 |
|  design_1_i/processing_system7_0/inst/FCLK_CLK0 | design_1_i/ntt_axi_accelerator_0/inst/ntt_axi_accelerator_v1_0_S00_AXI_inst/slv_reg[12][15]_i_1_n_0                                                            | design_1_i/ntt_axi_accelerator_0/inst/ntt_axi_accelerator_v1_0_S00_AXI_inst/p_0_in                                                                    |                3 |              8 |
|  design_1_i/processing_system7_0/inst/FCLK_CLK0 | design_1_i/ntt_axi_accelerator_0/inst/ntt_axi_accelerator_v1_0_S00_AXI_inst/slv_reg[125][7]_i_1_n_0                                                            | design_1_i/ntt_axi_accelerator_0/inst/ntt_axi_accelerator_v1_0_S00_AXI_inst/p_0_in                                                                    |                4 |              8 |
|  design_1_i/processing_system7_0/inst/FCLK_CLK0 | design_1_i/ntt_axi_accelerator_0/inst/ntt_axi_accelerator_v1_0_S00_AXI_inst/slv_reg[130][31]_i_1_n_0                                                           | design_1_i/ntt_axi_accelerator_0/inst/ntt_axi_accelerator_v1_0_S00_AXI_inst/p_0_in                                                                    |                2 |              8 |
|  design_1_i/processing_system7_0/inst/FCLK_CLK0 | design_1_i/ntt_axi_accelerator_0/inst/ntt_axi_accelerator_v1_0_S00_AXI_inst/slv_reg[131][15]_i_1_n_0                                                           | design_1_i/ntt_axi_accelerator_0/inst/ntt_axi_accelerator_v1_0_S00_AXI_inst/p_0_in                                                                    |                5 |              8 |
|  design_1_i/processing_system7_0/inst/FCLK_CLK0 | design_1_i/ntt_axi_accelerator_0/inst/ntt_axi_accelerator_v1_0_S00_AXI_inst/slv_reg[135][23]_i_1_n_0                                                           | design_1_i/ntt_axi_accelerator_0/inst/ntt_axi_accelerator_v1_0_S00_AXI_inst/p_0_in                                                                    |                2 |              8 |
|  design_1_i/processing_system7_0/inst/FCLK_CLK0 | design_1_i/ntt_axi_accelerator_0/inst/ntt_axi_accelerator_v1_0_S00_AXI_inst/slv_reg[133][31]_i_1_n_0                                                           | design_1_i/ntt_axi_accelerator_0/inst/ntt_axi_accelerator_v1_0_S00_AXI_inst/p_0_in                                                                    |                3 |              8 |
|  design_1_i/processing_system7_0/inst/FCLK_CLK0 | design_1_i/ntt_axi_accelerator_0/inst/ntt_axi_accelerator_v1_0_S00_AXI_inst/slv_reg[136][31]_i_1_n_0                                                           | design_1_i/ntt_axi_accelerator_0/inst/ntt_axi_accelerator_v1_0_S00_AXI_inst/p_0_in                                                                    |                2 |              8 |
|  design_1_i/processing_system7_0/inst/FCLK_CLK0 | design_1_i/ntt_axi_accelerator_0/inst/ntt_axi_accelerator_v1_0_S00_AXI_inst/slv_reg[136][7]_i_1_n_0                                                            | design_1_i/ntt_axi_accelerator_0/inst/ntt_axi_accelerator_v1_0_S00_AXI_inst/p_0_in                                                                    |                5 |              8 |
|  design_1_i/processing_system7_0/inst/FCLK_CLK0 | design_1_i/ntt_axi_accelerator_0/inst/ntt_axi_accelerator_v1_0_S00_AXI_inst/slv_reg[137][15]_i_1_n_0                                                           | design_1_i/ntt_axi_accelerator_0/inst/ntt_axi_accelerator_v1_0_S00_AXI_inst/p_0_in                                                                    |                2 |              8 |
|  design_1_i/processing_system7_0/inst/FCLK_CLK0 | design_1_i/ntt_axi_accelerator_0/inst/ntt_axi_accelerator_v1_0_S00_AXI_inst/slv_reg[137][23]_i_1_n_0                                                           | design_1_i/ntt_axi_accelerator_0/inst/ntt_axi_accelerator_v1_0_S00_AXI_inst/p_0_in                                                                    |                2 |              8 |
|  design_1_i/processing_system7_0/inst/FCLK_CLK0 | design_1_i/ntt_axi_accelerator_0/inst/ntt_axi_accelerator_v1_0_S00_AXI_inst/slv_reg[125][23]_i_1_n_0                                                           | design_1_i/ntt_axi_accelerator_0/inst/ntt_axi_accelerator_v1_0_S00_AXI_inst/p_0_in                                                                    |                1 |              8 |
|  design_1_i/processing_system7_0/inst/FCLK_CLK0 | design_1_i/ntt_axi_accelerator_0/inst/ntt_axi_accelerator_v1_0_S00_AXI_inst/slv_reg[124][31]_i_1_n_0                                                           | design_1_i/ntt_axi_accelerator_0/inst/ntt_axi_accelerator_v1_0_S00_AXI_inst/p_0_in                                                                    |                4 |              8 |
|  design_1_i/processing_system7_0/inst/FCLK_CLK0 | design_1_i/ntt_axi_accelerator_0/inst/ntt_axi_accelerator_v1_0_S00_AXI_inst/slv_reg[12][23]_i_1_n_0                                                            | design_1_i/ntt_axi_accelerator_0/inst/ntt_axi_accelerator_v1_0_S00_AXI_inst/p_0_in                                                                    |                3 |              8 |
|  design_1_i/processing_system7_0/inst/FCLK_CLK0 | design_1_i/ntt_axi_accelerator_0/inst/ntt_axi_accelerator_v1_0_S00_AXI_inst/slv_reg[12][7]_i_1_n_0                                                             | design_1_i/ntt_axi_accelerator_0/inst/ntt_axi_accelerator_v1_0_S00_AXI_inst/p_0_in                                                                    |                3 |              8 |
|  design_1_i/processing_system7_0/inst/FCLK_CLK0 | design_1_i/ntt_axi_accelerator_0/inst/ntt_axi_accelerator_v1_0_S00_AXI_inst/slv_reg[133][7]_i_1_n_0                                                            | design_1_i/ntt_axi_accelerator_0/inst/ntt_axi_accelerator_v1_0_S00_AXI_inst/p_0_in                                                                    |                4 |              8 |
|  design_1_i/processing_system7_0/inst/FCLK_CLK0 | design_1_i/ntt_axi_accelerator_0/inst/ntt_axi_accelerator_v1_0_S00_AXI_inst/slv_reg[136][15]_i_1_n_0                                                           | design_1_i/ntt_axi_accelerator_0/inst/ntt_axi_accelerator_v1_0_S00_AXI_inst/p_0_in                                                                    |                3 |              8 |
|  design_1_i/processing_system7_0/inst/FCLK_CLK0 | design_1_i/ntt_axi_accelerator_0/inst/ntt_axi_accelerator_v1_0_S00_AXI_inst/slv_reg[136][23]_i_1_n_0                                                           | design_1_i/ntt_axi_accelerator_0/inst/ntt_axi_accelerator_v1_0_S00_AXI_inst/p_0_in                                                                    |                3 |              8 |
|  design_1_i/processing_system7_0/inst/FCLK_CLK0 | design_1_i/ntt_axi_accelerator_0/inst/ntt_axi_accelerator_v1_0_S00_AXI_inst/slv_reg[137][31]_i_1_n_0                                                           | design_1_i/ntt_axi_accelerator_0/inst/ntt_axi_accelerator_v1_0_S00_AXI_inst/p_0_in                                                                    |                2 |              8 |
|  design_1_i/processing_system7_0/inst/FCLK_CLK0 | design_1_i/ntt_axi_accelerator_0/inst/ntt_axi_accelerator_v1_0_S00_AXI_inst/slv_reg[123][7]_i_1_n_0                                                            | design_1_i/ntt_axi_accelerator_0/inst/ntt_axi_accelerator_v1_0_S00_AXI_inst/p_0_in                                                                    |                2 |              8 |
|  design_1_i/processing_system7_0/inst/FCLK_CLK0 | design_1_i/ntt_axi_accelerator_0/inst/ntt_axi_accelerator_v1_0_S00_AXI_inst/slv_reg[129][23]_i_1_n_0                                                           | design_1_i/ntt_axi_accelerator_0/inst/ntt_axi_accelerator_v1_0_S00_AXI_inst/p_0_in                                                                    |                2 |              8 |
|  design_1_i/processing_system7_0/inst/FCLK_CLK0 | design_1_i/ntt_axi_accelerator_0/inst/ntt_axi_accelerator_v1_0_S00_AXI_inst/slv_reg[130][15]_i_1_n_0                                                           | design_1_i/ntt_axi_accelerator_0/inst/ntt_axi_accelerator_v1_0_S00_AXI_inst/p_0_in                                                                    |                4 |              8 |
|  design_1_i/processing_system7_0/inst/FCLK_CLK0 | design_1_i/ntt_axi_accelerator_0/inst/ntt_axi_accelerator_v1_0_S00_AXI_inst/slv_reg[132][23]_i_1_n_0                                                           | design_1_i/ntt_axi_accelerator_0/inst/ntt_axi_accelerator_v1_0_S00_AXI_inst/p_0_in                                                                    |                4 |              8 |
|  design_1_i/processing_system7_0/inst/FCLK_CLK0 | design_1_i/ntt_axi_accelerator_0/inst/ntt_axi_accelerator_v1_0_S00_AXI_inst/slv_reg[133][15]_i_1_n_0                                                           | design_1_i/ntt_axi_accelerator_0/inst/ntt_axi_accelerator_v1_0_S00_AXI_inst/p_0_in                                                                    |                4 |              8 |
|  design_1_i/processing_system7_0/inst/FCLK_CLK0 | design_1_i/ntt_axi_accelerator_0/inst/ntt_axi_accelerator_v1_0_S00_AXI_inst/slv_reg[134][7]_i_1_n_0                                                            | design_1_i/ntt_axi_accelerator_0/inst/ntt_axi_accelerator_v1_0_S00_AXI_inst/p_0_in                                                                    |                3 |              8 |
|  design_1_i/processing_system7_0/inst/FCLK_CLK0 | design_1_i/ntt_axi_accelerator_0/inst/ntt_axi_accelerator_v1_0_S00_AXI_inst/slv_reg[125][31]_i_1_n_0                                                           | design_1_i/ntt_axi_accelerator_0/inst/ntt_axi_accelerator_v1_0_S00_AXI_inst/p_0_in                                                                    |                2 |              8 |
|  design_1_i/processing_system7_0/inst/FCLK_CLK0 | design_1_i/ntt_axi_accelerator_0/inst/ntt_axi_accelerator_v1_0_S00_AXI_inst/slv_reg[123][23]_i_1_n_0                                                           | design_1_i/ntt_axi_accelerator_0/inst/ntt_axi_accelerator_v1_0_S00_AXI_inst/p_0_in                                                                    |                2 |              8 |
|  design_1_i/processing_system7_0/inst/FCLK_CLK0 | design_1_i/ntt_axi_accelerator_0/inst/ntt_axi_accelerator_v1_0_S00_AXI_inst/slv_reg[128][15]_i_1_n_0                                                           | design_1_i/ntt_axi_accelerator_0/inst/ntt_axi_accelerator_v1_0_S00_AXI_inst/p_0_in                                                                    |                4 |              8 |
|  design_1_i/processing_system7_0/inst/FCLK_CLK0 | design_1_i/ntt_axi_accelerator_0/inst/ntt_axi_accelerator_v1_0_S00_AXI_inst/slv_reg[124][7]_i_1_n_0                                                            | design_1_i/ntt_axi_accelerator_0/inst/ntt_axi_accelerator_v1_0_S00_AXI_inst/p_0_in                                                                    |                4 |              8 |
|  design_1_i/processing_system7_0/inst/FCLK_CLK0 | design_1_i/ntt_axi_accelerator_0/inst/ntt_axi_accelerator_v1_0_S00_AXI_inst/slv_reg[128][23]_i_1_n_0                                                           | design_1_i/ntt_axi_accelerator_0/inst/ntt_axi_accelerator_v1_0_S00_AXI_inst/p_0_in                                                                    |                3 |              8 |
|  design_1_i/processing_system7_0/inst/FCLK_CLK0 | design_1_i/ntt_axi_accelerator_0/inst/ntt_axi_accelerator_v1_0_S00_AXI_inst/slv_reg[127][31]_i_1_n_0                                                           | design_1_i/ntt_axi_accelerator_0/inst/ntt_axi_accelerator_v1_0_S00_AXI_inst/p_0_in                                                                    |                5 |              8 |
|  design_1_i/processing_system7_0/inst/FCLK_CLK0 | design_1_i/ntt_axi_accelerator_0/inst/ntt_axi_accelerator_v1_0_S00_AXI_inst/slv_reg[124][15]_i_1_n_0                                                           | design_1_i/ntt_axi_accelerator_0/inst/ntt_axi_accelerator_v1_0_S00_AXI_inst/p_0_in                                                                    |                2 |              8 |
|  design_1_i/processing_system7_0/inst/FCLK_CLK0 | design_1_i/ntt_axi_accelerator_0/inst/ntt_axi_accelerator_v1_0_S00_AXI_inst/slv_reg[128][31]_i_1_n_0                                                           | design_1_i/ntt_axi_accelerator_0/inst/ntt_axi_accelerator_v1_0_S00_AXI_inst/p_0_in                                                                    |                5 |              8 |
|  design_1_i/processing_system7_0/inst/FCLK_CLK0 | design_1_i/ntt_axi_accelerator_0/inst/ntt_axi_accelerator_v1_0_S00_AXI_inst/slv_reg[12][31]_i_1_n_0                                                            | design_1_i/ntt_axi_accelerator_0/inst/ntt_axi_accelerator_v1_0_S00_AXI_inst/p_0_in                                                                    |                2 |              8 |
|  design_1_i/processing_system7_0/inst/FCLK_CLK0 | design_1_i/ntt_axi_accelerator_0/inst/ntt_axi_accelerator_v1_0_S00_AXI_inst/slv_reg[127][15]_i_1_n_0                                                           | design_1_i/ntt_axi_accelerator_0/inst/ntt_axi_accelerator_v1_0_S00_AXI_inst/p_0_in                                                                    |                4 |              8 |
|  design_1_i/processing_system7_0/inst/FCLK_CLK0 | design_1_i/ntt_axi_accelerator_0/inst/ntt_axi_accelerator_v1_0_S00_AXI_inst/slv_reg[130][7]_i_1_n_0                                                            | design_1_i/ntt_axi_accelerator_0/inst/ntt_axi_accelerator_v1_0_S00_AXI_inst/p_0_in                                                                    |                2 |              8 |
|  design_1_i/processing_system7_0/inst/FCLK_CLK0 | design_1_i/ntt_axi_accelerator_0/inst/ntt_axi_accelerator_v1_0_S00_AXI_inst/slv_reg[131][23]_i_1_n_0                                                           | design_1_i/ntt_axi_accelerator_0/inst/ntt_axi_accelerator_v1_0_S00_AXI_inst/p_0_in                                                                    |                2 |              8 |
|  design_1_i/processing_system7_0/inst/FCLK_CLK0 | design_1_i/ntt_axi_accelerator_0/inst/ntt_axi_accelerator_v1_0_S00_AXI_inst/slv_reg[123][31]_i_1_n_0                                                           | design_1_i/ntt_axi_accelerator_0/inst/ntt_axi_accelerator_v1_0_S00_AXI_inst/p_0_in                                                                    |                2 |              8 |
|  design_1_i/processing_system7_0/inst/FCLK_CLK0 | design_1_i/ntt_axi_accelerator_0/inst/ntt_axi_accelerator_v1_0_S00_AXI_inst/slv_reg[142][23]_i_1_n_0                                                           | design_1_i/ntt_axi_accelerator_0/inst/ntt_axi_accelerator_v1_0_S00_AXI_inst/p_0_in                                                                    |                2 |              8 |
|  design_1_i/processing_system7_0/inst/FCLK_CLK0 | design_1_i/ntt_axi_accelerator_0/inst/ntt_axi_accelerator_v1_0_S00_AXI_inst/slv_reg[138][15]_i_1_n_0                                                           | design_1_i/ntt_axi_accelerator_0/inst/ntt_axi_accelerator_v1_0_S00_AXI_inst/p_0_in                                                                    |                2 |              8 |
|  design_1_i/processing_system7_0/inst/FCLK_CLK0 | design_1_i/ntt_axi_accelerator_0/inst/ntt_axi_accelerator_v1_0_S00_AXI_inst/slv_reg[139][31]_i_1_n_0                                                           | design_1_i/ntt_axi_accelerator_0/inst/ntt_axi_accelerator_v1_0_S00_AXI_inst/p_0_in                                                                    |                2 |              8 |
|  design_1_i/processing_system7_0/inst/FCLK_CLK0 | design_1_i/ntt_axi_accelerator_0/inst/ntt_axi_accelerator_v1_0_S00_AXI_inst/slv_reg[140][15]_i_1_n_0                                                           | design_1_i/ntt_axi_accelerator_0/inst/ntt_axi_accelerator_v1_0_S00_AXI_inst/p_0_in                                                                    |                3 |              8 |
|  design_1_i/processing_system7_0/inst/FCLK_CLK0 | design_1_i/ntt_axi_accelerator_0/inst/ntt_axi_accelerator_v1_0_S00_AXI_inst/slv_reg[143][23]_i_1_n_0                                                           | design_1_i/ntt_axi_accelerator_0/inst/ntt_axi_accelerator_v1_0_S00_AXI_inst/p_0_in                                                                    |                3 |              8 |
|  design_1_i/processing_system7_0/inst/FCLK_CLK0 | design_1_i/ntt_axi_accelerator_0/inst/ntt_axi_accelerator_v1_0_S00_AXI_inst/slv_reg[13][7]_i_1_n_0                                                             | design_1_i/ntt_axi_accelerator_0/inst/ntt_axi_accelerator_v1_0_S00_AXI_inst/p_0_in                                                                    |                4 |              8 |
|  design_1_i/processing_system7_0/inst/FCLK_CLK0 | design_1_i/ntt_axi_accelerator_0/inst/ntt_axi_accelerator_v1_0_S00_AXI_inst/slv_reg[143][31]_i_1_n_0                                                           | design_1_i/ntt_axi_accelerator_0/inst/ntt_axi_accelerator_v1_0_S00_AXI_inst/p_0_in                                                                    |                2 |              8 |
|  design_1_i/processing_system7_0/inst/FCLK_CLK0 | design_1_i/ntt_axi_accelerator_0/inst/ntt_axi_accelerator_v1_0_S00_AXI_inst/slv_reg[145][23]_i_1_n_0                                                           | design_1_i/ntt_axi_accelerator_0/inst/ntt_axi_accelerator_v1_0_S00_AXI_inst/p_0_in                                                                    |                3 |              8 |
|  design_1_i/processing_system7_0/inst/FCLK_CLK0 | design_1_i/ntt_axi_accelerator_0/inst/ntt_axi_accelerator_v1_0_S00_AXI_inst/slv_reg[146][23]_i_1_n_0                                                           | design_1_i/ntt_axi_accelerator_0/inst/ntt_axi_accelerator_v1_0_S00_AXI_inst/p_0_in                                                                    |                4 |              8 |
|  design_1_i/processing_system7_0/inst/FCLK_CLK0 | design_1_i/ntt_axi_accelerator_0/inst/ntt_axi_accelerator_v1_0_S00_AXI_inst/slv_reg[147][23]_i_1_n_0                                                           | design_1_i/ntt_axi_accelerator_0/inst/ntt_axi_accelerator_v1_0_S00_AXI_inst/p_0_in                                                                    |                3 |              8 |
|  design_1_i/processing_system7_0/inst/FCLK_CLK0 | design_1_i/ntt_axi_accelerator_0/inst/ntt_axi_accelerator_v1_0_S00_AXI_inst/slv_reg[145][7]_i_1_n_0                                                            | design_1_i/ntt_axi_accelerator_0/inst/ntt_axi_accelerator_v1_0_S00_AXI_inst/p_0_in                                                                    |                1 |              8 |
|  design_1_i/processing_system7_0/inst/FCLK_CLK0 | design_1_i/ntt_axi_accelerator_0/inst/ntt_axi_accelerator_v1_0_S00_AXI_inst/slv_reg[143][7]_i_1_n_0                                                            | design_1_i/ntt_axi_accelerator_0/inst/ntt_axi_accelerator_v1_0_S00_AXI_inst/p_0_in                                                                    |                1 |              8 |
|  design_1_i/processing_system7_0/inst/FCLK_CLK0 | design_1_i/ntt_axi_accelerator_0/inst/ntt_axi_accelerator_v1_0_S00_AXI_inst/slv_reg[144][7]_i_1_n_0                                                            | design_1_i/ntt_axi_accelerator_0/inst/ntt_axi_accelerator_v1_0_S00_AXI_inst/p_0_in                                                                    |                4 |              8 |
|  design_1_i/processing_system7_0/inst/FCLK_CLK0 | design_1_i/ntt_axi_accelerator_0/inst/ntt_axi_accelerator_v1_0_S00_AXI_inst/slv_reg[147][31]_i_1_n_0                                                           | design_1_i/ntt_axi_accelerator_0/inst/ntt_axi_accelerator_v1_0_S00_AXI_inst/p_0_in                                                                    |                3 |              8 |
|  design_1_i/processing_system7_0/inst/FCLK_CLK0 | design_1_i/ntt_axi_accelerator_0/inst/ntt_axi_accelerator_v1_0_S00_AXI_inst/slv_reg[141][15]_i_1_n_0                                                           | design_1_i/ntt_axi_accelerator_0/inst/ntt_axi_accelerator_v1_0_S00_AXI_inst/p_0_in                                                                    |                2 |              8 |
|  design_1_i/processing_system7_0/inst/FCLK_CLK0 | design_1_i/ntt_axi_accelerator_0/inst/ntt_axi_accelerator_v1_0_S00_AXI_inst/slv_reg[144][15]_i_1_n_0                                                           | design_1_i/ntt_axi_accelerator_0/inst/ntt_axi_accelerator_v1_0_S00_AXI_inst/p_0_in                                                                    |                2 |              8 |
|  design_1_i/processing_system7_0/inst/FCLK_CLK0 | design_1_i/ntt_axi_accelerator_0/inst/ntt_axi_accelerator_v1_0_S00_AXI_inst/slv_reg[144][31]_i_1_n_0                                                           | design_1_i/ntt_axi_accelerator_0/inst/ntt_axi_accelerator_v1_0_S00_AXI_inst/p_0_in                                                                    |                4 |              8 |
|  design_1_i/processing_system7_0/inst/FCLK_CLK0 | design_1_i/ntt_axi_accelerator_0/inst/ntt_axi_accelerator_v1_0_S00_AXI_inst/slv_reg[147][7]_i_1_n_0                                                            | design_1_i/ntt_axi_accelerator_0/inst/ntt_axi_accelerator_v1_0_S00_AXI_inst/p_0_in                                                                    |                3 |              8 |
|  design_1_i/processing_system7_0/inst/FCLK_CLK0 | design_1_i/ntt_axi_accelerator_0/inst/ntt_axi_accelerator_v1_0_S00_AXI_inst/slv_reg[148][7]_i_1_n_0                                                            | design_1_i/ntt_axi_accelerator_0/inst/ntt_axi_accelerator_v1_0_S00_AXI_inst/p_0_in                                                                    |                2 |              8 |
|  design_1_i/processing_system7_0/inst/FCLK_CLK0 | design_1_i/ntt_axi_accelerator_0/inst/ntt_axi_accelerator_v1_0_S00_AXI_inst/slv_reg[138][31]_i_1_n_0                                                           | design_1_i/ntt_axi_accelerator_0/inst/ntt_axi_accelerator_v1_0_S00_AXI_inst/p_0_in                                                                    |                2 |              8 |
|  design_1_i/processing_system7_0/inst/FCLK_CLK0 | design_1_i/ntt_axi_accelerator_0/inst/ntt_axi_accelerator_v1_0_S00_AXI_inst/slv_reg[139][7]_i_1_n_0                                                            | design_1_i/ntt_axi_accelerator_0/inst/ntt_axi_accelerator_v1_0_S00_AXI_inst/p_0_in                                                                    |                3 |              8 |
|  design_1_i/processing_system7_0/inst/FCLK_CLK0 | design_1_i/ntt_axi_accelerator_0/inst/ntt_axi_accelerator_v1_0_S00_AXI_inst/slv_reg[145][15]_i_1_n_0                                                           | design_1_i/ntt_axi_accelerator_0/inst/ntt_axi_accelerator_v1_0_S00_AXI_inst/p_0_in                                                                    |                3 |              8 |
|  design_1_i/processing_system7_0/inst/FCLK_CLK0 | design_1_i/ntt_axi_accelerator_0/inst/ntt_axi_accelerator_v1_0_S00_AXI_inst/slv_reg[147][15]_i_1_n_0                                                           | design_1_i/ntt_axi_accelerator_0/inst/ntt_axi_accelerator_v1_0_S00_AXI_inst/p_0_in                                                                    |                3 |              8 |
|  design_1_i/processing_system7_0/inst/FCLK_CLK0 | design_1_i/ntt_axi_accelerator_0/inst/ntt_axi_accelerator_v1_0_S00_AXI_inst/slv_reg[137][7]_i_1_n_0                                                            | design_1_i/ntt_axi_accelerator_0/inst/ntt_axi_accelerator_v1_0_S00_AXI_inst/p_0_in                                                                    |                3 |              8 |
|  design_1_i/processing_system7_0/inst/FCLK_CLK0 | design_1_i/ntt_axi_accelerator_0/inst/ntt_axi_accelerator_v1_0_S00_AXI_inst/slv_reg[139][15]_i_1_n_0                                                           | design_1_i/ntt_axi_accelerator_0/inst/ntt_axi_accelerator_v1_0_S00_AXI_inst/p_0_in                                                                    |                2 |              8 |
|  design_1_i/processing_system7_0/inst/FCLK_CLK0 | design_1_i/ntt_axi_accelerator_0/inst/ntt_axi_accelerator_v1_0_S00_AXI_inst/slv_reg[13][15]_i_1_n_0                                                            | design_1_i/ntt_axi_accelerator_0/inst/ntt_axi_accelerator_v1_0_S00_AXI_inst/p_0_in                                                                    |                3 |              8 |
|  design_1_i/processing_system7_0/inst/FCLK_CLK0 | design_1_i/ntt_axi_accelerator_0/inst/ntt_axi_accelerator_v1_0_S00_AXI_inst/slv_reg[140][31]_i_1_n_0                                                           | design_1_i/ntt_axi_accelerator_0/inst/ntt_axi_accelerator_v1_0_S00_AXI_inst/p_0_in                                                                    |                2 |              8 |
|  design_1_i/processing_system7_0/inst/FCLK_CLK0 | design_1_i/ntt_axi_accelerator_0/inst/ntt_axi_accelerator_v1_0_S00_AXI_inst/slv_reg[146][15]_i_1_n_0                                                           | design_1_i/ntt_axi_accelerator_0/inst/ntt_axi_accelerator_v1_0_S00_AXI_inst/p_0_in                                                                    |                2 |              8 |
|  design_1_i/processing_system7_0/inst/FCLK_CLK0 | design_1_i/ntt_axi_accelerator_0/inst/ntt_axi_accelerator_v1_0_S00_AXI_inst/slv_reg[148][23]_i_1_n_0                                                           | design_1_i/ntt_axi_accelerator_0/inst/ntt_axi_accelerator_v1_0_S00_AXI_inst/p_0_in                                                                    |                6 |              8 |
|  design_1_i/processing_system7_0/inst/FCLK_CLK0 | design_1_i/ntt_axi_accelerator_0/inst/ntt_axi_accelerator_v1_0_S00_AXI_inst/slv_reg[148][31]_i_1_n_0                                                           | design_1_i/ntt_axi_accelerator_0/inst/ntt_axi_accelerator_v1_0_S00_AXI_inst/p_0_in                                                                    |                5 |              8 |
|  design_1_i/processing_system7_0/inst/FCLK_CLK0 | design_1_i/ntt_axi_accelerator_0/inst/ntt_axi_accelerator_v1_0_S00_AXI_inst/slv_reg[149][15]_i_1_n_0                                                           | design_1_i/ntt_axi_accelerator_0/inst/ntt_axi_accelerator_v1_0_S00_AXI_inst/p_0_in                                                                    |                1 |              8 |
|  design_1_i/processing_system7_0/inst/FCLK_CLK0 | design_1_i/ntt_axi_accelerator_0/inst/ntt_axi_accelerator_v1_0_S00_AXI_inst/slv_reg[149][23]_i_1_n_0                                                           | design_1_i/ntt_axi_accelerator_0/inst/ntt_axi_accelerator_v1_0_S00_AXI_inst/p_0_in                                                                    |                4 |              8 |
|  design_1_i/processing_system7_0/inst/FCLK_CLK0 | design_1_i/ntt_axi_accelerator_0/inst/ntt_axi_accelerator_v1_0_S00_AXI_inst/slv_reg[142][31]_i_1_n_0                                                           | design_1_i/ntt_axi_accelerator_0/inst/ntt_axi_accelerator_v1_0_S00_AXI_inst/p_0_in                                                                    |                3 |              8 |
|  design_1_i/processing_system7_0/inst/FCLK_CLK0 | design_1_i/ntt_axi_accelerator_0/inst/ntt_axi_accelerator_v1_0_S00_AXI_inst/slv_reg[143][15]_i_1_n_0                                                           | design_1_i/ntt_axi_accelerator_0/inst/ntt_axi_accelerator_v1_0_S00_AXI_inst/p_0_in                                                                    |                2 |              8 |
|  design_1_i/processing_system7_0/inst/FCLK_CLK0 | design_1_i/ntt_axi_accelerator_0/inst/ntt_axi_accelerator_v1_0_S00_AXI_inst/slv_reg[139][23]_i_1_n_0                                                           | design_1_i/ntt_axi_accelerator_0/inst/ntt_axi_accelerator_v1_0_S00_AXI_inst/p_0_in                                                                    |                3 |              8 |
|  design_1_i/processing_system7_0/inst/FCLK_CLK0 | design_1_i/ntt_axi_accelerator_0/inst/ntt_axi_accelerator_v1_0_S00_AXI_inst/slv_reg[149][31]_i_1_n_0                                                           | design_1_i/ntt_axi_accelerator_0/inst/ntt_axi_accelerator_v1_0_S00_AXI_inst/p_0_in                                                                    |                2 |              8 |
|  design_1_i/processing_system7_0/inst/FCLK_CLK0 | design_1_i/ntt_axi_accelerator_0/inst/ntt_axi_accelerator_v1_0_S00_AXI_inst/slv_reg[14][15]_i_1_n_0                                                            | design_1_i/ntt_axi_accelerator_0/inst/ntt_axi_accelerator_v1_0_S00_AXI_inst/p_0_in                                                                    |                2 |              8 |
|  design_1_i/processing_system7_0/inst/FCLK_CLK0 | design_1_i/ntt_axi_accelerator_0/inst/ntt_axi_accelerator_v1_0_S00_AXI_inst/slv_reg[14][23]_i_1_n_0                                                            | design_1_i/ntt_axi_accelerator_0/inst/ntt_axi_accelerator_v1_0_S00_AXI_inst/p_0_in                                                                    |                2 |              8 |
|  design_1_i/processing_system7_0/inst/FCLK_CLK0 | design_1_i/ntt_axi_accelerator_0/inst/ntt_axi_accelerator_v1_0_S00_AXI_inst/slv_reg[14][31]_i_1_n_0                                                            | design_1_i/ntt_axi_accelerator_0/inst/ntt_axi_accelerator_v1_0_S00_AXI_inst/p_0_in                                                                    |                5 |              8 |
|  design_1_i/processing_system7_0/inst/FCLK_CLK0 | design_1_i/ntt_axi_accelerator_0/inst/ntt_axi_accelerator_v1_0_S00_AXI_inst/slv_reg[138][23]_i_1_n_0                                                           | design_1_i/ntt_axi_accelerator_0/inst/ntt_axi_accelerator_v1_0_S00_AXI_inst/p_0_in                                                                    |                2 |              8 |
|  design_1_i/processing_system7_0/inst/FCLK_CLK0 | design_1_i/ntt_axi_accelerator_0/inst/ntt_axi_accelerator_v1_0_S00_AXI_inst/slv_reg[149][7]_i_1_n_0                                                            | design_1_i/ntt_axi_accelerator_0/inst/ntt_axi_accelerator_v1_0_S00_AXI_inst/p_0_in                                                                    |                1 |              8 |
|  design_1_i/processing_system7_0/inst/FCLK_CLK0 | design_1_i/ntt_axi_accelerator_0/inst/ntt_axi_accelerator_v1_0_S00_AXI_inst/slv_reg[141][23]_i_1_n_0                                                           | design_1_i/ntt_axi_accelerator_0/inst/ntt_axi_accelerator_v1_0_S00_AXI_inst/p_0_in                                                                    |                3 |              8 |
|  design_1_i/processing_system7_0/inst/FCLK_CLK0 | design_1_i/ntt_axi_accelerator_0/inst/ntt_axi_accelerator_v1_0_S00_AXI_inst/slv_reg[141][7]_i_1_n_0                                                            | design_1_i/ntt_axi_accelerator_0/inst/ntt_axi_accelerator_v1_0_S00_AXI_inst/p_0_in                                                                    |                4 |              8 |
|  design_1_i/processing_system7_0/inst/FCLK_CLK0 | design_1_i/ntt_axi_accelerator_0/inst/ntt_axi_accelerator_v1_0_S00_AXI_inst/slv_reg[142][15]_i_1_n_0                                                           | design_1_i/ntt_axi_accelerator_0/inst/ntt_axi_accelerator_v1_0_S00_AXI_inst/p_0_in                                                                    |                2 |              8 |
|  design_1_i/processing_system7_0/inst/FCLK_CLK0 | design_1_i/ntt_axi_accelerator_0/inst/ntt_axi_accelerator_v1_0_S00_AXI_inst/slv_reg[138][7]_i_1_n_0                                                            | design_1_i/ntt_axi_accelerator_0/inst/ntt_axi_accelerator_v1_0_S00_AXI_inst/p_0_in                                                                    |                3 |              8 |
|  design_1_i/processing_system7_0/inst/FCLK_CLK0 | design_1_i/ntt_axi_accelerator_0/inst/ntt_axi_accelerator_v1_0_S00_AXI_inst/slv_reg[141][31]_i_1_n_0                                                           | design_1_i/ntt_axi_accelerator_0/inst/ntt_axi_accelerator_v1_0_S00_AXI_inst/p_0_in                                                                    |                2 |              8 |
|  design_1_i/processing_system7_0/inst/FCLK_CLK0 | design_1_i/ntt_axi_accelerator_0/inst/ntt_axi_accelerator_v1_0_S00_AXI_inst/slv_reg[145][31]_i_1_n_0                                                           | design_1_i/ntt_axi_accelerator_0/inst/ntt_axi_accelerator_v1_0_S00_AXI_inst/p_0_in                                                                    |                3 |              8 |
|  design_1_i/processing_system7_0/inst/FCLK_CLK0 | design_1_i/ntt_axi_accelerator_0/inst/ntt_axi_accelerator_v1_0_S00_AXI_inst/slv_reg[14][7]_i_1_n_0                                                             | design_1_i/ntt_axi_accelerator_0/inst/ntt_axi_accelerator_v1_0_S00_AXI_inst/p_0_in                                                                    |                5 |              8 |
|  design_1_i/processing_system7_0/inst/FCLK_CLK0 | design_1_i/ntt_axi_accelerator_0/inst/ntt_axi_accelerator_v1_0_S00_AXI_inst/slv_reg[150][15]_i_1_n_0                                                           | design_1_i/ntt_axi_accelerator_0/inst/ntt_axi_accelerator_v1_0_S00_AXI_inst/p_0_in                                                                    |                3 |              8 |
|  design_1_i/processing_system7_0/inst/FCLK_CLK0 | design_1_i/ntt_axi_accelerator_0/inst/ntt_axi_accelerator_v1_0_S00_AXI_inst/slv_reg[140][7]_i_1_n_0                                                            | design_1_i/ntt_axi_accelerator_0/inst/ntt_axi_accelerator_v1_0_S00_AXI_inst/p_0_in                                                                    |                2 |              8 |
|  design_1_i/processing_system7_0/inst/FCLK_CLK0 | design_1_i/ntt_axi_accelerator_0/inst/ntt_axi_accelerator_v1_0_S00_AXI_inst/slv_reg[144][23]_i_1_n_0                                                           | design_1_i/ntt_axi_accelerator_0/inst/ntt_axi_accelerator_v1_0_S00_AXI_inst/p_0_in                                                                    |                6 |              8 |
|  design_1_i/processing_system7_0/inst/FCLK_CLK0 | design_1_i/ntt_axi_accelerator_0/inst/ntt_axi_accelerator_v1_0_S00_AXI_inst/slv_reg[13][31]_i_1_n_0                                                            | design_1_i/ntt_axi_accelerator_0/inst/ntt_axi_accelerator_v1_0_S00_AXI_inst/p_0_in                                                                    |                2 |              8 |
|  design_1_i/processing_system7_0/inst/FCLK_CLK0 | design_1_i/ntt_axi_accelerator_0/inst/ntt_axi_accelerator_v1_0_S00_AXI_inst/slv_reg[142][7]_i_1_n_0                                                            | design_1_i/ntt_axi_accelerator_0/inst/ntt_axi_accelerator_v1_0_S00_AXI_inst/p_0_in                                                                    |                5 |              8 |
|  design_1_i/processing_system7_0/inst/FCLK_CLK0 | design_1_i/ntt_axi_accelerator_0/inst/ntt_axi_accelerator_v1_0_S00_AXI_inst/slv_reg[146][31]_i_1_n_0                                                           | design_1_i/ntt_axi_accelerator_0/inst/ntt_axi_accelerator_v1_0_S00_AXI_inst/p_0_in                                                                    |                6 |              8 |
|  design_1_i/processing_system7_0/inst/FCLK_CLK0 | design_1_i/ntt_axi_accelerator_0/inst/ntt_axi_accelerator_v1_0_S00_AXI_inst/slv_reg[146][7]_i_1_n_0                                                            | design_1_i/ntt_axi_accelerator_0/inst/ntt_axi_accelerator_v1_0_S00_AXI_inst/p_0_in                                                                    |                3 |              8 |
|  design_1_i/processing_system7_0/inst/FCLK_CLK0 | design_1_i/ntt_axi_accelerator_0/inst/ntt_axi_accelerator_v1_0_S00_AXI_inst/slv_reg[148][15]_i_1_n_0                                                           | design_1_i/ntt_axi_accelerator_0/inst/ntt_axi_accelerator_v1_0_S00_AXI_inst/p_0_in                                                                    |                4 |              8 |
|  design_1_i/processing_system7_0/inst/FCLK_CLK0 | design_1_i/ntt_axi_accelerator_0/inst/ntt_axi_accelerator_v1_0_S00_AXI_inst/slv_reg[13][23]_i_1_n_0                                                            | design_1_i/ntt_axi_accelerator_0/inst/ntt_axi_accelerator_v1_0_S00_AXI_inst/p_0_in                                                                    |                2 |              8 |
|  design_1_i/processing_system7_0/inst/FCLK_CLK0 | design_1_i/ntt_axi_accelerator_0/inst/ntt_axi_accelerator_v1_0_S00_AXI_inst/slv_reg[140][23]_i_1_n_0                                                           | design_1_i/ntt_axi_accelerator_0/inst/ntt_axi_accelerator_v1_0_S00_AXI_inst/p_0_in                                                                    |                3 |              8 |
|  design_1_i/processing_system7_0/inst/FCLK_CLK0 | design_1_i/ntt_axi_accelerator_0/inst/ntt_axi_accelerator_v1_0_S00_AXI_inst/slv_reg[155][23]_i_1_n_0                                                           | design_1_i/ntt_axi_accelerator_0/inst/ntt_axi_accelerator_v1_0_S00_AXI_inst/p_0_in                                                                    |                2 |              8 |
|  design_1_i/processing_system7_0/inst/FCLK_CLK0 | design_1_i/ntt_axi_accelerator_0/inst/ntt_axi_accelerator_v1_0_S00_AXI_inst/slv_reg[154][31]_i_1_n_0                                                           | design_1_i/ntt_axi_accelerator_0/inst/ntt_axi_accelerator_v1_0_S00_AXI_inst/p_0_in                                                                    |                2 |              8 |
|  design_1_i/processing_system7_0/inst/FCLK_CLK0 | design_1_i/ntt_axi_accelerator_0/inst/ntt_axi_accelerator_v1_0_S00_AXI_inst/slv_reg[151][7]_i_1_n_0                                                            | design_1_i/ntt_axi_accelerator_0/inst/ntt_axi_accelerator_v1_0_S00_AXI_inst/p_0_in                                                                    |                1 |              8 |
|  design_1_i/processing_system7_0/inst/FCLK_CLK0 | design_1_i/ntt_axi_accelerator_0/inst/ntt_axi_accelerator_v1_0_S00_AXI_inst/slv_reg[15][23]_i_1_n_0                                                            | design_1_i/ntt_axi_accelerator_0/inst/ntt_axi_accelerator_v1_0_S00_AXI_inst/p_0_in                                                                    |                2 |              8 |
|  design_1_i/processing_system7_0/inst/FCLK_CLK0 | design_1_i/ntt_axi_accelerator_0/inst/ntt_axi_accelerator_v1_0_S00_AXI_inst/slv_reg[162][31]_i_1_n_0                                                           | design_1_i/ntt_axi_accelerator_0/inst/ntt_axi_accelerator_v1_0_S00_AXI_inst/p_0_in                                                                    |                3 |              8 |
|  design_1_i/processing_system7_0/inst/FCLK_CLK0 | design_1_i/ntt_axi_accelerator_0/inst/ntt_axi_accelerator_v1_0_S00_AXI_inst/slv_reg[163][23]_i_1_n_0                                                           | design_1_i/ntt_axi_accelerator_0/inst/ntt_axi_accelerator_v1_0_S00_AXI_inst/p_0_in                                                                    |                5 |              8 |
|  design_1_i/processing_system7_0/inst/FCLK_CLK0 | design_1_i/ntt_axi_accelerator_0/inst/ntt_axi_accelerator_v1_0_S00_AXI_inst/slv_reg[161][23]_i_1_n_0                                                           | design_1_i/ntt_axi_accelerator_0/inst/ntt_axi_accelerator_v1_0_S00_AXI_inst/p_0_in                                                                    |                2 |              8 |
|  design_1_i/processing_system7_0/inst/FCLK_CLK0 | design_1_i/ntt_axi_accelerator_0/inst/ntt_axi_accelerator_v1_0_S00_AXI_inst/slv_reg[163][31]_i_1_n_0                                                           | design_1_i/ntt_axi_accelerator_0/inst/ntt_axi_accelerator_v1_0_S00_AXI_inst/p_0_in                                                                    |                1 |              8 |
|  design_1_i/processing_system7_0/inst/FCLK_CLK0 | design_1_i/ntt_axi_accelerator_0/inst/ntt_axi_accelerator_v1_0_S00_AXI_inst/slv_reg[153][31]_i_1_n_0                                                           | design_1_i/ntt_axi_accelerator_0/inst/ntt_axi_accelerator_v1_0_S00_AXI_inst/p_0_in                                                                    |                3 |              8 |
|  design_1_i/processing_system7_0/inst/FCLK_CLK0 | design_1_i/ntt_axi_accelerator_0/inst/ntt_axi_accelerator_v1_0_S00_AXI_inst/slv_reg[150][23]_i_1_n_0                                                           | design_1_i/ntt_axi_accelerator_0/inst/ntt_axi_accelerator_v1_0_S00_AXI_inst/p_0_in                                                                    |                1 |              8 |
|  design_1_i/processing_system7_0/inst/FCLK_CLK0 | design_1_i/ntt_axi_accelerator_0/inst/ntt_axi_accelerator_v1_0_S00_AXI_inst/slv_reg[155][15]_i_1_n_0                                                           | design_1_i/ntt_axi_accelerator_0/inst/ntt_axi_accelerator_v1_0_S00_AXI_inst/p_0_in                                                                    |                3 |              8 |
|  design_1_i/processing_system7_0/inst/FCLK_CLK0 | design_1_i/ntt_axi_accelerator_0/inst/ntt_axi_accelerator_v1_0_S00_AXI_inst/slv_reg[152][15]_i_1_n_0                                                           | design_1_i/ntt_axi_accelerator_0/inst/ntt_axi_accelerator_v1_0_S00_AXI_inst/p_0_in                                                                    |                2 |              8 |
|  design_1_i/processing_system7_0/inst/FCLK_CLK0 | design_1_i/ntt_axi_accelerator_0/inst/ntt_axi_accelerator_v1_0_S00_AXI_inst/slv_reg[154][15]_i_1_n_0                                                           | design_1_i/ntt_axi_accelerator_0/inst/ntt_axi_accelerator_v1_0_S00_AXI_inst/p_0_in                                                                    |                2 |              8 |
|  design_1_i/processing_system7_0/inst/FCLK_CLK0 | design_1_i/ntt_axi_accelerator_0/inst/ntt_axi_accelerator_v1_0_S00_AXI_inst/slv_reg[156][31]_i_1_n_0                                                           | design_1_i/ntt_axi_accelerator_0/inst/ntt_axi_accelerator_v1_0_S00_AXI_inst/p_0_in                                                                    |                4 |              8 |
|  design_1_i/processing_system7_0/inst/FCLK_CLK0 | design_1_i/ntt_axi_accelerator_0/inst/ntt_axi_accelerator_v1_0_S00_AXI_inst/slv_reg[155][31]_i_1_n_0                                                           | design_1_i/ntt_axi_accelerator_0/inst/ntt_axi_accelerator_v1_0_S00_AXI_inst/p_0_in                                                                    |                4 |              8 |
|  design_1_i/processing_system7_0/inst/FCLK_CLK0 | design_1_i/ntt_axi_accelerator_0/inst/ntt_axi_accelerator_v1_0_S00_AXI_inst/slv_reg[158][31]_i_1_n_0                                                           | design_1_i/ntt_axi_accelerator_0/inst/ntt_axi_accelerator_v1_0_S00_AXI_inst/p_0_in                                                                    |                2 |              8 |
|  design_1_i/processing_system7_0/inst/FCLK_CLK0 | design_1_i/ntt_axi_accelerator_0/inst/ntt_axi_accelerator_v1_0_S00_AXI_inst/slv_reg[151][15]_i_1_n_0                                                           | design_1_i/ntt_axi_accelerator_0/inst/ntt_axi_accelerator_v1_0_S00_AXI_inst/p_0_in                                                                    |                3 |              8 |
|  design_1_i/processing_system7_0/inst/FCLK_CLK0 | design_1_i/ntt_axi_accelerator_0/inst/ntt_axi_accelerator_v1_0_S00_AXI_inst/slv_reg[160][23]_i_1_n_0                                                           | design_1_i/ntt_axi_accelerator_0/inst/ntt_axi_accelerator_v1_0_S00_AXI_inst/p_0_in                                                                    |                3 |              8 |
|  design_1_i/processing_system7_0/inst/FCLK_CLK0 | design_1_i/ntt_axi_accelerator_0/inst/ntt_axi_accelerator_v1_0_S00_AXI_inst/slv_reg[160][7]_i_1_n_0                                                            | design_1_i/ntt_axi_accelerator_0/inst/ntt_axi_accelerator_v1_0_S00_AXI_inst/p_0_in                                                                    |                2 |              8 |
|  design_1_i/processing_system7_0/inst/FCLK_CLK0 | design_1_i/ntt_axi_accelerator_0/inst/ntt_axi_accelerator_v1_0_S00_AXI_inst/slv_reg[153][23]_i_1_n_0                                                           | design_1_i/ntt_axi_accelerator_0/inst/ntt_axi_accelerator_v1_0_S00_AXI_inst/p_0_in                                                                    |                3 |              8 |
|  design_1_i/processing_system7_0/inst/FCLK_CLK0 | design_1_i/ntt_axi_accelerator_0/inst/ntt_axi_accelerator_v1_0_S00_AXI_inst/slv_reg[157][15]_i_1_n_0                                                           | design_1_i/ntt_axi_accelerator_0/inst/ntt_axi_accelerator_v1_0_S00_AXI_inst/p_0_in                                                                    |                2 |              8 |
|  design_1_i/processing_system7_0/inst/FCLK_CLK0 | design_1_i/ntt_axi_accelerator_0/inst/ntt_axi_accelerator_v1_0_S00_AXI_inst/slv_reg[156][15]_i_1_n_0                                                           | design_1_i/ntt_axi_accelerator_0/inst/ntt_axi_accelerator_v1_0_S00_AXI_inst/p_0_in                                                                    |                2 |              8 |
|  design_1_i/processing_system7_0/inst/FCLK_CLK0 | design_1_i/ntt_axi_accelerator_0/inst/ntt_axi_accelerator_v1_0_S00_AXI_inst/slv_reg[157][23]_i_1_n_0                                                           | design_1_i/ntt_axi_accelerator_0/inst/ntt_axi_accelerator_v1_0_S00_AXI_inst/p_0_in                                                                    |                1 |              8 |
|  design_1_i/processing_system7_0/inst/FCLK_CLK0 | design_1_i/ntt_axi_accelerator_0/inst/ntt_axi_accelerator_v1_0_S00_AXI_inst/slv_reg[151][23]_i_1_n_0                                                           | design_1_i/ntt_axi_accelerator_0/inst/ntt_axi_accelerator_v1_0_S00_AXI_inst/p_0_in                                                                    |                5 |              8 |
|  design_1_i/processing_system7_0/inst/FCLK_CLK0 | design_1_i/ntt_axi_accelerator_0/inst/ntt_axi_accelerator_v1_0_S00_AXI_inst/slv_reg[159][23]_i_1_n_0                                                           | design_1_i/ntt_axi_accelerator_0/inst/ntt_axi_accelerator_v1_0_S00_AXI_inst/p_0_in                                                                    |                2 |              8 |
|  design_1_i/processing_system7_0/inst/FCLK_CLK0 | design_1_i/ntt_axi_accelerator_0/inst/ntt_axi_accelerator_v1_0_S00_AXI_inst/slv_reg[157][31]_i_1_n_0                                                           | design_1_i/ntt_axi_accelerator_0/inst/ntt_axi_accelerator_v1_0_S00_AXI_inst/p_0_in                                                                    |                3 |              8 |
|  design_1_i/processing_system7_0/inst/FCLK_CLK0 | design_1_i/ntt_axi_accelerator_0/inst/ntt_axi_accelerator_v1_0_S00_AXI_inst/slv_reg[159][7]_i_1_n_0                                                            | design_1_i/ntt_axi_accelerator_0/inst/ntt_axi_accelerator_v1_0_S00_AXI_inst/p_0_in                                                                    |                1 |              8 |
|  design_1_i/processing_system7_0/inst/FCLK_CLK0 | design_1_i/ntt_axi_accelerator_0/inst/ntt_axi_accelerator_v1_0_S00_AXI_inst/slv_reg[160][15]_i_1_n_0                                                           | design_1_i/ntt_axi_accelerator_0/inst/ntt_axi_accelerator_v1_0_S00_AXI_inst/p_0_in                                                                    |                4 |              8 |
|  design_1_i/processing_system7_0/inst/FCLK_CLK0 | design_1_i/ntt_axi_accelerator_0/inst/ntt_axi_accelerator_v1_0_S00_AXI_inst/slv_reg[161][31]_i_1_n_0                                                           | design_1_i/ntt_axi_accelerator_0/inst/ntt_axi_accelerator_v1_0_S00_AXI_inst/p_0_in                                                                    |                2 |              8 |
|  design_1_i/processing_system7_0/inst/FCLK_CLK0 | design_1_i/ntt_axi_accelerator_0/inst/ntt_axi_accelerator_v1_0_S00_AXI_inst/slv_reg[161][7]_i_1_n_0                                                            | design_1_i/ntt_axi_accelerator_0/inst/ntt_axi_accelerator_v1_0_S00_AXI_inst/p_0_in                                                                    |                1 |              8 |
|  design_1_i/processing_system7_0/inst/FCLK_CLK0 | design_1_i/ntt_axi_accelerator_0/inst/ntt_axi_accelerator_v1_0_S00_AXI_inst/slv_reg[153][15]_i_1_n_0                                                           | design_1_i/ntt_axi_accelerator_0/inst/ntt_axi_accelerator_v1_0_S00_AXI_inst/p_0_in                                                                    |                2 |              8 |
|  design_1_i/processing_system7_0/inst/FCLK_CLK0 | design_1_i/ntt_axi_accelerator_0/inst/ntt_axi_accelerator_v1_0_S00_AXI_inst/slv_reg[156][7]_i_1_n_0                                                            | design_1_i/ntt_axi_accelerator_0/inst/ntt_axi_accelerator_v1_0_S00_AXI_inst/p_0_in                                                                    |                2 |              8 |
|  design_1_i/processing_system7_0/inst/FCLK_CLK0 | design_1_i/ntt_axi_accelerator_0/inst/ntt_axi_accelerator_v1_0_S00_AXI_inst/slv_reg[151][31]_i_1_n_0                                                           | design_1_i/ntt_axi_accelerator_0/inst/ntt_axi_accelerator_v1_0_S00_AXI_inst/p_0_in                                                                    |                2 |              8 |
|  design_1_i/processing_system7_0/inst/FCLK_CLK0 | design_1_i/ntt_axi_accelerator_0/inst/ntt_axi_accelerator_v1_0_S00_AXI_inst/slv_reg[15][31]_i_1_n_0                                                            | design_1_i/ntt_axi_accelerator_0/inst/ntt_axi_accelerator_v1_0_S00_AXI_inst/p_0_in                                                                    |                3 |              8 |
|  design_1_i/processing_system7_0/inst/FCLK_CLK0 | design_1_i/ntt_axi_accelerator_0/inst/ntt_axi_accelerator_v1_0_S00_AXI_inst/slv_reg[159][31]_i_1_n_0                                                           | design_1_i/ntt_axi_accelerator_0/inst/ntt_axi_accelerator_v1_0_S00_AXI_inst/p_0_in                                                                    |                2 |              8 |
|  design_1_i/processing_system7_0/inst/FCLK_CLK0 | design_1_i/ntt_axi_accelerator_0/inst/ntt_axi_accelerator_v1_0_S00_AXI_inst/slv_reg[162][23]_i_1_n_0                                                           | design_1_i/ntt_axi_accelerator_0/inst/ntt_axi_accelerator_v1_0_S00_AXI_inst/p_0_in                                                                    |                3 |              8 |
|  design_1_i/processing_system7_0/inst/FCLK_CLK0 | design_1_i/ntt_axi_accelerator_0/inst/ntt_axi_accelerator_v1_0_S00_AXI_inst/slv_reg[157][7]_i_1_n_0                                                            | design_1_i/ntt_axi_accelerator_0/inst/ntt_axi_accelerator_v1_0_S00_AXI_inst/p_0_in                                                                    |                3 |              8 |
|  design_1_i/processing_system7_0/inst/FCLK_CLK0 | design_1_i/ntt_axi_accelerator_0/inst/ntt_axi_accelerator_v1_0_S00_AXI_inst/slv_reg[152][7]_i_1_n_0                                                            | design_1_i/ntt_axi_accelerator_0/inst/ntt_axi_accelerator_v1_0_S00_AXI_inst/p_0_in                                                                    |                3 |              8 |
|  design_1_i/processing_system7_0/inst/FCLK_CLK0 | design_1_i/ntt_axi_accelerator_0/inst/ntt_axi_accelerator_v1_0_S00_AXI_inst/slv_reg[158][7]_i_1_n_0                                                            | design_1_i/ntt_axi_accelerator_0/inst/ntt_axi_accelerator_v1_0_S00_AXI_inst/p_0_in                                                                    |                2 |              8 |
|  design_1_i/processing_system7_0/inst/FCLK_CLK0 | design_1_i/ntt_axi_accelerator_0/inst/ntt_axi_accelerator_v1_0_S00_AXI_inst/slv_reg[158][15]_i_1_n_0                                                           | design_1_i/ntt_axi_accelerator_0/inst/ntt_axi_accelerator_v1_0_S00_AXI_inst/p_0_in                                                                    |                2 |              8 |
|  design_1_i/processing_system7_0/inst/FCLK_CLK0 | design_1_i/ntt_axi_accelerator_0/inst/ntt_axi_accelerator_v1_0_S00_AXI_inst/slv_reg[154][23]_i_1_n_0                                                           | design_1_i/ntt_axi_accelerator_0/inst/ntt_axi_accelerator_v1_0_S00_AXI_inst/p_0_in                                                                    |                3 |              8 |
|  design_1_i/processing_system7_0/inst/FCLK_CLK0 | design_1_i/ntt_axi_accelerator_0/inst/ntt_axi_accelerator_v1_0_S00_AXI_inst/slv_reg[153][7]_i_1_n_0                                                            | design_1_i/ntt_axi_accelerator_0/inst/ntt_axi_accelerator_v1_0_S00_AXI_inst/p_0_in                                                                    |                3 |              8 |
|  design_1_i/processing_system7_0/inst/FCLK_CLK0 | design_1_i/ntt_axi_accelerator_0/inst/ntt_axi_accelerator_v1_0_S00_AXI_inst/slv_reg[154][7]_i_1_n_0                                                            | design_1_i/ntt_axi_accelerator_0/inst/ntt_axi_accelerator_v1_0_S00_AXI_inst/p_0_in                                                                    |                2 |              8 |
|  design_1_i/processing_system7_0/inst/FCLK_CLK0 | design_1_i/ntt_axi_accelerator_0/inst/ntt_axi_accelerator_v1_0_S00_AXI_inst/slv_reg[152][23]_i_1_n_0                                                           | design_1_i/ntt_axi_accelerator_0/inst/ntt_axi_accelerator_v1_0_S00_AXI_inst/p_0_in                                                                    |                4 |              8 |
|  design_1_i/processing_system7_0/inst/FCLK_CLK0 | design_1_i/ntt_axi_accelerator_0/inst/ntt_axi_accelerator_v1_0_S00_AXI_inst/slv_reg[155][7]_i_1_n_0                                                            | design_1_i/ntt_axi_accelerator_0/inst/ntt_axi_accelerator_v1_0_S00_AXI_inst/p_0_in                                                                    |                3 |              8 |
|  design_1_i/processing_system7_0/inst/FCLK_CLK0 | design_1_i/ntt_axi_accelerator_0/inst/ntt_axi_accelerator_v1_0_S00_AXI_inst/slv_reg[150][31]_i_1_n_0                                                           | design_1_i/ntt_axi_accelerator_0/inst/ntt_axi_accelerator_v1_0_S00_AXI_inst/p_0_in                                                                    |                2 |              8 |
|  design_1_i/processing_system7_0/inst/FCLK_CLK0 | design_1_i/ntt_axi_accelerator_0/inst/ntt_axi_accelerator_v1_0_S00_AXI_inst/slv_reg[150][7]_i_1_n_0                                                            | design_1_i/ntt_axi_accelerator_0/inst/ntt_axi_accelerator_v1_0_S00_AXI_inst/p_0_in                                                                    |                4 |              8 |
|  design_1_i/processing_system7_0/inst/FCLK_CLK0 | design_1_i/ntt_axi_accelerator_0/inst/ntt_axi_accelerator_v1_0_S00_AXI_inst/slv_reg[159][15]_i_1_n_0                                                           | design_1_i/ntt_axi_accelerator_0/inst/ntt_axi_accelerator_v1_0_S00_AXI_inst/p_0_in                                                                    |                2 |              8 |
|  design_1_i/processing_system7_0/inst/FCLK_CLK0 | design_1_i/ntt_axi_accelerator_0/inst/ntt_axi_accelerator_v1_0_S00_AXI_inst/slv_reg[15][15]_i_1_n_0                                                            | design_1_i/ntt_axi_accelerator_0/inst/ntt_axi_accelerator_v1_0_S00_AXI_inst/p_0_in                                                                    |                2 |              8 |
|  design_1_i/processing_system7_0/inst/FCLK_CLK0 | design_1_i/ntt_axi_accelerator_0/inst/ntt_axi_accelerator_v1_0_S00_AXI_inst/slv_reg[15][7]_i_1_n_0                                                             | design_1_i/ntt_axi_accelerator_0/inst/ntt_axi_accelerator_v1_0_S00_AXI_inst/p_0_in                                                                    |                2 |              8 |
|  design_1_i/processing_system7_0/inst/FCLK_CLK0 | design_1_i/ntt_axi_accelerator_0/inst/ntt_axi_accelerator_v1_0_S00_AXI_inst/slv_reg[160][31]_i_1_n_0                                                           | design_1_i/ntt_axi_accelerator_0/inst/ntt_axi_accelerator_v1_0_S00_AXI_inst/p_0_in                                                                    |                2 |              8 |
|  design_1_i/processing_system7_0/inst/FCLK_CLK0 | design_1_i/ntt_axi_accelerator_0/inst/ntt_axi_accelerator_v1_0_S00_AXI_inst/slv_reg[158][23]_i_1_n_0                                                           | design_1_i/ntt_axi_accelerator_0/inst/ntt_axi_accelerator_v1_0_S00_AXI_inst/p_0_in                                                                    |                2 |              8 |
|  design_1_i/processing_system7_0/inst/FCLK_CLK0 | design_1_i/ntt_axi_accelerator_0/inst/ntt_axi_accelerator_v1_0_S00_AXI_inst/slv_reg[152][31]_i_1_n_0                                                           | design_1_i/ntt_axi_accelerator_0/inst/ntt_axi_accelerator_v1_0_S00_AXI_inst/p_0_in                                                                    |                4 |              8 |
|  design_1_i/processing_system7_0/inst/FCLK_CLK0 | design_1_i/ntt_axi_accelerator_0/inst/ntt_axi_accelerator_v1_0_S00_AXI_inst/slv_reg[156][23]_i_1_n_0                                                           | design_1_i/ntt_axi_accelerator_0/inst/ntt_axi_accelerator_v1_0_S00_AXI_inst/p_0_in                                                                    |                4 |              8 |
|  design_1_i/processing_system7_0/inst/FCLK_CLK0 | design_1_i/ntt_axi_accelerator_0/inst/ntt_axi_accelerator_v1_0_S00_AXI_inst/slv_reg[162][15]_i_1_n_0                                                           | design_1_i/ntt_axi_accelerator_0/inst/ntt_axi_accelerator_v1_0_S00_AXI_inst/p_0_in                                                                    |                2 |              8 |
|  design_1_i/processing_system7_0/inst/FCLK_CLK0 | design_1_i/ntt_axi_accelerator_0/inst/ntt_axi_accelerator_v1_0_S00_AXI_inst/slv_reg[162][7]_i_1_n_0                                                            | design_1_i/ntt_axi_accelerator_0/inst/ntt_axi_accelerator_v1_0_S00_AXI_inst/p_0_in                                                                    |                2 |              8 |
|  design_1_i/processing_system7_0/inst/FCLK_CLK0 | design_1_i/ntt_axi_accelerator_0/inst/ntt_axi_accelerator_v1_0_S00_AXI_inst/slv_reg[161][15]_i_1_n_0                                                           | design_1_i/ntt_axi_accelerator_0/inst/ntt_axi_accelerator_v1_0_S00_AXI_inst/p_0_in                                                                    |                4 |              8 |
|  design_1_i/processing_system7_0/inst/FCLK_CLK0 | design_1_i/ntt_axi_accelerator_0/inst/ntt_axi_accelerator_v1_0_S00_AXI_inst/slv_reg[163][15]_i_1_n_0                                                           | design_1_i/ntt_axi_accelerator_0/inst/ntt_axi_accelerator_v1_0_S00_AXI_inst/p_0_in                                                                    |                2 |              8 |
|  design_1_i/processing_system7_0/inst/FCLK_CLK0 | design_1_i/ntt_axi_accelerator_0/inst/ntt_axi_accelerator_v1_0_S00_AXI_inst/slv_reg[176][23]_i_1_n_0                                                           | design_1_i/ntt_axi_accelerator_0/inst/ntt_axi_accelerator_v1_0_S00_AXI_inst/p_0_in                                                                    |                2 |              8 |
|  design_1_i/processing_system7_0/inst/FCLK_CLK0 | design_1_i/ntt_axi_accelerator_0/inst/ntt_axi_accelerator_v1_0_S00_AXI_inst/slv_reg[167][31]_i_1_n_0                                                           | design_1_i/ntt_axi_accelerator_0/inst/ntt_axi_accelerator_v1_0_S00_AXI_inst/p_0_in                                                                    |                2 |              8 |
|  design_1_i/processing_system7_0/inst/FCLK_CLK0 | design_1_i/ntt_axi_accelerator_0/inst/ntt_axi_accelerator_v1_0_S00_AXI_inst/slv_reg[175][15]_i_1_n_0                                                           | design_1_i/ntt_axi_accelerator_0/inst/ntt_axi_accelerator_v1_0_S00_AXI_inst/p_0_in                                                                    |                2 |              8 |
|  design_1_i/processing_system7_0/inst/FCLK_CLK0 | design_1_i/ntt_axi_accelerator_0/inst/ntt_axi_accelerator_v1_0_S00_AXI_inst/slv_reg[164][15]_i_1_n_0                                                           | design_1_i/ntt_axi_accelerator_0/inst/ntt_axi_accelerator_v1_0_S00_AXI_inst/p_0_in                                                                    |                3 |              8 |
|  design_1_i/processing_system7_0/inst/FCLK_CLK0 | design_1_i/ntt_axi_accelerator_0/inst/ntt_axi_accelerator_v1_0_S00_AXI_inst/slv_reg[165][15]_i_1_n_0                                                           | design_1_i/ntt_axi_accelerator_0/inst/ntt_axi_accelerator_v1_0_S00_AXI_inst/p_0_in                                                                    |                2 |              8 |
|  design_1_i/processing_system7_0/inst/FCLK_CLK0 | design_1_i/ntt_axi_accelerator_0/inst/ntt_axi_accelerator_v1_0_S00_AXI_inst/slv_reg[175][31]_i_1_n_0                                                           | design_1_i/ntt_axi_accelerator_0/inst/ntt_axi_accelerator_v1_0_S00_AXI_inst/p_0_in                                                                    |                3 |              8 |
|  design_1_i/processing_system7_0/inst/FCLK_CLK0 | design_1_i/ntt_axi_accelerator_0/inst/ntt_axi_accelerator_v1_0_S00_AXI_inst/slv_reg[175][7]_i_1_n_0                                                            | design_1_i/ntt_axi_accelerator_0/inst/ntt_axi_accelerator_v1_0_S00_AXI_inst/p_0_in                                                                    |                2 |              8 |
|  design_1_i/processing_system7_0/inst/FCLK_CLK0 | design_1_i/ntt_axi_accelerator_0/inst/ntt_axi_accelerator_v1_0_S00_AXI_inst/slv_reg[165][31]_i_1_n_0                                                           | design_1_i/ntt_axi_accelerator_0/inst/ntt_axi_accelerator_v1_0_S00_AXI_inst/p_0_in                                                                    |                2 |              8 |
|  design_1_i/processing_system7_0/inst/FCLK_CLK0 | design_1_i/ntt_axi_accelerator_0/inst/ntt_axi_accelerator_v1_0_S00_AXI_inst/slv_reg[170][23]_i_1_n_0                                                           | design_1_i/ntt_axi_accelerator_0/inst/ntt_axi_accelerator_v1_0_S00_AXI_inst/p_0_in                                                                    |                2 |              8 |
|  design_1_i/processing_system7_0/inst/FCLK_CLK0 | design_1_i/ntt_axi_accelerator_0/inst/ntt_axi_accelerator_v1_0_S00_AXI_inst/slv_reg[176][7]_i_1_n_0                                                            | design_1_i/ntt_axi_accelerator_0/inst/ntt_axi_accelerator_v1_0_S00_AXI_inst/p_0_in                                                                    |                2 |              8 |
|  design_1_i/processing_system7_0/inst/FCLK_CLK0 | design_1_i/ntt_axi_accelerator_0/inst/ntt_axi_accelerator_v1_0_S00_AXI_inst/slv_reg[166][7]_i_1_n_0                                                            | design_1_i/ntt_axi_accelerator_0/inst/ntt_axi_accelerator_v1_0_S00_AXI_inst/p_0_in                                                                    |                3 |              8 |
|  design_1_i/processing_system7_0/inst/FCLK_CLK0 | design_1_i/ntt_axi_accelerator_0/inst/ntt_axi_accelerator_v1_0_S00_AXI_inst/slv_reg[169][23]_i_1_n_0                                                           | design_1_i/ntt_axi_accelerator_0/inst/ntt_axi_accelerator_v1_0_S00_AXI_inst/p_0_in                                                                    |                3 |              8 |
|  design_1_i/processing_system7_0/inst/FCLK_CLK0 | design_1_i/ntt_axi_accelerator_0/inst/ntt_axi_accelerator_v1_0_S00_AXI_inst/slv_reg[177][23]_i_1_n_0                                                           | design_1_i/ntt_axi_accelerator_0/inst/ntt_axi_accelerator_v1_0_S00_AXI_inst/p_0_in                                                                    |                2 |              8 |
|  design_1_i/processing_system7_0/inst/FCLK_CLK0 | design_1_i/ntt_axi_accelerator_0/inst/ntt_axi_accelerator_v1_0_S00_AXI_inst/slv_reg[164][31]_i_1_n_0                                                           | design_1_i/ntt_axi_accelerator_0/inst/ntt_axi_accelerator_v1_0_S00_AXI_inst/p_0_in                                                                    |                2 |              8 |
|  design_1_i/processing_system7_0/inst/FCLK_CLK0 | design_1_i/ntt_axi_accelerator_0/inst/ntt_axi_accelerator_v1_0_S00_AXI_inst/slv_reg[166][23]_i_1_n_0                                                           | design_1_i/ntt_axi_accelerator_0/inst/ntt_axi_accelerator_v1_0_S00_AXI_inst/p_0_in                                                                    |                3 |              8 |
|  design_1_i/processing_system7_0/inst/FCLK_CLK0 | design_1_i/ntt_axi_accelerator_0/inst/ntt_axi_accelerator_v1_0_S00_AXI_inst/slv_reg[173][31]_i_1_n_0                                                           | design_1_i/ntt_axi_accelerator_0/inst/ntt_axi_accelerator_v1_0_S00_AXI_inst/p_0_in                                                                    |                2 |              8 |
|  design_1_i/processing_system7_0/inst/FCLK_CLK0 | design_1_i/ntt_axi_accelerator_0/inst/ntt_axi_accelerator_v1_0_S00_AXI_inst/slv_reg[176][31]_i_1_n_0                                                           | design_1_i/ntt_axi_accelerator_0/inst/ntt_axi_accelerator_v1_0_S00_AXI_inst/p_0_in                                                                    |                2 |              8 |
|  design_1_i/processing_system7_0/inst/FCLK_CLK0 | design_1_i/ntt_axi_accelerator_0/inst/ntt_axi_accelerator_v1_0_S00_AXI_inst/slv_reg[168][7]_i_1_n_0                                                            | design_1_i/ntt_axi_accelerator_0/inst/ntt_axi_accelerator_v1_0_S00_AXI_inst/p_0_in                                                                    |                3 |              8 |
|  design_1_i/processing_system7_0/inst/FCLK_CLK0 | design_1_i/ntt_axi_accelerator_0/inst/ntt_axi_accelerator_v1_0_S00_AXI_inst/slv_reg[167][23]_i_1_n_0                                                           | design_1_i/ntt_axi_accelerator_0/inst/ntt_axi_accelerator_v1_0_S00_AXI_inst/p_0_in                                                                    |                5 |              8 |
|  design_1_i/processing_system7_0/inst/FCLK_CLK0 | design_1_i/ntt_axi_accelerator_0/inst/ntt_axi_accelerator_v1_0_S00_AXI_inst/slv_reg[169][31]_i_1_n_0                                                           | design_1_i/ntt_axi_accelerator_0/inst/ntt_axi_accelerator_v1_0_S00_AXI_inst/p_0_in                                                                    |                3 |              8 |
|  design_1_i/processing_system7_0/inst/FCLK_CLK0 | design_1_i/ntt_axi_accelerator_0/inst/ntt_axi_accelerator_v1_0_S00_AXI_inst/slv_reg[170][31]_i_1_n_0                                                           | design_1_i/ntt_axi_accelerator_0/inst/ntt_axi_accelerator_v1_0_S00_AXI_inst/p_0_in                                                                    |                2 |              8 |
|  design_1_i/processing_system7_0/inst/FCLK_CLK0 | design_1_i/ntt_axi_accelerator_0/inst/ntt_axi_accelerator_v1_0_S00_AXI_inst/slv_reg[171][7]_i_1_n_0                                                            | design_1_i/ntt_axi_accelerator_0/inst/ntt_axi_accelerator_v1_0_S00_AXI_inst/p_0_in                                                                    |                2 |              8 |
|  design_1_i/processing_system7_0/inst/FCLK_CLK0 | design_1_i/ntt_axi_accelerator_0/inst/ntt_axi_accelerator_v1_0_S00_AXI_inst/slv_reg[164][23]_i_1_n_0                                                           | design_1_i/ntt_axi_accelerator_0/inst/ntt_axi_accelerator_v1_0_S00_AXI_inst/p_0_in                                                                    |                3 |              8 |
|  design_1_i/processing_system7_0/inst/FCLK_CLK0 | design_1_i/ntt_axi_accelerator_0/inst/ntt_axi_accelerator_v1_0_S00_AXI_inst/slv_reg[172][31]_i_1_n_0                                                           | design_1_i/ntt_axi_accelerator_0/inst/ntt_axi_accelerator_v1_0_S00_AXI_inst/p_0_in                                                                    |                2 |              8 |
|  design_1_i/processing_system7_0/inst/FCLK_CLK0 | design_1_i/ntt_axi_accelerator_0/inst/ntt_axi_accelerator_v1_0_S00_AXI_inst/slv_reg[176][15]_i_1_n_0                                                           | design_1_i/ntt_axi_accelerator_0/inst/ntt_axi_accelerator_v1_0_S00_AXI_inst/p_0_in                                                                    |                2 |              8 |
|  design_1_i/processing_system7_0/inst/FCLK_CLK0 | design_1_i/ntt_axi_accelerator_0/inst/ntt_axi_accelerator_v1_0_S00_AXI_inst/slv_reg[16][7]_i_1_n_0                                                             | design_1_i/ntt_axi_accelerator_0/inst/ntt_axi_accelerator_v1_0_S00_AXI_inst/p_0_in                                                                    |                2 |              8 |
|  design_1_i/processing_system7_0/inst/FCLK_CLK0 | design_1_i/ntt_axi_accelerator_0/inst/ntt_axi_accelerator_v1_0_S00_AXI_inst/slv_reg[168][15]_i_1_n_0                                                           | design_1_i/ntt_axi_accelerator_0/inst/ntt_axi_accelerator_v1_0_S00_AXI_inst/p_0_in                                                                    |                2 |              8 |
|  design_1_i/processing_system7_0/inst/FCLK_CLK0 | design_1_i/ntt_axi_accelerator_0/inst/ntt_axi_accelerator_v1_0_S00_AXI_inst/slv_reg[165][7]_i_1_n_0                                                            | design_1_i/ntt_axi_accelerator_0/inst/ntt_axi_accelerator_v1_0_S00_AXI_inst/p_0_in                                                                    |                2 |              8 |
|  design_1_i/processing_system7_0/inst/FCLK_CLK0 | design_1_i/ntt_axi_accelerator_0/inst/ntt_axi_accelerator_v1_0_S00_AXI_inst/slv_reg[165][23]_i_1_n_0                                                           | design_1_i/ntt_axi_accelerator_0/inst/ntt_axi_accelerator_v1_0_S00_AXI_inst/p_0_in                                                                    |                3 |              8 |
|  design_1_i/processing_system7_0/inst/FCLK_CLK0 | design_1_i/ntt_axi_accelerator_0/inst/ntt_axi_accelerator_v1_0_S00_AXI_inst/slv_reg[171][23]_i_1_n_0                                                           | design_1_i/ntt_axi_accelerator_0/inst/ntt_axi_accelerator_v1_0_S00_AXI_inst/p_0_in                                                                    |                3 |              8 |
|  design_1_i/processing_system7_0/inst/FCLK_CLK0 | design_1_i/ntt_axi_accelerator_0/inst/ntt_axi_accelerator_v1_0_S00_AXI_inst/slv_reg[172][23]_i_1_n_0                                                           | design_1_i/ntt_axi_accelerator_0/inst/ntt_axi_accelerator_v1_0_S00_AXI_inst/p_0_in                                                                    |                3 |              8 |
|  design_1_i/processing_system7_0/inst/FCLK_CLK0 | design_1_i/ntt_axi_accelerator_0/inst/ntt_axi_accelerator_v1_0_S00_AXI_inst/slv_reg[174][23]_i_1_n_0                                                           | design_1_i/ntt_axi_accelerator_0/inst/ntt_axi_accelerator_v1_0_S00_AXI_inst/p_0_in                                                                    |                2 |              8 |
|  design_1_i/processing_system7_0/inst/FCLK_CLK0 | design_1_i/ntt_axi_accelerator_0/inst/ntt_axi_accelerator_v1_0_S00_AXI_inst/slv_reg[177][15]_i_1_n_0                                                           | design_1_i/ntt_axi_accelerator_0/inst/ntt_axi_accelerator_v1_0_S00_AXI_inst/p_0_in                                                                    |                3 |              8 |
|  design_1_i/processing_system7_0/inst/FCLK_CLK0 | design_1_i/ntt_axi_accelerator_0/inst/ntt_axi_accelerator_v1_0_S00_AXI_inst/slv_reg[166][15]_i_1_n_0                                                           | design_1_i/ntt_axi_accelerator_0/inst/ntt_axi_accelerator_v1_0_S00_AXI_inst/p_0_in                                                                    |                2 |              8 |
|  design_1_i/processing_system7_0/inst/FCLK_CLK0 | design_1_i/ntt_axi_accelerator_0/inst/ntt_axi_accelerator_v1_0_S00_AXI_inst/slv_reg[163][7]_i_1_n_0                                                            | design_1_i/ntt_axi_accelerator_0/inst/ntt_axi_accelerator_v1_0_S00_AXI_inst/p_0_in                                                                    |                1 |              8 |
|  design_1_i/processing_system7_0/inst/FCLK_CLK0 | design_1_i/ntt_axi_accelerator_0/inst/ntt_axi_accelerator_v1_0_S00_AXI_inst/slv_reg[167][15]_i_1_n_0                                                           | design_1_i/ntt_axi_accelerator_0/inst/ntt_axi_accelerator_v1_0_S00_AXI_inst/p_0_in                                                                    |                2 |              8 |
|  design_1_i/processing_system7_0/inst/FCLK_CLK0 | design_1_i/ntt_axi_accelerator_0/inst/ntt_axi_accelerator_v1_0_S00_AXI_inst/slv_reg[167][7]_i_1_n_0                                                            | design_1_i/ntt_axi_accelerator_0/inst/ntt_axi_accelerator_v1_0_S00_AXI_inst/p_0_in                                                                    |                1 |              8 |
|  design_1_i/processing_system7_0/inst/FCLK_CLK0 | design_1_i/ntt_axi_accelerator_0/inst/ntt_axi_accelerator_v1_0_S00_AXI_inst/slv_reg[166][31]_i_1_n_0                                                           | design_1_i/ntt_axi_accelerator_0/inst/ntt_axi_accelerator_v1_0_S00_AXI_inst/p_0_in                                                                    |                2 |              8 |
|  design_1_i/processing_system7_0/inst/FCLK_CLK0 | design_1_i/ntt_axi_accelerator_0/inst/ntt_axi_accelerator_v1_0_S00_AXI_inst/slv_reg[168][31]_i_1_n_0                                                           | design_1_i/ntt_axi_accelerator_0/inst/ntt_axi_accelerator_v1_0_S00_AXI_inst/p_0_in                                                                    |                2 |              8 |
|  design_1_i/processing_system7_0/inst/FCLK_CLK0 | design_1_i/ntt_axi_accelerator_0/inst/ntt_axi_accelerator_v1_0_S00_AXI_inst/slv_reg[170][7]_i_1_n_0                                                            | design_1_i/ntt_axi_accelerator_0/inst/ntt_axi_accelerator_v1_0_S00_AXI_inst/p_0_in                                                                    |                2 |              8 |
|  design_1_i/processing_system7_0/inst/FCLK_CLK0 | design_1_i/ntt_axi_accelerator_0/inst/ntt_axi_accelerator_v1_0_S00_AXI_inst/slv_reg[172][15]_i_1_n_0                                                           | design_1_i/ntt_axi_accelerator_0/inst/ntt_axi_accelerator_v1_0_S00_AXI_inst/p_0_in                                                                    |                6 |              8 |
|  design_1_i/processing_system7_0/inst/FCLK_CLK0 | design_1_i/ntt_axi_accelerator_0/inst/ntt_axi_accelerator_v1_0_S00_AXI_inst/slv_reg[173][15]_i_1_n_0                                                           | design_1_i/ntt_axi_accelerator_0/inst/ntt_axi_accelerator_v1_0_S00_AXI_inst/p_0_in                                                                    |                4 |              8 |
|  design_1_i/processing_system7_0/inst/FCLK_CLK0 | design_1_i/ntt_axi_accelerator_0/inst/ntt_axi_accelerator_v1_0_S00_AXI_inst/slv_reg[164][7]_i_1_n_0                                                            | design_1_i/ntt_axi_accelerator_0/inst/ntt_axi_accelerator_v1_0_S00_AXI_inst/p_0_in                                                                    |                3 |              8 |
|  design_1_i/processing_system7_0/inst/FCLK_CLK0 | design_1_i/ntt_axi_accelerator_0/inst/ntt_axi_accelerator_v1_0_S00_AXI_inst/slv_reg[171][31]_i_1_n_0                                                           | design_1_i/ntt_axi_accelerator_0/inst/ntt_axi_accelerator_v1_0_S00_AXI_inst/p_0_in                                                                    |                2 |              8 |
|  design_1_i/processing_system7_0/inst/FCLK_CLK0 | design_1_i/ntt_axi_accelerator_0/inst/ntt_axi_accelerator_v1_0_S00_AXI_inst/slv_reg[173][7]_i_1_n_0                                                            | design_1_i/ntt_axi_accelerator_0/inst/ntt_axi_accelerator_v1_0_S00_AXI_inst/p_0_in                                                                    |                2 |              8 |
|  design_1_i/processing_system7_0/inst/FCLK_CLK0 | design_1_i/ntt_axi_accelerator_0/inst/ntt_axi_accelerator_v1_0_S00_AXI_inst/slv_reg[16][31]_i_1_n_0                                                            | design_1_i/ntt_axi_accelerator_0/inst/ntt_axi_accelerator_v1_0_S00_AXI_inst/p_0_in                                                                    |                4 |              8 |
|  design_1_i/processing_system7_0/inst/FCLK_CLK0 | design_1_i/ntt_axi_accelerator_0/inst/ntt_axi_accelerator_v1_0_S00_AXI_inst/slv_reg[169][7]_i_1_n_0                                                            | design_1_i/ntt_axi_accelerator_0/inst/ntt_axi_accelerator_v1_0_S00_AXI_inst/p_0_in                                                                    |                2 |              8 |
|  design_1_i/processing_system7_0/inst/FCLK_CLK0 | design_1_i/ntt_axi_accelerator_0/inst/ntt_axi_accelerator_v1_0_S00_AXI_inst/slv_reg[16][23]_i_1_n_0                                                            | design_1_i/ntt_axi_accelerator_0/inst/ntt_axi_accelerator_v1_0_S00_AXI_inst/p_0_in                                                                    |                2 |              8 |
|  design_1_i/processing_system7_0/inst/FCLK_CLK0 | design_1_i/ntt_axi_accelerator_0/inst/ntt_axi_accelerator_v1_0_S00_AXI_inst/slv_reg[171][15]_i_1_n_0                                                           | design_1_i/ntt_axi_accelerator_0/inst/ntt_axi_accelerator_v1_0_S00_AXI_inst/p_0_in                                                                    |                2 |              8 |
|  design_1_i/processing_system7_0/inst/FCLK_CLK0 | design_1_i/ntt_axi_accelerator_0/inst/ntt_axi_accelerator_v1_0_S00_AXI_inst/slv_reg[173][23]_i_1_n_0                                                           | design_1_i/ntt_axi_accelerator_0/inst/ntt_axi_accelerator_v1_0_S00_AXI_inst/p_0_in                                                                    |                2 |              8 |
|  design_1_i/processing_system7_0/inst/FCLK_CLK0 | design_1_i/ntt_axi_accelerator_0/inst/ntt_axi_accelerator_v1_0_S00_AXI_inst/slv_reg[174][15]_i_1_n_0                                                           | design_1_i/ntt_axi_accelerator_0/inst/ntt_axi_accelerator_v1_0_S00_AXI_inst/p_0_in                                                                    |                2 |              8 |
|  design_1_i/processing_system7_0/inst/FCLK_CLK0 | design_1_i/ntt_axi_accelerator_0/inst/ntt_axi_accelerator_v1_0_S00_AXI_inst/slv_reg[177][31]_i_1_n_0                                                           | design_1_i/ntt_axi_accelerator_0/inst/ntt_axi_accelerator_v1_0_S00_AXI_inst/p_0_in                                                                    |                3 |              8 |
|  design_1_i/processing_system7_0/inst/FCLK_CLK0 | design_1_i/ntt_axi_accelerator_0/inst/ntt_axi_accelerator_v1_0_S00_AXI_inst/slv_reg[170][15]_i_1_n_0                                                           | design_1_i/ntt_axi_accelerator_0/inst/ntt_axi_accelerator_v1_0_S00_AXI_inst/p_0_in                                                                    |                3 |              8 |
|  design_1_i/processing_system7_0/inst/FCLK_CLK0 | design_1_i/ntt_axi_accelerator_0/inst/ntt_axi_accelerator_v1_0_S00_AXI_inst/slv_reg[174][7]_i_1_n_0                                                            | design_1_i/ntt_axi_accelerator_0/inst/ntt_axi_accelerator_v1_0_S00_AXI_inst/p_0_in                                                                    |                3 |              8 |
|  design_1_i/processing_system7_0/inst/FCLK_CLK0 | design_1_i/ntt_axi_accelerator_0/inst/ntt_axi_accelerator_v1_0_S00_AXI_inst/slv_reg[169][15]_i_1_n_0                                                           | design_1_i/ntt_axi_accelerator_0/inst/ntt_axi_accelerator_v1_0_S00_AXI_inst/p_0_in                                                                    |                2 |              8 |
|  design_1_i/processing_system7_0/inst/FCLK_CLK0 | design_1_i/ntt_axi_accelerator_0/inst/ntt_axi_accelerator_v1_0_S00_AXI_inst/slv_reg[16][15]_i_1_n_0                                                            | design_1_i/ntt_axi_accelerator_0/inst/ntt_axi_accelerator_v1_0_S00_AXI_inst/p_0_in                                                                    |                2 |              8 |
|  design_1_i/processing_system7_0/inst/FCLK_CLK0 | design_1_i/ntt_axi_accelerator_0/inst/ntt_axi_accelerator_v1_0_S00_AXI_inst/slv_reg[172][7]_i_1_n_0                                                            | design_1_i/ntt_axi_accelerator_0/inst/ntt_axi_accelerator_v1_0_S00_AXI_inst/p_0_in                                                                    |                2 |              8 |
|  design_1_i/processing_system7_0/inst/FCLK_CLK0 | design_1_i/ntt_axi_accelerator_0/inst/ntt_axi_accelerator_v1_0_S00_AXI_inst/slv_reg[174][31]_i_1_n_0                                                           | design_1_i/ntt_axi_accelerator_0/inst/ntt_axi_accelerator_v1_0_S00_AXI_inst/p_0_in                                                                    |                2 |              8 |
|  design_1_i/processing_system7_0/inst/FCLK_CLK0 | design_1_i/ntt_axi_accelerator_0/inst/ntt_axi_accelerator_v1_0_S00_AXI_inst/slv_reg[177][7]_i_1_n_0                                                            | design_1_i/ntt_axi_accelerator_0/inst/ntt_axi_accelerator_v1_0_S00_AXI_inst/p_0_in                                                                    |                2 |              8 |
|  design_1_i/processing_system7_0/inst/FCLK_CLK0 | design_1_i/ntt_axi_accelerator_0/inst/ntt_axi_accelerator_v1_0_S00_AXI_inst/slv_reg[168][23]_i_1_n_0                                                           | design_1_i/ntt_axi_accelerator_0/inst/ntt_axi_accelerator_v1_0_S00_AXI_inst/p_0_in                                                                    |                4 |              8 |
|  design_1_i/processing_system7_0/inst/FCLK_CLK0 | design_1_i/ntt_axi_accelerator_0/inst/ntt_axi_accelerator_v1_0_S00_AXI_inst/slv_reg[175][23]_i_1_n_0                                                           | design_1_i/ntt_axi_accelerator_0/inst/ntt_axi_accelerator_v1_0_S00_AXI_inst/p_0_in                                                                    |                2 |              8 |
|  design_1_i/processing_system7_0/inst/FCLK_CLK0 | design_1_i/ntt_axi_accelerator_0/inst/ntt_axi_accelerator_v1_0_S00_AXI_inst/slv_reg[17][7]_i_1_n_0                                                             | design_1_i/ntt_axi_accelerator_0/inst/ntt_axi_accelerator_v1_0_S00_AXI_inst/p_0_in                                                                    |                3 |              8 |
|  design_1_i/processing_system7_0/inst/FCLK_CLK0 | design_1_i/ntt_axi_accelerator_0/inst/ntt_axi_accelerator_v1_0_S00_AXI_inst/slv_reg[184][31]_i_1_n_0                                                           | design_1_i/ntt_axi_accelerator_0/inst/ntt_axi_accelerator_v1_0_S00_AXI_inst/p_0_in                                                                    |                2 |              8 |
|  design_1_i/processing_system7_0/inst/FCLK_CLK0 | design_1_i/ntt_axi_accelerator_0/inst/ntt_axi_accelerator_v1_0_S00_AXI_inst/slv_reg[182][23]_i_1_n_0                                                           | design_1_i/ntt_axi_accelerator_0/inst/ntt_axi_accelerator_v1_0_S00_AXI_inst/p_0_in                                                                    |                6 |              8 |
|  design_1_i/processing_system7_0/inst/FCLK_CLK0 | design_1_i/ntt_axi_accelerator_0/inst/ntt_axi_accelerator_v1_0_S00_AXI_inst/slv_reg[181][7]_i_1_n_0                                                            | design_1_i/ntt_axi_accelerator_0/inst/ntt_axi_accelerator_v1_0_S00_AXI_inst/p_0_in                                                                    |                3 |              8 |
|  design_1_i/processing_system7_0/inst/FCLK_CLK0 | design_1_i/ntt_axi_accelerator_0/inst/ntt_axi_accelerator_v1_0_S00_AXI_inst/slv_reg[186][15]_i_1_n_0                                                           | design_1_i/ntt_axi_accelerator_0/inst/ntt_axi_accelerator_v1_0_S00_AXI_inst/p_0_in                                                                    |                2 |              8 |
|  design_1_i/processing_system7_0/inst/FCLK_CLK0 | design_1_i/ntt_axi_accelerator_0/inst/ntt_axi_accelerator_v1_0_S00_AXI_inst/slv_reg[186][23]_i_1_n_0                                                           | design_1_i/ntt_axi_accelerator_0/inst/ntt_axi_accelerator_v1_0_S00_AXI_inst/p_0_in                                                                    |                2 |              8 |
|  design_1_i/processing_system7_0/inst/FCLK_CLK0 | design_1_i/ntt_axi_accelerator_0/inst/ntt_axi_accelerator_v1_0_S00_AXI_inst/slv_reg[178][15]_i_1_n_0                                                           | design_1_i/ntt_axi_accelerator_0/inst/ntt_axi_accelerator_v1_0_S00_AXI_inst/p_0_in                                                                    |                2 |              8 |
|  design_1_i/processing_system7_0/inst/FCLK_CLK0 | design_1_i/ntt_axi_accelerator_0/inst/ntt_axi_accelerator_v1_0_S00_AXI_inst/slv_reg[181][31]_i_1_n_0                                                           | design_1_i/ntt_axi_accelerator_0/inst/ntt_axi_accelerator_v1_0_S00_AXI_inst/p_0_in                                                                    |                5 |              8 |
|  design_1_i/processing_system7_0/inst/FCLK_CLK0 | design_1_i/ntt_axi_accelerator_0/inst/ntt_axi_accelerator_v1_0_S00_AXI_inst/slv_reg[182][31]_i_1_n_0                                                           | design_1_i/ntt_axi_accelerator_0/inst/ntt_axi_accelerator_v1_0_S00_AXI_inst/p_0_in                                                                    |                4 |              8 |
|  design_1_i/processing_system7_0/inst/FCLK_CLK0 | design_1_i/ntt_axi_accelerator_0/inst/ntt_axi_accelerator_v1_0_S00_AXI_inst/slv_reg[179][7]_i_1_n_0                                                            | design_1_i/ntt_axi_accelerator_0/inst/ntt_axi_accelerator_v1_0_S00_AXI_inst/p_0_in                                                                    |                1 |              8 |
|  design_1_i/processing_system7_0/inst/FCLK_CLK0 | design_1_i/ntt_axi_accelerator_0/inst/ntt_axi_accelerator_v1_0_S00_AXI_inst/slv_reg[186][31]_i_1_n_0                                                           | design_1_i/ntt_axi_accelerator_0/inst/ntt_axi_accelerator_v1_0_S00_AXI_inst/p_0_in                                                                    |                2 |              8 |
|  design_1_i/processing_system7_0/inst/FCLK_CLK0 | design_1_i/ntt_axi_accelerator_0/inst/ntt_axi_accelerator_v1_0_S00_AXI_inst/slv_reg[17][31]_i_1_n_0                                                            | design_1_i/ntt_axi_accelerator_0/inst/ntt_axi_accelerator_v1_0_S00_AXI_inst/p_0_in                                                                    |                5 |              8 |
|  design_1_i/processing_system7_0/inst/FCLK_CLK0 | design_1_i/ntt_axi_accelerator_0/inst/ntt_axi_accelerator_v1_0_S00_AXI_inst/slv_reg[187][23]_i_1_n_0                                                           | design_1_i/ntt_axi_accelerator_0/inst/ntt_axi_accelerator_v1_0_S00_AXI_inst/p_0_in                                                                    |                2 |              8 |
|  design_1_i/processing_system7_0/inst/FCLK_CLK0 | design_1_i/ntt_axi_accelerator_0/inst/ntt_axi_accelerator_v1_0_S00_AXI_inst/slv_reg[187][7]_i_1_n_0                                                            | design_1_i/ntt_axi_accelerator_0/inst/ntt_axi_accelerator_v1_0_S00_AXI_inst/p_0_in                                                                    |                3 |              8 |
|  design_1_i/processing_system7_0/inst/FCLK_CLK0 | design_1_i/ntt_axi_accelerator_0/inst/ntt_axi_accelerator_v1_0_S00_AXI_inst/slv_reg[178][31]_i_1_n_0                                                           | design_1_i/ntt_axi_accelerator_0/inst/ntt_axi_accelerator_v1_0_S00_AXI_inst/p_0_in                                                                    |                3 |              8 |
|  design_1_i/processing_system7_0/inst/FCLK_CLK0 | design_1_i/ntt_axi_accelerator_0/inst/ntt_axi_accelerator_v1_0_S00_AXI_inst/slv_reg[183][15]_i_1_n_0                                                           | design_1_i/ntt_axi_accelerator_0/inst/ntt_axi_accelerator_v1_0_S00_AXI_inst/p_0_in                                                                    |                2 |              8 |
|  design_1_i/processing_system7_0/inst/FCLK_CLK0 | design_1_i/ntt_axi_accelerator_0/inst/ntt_axi_accelerator_v1_0_S00_AXI_inst/slv_reg[185][15]_i_1_n_0                                                           | design_1_i/ntt_axi_accelerator_0/inst/ntt_axi_accelerator_v1_0_S00_AXI_inst/p_0_in                                                                    |                3 |              8 |
|  design_1_i/processing_system7_0/inst/FCLK_CLK0 | design_1_i/ntt_axi_accelerator_0/inst/ntt_axi_accelerator_v1_0_S00_AXI_inst/slv_reg[186][7]_i_1_n_0                                                            | design_1_i/ntt_axi_accelerator_0/inst/ntt_axi_accelerator_v1_0_S00_AXI_inst/p_0_in                                                                    |                2 |              8 |
|  design_1_i/processing_system7_0/inst/FCLK_CLK0 | design_1_i/ntt_axi_accelerator_0/inst/ntt_axi_accelerator_v1_0_S00_AXI_inst/slv_reg[178][7]_i_1_n_0                                                            | design_1_i/ntt_axi_accelerator_0/inst/ntt_axi_accelerator_v1_0_S00_AXI_inst/p_0_in                                                                    |                2 |              8 |
|  design_1_i/processing_system7_0/inst/FCLK_CLK0 | design_1_i/ntt_axi_accelerator_0/inst/ntt_axi_accelerator_v1_0_S00_AXI_inst/slv_reg[183][31]_i_1_n_0                                                           | design_1_i/ntt_axi_accelerator_0/inst/ntt_axi_accelerator_v1_0_S00_AXI_inst/p_0_in                                                                    |                2 |              8 |
|  design_1_i/processing_system7_0/inst/FCLK_CLK0 | design_1_i/ntt_axi_accelerator_0/inst/ntt_axi_accelerator_v1_0_S00_AXI_inst/slv_reg[184][23]_i_1_n_0                                                           | design_1_i/ntt_axi_accelerator_0/inst/ntt_axi_accelerator_v1_0_S00_AXI_inst/p_0_in                                                                    |                5 |              8 |
|  design_1_i/processing_system7_0/inst/FCLK_CLK0 | design_1_i/ntt_axi_accelerator_0/inst/ntt_axi_accelerator_v1_0_S00_AXI_inst/slv_reg[188][7]_i_1_n_0                                                            | design_1_i/ntt_axi_accelerator_0/inst/ntt_axi_accelerator_v1_0_S00_AXI_inst/p_0_in                                                                    |                3 |              8 |
|  design_1_i/processing_system7_0/inst/FCLK_CLK0 | design_1_i/ntt_axi_accelerator_0/inst/ntt_axi_accelerator_v1_0_S00_AXI_inst/slv_reg[180][31]_i_1_n_0                                                           | design_1_i/ntt_axi_accelerator_0/inst/ntt_axi_accelerator_v1_0_S00_AXI_inst/p_0_in                                                                    |                3 |              8 |
|  design_1_i/processing_system7_0/inst/FCLK_CLK0 | design_1_i/ntt_axi_accelerator_0/inst/ntt_axi_accelerator_v1_0_S00_AXI_inst/slv_reg[180][23]_i_1_n_0                                                           | design_1_i/ntt_axi_accelerator_0/inst/ntt_axi_accelerator_v1_0_S00_AXI_inst/p_0_in                                                                    |                3 |              8 |
|  design_1_i/processing_system7_0/inst/FCLK_CLK0 | design_1_i/ntt_axi_accelerator_0/inst/ntt_axi_accelerator_v1_0_S00_AXI_inst/slv_reg[17][15]_i_1_n_0                                                            | design_1_i/ntt_axi_accelerator_0/inst/ntt_axi_accelerator_v1_0_S00_AXI_inst/p_0_in                                                                    |                2 |              8 |
|  design_1_i/processing_system7_0/inst/FCLK_CLK0 | design_1_i/ntt_axi_accelerator_0/inst/ntt_axi_accelerator_v1_0_S00_AXI_inst/slv_reg[182][7]_i_1_n_0                                                            | design_1_i/ntt_axi_accelerator_0/inst/ntt_axi_accelerator_v1_0_S00_AXI_inst/p_0_in                                                                    |                5 |              8 |
|  design_1_i/processing_system7_0/inst/FCLK_CLK0 | design_1_i/ntt_axi_accelerator_0/inst/ntt_axi_accelerator_v1_0_S00_AXI_inst/slv_reg[185][23]_i_1_n_0                                                           | design_1_i/ntt_axi_accelerator_0/inst/ntt_axi_accelerator_v1_0_S00_AXI_inst/p_0_in                                                                    |                3 |              8 |
|  design_1_i/processing_system7_0/inst/FCLK_CLK0 | design_1_i/ntt_axi_accelerator_0/inst/ntt_axi_accelerator_v1_0_S00_AXI_inst/slv_reg[185][7]_i_1_n_0                                                            | design_1_i/ntt_axi_accelerator_0/inst/ntt_axi_accelerator_v1_0_S00_AXI_inst/p_0_in                                                                    |                2 |              8 |
|  design_1_i/processing_system7_0/inst/FCLK_CLK0 | design_1_i/ntt_axi_accelerator_0/inst/ntt_axi_accelerator_v1_0_S00_AXI_inst/slv_reg[188][31]_i_1_n_0                                                           | design_1_i/ntt_axi_accelerator_0/inst/ntt_axi_accelerator_v1_0_S00_AXI_inst/p_0_in                                                                    |                2 |              8 |
|  design_1_i/processing_system7_0/inst/FCLK_CLK0 | design_1_i/ntt_axi_accelerator_0/inst/ntt_axi_accelerator_v1_0_S00_AXI_inst/slv_reg[182][15]_i_1_n_0                                                           | design_1_i/ntt_axi_accelerator_0/inst/ntt_axi_accelerator_v1_0_S00_AXI_inst/p_0_in                                                                    |                2 |              8 |
|  design_1_i/processing_system7_0/inst/FCLK_CLK0 | design_1_i/ntt_axi_accelerator_0/inst/ntt_axi_accelerator_v1_0_S00_AXI_inst/slv_reg[188][23]_i_1_n_0                                                           | design_1_i/ntt_axi_accelerator_0/inst/ntt_axi_accelerator_v1_0_S00_AXI_inst/p_0_in                                                                    |                3 |              8 |
|  design_1_i/processing_system7_0/inst/FCLK_CLK0 | design_1_i/ntt_axi_accelerator_0/inst/ntt_axi_accelerator_v1_0_S00_AXI_inst/slv_reg[181][23]_i_1_n_0                                                           | design_1_i/ntt_axi_accelerator_0/inst/ntt_axi_accelerator_v1_0_S00_AXI_inst/p_0_in                                                                    |                2 |              8 |
|  design_1_i/processing_system7_0/inst/FCLK_CLK0 | design_1_i/ntt_axi_accelerator_0/inst/ntt_axi_accelerator_v1_0_S00_AXI_inst/slv_reg[184][7]_i_1_n_0                                                            | design_1_i/ntt_axi_accelerator_0/inst/ntt_axi_accelerator_v1_0_S00_AXI_inst/p_0_in                                                                    |                1 |              8 |
|  design_1_i/processing_system7_0/inst/FCLK_CLK0 | design_1_i/ntt_axi_accelerator_0/inst/ntt_axi_accelerator_v1_0_S00_AXI_inst/slv_reg[189][15]_i_1_n_0                                                           | design_1_i/ntt_axi_accelerator_0/inst/ntt_axi_accelerator_v1_0_S00_AXI_inst/p_0_in                                                                    |                3 |              8 |
|  design_1_i/processing_system7_0/inst/FCLK_CLK0 | design_1_i/ntt_axi_accelerator_0/inst/ntt_axi_accelerator_v1_0_S00_AXI_inst/slv_reg[189][23]_i_1_n_0                                                           | design_1_i/ntt_axi_accelerator_0/inst/ntt_axi_accelerator_v1_0_S00_AXI_inst/p_0_in                                                                    |                2 |              8 |
|  design_1_i/processing_system7_0/inst/FCLK_CLK0 | design_1_i/ntt_axi_accelerator_0/inst/ntt_axi_accelerator_v1_0_S00_AXI_inst/slv_reg[189][31]_i_1_n_0                                                           | design_1_i/ntt_axi_accelerator_0/inst/ntt_axi_accelerator_v1_0_S00_AXI_inst/p_0_in                                                                    |                2 |              8 |
|  design_1_i/processing_system7_0/inst/FCLK_CLK0 | design_1_i/ntt_axi_accelerator_0/inst/ntt_axi_accelerator_v1_0_S00_AXI_inst/slv_reg[189][7]_i_1_n_0                                                            | design_1_i/ntt_axi_accelerator_0/inst/ntt_axi_accelerator_v1_0_S00_AXI_inst/p_0_in                                                                    |                4 |              8 |
|  design_1_i/processing_system7_0/inst/FCLK_CLK0 | design_1_i/ntt_axi_accelerator_0/inst/ntt_axi_accelerator_v1_0_S00_AXI_inst/slv_reg[188][15]_i_1_n_0                                                           | design_1_i/ntt_axi_accelerator_0/inst/ntt_axi_accelerator_v1_0_S00_AXI_inst/p_0_in                                                                    |                2 |              8 |
|  design_1_i/processing_system7_0/inst/FCLK_CLK0 | design_1_i/ntt_axi_accelerator_0/inst/ntt_axi_accelerator_v1_0_S00_AXI_inst/slv_reg[18][15]_i_1_n_0                                                            | design_1_i/ntt_axi_accelerator_0/inst/ntt_axi_accelerator_v1_0_S00_AXI_inst/p_0_in                                                                    |                2 |              8 |
|  design_1_i/processing_system7_0/inst/FCLK_CLK0 | design_1_i/ntt_axi_accelerator_0/inst/ntt_axi_accelerator_v1_0_S00_AXI_inst/slv_reg[178][23]_i_1_n_0                                                           | design_1_i/ntt_axi_accelerator_0/inst/ntt_axi_accelerator_v1_0_S00_AXI_inst/p_0_in                                                                    |                2 |              8 |
|  design_1_i/processing_system7_0/inst/FCLK_CLK0 | design_1_i/ntt_axi_accelerator_0/inst/ntt_axi_accelerator_v1_0_S00_AXI_inst/slv_reg[187][31]_i_1_n_0                                                           | design_1_i/ntt_axi_accelerator_0/inst/ntt_axi_accelerator_v1_0_S00_AXI_inst/p_0_in                                                                    |                2 |              8 |
|  design_1_i/processing_system7_0/inst/FCLK_CLK0 | design_1_i/ntt_axi_accelerator_0/inst/ntt_axi_accelerator_v1_0_S00_AXI_inst/slv_reg[180][15]_i_1_n_0                                                           | design_1_i/ntt_axi_accelerator_0/inst/ntt_axi_accelerator_v1_0_S00_AXI_inst/p_0_in                                                                    |                3 |              8 |
|  design_1_i/processing_system7_0/inst/FCLK_CLK0 | design_1_i/ntt_axi_accelerator_0/inst/ntt_axi_accelerator_v1_0_S00_AXI_inst/slv_reg[179][15]_i_1_n_0                                                           | design_1_i/ntt_axi_accelerator_0/inst/ntt_axi_accelerator_v1_0_S00_AXI_inst/p_0_in                                                                    |                2 |              8 |
|  design_1_i/processing_system7_0/inst/FCLK_CLK0 | design_1_i/ntt_axi_accelerator_0/inst/ntt_axi_accelerator_v1_0_S00_AXI_inst/slv_reg[181][15]_i_1_n_0                                                           | design_1_i/ntt_axi_accelerator_0/inst/ntt_axi_accelerator_v1_0_S00_AXI_inst/p_0_in                                                                    |                2 |              8 |
|  design_1_i/processing_system7_0/inst/FCLK_CLK0 | design_1_i/ntt_axi_accelerator_0/inst/ntt_axi_accelerator_v1_0_S00_AXI_inst/slv_reg[183][23]_i_1_n_0                                                           | design_1_i/ntt_axi_accelerator_0/inst/ntt_axi_accelerator_v1_0_S00_AXI_inst/p_0_in                                                                    |                3 |              8 |
|  design_1_i/processing_system7_0/inst/FCLK_CLK0 | design_1_i/ntt_axi_accelerator_0/inst/ntt_axi_accelerator_v1_0_S00_AXI_inst/slv_reg[18][23]_i_1_n_0                                                            | design_1_i/ntt_axi_accelerator_0/inst/ntt_axi_accelerator_v1_0_S00_AXI_inst/p_0_in                                                                    |                3 |              8 |
|  design_1_i/processing_system7_0/inst/FCLK_CLK0 | design_1_i/ntt_axi_accelerator_0/inst/ntt_axi_accelerator_v1_0_S00_AXI_inst/slv_reg[18][31]_i_1_n_0                                                            | design_1_i/ntt_axi_accelerator_0/inst/ntt_axi_accelerator_v1_0_S00_AXI_inst/p_0_in                                                                    |                5 |              8 |
|  design_1_i/processing_system7_0/inst/FCLK_CLK0 | design_1_i/ntt_axi_accelerator_0/inst/ntt_axi_accelerator_v1_0_S00_AXI_inst/slv_reg[18][7]_i_1_n_0                                                             | design_1_i/ntt_axi_accelerator_0/inst/ntt_axi_accelerator_v1_0_S00_AXI_inst/p_0_in                                                                    |                2 |              8 |
|  design_1_i/processing_system7_0/inst/FCLK_CLK0 | design_1_i/ntt_axi_accelerator_0/inst/ntt_axi_accelerator_v1_0_S00_AXI_inst/slv_reg[190][15]_i_1_n_0                                                           | design_1_i/ntt_axi_accelerator_0/inst/ntt_axi_accelerator_v1_0_S00_AXI_inst/p_0_in                                                                    |                3 |              8 |
|  design_1_i/processing_system7_0/inst/FCLK_CLK0 | design_1_i/ntt_axi_accelerator_0/inst/ntt_axi_accelerator_v1_0_S00_AXI_inst/slv_reg[190][23]_i_1_n_0                                                           | design_1_i/ntt_axi_accelerator_0/inst/ntt_axi_accelerator_v1_0_S00_AXI_inst/p_0_in                                                                    |                3 |              8 |
|  design_1_i/processing_system7_0/inst/FCLK_CLK0 | design_1_i/ntt_axi_accelerator_0/inst/ntt_axi_accelerator_v1_0_S00_AXI_inst/slv_reg[184][15]_i_1_n_0                                                           | design_1_i/ntt_axi_accelerator_0/inst/ntt_axi_accelerator_v1_0_S00_AXI_inst/p_0_in                                                                    |                3 |              8 |
|  design_1_i/processing_system7_0/inst/FCLK_CLK0 | design_1_i/ntt_axi_accelerator_0/inst/ntt_axi_accelerator_v1_0_S00_AXI_inst/slv_reg[185][31]_i_1_n_0                                                           | design_1_i/ntt_axi_accelerator_0/inst/ntt_axi_accelerator_v1_0_S00_AXI_inst/p_0_in                                                                    |                2 |              8 |
|  design_1_i/processing_system7_0/inst/FCLK_CLK0 | design_1_i/ntt_axi_accelerator_0/inst/ntt_axi_accelerator_v1_0_S00_AXI_inst/slv_reg[190][31]_i_1_n_0                                                           | design_1_i/ntt_axi_accelerator_0/inst/ntt_axi_accelerator_v1_0_S00_AXI_inst/p_0_in                                                                    |                3 |              8 |
|  design_1_i/processing_system7_0/inst/FCLK_CLK0 | design_1_i/ntt_axi_accelerator_0/inst/ntt_axi_accelerator_v1_0_S00_AXI_inst/slv_reg[180][7]_i_1_n_0                                                            | design_1_i/ntt_axi_accelerator_0/inst/ntt_axi_accelerator_v1_0_S00_AXI_inst/p_0_in                                                                    |                7 |              8 |
|  design_1_i/processing_system7_0/inst/FCLK_CLK0 | design_1_i/ntt_axi_accelerator_0/inst/ntt_axi_accelerator_v1_0_S00_AXI_inst/slv_reg[183][7]_i_1_n_0                                                            | design_1_i/ntt_axi_accelerator_0/inst/ntt_axi_accelerator_v1_0_S00_AXI_inst/p_0_in                                                                    |                4 |              8 |
|  design_1_i/processing_system7_0/inst/FCLK_CLK0 | design_1_i/ntt_axi_accelerator_0/inst/ntt_axi_accelerator_v1_0_S00_AXI_inst/slv_reg[179][31]_i_1_n_0                                                           | design_1_i/ntt_axi_accelerator_0/inst/ntt_axi_accelerator_v1_0_S00_AXI_inst/p_0_in                                                                    |                1 |              8 |
|  design_1_i/processing_system7_0/inst/FCLK_CLK0 | design_1_i/ntt_axi_accelerator_0/inst/ntt_axi_accelerator_v1_0_S00_AXI_inst/slv_reg[187][15]_i_1_n_0                                                           | design_1_i/ntt_axi_accelerator_0/inst/ntt_axi_accelerator_v1_0_S00_AXI_inst/p_0_in                                                                    |                2 |              8 |
|  design_1_i/processing_system7_0/inst/FCLK_CLK0 | design_1_i/ntt_axi_accelerator_0/inst/ntt_axi_accelerator_v1_0_S00_AXI_inst/slv_reg[17][23]_i_1_n_0                                                            | design_1_i/ntt_axi_accelerator_0/inst/ntt_axi_accelerator_v1_0_S00_AXI_inst/p_0_in                                                                    |                2 |              8 |
|  design_1_i/processing_system7_0/inst/FCLK_CLK0 | design_1_i/ntt_axi_accelerator_0/inst/ntt_axi_accelerator_v1_0_S00_AXI_inst/slv_reg[179][23]_i_1_n_0                                                           | design_1_i/ntt_axi_accelerator_0/inst/ntt_axi_accelerator_v1_0_S00_AXI_inst/p_0_in                                                                    |                1 |              8 |
|  design_1_i/processing_system7_0/inst/FCLK_CLK0 | design_1_i/ntt_axi_accelerator_0/inst/ntt_axi_accelerator_v1_0_S00_AXI_inst/slv_reg[201][23]_i_1_n_0                                                           | design_1_i/ntt_axi_accelerator_0/inst/ntt_axi_accelerator_v1_0_S00_AXI_inst/p_0_in                                                                    |                5 |              8 |
|  design_1_i/processing_system7_0/inst/FCLK_CLK0 | design_1_i/ntt_axi_accelerator_0/inst/ntt_axi_accelerator_v1_0_S00_AXI_inst/slv_reg[197][23]_i_1_n_0                                                           | design_1_i/ntt_axi_accelerator_0/inst/ntt_axi_accelerator_v1_0_S00_AXI_inst/p_0_in                                                                    |                1 |              8 |
|  design_1_i/processing_system7_0/inst/FCLK_CLK0 | design_1_i/ntt_axi_accelerator_0/inst/ntt_axi_accelerator_v1_0_S00_AXI_inst/slv_reg[197][31]_i_1_n_0                                                           | design_1_i/ntt_axi_accelerator_0/inst/ntt_axi_accelerator_v1_0_S00_AXI_inst/p_0_in                                                                    |                1 |              8 |
|  design_1_i/processing_system7_0/inst/FCLK_CLK0 | design_1_i/ntt_axi_accelerator_0/inst/ntt_axi_accelerator_v1_0_S00_AXI_inst/slv_reg[198][23]_i_1_n_0                                                           | design_1_i/ntt_axi_accelerator_0/inst/ntt_axi_accelerator_v1_0_S00_AXI_inst/p_0_in                                                                    |                2 |              8 |
|  design_1_i/processing_system7_0/inst/FCLK_CLK0 | design_1_i/ntt_axi_accelerator_0/inst/ntt_axi_accelerator_v1_0_S00_AXI_inst/slv_reg[19][7]_i_1_n_0                                                             | design_1_i/ntt_axi_accelerator_0/inst/ntt_axi_accelerator_v1_0_S00_AXI_inst/p_0_in                                                                    |                2 |              8 |
|  design_1_i/processing_system7_0/inst/FCLK_CLK0 | design_1_i/ntt_axi_accelerator_0/inst/ntt_axi_accelerator_v1_0_S00_AXI_inst/slv_reg[202][15]_i_1_n_0                                                           | design_1_i/ntt_axi_accelerator_0/inst/ntt_axi_accelerator_v1_0_S00_AXI_inst/p_0_in                                                                    |                2 |              8 |
|  design_1_i/processing_system7_0/inst/FCLK_CLK0 | design_1_i/ntt_axi_accelerator_0/inst/ntt_axi_accelerator_v1_0_S00_AXI_inst/slv_reg[194][7]_i_1_n_0                                                            | design_1_i/ntt_axi_accelerator_0/inst/ntt_axi_accelerator_v1_0_S00_AXI_inst/p_0_in                                                                    |                3 |              8 |
|  design_1_i/processing_system7_0/inst/FCLK_CLK0 | design_1_i/ntt_axi_accelerator_0/inst/ntt_axi_accelerator_v1_0_S00_AXI_inst/slv_reg[198][7]_i_1_n_0                                                            | design_1_i/ntt_axi_accelerator_0/inst/ntt_axi_accelerator_v1_0_S00_AXI_inst/p_0_in                                                                    |                3 |              8 |
|  design_1_i/processing_system7_0/inst/FCLK_CLK0 | design_1_i/ntt_axi_accelerator_0/inst/ntt_axi_accelerator_v1_0_S00_AXI_inst/slv_reg[1][23]_i_1_n_0                                                             | design_1_i/ntt_axi_accelerator_0/inst/ntt_axi_accelerator_v1_0_S00_AXI_inst/p_0_in                                                                    |                2 |              8 |
|  design_1_i/processing_system7_0/inst/FCLK_CLK0 | design_1_i/ntt_axi_accelerator_0/inst/ntt_axi_accelerator_v1_0_S00_AXI_inst/slv_reg[193][15]_i_1_n_0                                                           | design_1_i/ntt_axi_accelerator_0/inst/ntt_axi_accelerator_v1_0_S00_AXI_inst/p_0_in                                                                    |                2 |              8 |
|  design_1_i/processing_system7_0/inst/FCLK_CLK0 | design_1_i/ntt_axi_accelerator_0/inst/ntt_axi_accelerator_v1_0_S00_AXI_inst/slv_reg[196][23]_i_1_n_0                                                           | design_1_i/ntt_axi_accelerator_0/inst/ntt_axi_accelerator_v1_0_S00_AXI_inst/p_0_in                                                                    |                3 |              8 |
|  design_1_i/processing_system7_0/inst/FCLK_CLK0 | design_1_i/ntt_axi_accelerator_0/inst/ntt_axi_accelerator_v1_0_S00_AXI_inst/slv_reg[197][7]_i_1_n_0                                                            | design_1_i/ntt_axi_accelerator_0/inst/ntt_axi_accelerator_v1_0_S00_AXI_inst/p_0_in                                                                    |                2 |              8 |
|  design_1_i/processing_system7_0/inst/FCLK_CLK0 | design_1_i/ntt_axi_accelerator_0/inst/ntt_axi_accelerator_v1_0_S00_AXI_inst/slv_reg[195][7]_i_1_n_0                                                            | design_1_i/ntt_axi_accelerator_0/inst/ntt_axi_accelerator_v1_0_S00_AXI_inst/p_0_in                                                                    |                4 |              8 |
|  design_1_i/processing_system7_0/inst/FCLK_CLK0 | design_1_i/ntt_axi_accelerator_0/inst/ntt_axi_accelerator_v1_0_S00_AXI_inst/slv_reg[191][7]_i_1_n_0                                                            | design_1_i/ntt_axi_accelerator_0/inst/ntt_axi_accelerator_v1_0_S00_AXI_inst/p_0_in                                                                    |                4 |              8 |
|  design_1_i/processing_system7_0/inst/FCLK_CLK0 | design_1_i/ntt_axi_accelerator_0/inst/ntt_axi_accelerator_v1_0_S00_AXI_inst/slv_reg[191][23]_i_1_n_0                                                           | design_1_i/ntt_axi_accelerator_0/inst/ntt_axi_accelerator_v1_0_S00_AXI_inst/p_0_in                                                                    |                2 |              8 |
|  design_1_i/processing_system7_0/inst/FCLK_CLK0 | design_1_i/ntt_axi_accelerator_0/inst/ntt_axi_accelerator_v1_0_S00_AXI_inst/slv_reg[201][31]_i_1_n_0                                                           | design_1_i/ntt_axi_accelerator_0/inst/ntt_axi_accelerator_v1_0_S00_AXI_inst/p_0_in                                                                    |                3 |              8 |
|  design_1_i/processing_system7_0/inst/FCLK_CLK0 | design_1_i/ntt_axi_accelerator_0/inst/ntt_axi_accelerator_v1_0_S00_AXI_inst/slv_reg[192][31]_i_1_n_0                                                           | design_1_i/ntt_axi_accelerator_0/inst/ntt_axi_accelerator_v1_0_S00_AXI_inst/p_0_in                                                                    |                3 |              8 |
|  design_1_i/processing_system7_0/inst/FCLK_CLK0 | design_1_i/ntt_axi_accelerator_0/inst/ntt_axi_accelerator_v1_0_S00_AXI_inst/slv_reg[193][7]_i_1_n_0                                                            | design_1_i/ntt_axi_accelerator_0/inst/ntt_axi_accelerator_v1_0_S00_AXI_inst/p_0_in                                                                    |                1 |              8 |
|  design_1_i/processing_system7_0/inst/FCLK_CLK0 | design_1_i/ntt_axi_accelerator_0/inst/ntt_axi_accelerator_v1_0_S00_AXI_inst/slv_reg[194][23]_i_1_n_0                                                           | design_1_i/ntt_axi_accelerator_0/inst/ntt_axi_accelerator_v1_0_S00_AXI_inst/p_0_in                                                                    |                3 |              8 |
|  design_1_i/processing_system7_0/inst/FCLK_CLK0 | design_1_i/ntt_axi_accelerator_0/inst/ntt_axi_accelerator_v1_0_S00_AXI_inst/slv_reg[201][7]_i_1_n_0                                                            | design_1_i/ntt_axi_accelerator_0/inst/ntt_axi_accelerator_v1_0_S00_AXI_inst/p_0_in                                                                    |                2 |              8 |
|  design_1_i/processing_system7_0/inst/FCLK_CLK0 | design_1_i/ntt_axi_accelerator_0/inst/ntt_axi_accelerator_v1_0_S00_AXI_inst/slv_reg[202][23]_i_1_n_0                                                           | design_1_i/ntt_axi_accelerator_0/inst/ntt_axi_accelerator_v1_0_S00_AXI_inst/p_0_in                                                                    |                2 |              8 |
|  design_1_i/processing_system7_0/inst/FCLK_CLK0 | design_1_i/ntt_axi_accelerator_0/inst/ntt_axi_accelerator_v1_0_S00_AXI_inst/slv_reg[202][31]_i_1_n_0                                                           | design_1_i/ntt_axi_accelerator_0/inst/ntt_axi_accelerator_v1_0_S00_AXI_inst/p_0_in                                                                    |                2 |              8 |
|  design_1_i/processing_system7_0/inst/FCLK_CLK0 | design_1_i/ntt_axi_accelerator_0/inst/ntt_axi_accelerator_v1_0_S00_AXI_inst/slv_reg[192][23]_i_1_n_0                                                           | design_1_i/ntt_axi_accelerator_0/inst/ntt_axi_accelerator_v1_0_S00_AXI_inst/p_0_in                                                                    |                2 |              8 |
|  design_1_i/processing_system7_0/inst/FCLK_CLK0 | design_1_i/ntt_axi_accelerator_0/inst/ntt_axi_accelerator_v1_0_S00_AXI_inst/slv_reg[194][15]_i_1_n_0                                                           | design_1_i/ntt_axi_accelerator_0/inst/ntt_axi_accelerator_v1_0_S00_AXI_inst/p_0_in                                                                    |                2 |              8 |
|  design_1_i/processing_system7_0/inst/FCLK_CLK0 | design_1_i/ntt_axi_accelerator_0/inst/ntt_axi_accelerator_v1_0_S00_AXI_inst/slv_reg[196][31]_i_1_n_0                                                           | design_1_i/ntt_axi_accelerator_0/inst/ntt_axi_accelerator_v1_0_S00_AXI_inst/p_0_in                                                                    |                2 |              8 |
|  design_1_i/processing_system7_0/inst/FCLK_CLK0 | design_1_i/ntt_axi_accelerator_0/inst/ntt_axi_accelerator_v1_0_S00_AXI_inst/slv_reg[194][31]_i_1_n_0                                                           | design_1_i/ntt_axi_accelerator_0/inst/ntt_axi_accelerator_v1_0_S00_AXI_inst/p_0_in                                                                    |                3 |              8 |
|  design_1_i/processing_system7_0/inst/FCLK_CLK0 | design_1_i/ntt_axi_accelerator_0/inst/ntt_axi_accelerator_v1_0_S00_AXI_inst/slv_reg[197][15]_i_1_n_0                                                           | design_1_i/ntt_axi_accelerator_0/inst/ntt_axi_accelerator_v1_0_S00_AXI_inst/p_0_in                                                                    |                3 |              8 |
|  design_1_i/processing_system7_0/inst/FCLK_CLK0 | design_1_i/ntt_axi_accelerator_0/inst/ntt_axi_accelerator_v1_0_S00_AXI_inst/slv_reg[191][15]_i_1_n_0                                                           | design_1_i/ntt_axi_accelerator_0/inst/ntt_axi_accelerator_v1_0_S00_AXI_inst/p_0_in                                                                    |                2 |              8 |
|  design_1_i/processing_system7_0/inst/FCLK_CLK0 | design_1_i/ntt_axi_accelerator_0/inst/ntt_axi_accelerator_v1_0_S00_AXI_inst/slv_reg[198][31]_i_1_n_0                                                           | design_1_i/ntt_axi_accelerator_0/inst/ntt_axi_accelerator_v1_0_S00_AXI_inst/p_0_in                                                                    |                3 |              8 |
|  design_1_i/processing_system7_0/inst/FCLK_CLK0 | design_1_i/ntt_axi_accelerator_0/inst/ntt_axi_accelerator_v1_0_S00_AXI_inst/slv_reg[199][15]_i_1_n_0                                                           | design_1_i/ntt_axi_accelerator_0/inst/ntt_axi_accelerator_v1_0_S00_AXI_inst/p_0_in                                                                    |                2 |              8 |
|  design_1_i/processing_system7_0/inst/FCLK_CLK0 | design_1_i/ntt_axi_accelerator_0/inst/ntt_axi_accelerator_v1_0_S00_AXI_inst/slv_reg[199][31]_i_1_n_0                                                           | design_1_i/ntt_axi_accelerator_0/inst/ntt_axi_accelerator_v1_0_S00_AXI_inst/p_0_in                                                                    |                1 |              8 |
|  design_1_i/processing_system7_0/inst/FCLK_CLK0 | design_1_i/ntt_axi_accelerator_0/inst/ntt_axi_accelerator_v1_0_S00_AXI_inst/slv_reg[1][15]_i_1_n_0                                                             | design_1_i/ntt_axi_accelerator_0/inst/ntt_axi_accelerator_v1_0_S00_AXI_inst/p_0_in                                                                    |                3 |              8 |
|  design_1_i/processing_system7_0/inst/FCLK_CLK0 | design_1_i/ntt_axi_accelerator_0/inst/ntt_axi_accelerator_v1_0_S00_AXI_inst/slv_reg[191][31]_i_1_n_0                                                           | design_1_i/ntt_axi_accelerator_0/inst/ntt_axi_accelerator_v1_0_S00_AXI_inst/p_0_in                                                                    |                2 |              8 |
|  design_1_i/processing_system7_0/inst/FCLK_CLK0 | design_1_i/ntt_axi_accelerator_0/inst/ntt_axi_accelerator_v1_0_S00_AXI_inst/slv_reg[1][7]_i_1_n_0                                                              | design_1_i/ntt_axi_accelerator_0/inst/ntt_axi_accelerator_v1_0_S00_AXI_inst/p_0_in                                                                    |                2 |              8 |
|  design_1_i/processing_system7_0/inst/FCLK_CLK0 | design_1_i/ntt_axi_accelerator_0/inst/ntt_axi_accelerator_v1_0_S00_AXI_inst/slv_reg[200][15]_i_1_n_0                                                           | design_1_i/ntt_axi_accelerator_0/inst/ntt_axi_accelerator_v1_0_S00_AXI_inst/p_0_in                                                                    |                4 |              8 |
|  design_1_i/processing_system7_0/inst/FCLK_CLK0 | design_1_i/ntt_axi_accelerator_0/inst/ntt_axi_accelerator_v1_0_S00_AXI_inst/slv_reg[19][15]_i_1_n_0                                                            | design_1_i/ntt_axi_accelerator_0/inst/ntt_axi_accelerator_v1_0_S00_AXI_inst/p_0_in                                                                    |                4 |              8 |
|  design_1_i/processing_system7_0/inst/FCLK_CLK0 | design_1_i/ntt_axi_accelerator_0/inst/ntt_axi_accelerator_v1_0_S00_AXI_inst/slv_reg[19][23]_i_1_n_0                                                            | design_1_i/ntt_axi_accelerator_0/inst/ntt_axi_accelerator_v1_0_S00_AXI_inst/p_0_in                                                                    |                2 |              8 |
|  design_1_i/processing_system7_0/inst/FCLK_CLK0 | design_1_i/ntt_axi_accelerator_0/inst/ntt_axi_accelerator_v1_0_S00_AXI_inst/slv_reg[200][23]_i_1_n_0                                                           | design_1_i/ntt_axi_accelerator_0/inst/ntt_axi_accelerator_v1_0_S00_AXI_inst/p_0_in                                                                    |                3 |              8 |
|  design_1_i/processing_system7_0/inst/FCLK_CLK0 | design_1_i/ntt_axi_accelerator_0/inst/ntt_axi_accelerator_v1_0_S00_AXI_inst/slv_reg[193][23]_i_1_n_0                                                           | design_1_i/ntt_axi_accelerator_0/inst/ntt_axi_accelerator_v1_0_S00_AXI_inst/p_0_in                                                                    |                3 |              8 |
|  design_1_i/processing_system7_0/inst/FCLK_CLK0 | design_1_i/ntt_axi_accelerator_0/inst/ntt_axi_accelerator_v1_0_S00_AXI_inst/slv_reg[195][31]_i_1_n_0                                                           | design_1_i/ntt_axi_accelerator_0/inst/ntt_axi_accelerator_v1_0_S00_AXI_inst/p_0_in                                                                    |                4 |              8 |
|  design_1_i/processing_system7_0/inst/FCLK_CLK0 | design_1_i/ntt_axi_accelerator_0/inst/ntt_axi_accelerator_v1_0_S00_AXI_inst/slv_reg[198][15]_i_1_n_0                                                           | design_1_i/ntt_axi_accelerator_0/inst/ntt_axi_accelerator_v1_0_S00_AXI_inst/p_0_in                                                                    |                2 |              8 |
|  design_1_i/processing_system7_0/inst/FCLK_CLK0 | design_1_i/ntt_axi_accelerator_0/inst/ntt_axi_accelerator_v1_0_S00_AXI_inst/slv_reg[196][15]_i_1_n_0                                                           | design_1_i/ntt_axi_accelerator_0/inst/ntt_axi_accelerator_v1_0_S00_AXI_inst/p_0_in                                                                    |                2 |              8 |
|  design_1_i/processing_system7_0/inst/FCLK_CLK0 | design_1_i/ntt_axi_accelerator_0/inst/ntt_axi_accelerator_v1_0_S00_AXI_inst/slv_reg[200][31]_i_1_n_0                                                           | design_1_i/ntt_axi_accelerator_0/inst/ntt_axi_accelerator_v1_0_S00_AXI_inst/p_0_in                                                                    |                2 |              8 |
|  design_1_i/processing_system7_0/inst/FCLK_CLK0 | design_1_i/ntt_axi_accelerator_0/inst/ntt_axi_accelerator_v1_0_S00_AXI_inst/slv_reg[201][15]_i_1_n_0                                                           | design_1_i/ntt_axi_accelerator_0/inst/ntt_axi_accelerator_v1_0_S00_AXI_inst/p_0_in                                                                    |                3 |              8 |
|  design_1_i/processing_system7_0/inst/FCLK_CLK0 | design_1_i/ntt_axi_accelerator_0/inst/ntt_axi_accelerator_v1_0_S00_AXI_inst/slv_reg[193][31]_i_1_n_0                                                           | design_1_i/ntt_axi_accelerator_0/inst/ntt_axi_accelerator_v1_0_S00_AXI_inst/p_0_in                                                                    |                4 |              8 |
|  design_1_i/processing_system7_0/inst/FCLK_CLK0 | design_1_i/ntt_axi_accelerator_0/inst/ntt_axi_accelerator_v1_0_S00_AXI_inst/slv_reg[196][7]_i_1_n_0                                                            | design_1_i/ntt_axi_accelerator_0/inst/ntt_axi_accelerator_v1_0_S00_AXI_inst/p_0_in                                                                    |                4 |              8 |
|  design_1_i/processing_system7_0/inst/FCLK_CLK0 | design_1_i/ntt_axi_accelerator_0/inst/ntt_axi_accelerator_v1_0_S00_AXI_inst/slv_reg[195][23]_i_1_n_0                                                           | design_1_i/ntt_axi_accelerator_0/inst/ntt_axi_accelerator_v1_0_S00_AXI_inst/p_0_in                                                                    |                2 |              8 |
|  design_1_i/processing_system7_0/inst/FCLK_CLK0 | design_1_i/ntt_axi_accelerator_0/inst/ntt_axi_accelerator_v1_0_S00_AXI_inst/slv_reg[199][23]_i_1_n_0                                                           | design_1_i/ntt_axi_accelerator_0/inst/ntt_axi_accelerator_v1_0_S00_AXI_inst/p_0_in                                                                    |                2 |              8 |
|  design_1_i/processing_system7_0/inst/FCLK_CLK0 | design_1_i/ntt_axi_accelerator_0/inst/ntt_axi_accelerator_v1_0_S00_AXI_inst/slv_reg[192][15]_i_1_n_0                                                           | design_1_i/ntt_axi_accelerator_0/inst/ntt_axi_accelerator_v1_0_S00_AXI_inst/p_0_in                                                                    |                2 |              8 |
|  design_1_i/processing_system7_0/inst/FCLK_CLK0 | design_1_i/ntt_axi_accelerator_0/inst/ntt_axi_accelerator_v1_0_S00_AXI_inst/slv_reg[195][15]_i_1_n_0                                                           | design_1_i/ntt_axi_accelerator_0/inst/ntt_axi_accelerator_v1_0_S00_AXI_inst/p_0_in                                                                    |                2 |              8 |
|  design_1_i/processing_system7_0/inst/FCLK_CLK0 | design_1_i/ntt_axi_accelerator_0/inst/ntt_axi_accelerator_v1_0_S00_AXI_inst/slv_reg[199][7]_i_1_n_0                                                            | design_1_i/ntt_axi_accelerator_0/inst/ntt_axi_accelerator_v1_0_S00_AXI_inst/p_0_in                                                                    |                2 |              8 |
|  design_1_i/processing_system7_0/inst/FCLK_CLK0 | design_1_i/ntt_axi_accelerator_0/inst/ntt_axi_accelerator_v1_0_S00_AXI_inst/slv_reg[190][7]_i_1_n_0                                                            | design_1_i/ntt_axi_accelerator_0/inst/ntt_axi_accelerator_v1_0_S00_AXI_inst/p_0_in                                                                    |                6 |              8 |
|  design_1_i/processing_system7_0/inst/FCLK_CLK0 | design_1_i/ntt_axi_accelerator_0/inst/ntt_axi_accelerator_v1_0_S00_AXI_inst/slv_reg[200][7]_i_1_n_0                                                            | design_1_i/ntt_axi_accelerator_0/inst/ntt_axi_accelerator_v1_0_S00_AXI_inst/p_0_in                                                                    |                3 |              8 |
|  design_1_i/processing_system7_0/inst/FCLK_CLK0 | design_1_i/ntt_axi_accelerator_0/inst/ntt_axi_accelerator_v1_0_S00_AXI_inst/slv_reg[192][7]_i_1_n_0                                                            | design_1_i/ntt_axi_accelerator_0/inst/ntt_axi_accelerator_v1_0_S00_AXI_inst/p_0_in                                                                    |                4 |              8 |
|  design_1_i/processing_system7_0/inst/FCLK_CLK0 | design_1_i/ntt_axi_accelerator_0/inst/ntt_axi_accelerator_v1_0_S00_AXI_inst/slv_reg[19][31]_i_1_n_0                                                            | design_1_i/ntt_axi_accelerator_0/inst/ntt_axi_accelerator_v1_0_S00_AXI_inst/p_0_in                                                                    |                2 |              8 |
|  design_1_i/processing_system7_0/inst/FCLK_CLK0 | design_1_i/ntt_axi_accelerator_0/inst/ntt_axi_accelerator_v1_0_S00_AXI_inst/slv_reg[1][31]_i_1_n_0                                                             | design_1_i/ntt_axi_accelerator_0/inst/ntt_axi_accelerator_v1_0_S00_AXI_inst/p_0_in                                                                    |                5 |              8 |
|  design_1_i/processing_system7_0/inst/FCLK_CLK0 | design_1_i/ntt_axi_accelerator_0/inst/ntt_axi_accelerator_v1_0_S00_AXI_inst/slv_reg[215][23]_i_1_n_0                                                           | design_1_i/ntt_axi_accelerator_0/inst/ntt_axi_accelerator_v1_0_S00_AXI_inst/p_0_in                                                                    |                4 |              8 |
|  design_1_i/processing_system7_0/inst/FCLK_CLK0 | design_1_i/ntt_axi_accelerator_0/inst/ntt_axi_accelerator_v1_0_S00_AXI_inst/slv_reg[216][15]_i_1_n_0                                                           | design_1_i/ntt_axi_accelerator_0/inst/ntt_axi_accelerator_v1_0_S00_AXI_inst/p_0_in                                                                    |                2 |              8 |
|  design_1_i/processing_system7_0/inst/FCLK_CLK0 | design_1_i/ntt_axi_accelerator_0/inst/ntt_axi_accelerator_v1_0_S00_AXI_inst/slv_reg[204][31]_i_1_n_0                                                           | design_1_i/ntt_axi_accelerator_0/inst/ntt_axi_accelerator_v1_0_S00_AXI_inst/p_0_in                                                                    |                2 |              8 |
|  design_1_i/processing_system7_0/inst/FCLK_CLK0 | design_1_i/ntt_axi_accelerator_0/inst/ntt_axi_accelerator_v1_0_S00_AXI_inst/slv_reg[208][23]_i_1_n_0                                                           | design_1_i/ntt_axi_accelerator_0/inst/ntt_axi_accelerator_v1_0_S00_AXI_inst/p_0_in                                                                    |                2 |              8 |
|  design_1_i/processing_system7_0/inst/FCLK_CLK0 | design_1_i/ntt_axi_accelerator_0/inst/ntt_axi_accelerator_v1_0_S00_AXI_inst/slv_reg[215][31]_i_1_n_0                                                           | design_1_i/ntt_axi_accelerator_0/inst/ntt_axi_accelerator_v1_0_S00_AXI_inst/p_0_in                                                                    |                2 |              8 |
|  design_1_i/processing_system7_0/inst/FCLK_CLK0 | design_1_i/ntt_axi_accelerator_0/inst/ntt_axi_accelerator_v1_0_S00_AXI_inst/slv_reg[20][31]_i_1_n_0                                                            | design_1_i/ntt_axi_accelerator_0/inst/ntt_axi_accelerator_v1_0_S00_AXI_inst/p_0_in                                                                    |                3 |              8 |
|  design_1_i/processing_system7_0/inst/FCLK_CLK0 | design_1_i/ntt_axi_accelerator_0/inst/ntt_axi_accelerator_v1_0_S00_AXI_inst/slv_reg[216][23]_i_1_n_0                                                           | design_1_i/ntt_axi_accelerator_0/inst/ntt_axi_accelerator_v1_0_S00_AXI_inst/p_0_in                                                                    |                4 |              8 |
|  design_1_i/processing_system7_0/inst/FCLK_CLK0 | design_1_i/ntt_axi_accelerator_0/inst/ntt_axi_accelerator_v1_0_S00_AXI_inst/slv_reg[210][23]_i_1_n_0                                                           | design_1_i/ntt_axi_accelerator_0/inst/ntt_axi_accelerator_v1_0_S00_AXI_inst/p_0_in                                                                    |                2 |              8 |
|  design_1_i/processing_system7_0/inst/FCLK_CLK0 | design_1_i/ntt_axi_accelerator_0/inst/ntt_axi_accelerator_v1_0_S00_AXI_inst/slv_reg[215][7]_i_1_n_0                                                            | design_1_i/ntt_axi_accelerator_0/inst/ntt_axi_accelerator_v1_0_S00_AXI_inst/p_0_in                                                                    |                3 |              8 |
|  design_1_i/processing_system7_0/inst/FCLK_CLK0 | design_1_i/ntt_axi_accelerator_0/inst/ntt_axi_accelerator_v1_0_S00_AXI_inst/slv_reg[210][31]_i_1_n_0                                                           | design_1_i/ntt_axi_accelerator_0/inst/ntt_axi_accelerator_v1_0_S00_AXI_inst/p_0_in                                                                    |                2 |              8 |
|  design_1_i/processing_system7_0/inst/FCLK_CLK0 | design_1_i/ntt_axi_accelerator_0/inst/ntt_axi_accelerator_v1_0_S00_AXI_inst/slv_reg[20][15]_i_1_n_0                                                            | design_1_i/ntt_axi_accelerator_0/inst/ntt_axi_accelerator_v1_0_S00_AXI_inst/p_0_in                                                                    |                4 |              8 |
|  design_1_i/processing_system7_0/inst/FCLK_CLK0 | design_1_i/ntt_axi_accelerator_0/inst/ntt_axi_accelerator_v1_0_S00_AXI_inst/slv_reg[212][31]_i_1_n_0                                                           | design_1_i/ntt_axi_accelerator_0/inst/ntt_axi_accelerator_v1_0_S00_AXI_inst/p_0_in                                                                    |                4 |              8 |
|  design_1_i/processing_system7_0/inst/FCLK_CLK0 | design_1_i/ntt_axi_accelerator_0/inst/ntt_axi_accelerator_v1_0_S00_AXI_inst/slv_reg[210][7]_i_1_n_0                                                            | design_1_i/ntt_axi_accelerator_0/inst/ntt_axi_accelerator_v1_0_S00_AXI_inst/p_0_in                                                                    |                3 |              8 |
|  design_1_i/processing_system7_0/inst/FCLK_CLK0 | design_1_i/ntt_axi_accelerator_0/inst/ntt_axi_accelerator_v1_0_S00_AXI_inst/slv_reg[212][23]_i_1_n_0                                                           | design_1_i/ntt_axi_accelerator_0/inst/ntt_axi_accelerator_v1_0_S00_AXI_inst/p_0_in                                                                    |                3 |              8 |
|  design_1_i/processing_system7_0/inst/FCLK_CLK0 | design_1_i/ntt_axi_accelerator_0/inst/ntt_axi_accelerator_v1_0_S00_AXI_inst/slv_reg[204][15]_i_1_n_0                                                           | design_1_i/ntt_axi_accelerator_0/inst/ntt_axi_accelerator_v1_0_S00_AXI_inst/p_0_in                                                                    |                2 |              8 |
|  design_1_i/processing_system7_0/inst/FCLK_CLK0 | design_1_i/ntt_axi_accelerator_0/inst/ntt_axi_accelerator_v1_0_S00_AXI_inst/slv_reg[208][7]_i_1_n_0                                                            | design_1_i/ntt_axi_accelerator_0/inst/ntt_axi_accelerator_v1_0_S00_AXI_inst/p_0_in                                                                    |                2 |              8 |
|  design_1_i/processing_system7_0/inst/FCLK_CLK0 | design_1_i/ntt_axi_accelerator_0/inst/ntt_axi_accelerator_v1_0_S00_AXI_inst/slv_reg[213][15]_i_1_n_0                                                           | design_1_i/ntt_axi_accelerator_0/inst/ntt_axi_accelerator_v1_0_S00_AXI_inst/p_0_in                                                                    |                2 |              8 |
|  design_1_i/processing_system7_0/inst/FCLK_CLK0 | design_1_i/ntt_axi_accelerator_0/inst/ntt_axi_accelerator_v1_0_S00_AXI_inst/slv_reg[210][15]_i_1_n_0                                                           | design_1_i/ntt_axi_accelerator_0/inst/ntt_axi_accelerator_v1_0_S00_AXI_inst/p_0_in                                                                    |                3 |              8 |
|  design_1_i/processing_system7_0/inst/FCLK_CLK0 | design_1_i/ntt_axi_accelerator_0/inst/ntt_axi_accelerator_v1_0_S00_AXI_inst/slv_reg[211][15]_i_1_n_0                                                           | design_1_i/ntt_axi_accelerator_0/inst/ntt_axi_accelerator_v1_0_S00_AXI_inst/p_0_in                                                                    |                3 |              8 |
|  design_1_i/processing_system7_0/inst/FCLK_CLK0 | design_1_i/ntt_axi_accelerator_0/inst/ntt_axi_accelerator_v1_0_S00_AXI_inst/slv_reg[213][23]_i_1_n_0                                                           | design_1_i/ntt_axi_accelerator_0/inst/ntt_axi_accelerator_v1_0_S00_AXI_inst/p_0_in                                                                    |                2 |              8 |
|  design_1_i/processing_system7_0/inst/FCLK_CLK0 | design_1_i/ntt_axi_accelerator_0/inst/ntt_axi_accelerator_v1_0_S00_AXI_inst/slv_reg[202][7]_i_1_n_0                                                            | design_1_i/ntt_axi_accelerator_0/inst/ntt_axi_accelerator_v1_0_S00_AXI_inst/p_0_in                                                                    |                5 |              8 |
|  design_1_i/processing_system7_0/inst/FCLK_CLK0 | design_1_i/ntt_axi_accelerator_0/inst/ntt_axi_accelerator_v1_0_S00_AXI_inst/slv_reg[203][7]_i_1_n_0                                                            | design_1_i/ntt_axi_accelerator_0/inst/ntt_axi_accelerator_v1_0_S00_AXI_inst/p_0_in                                                                    |                2 |              8 |
|  design_1_i/processing_system7_0/inst/FCLK_CLK0 | design_1_i/ntt_axi_accelerator_0/inst/ntt_axi_accelerator_v1_0_S00_AXI_inst/slv_reg[207][15]_i_1_n_0                                                           | design_1_i/ntt_axi_accelerator_0/inst/ntt_axi_accelerator_v1_0_S00_AXI_inst/p_0_in                                                                    |                3 |              8 |
|  design_1_i/processing_system7_0/inst/FCLK_CLK0 | design_1_i/ntt_axi_accelerator_0/inst/ntt_axi_accelerator_v1_0_S00_AXI_inst/slv_reg[208][31]_i_1_n_0                                                           | design_1_i/ntt_axi_accelerator_0/inst/ntt_axi_accelerator_v1_0_S00_AXI_inst/p_0_in                                                                    |                2 |              8 |
|  design_1_i/processing_system7_0/inst/FCLK_CLK0 | design_1_i/ntt_axi_accelerator_0/inst/ntt_axi_accelerator_v1_0_S00_AXI_inst/slv_reg[209][31]_i_1_n_0                                                           | design_1_i/ntt_axi_accelerator_0/inst/ntt_axi_accelerator_v1_0_S00_AXI_inst/p_0_in                                                                    |                2 |              8 |
|  design_1_i/processing_system7_0/inst/FCLK_CLK0 | design_1_i/ntt_axi_accelerator_0/inst/ntt_axi_accelerator_v1_0_S00_AXI_inst/slv_reg[211][23]_i_1_n_0                                                           | design_1_i/ntt_axi_accelerator_0/inst/ntt_axi_accelerator_v1_0_S00_AXI_inst/p_0_in                                                                    |                2 |              8 |
|  design_1_i/processing_system7_0/inst/FCLK_CLK0 | design_1_i/ntt_axi_accelerator_0/inst/ntt_axi_accelerator_v1_0_S00_AXI_inst/slv_reg[205][15]_i_1_n_0                                                           | design_1_i/ntt_axi_accelerator_0/inst/ntt_axi_accelerator_v1_0_S00_AXI_inst/p_0_in                                                                    |                3 |              8 |
|  design_1_i/processing_system7_0/inst/FCLK_CLK0 | design_1_i/ntt_axi_accelerator_0/inst/ntt_axi_accelerator_v1_0_S00_AXI_inst/slv_reg[212][7]_i_1_n_0                                                            | design_1_i/ntt_axi_accelerator_0/inst/ntt_axi_accelerator_v1_0_S00_AXI_inst/p_0_in                                                                    |                2 |              8 |
|  design_1_i/processing_system7_0/inst/FCLK_CLK0 | design_1_i/ntt_axi_accelerator_0/inst/ntt_axi_accelerator_v1_0_S00_AXI_inst/slv_reg[213][31]_i_1_n_0                                                           | design_1_i/ntt_axi_accelerator_0/inst/ntt_axi_accelerator_v1_0_S00_AXI_inst/p_0_in                                                                    |                2 |              8 |
|  design_1_i/processing_system7_0/inst/FCLK_CLK0 | design_1_i/ntt_axi_accelerator_0/inst/ntt_axi_accelerator_v1_0_S00_AXI_inst/slv_reg[213][7]_i_1_n_0                                                            | design_1_i/ntt_axi_accelerator_0/inst/ntt_axi_accelerator_v1_0_S00_AXI_inst/p_0_in                                                                    |                2 |              8 |
|  design_1_i/processing_system7_0/inst/FCLK_CLK0 | design_1_i/ntt_axi_accelerator_0/inst/ntt_axi_accelerator_v1_0_S00_AXI_inst/slv_reg[206][15]_i_1_n_0                                                           | design_1_i/ntt_axi_accelerator_0/inst/ntt_axi_accelerator_v1_0_S00_AXI_inst/p_0_in                                                                    |                2 |              8 |
|  design_1_i/processing_system7_0/inst/FCLK_CLK0 | design_1_i/ntt_axi_accelerator_0/inst/ntt_axi_accelerator_v1_0_S00_AXI_inst/slv_reg[204][23]_i_1_n_0                                                           | design_1_i/ntt_axi_accelerator_0/inst/ntt_axi_accelerator_v1_0_S00_AXI_inst/p_0_in                                                                    |                5 |              8 |
|  design_1_i/processing_system7_0/inst/FCLK_CLK0 | design_1_i/ntt_axi_accelerator_0/inst/ntt_axi_accelerator_v1_0_S00_AXI_inst/slv_reg[206][31]_i_1_n_0                                                           | design_1_i/ntt_axi_accelerator_0/inst/ntt_axi_accelerator_v1_0_S00_AXI_inst/p_0_in                                                                    |                2 |              8 |
|  design_1_i/processing_system7_0/inst/FCLK_CLK0 | design_1_i/ntt_axi_accelerator_0/inst/ntt_axi_accelerator_v1_0_S00_AXI_inst/slv_reg[207][23]_i_1_n_0                                                           | design_1_i/ntt_axi_accelerator_0/inst/ntt_axi_accelerator_v1_0_S00_AXI_inst/p_0_in                                                                    |                1 |              8 |
|  design_1_i/processing_system7_0/inst/FCLK_CLK0 | design_1_i/ntt_axi_accelerator_0/inst/ntt_axi_accelerator_v1_0_S00_AXI_inst/slv_reg[209][7]_i_1_n_0                                                            | design_1_i/ntt_axi_accelerator_0/inst/ntt_axi_accelerator_v1_0_S00_AXI_inst/p_0_in                                                                    |                1 |              8 |
|  design_1_i/processing_system7_0/inst/FCLK_CLK0 | design_1_i/ntt_axi_accelerator_0/inst/ntt_axi_accelerator_v1_0_S00_AXI_inst/slv_reg[212][15]_i_1_n_0                                                           | design_1_i/ntt_axi_accelerator_0/inst/ntt_axi_accelerator_v1_0_S00_AXI_inst/p_0_in                                                                    |                3 |              8 |
|  design_1_i/processing_system7_0/inst/FCLK_CLK0 | design_1_i/ntt_axi_accelerator_0/inst/ntt_axi_accelerator_v1_0_S00_AXI_inst/slv_reg[205][23]_i_1_n_0                                                           | design_1_i/ntt_axi_accelerator_0/inst/ntt_axi_accelerator_v1_0_S00_AXI_inst/p_0_in                                                                    |                3 |              8 |
|  design_1_i/processing_system7_0/inst/FCLK_CLK0 | design_1_i/ntt_axi_accelerator_0/inst/ntt_axi_accelerator_v1_0_S00_AXI_inst/slv_reg[205][7]_i_1_n_0                                                            | design_1_i/ntt_axi_accelerator_0/inst/ntt_axi_accelerator_v1_0_S00_AXI_inst/p_0_in                                                                    |                1 |              8 |
|  design_1_i/processing_system7_0/inst/FCLK_CLK0 | design_1_i/ntt_axi_accelerator_0/inst/ntt_axi_accelerator_v1_0_S00_AXI_inst/slv_reg[214][15]_i_1_n_0                                                           | design_1_i/ntt_axi_accelerator_0/inst/ntt_axi_accelerator_v1_0_S00_AXI_inst/p_0_in                                                                    |                2 |              8 |
|  design_1_i/processing_system7_0/inst/FCLK_CLK0 | design_1_i/ntt_axi_accelerator_0/inst/ntt_axi_accelerator_v1_0_S00_AXI_inst/slv_reg[20][23]_i_1_n_0                                                            | design_1_i/ntt_axi_accelerator_0/inst/ntt_axi_accelerator_v1_0_S00_AXI_inst/p_0_in                                                                    |                2 |              8 |
|  design_1_i/processing_system7_0/inst/FCLK_CLK0 | design_1_i/ntt_axi_accelerator_0/inst/ntt_axi_accelerator_v1_0_S00_AXI_inst/slv_reg[214][23]_i_1_n_0                                                           | design_1_i/ntt_axi_accelerator_0/inst/ntt_axi_accelerator_v1_0_S00_AXI_inst/p_0_in                                                                    |                2 |              8 |
|  design_1_i/processing_system7_0/inst/FCLK_CLK0 | design_1_i/ntt_axi_accelerator_0/inst/ntt_axi_accelerator_v1_0_S00_AXI_inst/slv_reg[214][31]_i_1_n_0                                                           | design_1_i/ntt_axi_accelerator_0/inst/ntt_axi_accelerator_v1_0_S00_AXI_inst/p_0_in                                                                    |                3 |              8 |
|  design_1_i/processing_system7_0/inst/FCLK_CLK0 | design_1_i/ntt_axi_accelerator_0/inst/ntt_axi_accelerator_v1_0_S00_AXI_inst/slv_reg[206][7]_i_1_n_0                                                            | design_1_i/ntt_axi_accelerator_0/inst/ntt_axi_accelerator_v1_0_S00_AXI_inst/p_0_in                                                                    |                4 |              8 |
|  design_1_i/processing_system7_0/inst/FCLK_CLK0 | design_1_i/ntt_axi_accelerator_0/inst/ntt_axi_accelerator_v1_0_S00_AXI_inst/slv_reg[209][23]_i_1_n_0                                                           | design_1_i/ntt_axi_accelerator_0/inst/ntt_axi_accelerator_v1_0_S00_AXI_inst/p_0_in                                                                    |                4 |              8 |
|  design_1_i/processing_system7_0/inst/FCLK_CLK0 | design_1_i/ntt_axi_accelerator_0/inst/ntt_axi_accelerator_v1_0_S00_AXI_inst/slv_reg[20][7]_i_1_n_0                                                             | design_1_i/ntt_axi_accelerator_0/inst/ntt_axi_accelerator_v1_0_S00_AXI_inst/p_0_in                                                                    |                2 |              8 |
|  design_1_i/processing_system7_0/inst/FCLK_CLK0 | design_1_i/ntt_axi_accelerator_0/inst/ntt_axi_accelerator_v1_0_S00_AXI_inst/slv_reg[207][31]_i_1_n_0                                                           | design_1_i/ntt_axi_accelerator_0/inst/ntt_axi_accelerator_v1_0_S00_AXI_inst/p_0_in                                                                    |                3 |              8 |
|  design_1_i/processing_system7_0/inst/FCLK_CLK0 | design_1_i/ntt_axi_accelerator_0/inst/ntt_axi_accelerator_v1_0_S00_AXI_inst/slv_reg[211][31]_i_1_n_0                                                           | design_1_i/ntt_axi_accelerator_0/inst/ntt_axi_accelerator_v1_0_S00_AXI_inst/p_0_in                                                                    |                2 |              8 |
|  design_1_i/processing_system7_0/inst/FCLK_CLK0 | design_1_i/ntt_axi_accelerator_0/inst/ntt_axi_accelerator_v1_0_S00_AXI_inst/slv_reg[214][7]_i_1_n_0                                                            | design_1_i/ntt_axi_accelerator_0/inst/ntt_axi_accelerator_v1_0_S00_AXI_inst/p_0_in                                                                    |                3 |              8 |
|  design_1_i/processing_system7_0/inst/FCLK_CLK0 | design_1_i/ntt_axi_accelerator_0/inst/ntt_axi_accelerator_v1_0_S00_AXI_inst/slv_reg[205][31]_i_1_n_0                                                           | design_1_i/ntt_axi_accelerator_0/inst/ntt_axi_accelerator_v1_0_S00_AXI_inst/p_0_in                                                                    |                2 |              8 |
|  design_1_i/processing_system7_0/inst/FCLK_CLK0 | design_1_i/ntt_axi_accelerator_0/inst/ntt_axi_accelerator_v1_0_S00_AXI_inst/slv_reg[203][15]_i_1_n_0                                                           | design_1_i/ntt_axi_accelerator_0/inst/ntt_axi_accelerator_v1_0_S00_AXI_inst/p_0_in                                                                    |                2 |              8 |
|  design_1_i/processing_system7_0/inst/FCLK_CLK0 | design_1_i/ntt_axi_accelerator_0/inst/ntt_axi_accelerator_v1_0_S00_AXI_inst/slv_reg[203][23]_i_1_n_0                                                           | design_1_i/ntt_axi_accelerator_0/inst/ntt_axi_accelerator_v1_0_S00_AXI_inst/p_0_in                                                                    |                3 |              8 |
|  design_1_i/processing_system7_0/inst/FCLK_CLK0 | design_1_i/ntt_axi_accelerator_0/inst/ntt_axi_accelerator_v1_0_S00_AXI_inst/slv_reg[208][15]_i_1_n_0                                                           | design_1_i/ntt_axi_accelerator_0/inst/ntt_axi_accelerator_v1_0_S00_AXI_inst/p_0_in                                                                    |                4 |              8 |
|  design_1_i/processing_system7_0/inst/FCLK_CLK0 | design_1_i/ntt_axi_accelerator_0/inst/ntt_axi_accelerator_v1_0_S00_AXI_inst/slv_reg[206][23]_i_1_n_0                                                           | design_1_i/ntt_axi_accelerator_0/inst/ntt_axi_accelerator_v1_0_S00_AXI_inst/p_0_in                                                                    |                4 |              8 |
|  design_1_i/processing_system7_0/inst/FCLK_CLK0 | design_1_i/ntt_axi_accelerator_0/inst/ntt_axi_accelerator_v1_0_S00_AXI_inst/slv_reg[204][7]_i_1_n_0                                                            | design_1_i/ntt_axi_accelerator_0/inst/ntt_axi_accelerator_v1_0_S00_AXI_inst/p_0_in                                                                    |                2 |              8 |
|  design_1_i/processing_system7_0/inst/FCLK_CLK0 | design_1_i/ntt_axi_accelerator_0/inst/ntt_axi_accelerator_v1_0_S00_AXI_inst/slv_reg[207][7]_i_1_n_0                                                            | design_1_i/ntt_axi_accelerator_0/inst/ntt_axi_accelerator_v1_0_S00_AXI_inst/p_0_in                                                                    |                2 |              8 |
|  design_1_i/processing_system7_0/inst/FCLK_CLK0 | design_1_i/ntt_axi_accelerator_0/inst/ntt_axi_accelerator_v1_0_S00_AXI_inst/slv_reg[203][31]_i_1_n_0                                                           | design_1_i/ntt_axi_accelerator_0/inst/ntt_axi_accelerator_v1_0_S00_AXI_inst/p_0_in                                                                    |                2 |              8 |
|  design_1_i/processing_system7_0/inst/FCLK_CLK0 | design_1_i/ntt_axi_accelerator_0/inst/ntt_axi_accelerator_v1_0_S00_AXI_inst/slv_reg[209][15]_i_1_n_0                                                           | design_1_i/ntt_axi_accelerator_0/inst/ntt_axi_accelerator_v1_0_S00_AXI_inst/p_0_in                                                                    |                2 |              8 |
|  design_1_i/processing_system7_0/inst/FCLK_CLK0 | design_1_i/ntt_axi_accelerator_0/inst/ntt_axi_accelerator_v1_0_S00_AXI_inst/slv_reg[211][7]_i_1_n_0                                                            | design_1_i/ntt_axi_accelerator_0/inst/ntt_axi_accelerator_v1_0_S00_AXI_inst/p_0_in                                                                    |                3 |              8 |
|  design_1_i/processing_system7_0/inst/FCLK_CLK0 | design_1_i/ntt_axi_accelerator_0/inst/ntt_axi_accelerator_v1_0_S00_AXI_inst/slv_reg[21][15]_i_1_n_0                                                            | design_1_i/ntt_axi_accelerator_0/inst/ntt_axi_accelerator_v1_0_S00_AXI_inst/p_0_in                                                                    |                3 |              8 |
|  design_1_i/processing_system7_0/inst/FCLK_CLK0 | design_1_i/ntt_axi_accelerator_0/inst/ntt_axi_accelerator_v1_0_S00_AXI_inst/slv_reg[225][7]_i_1_n_0                                                            | design_1_i/ntt_axi_accelerator_0/inst/ntt_axi_accelerator_v1_0_S00_AXI_inst/p_0_in                                                                    |                2 |              8 |
|  design_1_i/processing_system7_0/inst/FCLK_CLK0 | design_1_i/ntt_axi_accelerator_0/inst/ntt_axi_accelerator_v1_0_S00_AXI_inst/slv_reg[227][7]_i_1_n_0                                                            | design_1_i/ntt_axi_accelerator_0/inst/ntt_axi_accelerator_v1_0_S00_AXI_inst/p_0_in                                                                    |                4 |              8 |
|  design_1_i/processing_system7_0/inst/FCLK_CLK0 | design_1_i/ntt_axi_accelerator_0/inst/ntt_axi_accelerator_v1_0_S00_AXI_inst/slv_reg[227][23]_i_1_n_0                                                           | design_1_i/ntt_axi_accelerator_0/inst/ntt_axi_accelerator_v1_0_S00_AXI_inst/p_0_in                                                                    |                2 |              8 |
|  design_1_i/processing_system7_0/inst/FCLK_CLK0 | design_1_i/ntt_axi_accelerator_0/inst/ntt_axi_accelerator_v1_0_S00_AXI_inst/slv_reg[226][7]_i_1_n_0                                                            | design_1_i/ntt_axi_accelerator_0/inst/ntt_axi_accelerator_v1_0_S00_AXI_inst/p_0_in                                                                    |                2 |              8 |
|  design_1_i/processing_system7_0/inst/FCLK_CLK0 | design_1_i/ntt_axi_accelerator_0/inst/ntt_axi_accelerator_v1_0_S00_AXI_inst/slv_reg[228][15]_i_1_n_0                                                           | design_1_i/ntt_axi_accelerator_0/inst/ntt_axi_accelerator_v1_0_S00_AXI_inst/p_0_in                                                                    |                2 |              8 |
|  design_1_i/processing_system7_0/inst/FCLK_CLK0 | design_1_i/ntt_axi_accelerator_0/inst/ntt_axi_accelerator_v1_0_S00_AXI_inst/slv_reg[21][31]_i_1_n_0                                                            | design_1_i/ntt_axi_accelerator_0/inst/ntt_axi_accelerator_v1_0_S00_AXI_inst/p_0_in                                                                    |                4 |              8 |
|  design_1_i/processing_system7_0/inst/FCLK_CLK0 | design_1_i/ntt_axi_accelerator_0/inst/ntt_axi_accelerator_v1_0_S00_AXI_inst/slv_reg[219][31]_i_1_n_0                                                           | design_1_i/ntt_axi_accelerator_0/inst/ntt_axi_accelerator_v1_0_S00_AXI_inst/p_0_in                                                                    |                2 |              8 |
|  design_1_i/processing_system7_0/inst/FCLK_CLK0 | design_1_i/ntt_axi_accelerator_0/inst/ntt_axi_accelerator_v1_0_S00_AXI_inst/slv_reg[21][23]_i_1_n_0                                                            | design_1_i/ntt_axi_accelerator_0/inst/ntt_axi_accelerator_v1_0_S00_AXI_inst/p_0_in                                                                    |                3 |              8 |
|  design_1_i/processing_system7_0/inst/FCLK_CLK0 | design_1_i/ntt_axi_accelerator_0/inst/ntt_axi_accelerator_v1_0_S00_AXI_inst/slv_reg[222][23]_i_1_n_0                                                           | design_1_i/ntt_axi_accelerator_0/inst/ntt_axi_accelerator_v1_0_S00_AXI_inst/p_0_in                                                                    |                2 |              8 |
|  design_1_i/processing_system7_0/inst/FCLK_CLK0 | design_1_i/ntt_axi_accelerator_0/inst/ntt_axi_accelerator_v1_0_S00_AXI_inst/slv_reg[217][31]_i_1_n_0                                                           | design_1_i/ntt_axi_accelerator_0/inst/ntt_axi_accelerator_v1_0_S00_AXI_inst/p_0_in                                                                    |                1 |              8 |
|  design_1_i/processing_system7_0/inst/FCLK_CLK0 | design_1_i/ntt_axi_accelerator_0/inst/ntt_axi_accelerator_v1_0_S00_AXI_inst/slv_reg[224][15]_i_1_n_0                                                           | design_1_i/ntt_axi_accelerator_0/inst/ntt_axi_accelerator_v1_0_S00_AXI_inst/p_0_in                                                                    |                3 |              8 |
|  design_1_i/processing_system7_0/inst/FCLK_CLK0 | design_1_i/ntt_axi_accelerator_0/inst/ntt_axi_accelerator_v1_0_S00_AXI_inst/slv_reg[222][7]_i_1_n_0                                                            | design_1_i/ntt_axi_accelerator_0/inst/ntt_axi_accelerator_v1_0_S00_AXI_inst/p_0_in                                                                    |                3 |              8 |
|  design_1_i/processing_system7_0/inst/FCLK_CLK0 | design_1_i/ntt_axi_accelerator_0/inst/ntt_axi_accelerator_v1_0_S00_AXI_inst/slv_reg[224][7]_i_1_n_0                                                            | design_1_i/ntt_axi_accelerator_0/inst/ntt_axi_accelerator_v1_0_S00_AXI_inst/p_0_in                                                                    |                5 |              8 |
|  design_1_i/processing_system7_0/inst/FCLK_CLK0 | design_1_i/ntt_axi_accelerator_0/inst/ntt_axi_accelerator_v1_0_S00_AXI_inst/slv_reg[225][15]_i_1_n_0                                                           | design_1_i/ntt_axi_accelerator_0/inst/ntt_axi_accelerator_v1_0_S00_AXI_inst/p_0_in                                                                    |                3 |              8 |
|  design_1_i/processing_system7_0/inst/FCLK_CLK0 | design_1_i/ntt_axi_accelerator_0/inst/ntt_axi_accelerator_v1_0_S00_AXI_inst/slv_reg[218][7]_i_1_n_0                                                            | design_1_i/ntt_axi_accelerator_0/inst/ntt_axi_accelerator_v1_0_S00_AXI_inst/p_0_in                                                                    |                4 |              8 |
|  design_1_i/processing_system7_0/inst/FCLK_CLK0 | design_1_i/ntt_axi_accelerator_0/inst/ntt_axi_accelerator_v1_0_S00_AXI_inst/slv_reg[225][23]_i_1_n_0                                                           | design_1_i/ntt_axi_accelerator_0/inst/ntt_axi_accelerator_v1_0_S00_AXI_inst/p_0_in                                                                    |                1 |              8 |
|  design_1_i/processing_system7_0/inst/FCLK_CLK0 | design_1_i/ntt_axi_accelerator_0/inst/ntt_axi_accelerator_v1_0_S00_AXI_inst/slv_reg[226][31]_i_1_n_0                                                           | design_1_i/ntt_axi_accelerator_0/inst/ntt_axi_accelerator_v1_0_S00_AXI_inst/p_0_in                                                                    |                4 |              8 |
|  design_1_i/processing_system7_0/inst/FCLK_CLK0 | design_1_i/ntt_axi_accelerator_0/inst/ntt_axi_accelerator_v1_0_S00_AXI_inst/slv_reg[226][23]_i_1_n_0                                                           | design_1_i/ntt_axi_accelerator_0/inst/ntt_axi_accelerator_v1_0_S00_AXI_inst/p_0_in                                                                    |                2 |              8 |
|  design_1_i/processing_system7_0/inst/FCLK_CLK0 | design_1_i/ntt_axi_accelerator_0/inst/ntt_axi_accelerator_v1_0_S00_AXI_inst/slv_reg[228][31]_i_1_n_0                                                           | design_1_i/ntt_axi_accelerator_0/inst/ntt_axi_accelerator_v1_0_S00_AXI_inst/p_0_in                                                                    |                4 |              8 |
|  design_1_i/processing_system7_0/inst/FCLK_CLK0 | design_1_i/ntt_axi_accelerator_0/inst/ntt_axi_accelerator_v1_0_S00_AXI_inst/slv_reg[228][7]_i_1_n_0                                                            | design_1_i/ntt_axi_accelerator_0/inst/ntt_axi_accelerator_v1_0_S00_AXI_inst/p_0_in                                                                    |                4 |              8 |
|  design_1_i/processing_system7_0/inst/FCLK_CLK0 | design_1_i/ntt_axi_accelerator_0/inst/ntt_axi_accelerator_v1_0_S00_AXI_inst/slv_reg[229][15]_i_1_n_0                                                           | design_1_i/ntt_axi_accelerator_0/inst/ntt_axi_accelerator_v1_0_S00_AXI_inst/p_0_in                                                                    |                2 |              8 |
|  design_1_i/processing_system7_0/inst/FCLK_CLK0 | design_1_i/ntt_axi_accelerator_0/inst/ntt_axi_accelerator_v1_0_S00_AXI_inst/slv_reg[229][31]_i_1_n_0                                                           | design_1_i/ntt_axi_accelerator_0/inst/ntt_axi_accelerator_v1_0_S00_AXI_inst/p_0_in                                                                    |                4 |              8 |
|  design_1_i/processing_system7_0/inst/FCLK_CLK0 | design_1_i/ntt_axi_accelerator_0/inst/ntt_axi_accelerator_v1_0_S00_AXI_inst/slv_reg[22][15]_i_1_n_0                                                            | design_1_i/ntt_axi_accelerator_0/inst/ntt_axi_accelerator_v1_0_S00_AXI_inst/p_0_in                                                                    |                4 |              8 |
|  design_1_i/processing_system7_0/inst/FCLK_CLK0 | design_1_i/ntt_axi_accelerator_0/inst/ntt_axi_accelerator_v1_0_S00_AXI_inst/slv_reg[226][15]_i_1_n_0                                                           | design_1_i/ntt_axi_accelerator_0/inst/ntt_axi_accelerator_v1_0_S00_AXI_inst/p_0_in                                                                    |                2 |              8 |
|  design_1_i/processing_system7_0/inst/FCLK_CLK0 | design_1_i/ntt_axi_accelerator_0/inst/ntt_axi_accelerator_v1_0_S00_AXI_inst/slv_reg[218][31]_i_1_n_0                                                           | design_1_i/ntt_axi_accelerator_0/inst/ntt_axi_accelerator_v1_0_S00_AXI_inst/p_0_in                                                                    |                4 |              8 |
|  design_1_i/processing_system7_0/inst/FCLK_CLK0 | design_1_i/ntt_axi_accelerator_0/inst/ntt_axi_accelerator_v1_0_S00_AXI_inst/slv_reg[229][23]_i_1_n_0                                                           | design_1_i/ntt_axi_accelerator_0/inst/ntt_axi_accelerator_v1_0_S00_AXI_inst/p_0_in                                                                    |                2 |              8 |
|  design_1_i/processing_system7_0/inst/FCLK_CLK0 | design_1_i/ntt_axi_accelerator_0/inst/ntt_axi_accelerator_v1_0_S00_AXI_inst/slv_reg[220][23]_i_1_n_0                                                           | design_1_i/ntt_axi_accelerator_0/inst/ntt_axi_accelerator_v1_0_S00_AXI_inst/p_0_in                                                                    |                3 |              8 |
|  design_1_i/processing_system7_0/inst/FCLK_CLK0 | design_1_i/ntt_axi_accelerator_0/inst/ntt_axi_accelerator_v1_0_S00_AXI_inst/slv_reg[217][23]_i_1_n_0                                                           | design_1_i/ntt_axi_accelerator_0/inst/ntt_axi_accelerator_v1_0_S00_AXI_inst/p_0_in                                                                    |                3 |              8 |
|  design_1_i/processing_system7_0/inst/FCLK_CLK0 | design_1_i/ntt_axi_accelerator_0/inst/ntt_axi_accelerator_v1_0_S00_AXI_inst/slv_reg[216][7]_i_1_n_0                                                            | design_1_i/ntt_axi_accelerator_0/inst/ntt_axi_accelerator_v1_0_S00_AXI_inst/p_0_in                                                                    |                4 |              8 |
|  design_1_i/processing_system7_0/inst/FCLK_CLK0 | design_1_i/ntt_axi_accelerator_0/inst/ntt_axi_accelerator_v1_0_S00_AXI_inst/slv_reg[223][31]_i_1_n_0                                                           | design_1_i/ntt_axi_accelerator_0/inst/ntt_axi_accelerator_v1_0_S00_AXI_inst/p_0_in                                                                    |                3 |              8 |
|  design_1_i/processing_system7_0/inst/FCLK_CLK0 | design_1_i/ntt_axi_accelerator_0/inst/ntt_axi_accelerator_v1_0_S00_AXI_inst/slv_reg[224][23]_i_1_n_0                                                           | design_1_i/ntt_axi_accelerator_0/inst/ntt_axi_accelerator_v1_0_S00_AXI_inst/p_0_in                                                                    |                4 |              8 |
|  design_1_i/processing_system7_0/inst/FCLK_CLK0 | design_1_i/ntt_axi_accelerator_0/inst/ntt_axi_accelerator_v1_0_S00_AXI_inst/slv_reg[217][7]_i_1_n_0                                                            | design_1_i/ntt_axi_accelerator_0/inst/ntt_axi_accelerator_v1_0_S00_AXI_inst/p_0_in                                                                    |                2 |              8 |
|  design_1_i/processing_system7_0/inst/FCLK_CLK0 | design_1_i/ntt_axi_accelerator_0/inst/ntt_axi_accelerator_v1_0_S00_AXI_inst/slv_reg[220][31]_i_1_n_0                                                           | design_1_i/ntt_axi_accelerator_0/inst/ntt_axi_accelerator_v1_0_S00_AXI_inst/p_0_in                                                                    |                3 |              8 |
|  design_1_i/processing_system7_0/inst/FCLK_CLK0 | design_1_i/ntt_axi_accelerator_0/inst/ntt_axi_accelerator_v1_0_S00_AXI_inst/slv_reg[223][23]_i_1_n_0                                                           | design_1_i/ntt_axi_accelerator_0/inst/ntt_axi_accelerator_v1_0_S00_AXI_inst/p_0_in                                                                    |                2 |              8 |
|  design_1_i/processing_system7_0/inst/FCLK_CLK0 | design_1_i/ntt_axi_accelerator_0/inst/ntt_axi_accelerator_v1_0_S00_AXI_inst/slv_reg[227][15]_i_1_n_0                                                           | design_1_i/ntt_axi_accelerator_0/inst/ntt_axi_accelerator_v1_0_S00_AXI_inst/p_0_in                                                                    |                1 |              8 |
|  design_1_i/processing_system7_0/inst/FCLK_CLK0 | design_1_i/ntt_axi_accelerator_0/inst/ntt_axi_accelerator_v1_0_S00_AXI_inst/slv_reg[217][15]_i_1_n_0                                                           | design_1_i/ntt_axi_accelerator_0/inst/ntt_axi_accelerator_v1_0_S00_AXI_inst/p_0_in                                                                    |                2 |              8 |
|  design_1_i/processing_system7_0/inst/FCLK_CLK0 | design_1_i/ntt_axi_accelerator_0/inst/ntt_axi_accelerator_v1_0_S00_AXI_inst/slv_reg[228][23]_i_1_n_0                                                           | design_1_i/ntt_axi_accelerator_0/inst/ntt_axi_accelerator_v1_0_S00_AXI_inst/p_0_in                                                                    |                4 |              8 |
|  design_1_i/processing_system7_0/inst/FCLK_CLK0 | design_1_i/ntt_axi_accelerator_0/inst/ntt_axi_accelerator_v1_0_S00_AXI_inst/slv_reg[21][7]_i_1_n_0                                                             | design_1_i/ntt_axi_accelerator_0/inst/ntt_axi_accelerator_v1_0_S00_AXI_inst/p_0_in                                                                    |                2 |              8 |
|  design_1_i/processing_system7_0/inst/FCLK_CLK0 | design_1_i/ntt_axi_accelerator_0/inst/ntt_axi_accelerator_v1_0_S00_AXI_inst/slv_reg[229][7]_i_1_n_0                                                            | design_1_i/ntt_axi_accelerator_0/inst/ntt_axi_accelerator_v1_0_S00_AXI_inst/p_0_in                                                                    |                3 |              8 |
|  design_1_i/processing_system7_0/inst/FCLK_CLK0 | design_1_i/ntt_axi_accelerator_0/inst/ntt_axi_accelerator_v1_0_S00_AXI_inst/slv_reg[22][23]_i_1_n_0                                                            | design_1_i/ntt_axi_accelerator_0/inst/ntt_axi_accelerator_v1_0_S00_AXI_inst/p_0_in                                                                    |                3 |              8 |
|  design_1_i/processing_system7_0/inst/FCLK_CLK0 | design_1_i/ntt_axi_accelerator_0/inst/ntt_axi_accelerator_v1_0_S00_AXI_inst/slv_reg[22][31]_i_1_n_0                                                            | design_1_i/ntt_axi_accelerator_0/inst/ntt_axi_accelerator_v1_0_S00_AXI_inst/p_0_in                                                                    |                4 |              8 |
|  design_1_i/processing_system7_0/inst/FCLK_CLK0 | design_1_i/ntt_axi_accelerator_0/inst/ntt_axi_accelerator_v1_0_S00_AXI_inst/slv_reg[216][31]_i_1_n_0                                                           | design_1_i/ntt_axi_accelerator_0/inst/ntt_axi_accelerator_v1_0_S00_AXI_inst/p_0_in                                                                    |                3 |              8 |
|  design_1_i/processing_system7_0/inst/FCLK_CLK0 | design_1_i/ntt_axi_accelerator_0/inst/ntt_axi_accelerator_v1_0_S00_AXI_inst/slv_reg[218][15]_i_1_n_0                                                           | design_1_i/ntt_axi_accelerator_0/inst/ntt_axi_accelerator_v1_0_S00_AXI_inst/p_0_in                                                                    |                2 |              8 |
|  design_1_i/processing_system7_0/inst/FCLK_CLK0 | design_1_i/ntt_axi_accelerator_0/inst/ntt_axi_accelerator_v1_0_S00_AXI_inst/slv_reg[219][7]_i_1_n_0                                                            | design_1_i/ntt_axi_accelerator_0/inst/ntt_axi_accelerator_v1_0_S00_AXI_inst/p_0_in                                                                    |                2 |              8 |
|  design_1_i/processing_system7_0/inst/FCLK_CLK0 | design_1_i/ntt_axi_accelerator_0/inst/ntt_axi_accelerator_v1_0_S00_AXI_inst/slv_reg[220][7]_i_1_n_0                                                            | design_1_i/ntt_axi_accelerator_0/inst/ntt_axi_accelerator_v1_0_S00_AXI_inst/p_0_in                                                                    |                3 |              8 |
|  design_1_i/processing_system7_0/inst/FCLK_CLK0 | design_1_i/ntt_axi_accelerator_0/inst/ntt_axi_accelerator_v1_0_S00_AXI_inst/slv_reg[220][15]_i_1_n_0                                                           | design_1_i/ntt_axi_accelerator_0/inst/ntt_axi_accelerator_v1_0_S00_AXI_inst/p_0_in                                                                    |                2 |              8 |
|  design_1_i/processing_system7_0/inst/FCLK_CLK0 | design_1_i/ntt_axi_accelerator_0/inst/ntt_axi_accelerator_v1_0_S00_AXI_inst/slv_reg[221][23]_i_1_n_0                                                           | design_1_i/ntt_axi_accelerator_0/inst/ntt_axi_accelerator_v1_0_S00_AXI_inst/p_0_in                                                                    |                4 |              8 |
|  design_1_i/processing_system7_0/inst/FCLK_CLK0 | design_1_i/ntt_axi_accelerator_0/inst/ntt_axi_accelerator_v1_0_S00_AXI_inst/slv_reg[222][15]_i_1_n_0                                                           | design_1_i/ntt_axi_accelerator_0/inst/ntt_axi_accelerator_v1_0_S00_AXI_inst/p_0_in                                                                    |                3 |              8 |
|  design_1_i/processing_system7_0/inst/FCLK_CLK0 | design_1_i/ntt_axi_accelerator_0/inst/ntt_axi_accelerator_v1_0_S00_AXI_inst/slv_reg[224][31]_i_1_n_0                                                           | design_1_i/ntt_axi_accelerator_0/inst/ntt_axi_accelerator_v1_0_S00_AXI_inst/p_0_in                                                                    |                3 |              8 |
|  design_1_i/processing_system7_0/inst/FCLK_CLK0 | design_1_i/ntt_axi_accelerator_0/inst/ntt_axi_accelerator_v1_0_S00_AXI_inst/slv_reg[221][7]_i_1_n_0                                                            | design_1_i/ntt_axi_accelerator_0/inst/ntt_axi_accelerator_v1_0_S00_AXI_inst/p_0_in                                                                    |                3 |              8 |
|  design_1_i/processing_system7_0/inst/FCLK_CLK0 | design_1_i/ntt_axi_accelerator_0/inst/ntt_axi_accelerator_v1_0_S00_AXI_inst/slv_reg[223][15]_i_1_n_0                                                           | design_1_i/ntt_axi_accelerator_0/inst/ntt_axi_accelerator_v1_0_S00_AXI_inst/p_0_in                                                                    |                3 |              8 |
|  design_1_i/processing_system7_0/inst/FCLK_CLK0 | design_1_i/ntt_axi_accelerator_0/inst/ntt_axi_accelerator_v1_0_S00_AXI_inst/slv_reg[227][31]_i_1_n_0                                                           | design_1_i/ntt_axi_accelerator_0/inst/ntt_axi_accelerator_v1_0_S00_AXI_inst/p_0_in                                                                    |                2 |              8 |
|  design_1_i/processing_system7_0/inst/FCLK_CLK0 | design_1_i/ntt_axi_accelerator_0/inst/ntt_axi_accelerator_v1_0_S00_AXI_inst/slv_reg[225][31]_i_1_n_0                                                           | design_1_i/ntt_axi_accelerator_0/inst/ntt_axi_accelerator_v1_0_S00_AXI_inst/p_0_in                                                                    |                1 |              8 |
|  design_1_i/processing_system7_0/inst/FCLK_CLK0 | design_1_i/ntt_axi_accelerator_0/inst/ntt_axi_accelerator_v1_0_S00_AXI_inst/slv_reg[222][31]_i_1_n_0                                                           | design_1_i/ntt_axi_accelerator_0/inst/ntt_axi_accelerator_v1_0_S00_AXI_inst/p_0_in                                                                    |                3 |              8 |
|  design_1_i/processing_system7_0/inst/FCLK_CLK0 | design_1_i/ntt_axi_accelerator_0/inst/ntt_axi_accelerator_v1_0_S00_AXI_inst/slv_reg[218][23]_i_1_n_0                                                           | design_1_i/ntt_axi_accelerator_0/inst/ntt_axi_accelerator_v1_0_S00_AXI_inst/p_0_in                                                                    |                2 |              8 |
|  design_1_i/processing_system7_0/inst/FCLK_CLK0 | design_1_i/ntt_axi_accelerator_0/inst/ntt_axi_accelerator_v1_0_S00_AXI_inst/slv_reg[219][15]_i_1_n_0                                                           | design_1_i/ntt_axi_accelerator_0/inst/ntt_axi_accelerator_v1_0_S00_AXI_inst/p_0_in                                                                    |                3 |              8 |
|  design_1_i/processing_system7_0/inst/FCLK_CLK0 | design_1_i/ntt_axi_accelerator_0/inst/ntt_axi_accelerator_v1_0_S00_AXI_inst/slv_reg[219][23]_i_1_n_0                                                           | design_1_i/ntt_axi_accelerator_0/inst/ntt_axi_accelerator_v1_0_S00_AXI_inst/p_0_in                                                                    |                2 |              8 |
|  design_1_i/processing_system7_0/inst/FCLK_CLK0 | design_1_i/ntt_axi_accelerator_0/inst/ntt_axi_accelerator_v1_0_S00_AXI_inst/slv_reg[221][31]_i_1_n_0                                                           | design_1_i/ntt_axi_accelerator_0/inst/ntt_axi_accelerator_v1_0_S00_AXI_inst/p_0_in                                                                    |                3 |              8 |
|  design_1_i/processing_system7_0/inst/FCLK_CLK0 | design_1_i/ntt_axi_accelerator_0/inst/ntt_axi_accelerator_v1_0_S00_AXI_inst/slv_reg[221][15]_i_1_n_0                                                           | design_1_i/ntt_axi_accelerator_0/inst/ntt_axi_accelerator_v1_0_S00_AXI_inst/p_0_in                                                                    |                1 |              8 |
|  design_1_i/processing_system7_0/inst/FCLK_CLK0 | design_1_i/ntt_axi_accelerator_0/inst/ntt_axi_accelerator_v1_0_S00_AXI_inst/slv_reg[223][7]_i_1_n_0                                                            | design_1_i/ntt_axi_accelerator_0/inst/ntt_axi_accelerator_v1_0_S00_AXI_inst/p_0_in                                                                    |                3 |              8 |
|  design_1_i/processing_system7_0/inst/FCLK_CLK0 | design_1_i/ntt_axi_accelerator_0/inst/ntt_axi_accelerator_v1_0_S00_AXI_inst/slv_reg[237][7]_i_1_n_0                                                            | design_1_i/ntt_axi_accelerator_0/inst/ntt_axi_accelerator_v1_0_S00_AXI_inst/p_0_in                                                                    |                1 |              8 |
|  design_1_i/processing_system7_0/inst/FCLK_CLK0 | design_1_i/ntt_axi_accelerator_0/inst/ntt_axi_accelerator_v1_0_S00_AXI_inst/slv_reg[231][31]_i_1_n_0                                                           | design_1_i/ntt_axi_accelerator_0/inst/ntt_axi_accelerator_v1_0_S00_AXI_inst/p_0_in                                                                    |                2 |              8 |
|  design_1_i/processing_system7_0/inst/FCLK_CLK0 | design_1_i/ntt_axi_accelerator_0/inst/ntt_axi_accelerator_v1_0_S00_AXI_inst/slv_reg[242][15]_i_1_n_0                                                           | design_1_i/ntt_axi_accelerator_0/inst/ntt_axi_accelerator_v1_0_S00_AXI_inst/p_0_in                                                                    |                2 |              8 |
|  design_1_i/processing_system7_0/inst/FCLK_CLK0 | design_1_i/ntt_axi_accelerator_0/inst/ntt_axi_accelerator_v1_0_S00_AXI_inst/slv_reg[230][23]_i_1_n_0                                                           | design_1_i/ntt_axi_accelerator_0/inst/ntt_axi_accelerator_v1_0_S00_AXI_inst/p_0_in                                                                    |                2 |              8 |
|  design_1_i/processing_system7_0/inst/FCLK_CLK0 | design_1_i/ntt_axi_accelerator_0/inst/ntt_axi_accelerator_v1_0_S00_AXI_inst/slv_reg[232][23]_i_1_n_0                                                           | design_1_i/ntt_axi_accelerator_0/inst/ntt_axi_accelerator_v1_0_S00_AXI_inst/p_0_in                                                                    |                3 |              8 |
|  design_1_i/processing_system7_0/inst/FCLK_CLK0 | design_1_i/ntt_axi_accelerator_0/inst/ntt_axi_accelerator_v1_0_S00_AXI_inst/slv_reg[233][23]_i_1_n_0                                                           | design_1_i/ntt_axi_accelerator_0/inst/ntt_axi_accelerator_v1_0_S00_AXI_inst/p_0_in                                                                    |                2 |              8 |
|  design_1_i/processing_system7_0/inst/FCLK_CLK0 | design_1_i/ntt_axi_accelerator_0/inst/ntt_axi_accelerator_v1_0_S00_AXI_inst/slv_reg[234][7]_i_1_n_0                                                            | design_1_i/ntt_axi_accelerator_0/inst/ntt_axi_accelerator_v1_0_S00_AXI_inst/p_0_in                                                                    |                2 |              8 |
|  design_1_i/processing_system7_0/inst/FCLK_CLK0 | design_1_i/ntt_axi_accelerator_0/inst/ntt_axi_accelerator_v1_0_S00_AXI_inst/slv_reg[235][15]_i_1_n_0                                                           | design_1_i/ntt_axi_accelerator_0/inst/ntt_axi_accelerator_v1_0_S00_AXI_inst/p_0_in                                                                    |                2 |              8 |
|  design_1_i/processing_system7_0/inst/FCLK_CLK0 | design_1_i/ntt_axi_accelerator_0/inst/ntt_axi_accelerator_v1_0_S00_AXI_inst/slv_reg[238][31]_i_1_n_0                                                           | design_1_i/ntt_axi_accelerator_0/inst/ntt_axi_accelerator_v1_0_S00_AXI_inst/p_0_in                                                                    |                2 |              8 |
|  design_1_i/processing_system7_0/inst/FCLK_CLK0 | design_1_i/ntt_axi_accelerator_0/inst/ntt_axi_accelerator_v1_0_S00_AXI_inst/slv_reg[242][31]_i_1_n_0                                                           | design_1_i/ntt_axi_accelerator_0/inst/ntt_axi_accelerator_v1_0_S00_AXI_inst/p_0_in                                                                    |                2 |              8 |
|  design_1_i/processing_system7_0/inst/FCLK_CLK0 | design_1_i/ntt_axi_accelerator_0/inst/ntt_axi_accelerator_v1_0_S00_AXI_inst/slv_reg[236][7]_i_1_n_0                                                            | design_1_i/ntt_axi_accelerator_0/inst/ntt_axi_accelerator_v1_0_S00_AXI_inst/p_0_in                                                                    |                4 |              8 |
|  design_1_i/processing_system7_0/inst/FCLK_CLK0 | design_1_i/ntt_axi_accelerator_0/inst/ntt_axi_accelerator_v1_0_S00_AXI_inst/slv_reg[23][23]_i_1_n_0                                                            | design_1_i/ntt_axi_accelerator_0/inst/ntt_axi_accelerator_v1_0_S00_AXI_inst/p_0_in                                                                    |                2 |              8 |
|  design_1_i/processing_system7_0/inst/FCLK_CLK0 | design_1_i/ntt_axi_accelerator_0/inst/ntt_axi_accelerator_v1_0_S00_AXI_inst/slv_reg[23][15]_i_1_n_0                                                            | design_1_i/ntt_axi_accelerator_0/inst/ntt_axi_accelerator_v1_0_S00_AXI_inst/p_0_in                                                                    |                3 |              8 |
|  design_1_i/processing_system7_0/inst/FCLK_CLK0 | design_1_i/ntt_axi_accelerator_0/inst/ntt_axi_accelerator_v1_0_S00_AXI_inst/slv_reg[215][15]_i_1_n_0                                                           | design_1_i/ntt_axi_accelerator_0/inst/ntt_axi_accelerator_v1_0_S00_AXI_inst/p_0_in                                                                    |                4 |              8 |
|  design_1_i/processing_system7_0/inst/FCLK_CLK0 | design_1_i/ntt_axi_accelerator_0/inst/ntt_axi_accelerator_v1_0_S00_AXI_inst/slv_reg[234][23]_i_1_n_0                                                           | design_1_i/ntt_axi_accelerator_0/inst/ntt_axi_accelerator_v1_0_S00_AXI_inst/p_0_in                                                                    |                1 |              8 |
|  design_1_i/processing_system7_0/inst/FCLK_CLK0 | design_1_i/ntt_axi_accelerator_0/inst/ntt_axi_accelerator_v1_0_S00_AXI_inst/slv_reg[235][7]_i_1_n_0                                                            | design_1_i/ntt_axi_accelerator_0/inst/ntt_axi_accelerator_v1_0_S00_AXI_inst/p_0_in                                                                    |                3 |              8 |
|  design_1_i/processing_system7_0/inst/FCLK_CLK0 | design_1_i/ntt_axi_accelerator_0/inst/ntt_axi_accelerator_v1_0_S00_AXI_inst/slv_reg[236][15]_i_1_n_0                                                           | design_1_i/ntt_axi_accelerator_0/inst/ntt_axi_accelerator_v1_0_S00_AXI_inst/p_0_in                                                                    |                2 |              8 |
|  design_1_i/processing_system7_0/inst/FCLK_CLK0 | design_1_i/ntt_axi_accelerator_0/inst/ntt_axi_accelerator_v1_0_S00_AXI_inst/slv_reg[232][31]_i_1_n_0                                                           | design_1_i/ntt_axi_accelerator_0/inst/ntt_axi_accelerator_v1_0_S00_AXI_inst/p_0_in                                                                    |                2 |              8 |
|  design_1_i/processing_system7_0/inst/FCLK_CLK0 | design_1_i/ntt_axi_accelerator_0/inst/ntt_axi_accelerator_v1_0_S00_AXI_inst/slv_reg[239][7]_i_1_n_0                                                            | design_1_i/ntt_axi_accelerator_0/inst/ntt_axi_accelerator_v1_0_S00_AXI_inst/p_0_in                                                                    |                2 |              8 |
|  design_1_i/processing_system7_0/inst/FCLK_CLK0 | design_1_i/ntt_axi_accelerator_0/inst/ntt_axi_accelerator_v1_0_S00_AXI_inst/slv_reg[233][7]_i_1_n_0                                                            | design_1_i/ntt_axi_accelerator_0/inst/ntt_axi_accelerator_v1_0_S00_AXI_inst/p_0_in                                                                    |                1 |              8 |
|  design_1_i/processing_system7_0/inst/FCLK_CLK0 | design_1_i/ntt_axi_accelerator_0/inst/ntt_axi_accelerator_v1_0_S00_AXI_inst/slv_reg[234][31]_i_1_n_0                                                           | design_1_i/ntt_axi_accelerator_0/inst/ntt_axi_accelerator_v1_0_S00_AXI_inst/p_0_in                                                                    |                3 |              8 |
|  design_1_i/processing_system7_0/inst/FCLK_CLK0 | design_1_i/ntt_axi_accelerator_0/inst/ntt_axi_accelerator_v1_0_S00_AXI_inst/slv_reg[230][31]_i_1_n_0                                                           | design_1_i/ntt_axi_accelerator_0/inst/ntt_axi_accelerator_v1_0_S00_AXI_inst/p_0_in                                                                    |                4 |              8 |
|  design_1_i/processing_system7_0/inst/FCLK_CLK0 | design_1_i/ntt_axi_accelerator_0/inst/ntt_axi_accelerator_v1_0_S00_AXI_inst/slv_reg[22][7]_i_1_n_0                                                             | design_1_i/ntt_axi_accelerator_0/inst/ntt_axi_accelerator_v1_0_S00_AXI_inst/p_0_in                                                                    |                5 |              8 |
|  design_1_i/processing_system7_0/inst/FCLK_CLK0 | design_1_i/ntt_axi_accelerator_0/inst/ntt_axi_accelerator_v1_0_S00_AXI_inst/slv_reg[241][7]_i_1_n_0                                                            | design_1_i/ntt_axi_accelerator_0/inst/ntt_axi_accelerator_v1_0_S00_AXI_inst/p_0_in                                                                    |                3 |              8 |
|  design_1_i/processing_system7_0/inst/FCLK_CLK0 | design_1_i/ntt_axi_accelerator_0/inst/ntt_axi_accelerator_v1_0_S00_AXI_inst/slv_reg[242][23]_i_1_n_0                                                           | design_1_i/ntt_axi_accelerator_0/inst/ntt_axi_accelerator_v1_0_S00_AXI_inst/p_0_in                                                                    |                2 |              8 |
|  design_1_i/processing_system7_0/inst/FCLK_CLK0 | design_1_i/ntt_axi_accelerator_0/inst/ntt_axi_accelerator_v1_0_S00_AXI_inst/slv_reg[240][23]_i_1_n_0                                                           | design_1_i/ntt_axi_accelerator_0/inst/ntt_axi_accelerator_v1_0_S00_AXI_inst/p_0_in                                                                    |                2 |              8 |
|  design_1_i/processing_system7_0/inst/FCLK_CLK0 | design_1_i/ntt_axi_accelerator_0/inst/ntt_axi_accelerator_v1_0_S00_AXI_inst/slv_reg[230][7]_i_1_n_0                                                            | design_1_i/ntt_axi_accelerator_0/inst/ntt_axi_accelerator_v1_0_S00_AXI_inst/p_0_in                                                                    |                3 |              8 |
|  design_1_i/processing_system7_0/inst/FCLK_CLK0 | design_1_i/ntt_axi_accelerator_0/inst/ntt_axi_accelerator_v1_0_S00_AXI_inst/slv_reg[235][31]_i_1_n_0                                                           | design_1_i/ntt_axi_accelerator_0/inst/ntt_axi_accelerator_v1_0_S00_AXI_inst/p_0_in                                                                    |                2 |              8 |
|  design_1_i/processing_system7_0/inst/FCLK_CLK0 | design_1_i/ntt_axi_accelerator_0/inst/ntt_axi_accelerator_v1_0_S00_AXI_inst/slv_reg[236][31]_i_1_n_0                                                           | design_1_i/ntt_axi_accelerator_0/inst/ntt_axi_accelerator_v1_0_S00_AXI_inst/p_0_in                                                                    |                2 |              8 |
|  design_1_i/processing_system7_0/inst/FCLK_CLK0 | design_1_i/ntt_axi_accelerator_0/inst/ntt_axi_accelerator_v1_0_S00_AXI_inst/slv_reg[237][23]_i_1_n_0                                                           | design_1_i/ntt_axi_accelerator_0/inst/ntt_axi_accelerator_v1_0_S00_AXI_inst/p_0_in                                                                    |                2 |              8 |
|  design_1_i/processing_system7_0/inst/FCLK_CLK0 | design_1_i/ntt_axi_accelerator_0/inst/ntt_axi_accelerator_v1_0_S00_AXI_inst/slv_reg[240][15]_i_1_n_0                                                           | design_1_i/ntt_axi_accelerator_0/inst/ntt_axi_accelerator_v1_0_S00_AXI_inst/p_0_in                                                                    |                3 |              8 |
|  design_1_i/processing_system7_0/inst/FCLK_CLK0 | design_1_i/ntt_axi_accelerator_0/inst/ntt_axi_accelerator_v1_0_S00_AXI_inst/slv_reg[241][23]_i_1_n_0                                                           | design_1_i/ntt_axi_accelerator_0/inst/ntt_axi_accelerator_v1_0_S00_AXI_inst/p_0_in                                                                    |                2 |              8 |
|  design_1_i/processing_system7_0/inst/FCLK_CLK0 | design_1_i/ntt_axi_accelerator_0/inst/ntt_axi_accelerator_v1_0_S00_AXI_inst/slv_reg[242][7]_i_1_n_0                                                            | design_1_i/ntt_axi_accelerator_0/inst/ntt_axi_accelerator_v1_0_S00_AXI_inst/p_0_in                                                                    |                3 |              8 |
|  design_1_i/processing_system7_0/inst/FCLK_CLK0 | design_1_i/ntt_axi_accelerator_0/inst/ntt_axi_accelerator_v1_0_S00_AXI_inst/slv_reg[232][15]_i_1_n_0                                                           | design_1_i/ntt_axi_accelerator_0/inst/ntt_axi_accelerator_v1_0_S00_AXI_inst/p_0_in                                                                    |                2 |              8 |
|  design_1_i/processing_system7_0/inst/FCLK_CLK0 | design_1_i/ntt_axi_accelerator_0/inst/ntt_axi_accelerator_v1_0_S00_AXI_inst/slv_reg[233][15]_i_1_n_0                                                           | design_1_i/ntt_axi_accelerator_0/inst/ntt_axi_accelerator_v1_0_S00_AXI_inst/p_0_in                                                                    |                1 |              8 |
|  design_1_i/processing_system7_0/inst/FCLK_CLK0 | design_1_i/ntt_axi_accelerator_0/inst/ntt_axi_accelerator_v1_0_S00_AXI_inst/slv_reg[237][31]_i_1_n_0                                                           | design_1_i/ntt_axi_accelerator_0/inst/ntt_axi_accelerator_v1_0_S00_AXI_inst/p_0_in                                                                    |                3 |              8 |
|  design_1_i/processing_system7_0/inst/FCLK_CLK0 | design_1_i/ntt_axi_accelerator_0/inst/ntt_axi_accelerator_v1_0_S00_AXI_inst/slv_reg[239][15]_i_1_n_0                                                           | design_1_i/ntt_axi_accelerator_0/inst/ntt_axi_accelerator_v1_0_S00_AXI_inst/p_0_in                                                                    |                2 |              8 |
|  design_1_i/processing_system7_0/inst/FCLK_CLK0 | design_1_i/ntt_axi_accelerator_0/inst/ntt_axi_accelerator_v1_0_S00_AXI_inst/slv_reg[231][15]_i_1_n_0                                                           | design_1_i/ntt_axi_accelerator_0/inst/ntt_axi_accelerator_v1_0_S00_AXI_inst/p_0_in                                                                    |                2 |              8 |
|  design_1_i/processing_system7_0/inst/FCLK_CLK0 | design_1_i/ntt_axi_accelerator_0/inst/ntt_axi_accelerator_v1_0_S00_AXI_inst/slv_reg[231][23]_i_1_n_0                                                           | design_1_i/ntt_axi_accelerator_0/inst/ntt_axi_accelerator_v1_0_S00_AXI_inst/p_0_in                                                                    |                1 |              8 |
|  design_1_i/processing_system7_0/inst/FCLK_CLK0 | design_1_i/ntt_axi_accelerator_0/inst/ntt_axi_accelerator_v1_0_S00_AXI_inst/slv_reg[23][31]_i_1_n_0                                                            | design_1_i/ntt_axi_accelerator_0/inst/ntt_axi_accelerator_v1_0_S00_AXI_inst/p_0_in                                                                    |                4 |              8 |
|  design_1_i/processing_system7_0/inst/FCLK_CLK0 | design_1_i/ntt_axi_accelerator_0/inst/ntt_axi_accelerator_v1_0_S00_AXI_inst/slv_reg[237][15]_i_1_n_0                                                           | design_1_i/ntt_axi_accelerator_0/inst/ntt_axi_accelerator_v1_0_S00_AXI_inst/p_0_in                                                                    |                1 |              8 |
|  design_1_i/processing_system7_0/inst/FCLK_CLK0 | design_1_i/ntt_axi_accelerator_0/inst/ntt_axi_accelerator_v1_0_S00_AXI_inst/slv_reg[230][15]_i_1_n_0                                                           | design_1_i/ntt_axi_accelerator_0/inst/ntt_axi_accelerator_v1_0_S00_AXI_inst/p_0_in                                                                    |                3 |              8 |
|  design_1_i/processing_system7_0/inst/FCLK_CLK0 | design_1_i/ntt_axi_accelerator_0/inst/ntt_axi_accelerator_v1_0_S00_AXI_inst/slv_reg[236][23]_i_1_n_0                                                           | design_1_i/ntt_axi_accelerator_0/inst/ntt_axi_accelerator_v1_0_S00_AXI_inst/p_0_in                                                                    |                4 |              8 |
|  design_1_i/processing_system7_0/inst/FCLK_CLK0 | design_1_i/ntt_axi_accelerator_0/inst/ntt_axi_accelerator_v1_0_S00_AXI_inst/slv_reg[238][15]_i_1_n_0                                                           | design_1_i/ntt_axi_accelerator_0/inst/ntt_axi_accelerator_v1_0_S00_AXI_inst/p_0_in                                                                    |                3 |              8 |
|  design_1_i/processing_system7_0/inst/FCLK_CLK0 | design_1_i/ntt_axi_accelerator_0/inst/ntt_axi_accelerator_v1_0_S00_AXI_inst/slv_reg[232][7]_i_1_n_0                                                            | design_1_i/ntt_axi_accelerator_0/inst/ntt_axi_accelerator_v1_0_S00_AXI_inst/p_0_in                                                                    |                3 |              8 |
|  design_1_i/processing_system7_0/inst/FCLK_CLK0 | design_1_i/ntt_axi_accelerator_0/inst/ntt_axi_accelerator_v1_0_S00_AXI_inst/slv_reg[238][7]_i_1_n_0                                                            | design_1_i/ntt_axi_accelerator_0/inst/ntt_axi_accelerator_v1_0_S00_AXI_inst/p_0_in                                                                    |                1 |              8 |
|  design_1_i/processing_system7_0/inst/FCLK_CLK0 | design_1_i/ntt_axi_accelerator_0/inst/ntt_axi_accelerator_v1_0_S00_AXI_inst/slv_reg[240][7]_i_1_n_0                                                            | design_1_i/ntt_axi_accelerator_0/inst/ntt_axi_accelerator_v1_0_S00_AXI_inst/p_0_in                                                                    |                3 |              8 |
|  design_1_i/processing_system7_0/inst/FCLK_CLK0 | design_1_i/ntt_axi_accelerator_0/inst/ntt_axi_accelerator_v1_0_S00_AXI_inst/slv_reg[233][31]_i_1_n_0                                                           | design_1_i/ntt_axi_accelerator_0/inst/ntt_axi_accelerator_v1_0_S00_AXI_inst/p_0_in                                                                    |                1 |              8 |
|  design_1_i/processing_system7_0/inst/FCLK_CLK0 | design_1_i/ntt_axi_accelerator_0/inst/ntt_axi_accelerator_v1_0_S00_AXI_inst/slv_reg[241][31]_i_1_n_0                                                           | design_1_i/ntt_axi_accelerator_0/inst/ntt_axi_accelerator_v1_0_S00_AXI_inst/p_0_in                                                                    |                2 |              8 |
|  design_1_i/processing_system7_0/inst/FCLK_CLK0 | design_1_i/ntt_axi_accelerator_0/inst/ntt_axi_accelerator_v1_0_S00_AXI_inst/slv_reg[235][23]_i_1_n_0                                                           | design_1_i/ntt_axi_accelerator_0/inst/ntt_axi_accelerator_v1_0_S00_AXI_inst/p_0_in                                                                    |                3 |              8 |
|  design_1_i/processing_system7_0/inst/FCLK_CLK0 | design_1_i/ntt_axi_accelerator_0/inst/ntt_axi_accelerator_v1_0_S00_AXI_inst/slv_reg[241][15]_i_1_n_0                                                           | design_1_i/ntt_axi_accelerator_0/inst/ntt_axi_accelerator_v1_0_S00_AXI_inst/p_0_in                                                                    |                5 |              8 |
|  design_1_i/processing_system7_0/inst/FCLK_CLK0 | design_1_i/ntt_axi_accelerator_0/inst/ntt_axi_accelerator_v1_0_S00_AXI_inst/slv_reg[239][23]_i_1_n_0                                                           | design_1_i/ntt_axi_accelerator_0/inst/ntt_axi_accelerator_v1_0_S00_AXI_inst/p_0_in                                                                    |                2 |              8 |
|  design_1_i/processing_system7_0/inst/FCLK_CLK0 | design_1_i/ntt_axi_accelerator_0/inst/ntt_axi_accelerator_v1_0_S00_AXI_inst/slv_reg[240][31]_i_1_n_0                                                           | design_1_i/ntt_axi_accelerator_0/inst/ntt_axi_accelerator_v1_0_S00_AXI_inst/p_0_in                                                                    |                2 |              8 |
|  design_1_i/processing_system7_0/inst/FCLK_CLK0 | design_1_i/ntt_axi_accelerator_0/inst/ntt_axi_accelerator_v1_0_S00_AXI_inst/slv_reg[234][15]_i_1_n_0                                                           | design_1_i/ntt_axi_accelerator_0/inst/ntt_axi_accelerator_v1_0_S00_AXI_inst/p_0_in                                                                    |                2 |              8 |
|  design_1_i/processing_system7_0/inst/FCLK_CLK0 | design_1_i/ntt_axi_accelerator_0/inst/ntt_axi_accelerator_v1_0_S00_AXI_inst/slv_reg[238][23]_i_1_n_0                                                           | design_1_i/ntt_axi_accelerator_0/inst/ntt_axi_accelerator_v1_0_S00_AXI_inst/p_0_in                                                                    |                3 |              8 |
|  design_1_i/processing_system7_0/inst/FCLK_CLK0 | design_1_i/ntt_axi_accelerator_0/inst/ntt_axi_accelerator_v1_0_S00_AXI_inst/slv_reg[23][7]_i_1_n_0                                                             | design_1_i/ntt_axi_accelerator_0/inst/ntt_axi_accelerator_v1_0_S00_AXI_inst/p_0_in                                                                    |                3 |              8 |
|  design_1_i/processing_system7_0/inst/FCLK_CLK0 | design_1_i/ntt_axi_accelerator_0/inst/ntt_axi_accelerator_v1_0_S00_AXI_inst/slv_reg[239][31]_i_1_n_0                                                           | design_1_i/ntt_axi_accelerator_0/inst/ntt_axi_accelerator_v1_0_S00_AXI_inst/p_0_in                                                                    |                3 |              8 |
|  design_1_i/processing_system7_0/inst/FCLK_CLK0 | design_1_i/ntt_axi_accelerator_0/inst/ntt_axi_accelerator_v1_0_S00_AXI_inst/slv_reg[231][7]_i_1_n_0                                                            | design_1_i/ntt_axi_accelerator_0/inst/ntt_axi_accelerator_v1_0_S00_AXI_inst/p_0_in                                                                    |                2 |              8 |
|  design_1_i/processing_system7_0/inst/FCLK_CLK0 | design_1_i/ntt_axi_accelerator_0/inst/ntt_axi_accelerator_v1_0_S00_AXI_inst/slv_reg[26][23]_i_1_n_0                                                            | design_1_i/ntt_axi_accelerator_0/inst/ntt_axi_accelerator_v1_0_S00_AXI_inst/p_0_in                                                                    |                2 |              8 |
|  design_1_i/processing_system7_0/inst/FCLK_CLK0 | design_1_i/ntt_axi_accelerator_0/inst/ntt_axi_accelerator_v1_0_S00_AXI_inst/slv_reg[255][31]_i_1_n_0                                                           | design_1_i/ntt_axi_accelerator_0/inst/ntt_axi_accelerator_v1_0_S00_AXI_inst/p_0_in                                                                    |                1 |              8 |
|  design_1_i/processing_system7_0/inst/FCLK_CLK0 | design_1_i/ntt_axi_accelerator_0/inst/ntt_axi_accelerator_v1_0_S00_AXI_inst/slv_reg[251][23]_i_1_n_0                                                           | design_1_i/ntt_axi_accelerator_0/inst/ntt_axi_accelerator_v1_0_S00_AXI_inst/p_0_in                                                                    |                4 |              8 |
|  design_1_i/processing_system7_0/inst/FCLK_CLK0 | design_1_i/ntt_axi_accelerator_0/inst/ntt_axi_accelerator_v1_0_S00_AXI_inst/slv_reg[252][7]_i_1_n_0                                                            | design_1_i/ntt_axi_accelerator_0/inst/ntt_axi_accelerator_v1_0_S00_AXI_inst/p_0_in                                                                    |                3 |              8 |
|  design_1_i/processing_system7_0/inst/FCLK_CLK0 | design_1_i/ntt_axi_accelerator_0/inst/ntt_axi_accelerator_v1_0_S00_AXI_inst/slv_reg[255][23]_i_1_n_0                                                           | design_1_i/ntt_axi_accelerator_0/inst/ntt_axi_accelerator_v1_0_S00_AXI_inst/p_0_in                                                                    |                2 |              8 |
|  design_1_i/processing_system7_0/inst/FCLK_CLK0 | design_1_i/ntt_axi_accelerator_0/inst/ntt_axi_accelerator_v1_0_S00_AXI_inst/slv_reg[247][31]_i_1_n_0                                                           | design_1_i/ntt_axi_accelerator_0/inst/ntt_axi_accelerator_v1_0_S00_AXI_inst/p_0_in                                                                    |                3 |              8 |
|  design_1_i/processing_system7_0/inst/FCLK_CLK0 | design_1_i/ntt_axi_accelerator_0/inst/ntt_axi_accelerator_v1_0_S00_AXI_inst/slv_reg[250][15]_i_1_n_0                                                           | design_1_i/ntt_axi_accelerator_0/inst/ntt_axi_accelerator_v1_0_S00_AXI_inst/p_0_in                                                                    |                2 |              8 |
|  design_1_i/processing_system7_0/inst/FCLK_CLK0 | design_1_i/ntt_axi_accelerator_0/inst/ntt_axi_accelerator_v1_0_S00_AXI_inst/slv_reg[244][31]_i_1_n_0                                                           | design_1_i/ntt_axi_accelerator_0/inst/ntt_axi_accelerator_v1_0_S00_AXI_inst/p_0_in                                                                    |                2 |              8 |
|  design_1_i/processing_system7_0/inst/FCLK_CLK0 | design_1_i/ntt_axi_accelerator_0/inst/ntt_axi_accelerator_v1_0_S00_AXI_inst/slv_reg[249][15]_i_1_n_0                                                           | design_1_i/ntt_axi_accelerator_0/inst/ntt_axi_accelerator_v1_0_S00_AXI_inst/p_0_in                                                                    |                3 |              8 |
|  design_1_i/processing_system7_0/inst/FCLK_CLK0 | design_1_i/ntt_axi_accelerator_0/inst/ntt_axi_accelerator_v1_0_S00_AXI_inst/slv_reg[246][31]_i_1_n_0                                                           | design_1_i/ntt_axi_accelerator_0/inst/ntt_axi_accelerator_v1_0_S00_AXI_inst/p_0_in                                                                    |                3 |              8 |
|  design_1_i/processing_system7_0/inst/FCLK_CLK0 | design_1_i/ntt_axi_accelerator_0/inst/ntt_axi_accelerator_v1_0_S00_AXI_inst/slv_reg[248][7]_i_1_n_0                                                            | design_1_i/ntt_axi_accelerator_0/inst/ntt_axi_accelerator_v1_0_S00_AXI_inst/p_0_in                                                                    |                3 |              8 |
|  design_1_i/processing_system7_0/inst/FCLK_CLK0 | design_1_i/ntt_axi_accelerator_0/inst/ntt_axi_accelerator_v1_0_S00_AXI_inst/slv_reg[245][15]_i_1_n_0                                                           | design_1_i/ntt_axi_accelerator_0/inst/ntt_axi_accelerator_v1_0_S00_AXI_inst/p_0_in                                                                    |                3 |              8 |
|  design_1_i/processing_system7_0/inst/FCLK_CLK0 | design_1_i/ntt_axi_accelerator_0/inst/ntt_axi_accelerator_v1_0_S00_AXI_inst/slv_reg[247][7]_i_1_n_0                                                            | design_1_i/ntt_axi_accelerator_0/inst/ntt_axi_accelerator_v1_0_S00_AXI_inst/p_0_in                                                                    |                2 |              8 |
|  design_1_i/processing_system7_0/inst/FCLK_CLK0 | design_1_i/ntt_axi_accelerator_0/inst/ntt_axi_accelerator_v1_0_S00_AXI_inst/slv_reg[243][7]_i_1_n_0                                                            | design_1_i/ntt_axi_accelerator_0/inst/ntt_axi_accelerator_v1_0_S00_AXI_inst/p_0_in                                                                    |                2 |              8 |
|  design_1_i/processing_system7_0/inst/FCLK_CLK0 | design_1_i/ntt_axi_accelerator_0/inst/ntt_axi_accelerator_v1_0_S00_AXI_inst/slv_reg[249][23]_i_1_n_0                                                           | design_1_i/ntt_axi_accelerator_0/inst/ntt_axi_accelerator_v1_0_S00_AXI_inst/p_0_in                                                                    |                2 |              8 |
|  design_1_i/processing_system7_0/inst/FCLK_CLK0 | design_1_i/ntt_axi_accelerator_0/inst/ntt_axi_accelerator_v1_0_S00_AXI_inst/slv_reg[24][15]_i_1_n_0                                                            | design_1_i/ntt_axi_accelerator_0/inst/ntt_axi_accelerator_v1_0_S00_AXI_inst/p_0_in                                                                    |                2 |              8 |
|  design_1_i/processing_system7_0/inst/FCLK_CLK0 | design_1_i/ntt_axi_accelerator_0/inst/ntt_axi_accelerator_v1_0_S00_AXI_inst/slv_reg[244][15]_i_1_n_0                                                           | design_1_i/ntt_axi_accelerator_0/inst/ntt_axi_accelerator_v1_0_S00_AXI_inst/p_0_in                                                                    |                4 |              8 |
|  design_1_i/processing_system7_0/inst/FCLK_CLK0 | design_1_i/ntt_axi_accelerator_0/inst/ntt_axi_accelerator_v1_0_S00_AXI_inst/slv_reg[250][23]_i_1_n_0                                                           | design_1_i/ntt_axi_accelerator_0/inst/ntt_axi_accelerator_v1_0_S00_AXI_inst/p_0_in                                                                    |                2 |              8 |
|  design_1_i/processing_system7_0/inst/FCLK_CLK0 | design_1_i/ntt_axi_accelerator_0/inst/ntt_axi_accelerator_v1_0_S00_AXI_inst/slv_reg[243][23]_i_1_n_0                                                           | design_1_i/ntt_axi_accelerator_0/inst/ntt_axi_accelerator_v1_0_S00_AXI_inst/p_0_in                                                                    |                2 |              8 |
|  design_1_i/processing_system7_0/inst/FCLK_CLK0 | design_1_i/ntt_axi_accelerator_0/inst/ntt_axi_accelerator_v1_0_S00_AXI_inst/slv_reg[246][7]_i_1_n_0                                                            | design_1_i/ntt_axi_accelerator_0/inst/ntt_axi_accelerator_v1_0_S00_AXI_inst/p_0_in                                                                    |                3 |              8 |
|  design_1_i/processing_system7_0/inst/FCLK_CLK0 | design_1_i/ntt_axi_accelerator_0/inst/ntt_axi_accelerator_v1_0_S00_AXI_inst/slv_reg[249][31]_i_1_n_0                                                           | design_1_i/ntt_axi_accelerator_0/inst/ntt_axi_accelerator_v1_0_S00_AXI_inst/p_0_in                                                                    |                3 |              8 |
|  design_1_i/processing_system7_0/inst/FCLK_CLK0 | design_1_i/ntt_axi_accelerator_0/inst/ntt_axi_accelerator_v1_0_S00_AXI_inst/slv_reg[251][15]_i_1_n_0                                                           | design_1_i/ntt_axi_accelerator_0/inst/ntt_axi_accelerator_v1_0_S00_AXI_inst/p_0_in                                                                    |                2 |              8 |
|  design_1_i/processing_system7_0/inst/FCLK_CLK0 | design_1_i/ntt_axi_accelerator_0/inst/ntt_axi_accelerator_v1_0_S00_AXI_inst/slv_reg[251][31]_i_1_n_0                                                           | design_1_i/ntt_axi_accelerator_0/inst/ntt_axi_accelerator_v1_0_S00_AXI_inst/p_0_in                                                                    |                2 |              8 |
|  design_1_i/processing_system7_0/inst/FCLK_CLK0 | design_1_i/ntt_axi_accelerator_0/inst/ntt_axi_accelerator_v1_0_S00_AXI_inst/slv_reg[254][15]_i_1_n_0                                                           | design_1_i/ntt_axi_accelerator_0/inst/ntt_axi_accelerator_v1_0_S00_AXI_inst/p_0_in                                                                    |                3 |              8 |
|  design_1_i/processing_system7_0/inst/FCLK_CLK0 | design_1_i/ntt_axi_accelerator_0/inst/ntt_axi_accelerator_v1_0_S00_AXI_inst/slv_reg[254][23]_i_1_n_0                                                           | design_1_i/ntt_axi_accelerator_0/inst/ntt_axi_accelerator_v1_0_S00_AXI_inst/p_0_in                                                                    |                2 |              8 |
|  design_1_i/processing_system7_0/inst/FCLK_CLK0 | design_1_i/ntt_axi_accelerator_0/inst/ntt_axi_accelerator_v1_0_S00_AXI_inst/slv_reg[245][7]_i_1_n_0                                                            | design_1_i/ntt_axi_accelerator_0/inst/ntt_axi_accelerator_v1_0_S00_AXI_inst/p_0_in                                                                    |                1 |              8 |
|  design_1_i/processing_system7_0/inst/FCLK_CLK0 | design_1_i/ntt_axi_accelerator_0/inst/ntt_axi_accelerator_v1_0_S00_AXI_inst/slv_reg[244][7]_i_1_n_0                                                            | design_1_i/ntt_axi_accelerator_0/inst/ntt_axi_accelerator_v1_0_S00_AXI_inst/p_0_in                                                                    |                2 |              8 |
|  design_1_i/processing_system7_0/inst/FCLK_CLK0 | design_1_i/ntt_axi_accelerator_0/inst/ntt_axi_accelerator_v1_0_S00_AXI_inst/slv_reg[254][31]_i_1_n_0                                                           | design_1_i/ntt_axi_accelerator_0/inst/ntt_axi_accelerator_v1_0_S00_AXI_inst/p_0_in                                                                    |                4 |              8 |
|  design_1_i/processing_system7_0/inst/FCLK_CLK0 | design_1_i/ntt_axi_accelerator_0/inst/ntt_axi_accelerator_v1_0_S00_AXI_inst/slv_reg[247][23]_i_1_n_0                                                           | design_1_i/ntt_axi_accelerator_0/inst/ntt_axi_accelerator_v1_0_S00_AXI_inst/p_0_in                                                                    |                3 |              8 |
|  design_1_i/processing_system7_0/inst/FCLK_CLK0 | design_1_i/ntt_axi_accelerator_0/inst/ntt_axi_accelerator_v1_0_S00_AXI_inst/slv_reg[252][15]_i_1_n_0                                                           | design_1_i/ntt_axi_accelerator_0/inst/ntt_axi_accelerator_v1_0_S00_AXI_inst/p_0_in                                                                    |                3 |              8 |
|  design_1_i/processing_system7_0/inst/FCLK_CLK0 | design_1_i/ntt_axi_accelerator_0/inst/ntt_axi_accelerator_v1_0_S00_AXI_inst/slv_reg[255][7]_i_1_n_0                                                            | design_1_i/ntt_axi_accelerator_0/inst/ntt_axi_accelerator_v1_0_S00_AXI_inst/p_0_in                                                                    |                4 |              8 |
|  design_1_i/processing_system7_0/inst/FCLK_CLK0 | design_1_i/ntt_axi_accelerator_0/inst/ntt_axi_accelerator_v1_0_S00_AXI_inst/slv_reg[250][31]_i_1_n_0                                                           | design_1_i/ntt_axi_accelerator_0/inst/ntt_axi_accelerator_v1_0_S00_AXI_inst/p_0_in                                                                    |                2 |              8 |
|  design_1_i/processing_system7_0/inst/FCLK_CLK0 | design_1_i/ntt_axi_accelerator_0/inst/ntt_axi_accelerator_v1_0_S00_AXI_inst/slv_reg[251][7]_i_1_n_0                                                            | design_1_i/ntt_axi_accelerator_0/inst/ntt_axi_accelerator_v1_0_S00_AXI_inst/p_0_in                                                                    |                2 |              8 |
|  design_1_i/processing_system7_0/inst/FCLK_CLK0 | design_1_i/ntt_axi_accelerator_0/inst/ntt_axi_accelerator_v1_0_S00_AXI_inst/slv_reg[248][15]_i_1_n_0                                                           | design_1_i/ntt_axi_accelerator_0/inst/ntt_axi_accelerator_v1_0_S00_AXI_inst/p_0_in                                                                    |                2 |              8 |
|  design_1_i/processing_system7_0/inst/FCLK_CLK0 | design_1_i/ntt_axi_accelerator_0/inst/ntt_axi_accelerator_v1_0_S00_AXI_inst/slv_reg[24][23]_i_1_n_0                                                            | design_1_i/ntt_axi_accelerator_0/inst/ntt_axi_accelerator_v1_0_S00_AXI_inst/p_0_in                                                                    |                2 |              8 |
|  design_1_i/processing_system7_0/inst/FCLK_CLK0 | design_1_i/ntt_axi_accelerator_0/inst/ntt_axi_accelerator_v1_0_S00_AXI_inst/slv_reg[24][7]_i_1_n_0                                                             | design_1_i/ntt_axi_accelerator_0/inst/ntt_axi_accelerator_v1_0_S00_AXI_inst/p_0_in                                                                    |                4 |              8 |
|  design_1_i/processing_system7_0/inst/FCLK_CLK0 | design_1_i/ntt_axi_accelerator_0/inst/ntt_axi_accelerator_v1_0_S00_AXI_inst/slv_reg[252][23]_i_1_n_0                                                           | design_1_i/ntt_axi_accelerator_0/inst/ntt_axi_accelerator_v1_0_S00_AXI_inst/p_0_in                                                                    |                3 |              8 |
|  design_1_i/processing_system7_0/inst/FCLK_CLK0 | design_1_i/ntt_axi_accelerator_0/inst/ntt_axi_accelerator_v1_0_S00_AXI_inst/slv_reg[253][7]_i_1_n_0                                                            | design_1_i/ntt_axi_accelerator_0/inst/ntt_axi_accelerator_v1_0_S00_AXI_inst/p_0_in                                                                    |                3 |              8 |
|  design_1_i/processing_system7_0/inst/FCLK_CLK0 | design_1_i/ntt_axi_accelerator_0/inst/ntt_axi_accelerator_v1_0_S00_AXI_inst/slv_reg[249][7]_i_1_n_0                                                            | design_1_i/ntt_axi_accelerator_0/inst/ntt_axi_accelerator_v1_0_S00_AXI_inst/p_0_in                                                                    |                2 |              8 |
|  design_1_i/processing_system7_0/inst/FCLK_CLK0 | design_1_i/ntt_axi_accelerator_0/inst/ntt_axi_accelerator_v1_0_S00_AXI_inst/slv_reg[255][15]_i_1_n_0                                                           | design_1_i/ntt_axi_accelerator_0/inst/ntt_axi_accelerator_v1_0_S00_AXI_inst/p_0_in                                                                    |                2 |              8 |
|  design_1_i/processing_system7_0/inst/FCLK_CLK0 | design_1_i/ntt_axi_accelerator_0/inst/ntt_axi_accelerator_v1_0_S00_AXI_inst/slv_reg[25][15]_i_1_n_0                                                            | design_1_i/ntt_axi_accelerator_0/inst/ntt_axi_accelerator_v1_0_S00_AXI_inst/p_0_in                                                                    |                4 |              8 |
|  design_1_i/processing_system7_0/inst/FCLK_CLK0 | design_1_i/ntt_axi_accelerator_0/inst/ntt_axi_accelerator_v1_0_S00_AXI_inst/slv_reg[245][23]_i_1_n_0                                                           | design_1_i/ntt_axi_accelerator_0/inst/ntt_axi_accelerator_v1_0_S00_AXI_inst/p_0_in                                                                    |                2 |              8 |
|  design_1_i/processing_system7_0/inst/FCLK_CLK0 | design_1_i/ntt_axi_accelerator_0/inst/ntt_axi_accelerator_v1_0_S00_AXI_inst/slv_reg[247][15]_i_1_n_0                                                           | design_1_i/ntt_axi_accelerator_0/inst/ntt_axi_accelerator_v1_0_S00_AXI_inst/p_0_in                                                                    |                2 |              8 |
|  design_1_i/processing_system7_0/inst/FCLK_CLK0 | design_1_i/ntt_axi_accelerator_0/inst/ntt_axi_accelerator_v1_0_S00_AXI_inst/slv_reg[248][23]_i_1_n_0                                                           | design_1_i/ntt_axi_accelerator_0/inst/ntt_axi_accelerator_v1_0_S00_AXI_inst/p_0_in                                                                    |                4 |              8 |
|  design_1_i/processing_system7_0/inst/FCLK_CLK0 | design_1_i/ntt_axi_accelerator_0/inst/ntt_axi_accelerator_v1_0_S00_AXI_inst/slv_reg[252][31]_i_1_n_0                                                           | design_1_i/ntt_axi_accelerator_0/inst/ntt_axi_accelerator_v1_0_S00_AXI_inst/p_0_in                                                                    |                3 |              8 |
|  design_1_i/processing_system7_0/inst/FCLK_CLK0 | design_1_i/ntt_axi_accelerator_0/inst/ntt_axi_accelerator_v1_0_S00_AXI_inst/slv_reg[245][31]_i_1_n_0                                                           | design_1_i/ntt_axi_accelerator_0/inst/ntt_axi_accelerator_v1_0_S00_AXI_inst/p_0_in                                                                    |                3 |              8 |
|  design_1_i/processing_system7_0/inst/FCLK_CLK0 | design_1_i/ntt_axi_accelerator_0/inst/ntt_axi_accelerator_v1_0_S00_AXI_inst/slv_reg[246][23]_i_1_n_0                                                           | design_1_i/ntt_axi_accelerator_0/inst/ntt_axi_accelerator_v1_0_S00_AXI_inst/p_0_in                                                                    |                2 |              8 |
|  design_1_i/processing_system7_0/inst/FCLK_CLK0 | design_1_i/ntt_axi_accelerator_0/inst/ntt_axi_accelerator_v1_0_S00_AXI_inst/slv_reg[253][15]_i_1_n_0                                                           | design_1_i/ntt_axi_accelerator_0/inst/ntt_axi_accelerator_v1_0_S00_AXI_inst/p_0_in                                                                    |                3 |              8 |
|  design_1_i/processing_system7_0/inst/FCLK_CLK0 | design_1_i/ntt_axi_accelerator_0/inst/ntt_axi_accelerator_v1_0_S00_AXI_inst/slv_reg[244][23]_i_1_n_0                                                           | design_1_i/ntt_axi_accelerator_0/inst/ntt_axi_accelerator_v1_0_S00_AXI_inst/p_0_in                                                                    |                2 |              8 |
|  design_1_i/processing_system7_0/inst/FCLK_CLK0 | design_1_i/ntt_axi_accelerator_0/inst/ntt_axi_accelerator_v1_0_S00_AXI_inst/slv_reg[25][23]_i_1_n_0                                                            | design_1_i/ntt_axi_accelerator_0/inst/ntt_axi_accelerator_v1_0_S00_AXI_inst/p_0_in                                                                    |                2 |              8 |
|  design_1_i/processing_system7_0/inst/FCLK_CLK0 | design_1_i/ntt_axi_accelerator_0/inst/ntt_axi_accelerator_v1_0_S00_AXI_inst/slv_reg[25][31]_i_1_n_0                                                            | design_1_i/ntt_axi_accelerator_0/inst/ntt_axi_accelerator_v1_0_S00_AXI_inst/p_0_in                                                                    |                3 |              8 |
|  design_1_i/processing_system7_0/inst/FCLK_CLK0 | design_1_i/ntt_axi_accelerator_0/inst/ntt_axi_accelerator_v1_0_S00_AXI_inst/slv_reg[25][7]_i_1_n_0                                                             | design_1_i/ntt_axi_accelerator_0/inst/ntt_axi_accelerator_v1_0_S00_AXI_inst/p_0_in                                                                    |                3 |              8 |
|  design_1_i/processing_system7_0/inst/FCLK_CLK0 | design_1_i/ntt_axi_accelerator_0/inst/ntt_axi_accelerator_v1_0_S00_AXI_inst/slv_reg[26][15]_i_1_n_0                                                            | design_1_i/ntt_axi_accelerator_0/inst/ntt_axi_accelerator_v1_0_S00_AXI_inst/p_0_in                                                                    |                2 |              8 |
|  design_1_i/processing_system7_0/inst/FCLK_CLK0 | design_1_i/ntt_axi_accelerator_0/inst/ntt_axi_accelerator_v1_0_S00_AXI_inst/slv_reg[253][31]_i_1_n_0                                                           | design_1_i/ntt_axi_accelerator_0/inst/ntt_axi_accelerator_v1_0_S00_AXI_inst/p_0_in                                                                    |                4 |              8 |
|  design_1_i/processing_system7_0/inst/FCLK_CLK0 | design_1_i/ntt_axi_accelerator_0/inst/ntt_axi_accelerator_v1_0_S00_AXI_inst/slv_reg[243][31]_i_1_n_0                                                           | design_1_i/ntt_axi_accelerator_0/inst/ntt_axi_accelerator_v1_0_S00_AXI_inst/p_0_in                                                                    |                3 |              8 |
|  design_1_i/processing_system7_0/inst/FCLK_CLK0 | design_1_i/ntt_axi_accelerator_0/inst/ntt_axi_accelerator_v1_0_S00_AXI_inst/slv_reg[24][31]_i_1_n_0                                                            | design_1_i/ntt_axi_accelerator_0/inst/ntt_axi_accelerator_v1_0_S00_AXI_inst/p_0_in                                                                    |                3 |              8 |
|  design_1_i/processing_system7_0/inst/FCLK_CLK0 | design_1_i/ntt_axi_accelerator_0/inst/ntt_axi_accelerator_v1_0_S00_AXI_inst/slv_reg[248][31]_i_1_n_0                                                           | design_1_i/ntt_axi_accelerator_0/inst/ntt_axi_accelerator_v1_0_S00_AXI_inst/p_0_in                                                                    |                2 |              8 |
|  design_1_i/processing_system7_0/inst/FCLK_CLK0 | design_1_i/ntt_axi_accelerator_0/inst/ntt_axi_accelerator_v1_0_S00_AXI_inst/slv_reg[250][7]_i_1_n_0                                                            | design_1_i/ntt_axi_accelerator_0/inst/ntt_axi_accelerator_v1_0_S00_AXI_inst/p_0_in                                                                    |                2 |              8 |
|  design_1_i/processing_system7_0/inst/FCLK_CLK0 | design_1_i/ntt_axi_accelerator_0/inst/ntt_axi_accelerator_v1_0_S00_AXI_inst/slv_reg[246][15]_i_1_n_0                                                           | design_1_i/ntt_axi_accelerator_0/inst/ntt_axi_accelerator_v1_0_S00_AXI_inst/p_0_in                                                                    |                2 |              8 |
|  design_1_i/processing_system7_0/inst/FCLK_CLK0 | design_1_i/ntt_axi_accelerator_0/inst/ntt_axi_accelerator_v1_0_S00_AXI_inst/slv_reg[253][23]_i_1_n_0                                                           | design_1_i/ntt_axi_accelerator_0/inst/ntt_axi_accelerator_v1_0_S00_AXI_inst/p_0_in                                                                    |                2 |              8 |
|  design_1_i/processing_system7_0/inst/FCLK_CLK0 | design_1_i/ntt_axi_accelerator_0/inst/ntt_axi_accelerator_v1_0_S00_AXI_inst/slv_reg[254][7]_i_1_n_0                                                            | design_1_i/ntt_axi_accelerator_0/inst/ntt_axi_accelerator_v1_0_S00_AXI_inst/p_0_in                                                                    |                5 |              8 |
|  design_1_i/processing_system7_0/inst/FCLK_CLK0 | design_1_i/ntt_axi_accelerator_0/inst/ntt_axi_accelerator_v1_0_S00_AXI_inst/slv_reg[2][15]_i_1_n_0                                                             | design_1_i/ntt_axi_accelerator_0/inst/ntt_axi_accelerator_v1_0_S00_AXI_inst/p_0_in                                                                    |                4 |              8 |
|  design_1_i/processing_system7_0/inst/FCLK_CLK0 | design_1_i/ntt_axi_accelerator_0/inst/ntt_axi_accelerator_v1_0_S00_AXI_inst/slv_reg[26][31]_i_1_n_0                                                            | design_1_i/ntt_axi_accelerator_0/inst/ntt_axi_accelerator_v1_0_S00_AXI_inst/p_0_in                                                                    |                4 |              8 |
|  design_1_i/processing_system7_0/inst/FCLK_CLK0 | design_1_i/ntt_axi_accelerator_0/inst/ntt_axi_accelerator_v1_0_S00_AXI_inst/slv_reg[28][15]_i_1_n_0                                                            | design_1_i/ntt_axi_accelerator_0/inst/ntt_axi_accelerator_v1_0_S00_AXI_inst/p_0_in                                                                    |                2 |              8 |
|  design_1_i/processing_system7_0/inst/FCLK_CLK0 | design_1_i/ntt_axi_accelerator_0/inst/ntt_axi_accelerator_v1_0_S00_AXI_inst/slv_reg[27][31]_i_1_n_0                                                            | design_1_i/ntt_axi_accelerator_0/inst/ntt_axi_accelerator_v1_0_S00_AXI_inst/p_0_in                                                                    |                2 |              8 |
|  design_1_i/processing_system7_0/inst/FCLK_CLK0 | design_1_i/ntt_axi_accelerator_0/inst/ntt_axi_accelerator_v1_0_S00_AXI_inst/slv_reg[27][23]_i_1_n_0                                                            | design_1_i/ntt_axi_accelerator_0/inst/ntt_axi_accelerator_v1_0_S00_AXI_inst/p_0_in                                                                    |                3 |              8 |
|  design_1_i/processing_system7_0/inst/FCLK_CLK0 | design_1_i/ntt_axi_accelerator_0/inst/ntt_axi_accelerator_v1_0_S00_AXI_inst/slv_reg[28][23]_i_1_n_0                                                            | design_1_i/ntt_axi_accelerator_0/inst/ntt_axi_accelerator_v1_0_S00_AXI_inst/p_0_in                                                                    |                2 |              8 |
|  design_1_i/processing_system7_0/inst/FCLK_CLK0 |                                                                                                                                                                | design_1_i/ps7_0_axi_periph/s00_couplers/auto_pc/inst/gen_axilite.gen_b2s_conv.axilite_b2s/areset_d1                                                  |                4 |             10 |
|  design_1_i/processing_system7_0/inst/FCLK_CLK0 | design_1_i/ps7_0_axi_periph/s00_couplers/auto_pc/inst/gen_axilite.gen_b2s_conv.axilite_b2s/RD.ar_channel_0/ar_cmd_fsm_0/E[0]                                   |                                                                                                                                                       |                6 |             12 |
|  design_1_i/processing_system7_0/inst/FCLK_CLK0 | design_1_i/ps7_0_axi_periph/s00_couplers/auto_pc/inst/gen_axilite.gen_b2s_conv.axilite_b2s/RD.ar_channel_0/ar_cmd_fsm_0/sel_first_reg[0]                       |                                                                                                                                                       |                2 |             12 |
|  design_1_i/processing_system7_0/inst/FCLK_CLK0 | design_1_i/ps7_0_axi_periph/s00_couplers/auto_pc/inst/gen_axilite.gen_b2s_conv.axilite_b2s/WR.aw_channel_0/cmd_translator_0/incr_cmd_0/axaddr_incr[11]_i_1_n_0 |                                                                                                                                                       |                3 |             12 |
|  design_1_i/processing_system7_0/inst/FCLK_CLK0 | design_1_i/ps7_0_axi_periph/s00_couplers/auto_pc/inst/gen_axilite.gen_b2s_conv.axilite_b2s/WR.aw_channel_0/aw_cmd_fsm_0/E[0]                                   |                                                                                                                                                       |                5 |             12 |
|  design_1_i/processing_system7_0/inst/FCLK_CLK0 | design_1_i/ps7_0_axi_periph/s00_couplers/auto_pc/inst/gen_axilite.gen_b2s_conv.axilite_b2s/RD.r_channel_0/r_push_r                                             |                                                                                                                                                       |                4 |             13 |
|  design_1_i/processing_system7_0/inst/FCLK_CLK0 | design_1_i/ps7_0_axi_periph/s00_couplers/auto_pc/inst/gen_axilite.gen_b2s_conv.axilite_b2s/SI_REG/b.b_pipe/p_1_in                                              |                                                                                                                                                       |                4 |             14 |
|  design_1_i/processing_system7_0/inst/FCLK_CLK0 | design_1_i/ps7_0_axi_periph/s00_couplers/auto_pc/inst/gen_axilite.gen_b2s_conv.axilite_b2s/SI_REG/b.b_pipe/s_ready_i_reg_0                                     |                                                                                                                                                       |                4 |             14 |
|  design_1_i/processing_system7_0/inst/FCLK_CLK0 | design_1_i/ps7_0_axi_periph/s00_couplers/auto_pc/inst/gen_axilite.gen_b2s_conv.axilite_b2s/WR.aw_channel_0/aw_cmd_fsm_0/b_push                                 |                                                                                                                                                       |                3 |             16 |
|  design_1_i/processing_system7_0/inst/FCLK_CLK0 | design_1_i/ps7_0_axi_periph/s00_couplers/auto_pc/inst/gen_axilite.gen_b2s_conv.axilite_b2s/RD.ar_channel_0/ar_cmd_fsm_0/m_axi_arready_0                        |                                                                                                                                                       |                7 |             21 |
|  design_1_i/processing_system7_0/inst/FCLK_CLK0 | design_1_i/ps7_0_axi_periph/s00_couplers/auto_pc/inst/gen_axilite.gen_b2s_conv.axilite_b2s/WR.aw_channel_0/aw_cmd_fsm_0/m_valid_i_reg_0                        |                                                                                                                                                       |               10 |             21 |
|  design_1_i/processing_system7_0/inst/FCLK_CLK0 | design_1_i/ps7_0_axi_periph/s00_couplers/auto_pc/inst/gen_axilite.gen_b2s_conv.axilite_b2s/RD.r_channel_0/rd_data_fifo_0/wr_en0                                |                                                                                                                                                       |                9 |             32 |
|  design_1_i/processing_system7_0/inst/FCLK_CLK0 | design_1_i/ps7_0_axi_periph/s00_couplers/auto_pc/inst/gen_axilite.gen_b2s_conv.axilite_b2s/RD.ar_channel_0/ar_cmd_fsm_0/FSM_sequential_state_reg[1]_1[0]       |                                                                                                                                                       |                8 |             32 |
|  design_1_i/processing_system7_0/inst/FCLK_CLK0 | design_1_i/ps7_0_axi_periph/s00_couplers/auto_pc/inst/gen_axilite.gen_b2s_conv.axilite_b2s/SI_REG/ar.ar_pipe/s_ready_i_reg_0                                   |                                                                                                                                                       |                7 |             32 |
|  design_1_i/processing_system7_0/inst/FCLK_CLK0 | design_1_i/ps7_0_axi_periph/s00_couplers/auto_pc/inst/gen_axilite.gen_b2s_conv.axilite_b2s/SI_REG/aw.aw_pipe/s_ready_i_reg_0                                   |                                                                                                                                                       |                8 |             32 |
|  design_1_i/processing_system7_0/inst/FCLK_CLK0 | design_1_i/ps7_0_axi_periph/s00_couplers/auto_pc/inst/gen_axilite.gen_b2s_conv.axilite_b2s/WR.aw_channel_0/aw_cmd_fsm_0/m_valid_i_reg_1[0]                     |                                                                                                                                                       |                7 |             32 |
|  design_1_i/processing_system7_0/inst/FCLK_CLK0 | design_1_i/ntt_axi_accelerator_0/inst/ntt_axi_accelerator_v1_0_S00_AXI_inst/slv_reg_rden                                                                       | design_1_i/ntt_axi_accelerator_0/inst/ntt_axi_accelerator_v1_0_S00_AXI_inst/p_0_in                                                                    |               16 |             32 |
|  design_1_i/processing_system7_0/inst/FCLK_CLK0 | design_1_i/ntt_axi_accelerator_0/inst/ntt_axi_accelerator_v1_0_S00_AXI_inst/axi_awready0                                                                       | design_1_i/ntt_axi_accelerator_0/inst/ntt_axi_accelerator_v1_0_S00_AXI_inst/p_0_in                                                                    |               11 |             33 |
|  design_1_i/processing_system7_0/inst/FCLK_CLK0 | design_1_i/ntt_axi_accelerator_0/inst/ntt_axi_accelerator_v1_0_S00_AXI_inst/axi_arready0                                                                       | design_1_i/ntt_axi_accelerator_0/inst/ntt_axi_accelerator_v1_0_S00_AXI_inst/p_0_in                                                                    |               12 |             41 |
|  design_1_i/processing_system7_0/inst/FCLK_CLK0 | design_1_i/ps7_0_axi_periph/s00_couplers/auto_pc/inst/gen_axilite.gen_b2s_conv.axilite_b2s/SI_REG/r.r_pipe/p_1_in                                              |                                                                                                                                                       |                7 |             45 |
|  design_1_i/processing_system7_0/inst/FCLK_CLK0 | design_1_i/ps7_0_axi_periph/s00_couplers/auto_pc/inst/gen_axilite.gen_b2s_conv.axilite_b2s/SI_REG/r.r_pipe/s_ready_i_reg_0                                     |                                                                                                                                                       |               10 |             45 |
|  design_1_i/processing_system7_0/inst/FCLK_CLK0 |                                                                                                                                                                | design_1_i/ntt_axi_accelerator_0/inst/ntt_axi_accelerator_v1_0_S00_AXI_inst/p_0_in                                                                    |               30 |             72 |
|  design_1_i/processing_system7_0/inst/FCLK_CLK0 |                                                                                                                                                                |                                                                                                                                                       |               36 |            129 |
+-------------------------------------------------+----------------------------------------------------------------------------------------------------------------------------------------------------------------+-------------------------------------------------------------------------------------------------------------------------------------------------------+------------------+----------------+


