Copyright 1986-2019 Xilinx, Inc. All Rights Reserved.
-----------------------------------------------------------------------------------------------------------------------------------------------------------------------------------------------------------------------
| Tool Version : Vivado v.2019.1 (win64) Build 2552052 Fri May 24 14:49:42 MDT 2019
| Date         : Sat May  2 16:28:35 2026
| Host         : LAPTOP-96OTIR0P running 64-bit major release  (build 9200)
| Command      : report_timing_summary -max_paths 10 -file design_1_wrapper_timing_summary_routed.rpt -pb design_1_wrapper_timing_summary_routed.pb -rpx design_1_wrapper_timing_summary_routed.rpx -warn_on_violation
| Design       : design_1_wrapper
| Device       : 7z020i-clg484
| Speed File   : -1L  PRODUCTION 1.11 2014-09-11
-----------------------------------------------------------------------------------------------------------------------------------------------------------------------------------------------------------------------

Timing Summary Report

------------------------------------------------------------------------------------------------
| Timer Settings
| --------------
------------------------------------------------------------------------------------------------

  Enable Multi Corner Analysis               :  Yes
  Enable Pessimism Removal                   :  Yes
  Pessimism Removal Resolution               :  Nearest Common Node
  Enable Input Delay Default Clock           :  No
  Enable Preset / Clear Arcs                 :  No
  Disable Flight Delays                      :  No
  Ignore I/O Paths                           :  No
  Timing Early Launch at Borrowing Latches   :  No
  Borrow Time for Max Delay Exceptions       :  Yes

  Corner  Analyze    Analyze    
  Name    Max Paths  Min Paths  
  ------  ---------  ---------  
  Slow    Yes        Yes        
  Fast    Yes        Yes        



check_timing report

Table of Contents
-----------------
1. checking no_clock
2. checking constant_clock
3. checking pulse_width_clock
4. checking unconstrained_internal_endpoints
5. checking no_input_delay
6. checking no_output_delay
7. checking multiple_clock
8. checking generated_clocks
9. checking loops
10. checking partial_input_delay
11. checking partial_output_delay
12. checking latch_loops

1. checking no_clock
--------------------
 There are 0 register/latch pins with no clock.


2. checking constant_clock
--------------------------
 There are 0 register/latch pins with constant_clock.


3. checking pulse_width_clock
-----------------------------
 There are 0 register/latch pins which need pulse_width check


4. checking unconstrained_internal_endpoints
--------------------------------------------
 There are 0 pins that are not constrained for maximum delay.

 There are 0 pins that are not constrained for maximum delay due to constant clock.


5. checking no_input_delay
--------------------------
 There are 0 input ports with no input delay specified.

 There are 0 input ports with no input delay but user has a false path constraint.


6. checking no_output_delay
---------------------------
 There are 0 ports with no output delay specified.

 There are 0 ports with no output delay but user has a false path constraint

 There are 0 ports with no output delay but with a timing clock defined on it or propagating through it


7. checking multiple_clock
--------------------------
 There are 0 register/latch pins with multiple clocks.


8. checking generated_clocks
----------------------------
 There are 0 generated clocks that are not connected to a clock source.


9. checking loops
-----------------
 There are 0 combinational loops in the design.


10. checking partial_input_delay
--------------------------------
 There are 0 input ports with partial input delay specified.


11. checking partial_output_delay
---------------------------------
 There are 0 ports with partial output delay specified.


12. checking latch_loops
------------------------
 There are 0 combinational latch loops in the design through latch input



------------------------------------------------------------------------------------------------
| Design Timing Summary
| ---------------------
------------------------------------------------------------------------------------------------

    WNS(ns)      TNS(ns)  TNS Failing Endpoints  TNS Total Endpoints      WHS(ns)      THS(ns)  THS Failing Endpoints  THS Total Endpoints     WPWS(ns)     TPWS(ns)  TPWS Failing Endpoints  TPWS Total Endpoints  
    -------      -------  ---------------------  -------------------      -------      -------  ---------------------  -------------------     --------     --------  ----------------------  --------------------  
      6.048        0.000                      0                26281        0.028        0.000                      0                26281        9.020        0.000                       0                  8992  


All user specified timing constraints are met.


------------------------------------------------------------------------------------------------
| Clock Summary
| -------------
------------------------------------------------------------------------------------------------

Clock       Waveform(ns)       Period(ns)      Frequency(MHz)
-----       ------------       ----------      --------------
clk_fpga_0  {0.000 10.000}     20.000          50.000          


------------------------------------------------------------------------------------------------
| Intra Clock Table
| -----------------
------------------------------------------------------------------------------------------------

Clock             WNS(ns)      TNS(ns)  TNS Failing Endpoints  TNS Total Endpoints      WHS(ns)      THS(ns)  THS Failing Endpoints  THS Total Endpoints     WPWS(ns)     TPWS(ns)  TPWS Failing Endpoints  TPWS Total Endpoints  
-----             -------      -------  ---------------------  -------------------      -------      -------  ---------------------  -------------------     --------     --------  ----------------------  --------------------  
clk_fpga_0          6.048        0.000                      0                26178        0.028        0.000                      0                26178        9.020        0.000                       0                  8992  


------------------------------------------------------------------------------------------------
| Inter Clock Table
| -----------------
------------------------------------------------------------------------------------------------

From Clock    To Clock          WNS(ns)      TNS(ns)  TNS Failing Endpoints  TNS Total Endpoints      WHS(ns)      THS(ns)  THS Failing Endpoints  THS Total Endpoints  
----------    --------          -------      -------  ---------------------  -------------------      -------      -------  ---------------------  -------------------  


------------------------------------------------------------------------------------------------
| Other Path Groups Table
| -----------------------
------------------------------------------------------------------------------------------------

Path Group         From Clock         To Clock               WNS(ns)      TNS(ns)  TNS Failing Endpoints  TNS Total Endpoints      WHS(ns)      THS(ns)  THS Failing Endpoints  THS Total Endpoints  
----------         ----------         --------               -------      -------  ---------------------  -------------------      -------      -------  ---------------------  -------------------  
**async_default**  clk_fpga_0         clk_fpga_0               8.217        0.000                      0                  103        4.204        0.000                      0                  103  


------------------------------------------------------------------------------------------------
| Timing Details
| --------------
------------------------------------------------------------------------------------------------


---------------------------------------------------------------------------------------------------
From Clock:  clk_fpga_0
  To Clock:  clk_fpga_0

Setup :            0  Failing Endpoints,  Worst Slack        6.048ns,  Total Violation        0.000ns
Hold  :            0  Failing Endpoints,  Worst Slack        0.028ns,  Total Violation        0.000ns
PW    :            0  Failing Endpoints,  Worst Slack        9.020ns,  Total Violation        0.000ns
---------------------------------------------------------------------------------------------------


Max Delay Paths
--------------------------------------------------------------------------------------
Slack (MET) :             6.048ns  (required time - arrival time)
  Source:                 design_1_i/rst_ps7_0_50M/U0/ACTIVE_LOW_PR_OUT_DFF[0].FDRE_PER_N/C
                            (rising edge-triggered cell FDRE clocked by clk_fpga_0  {rise@0.000ns fall@10.000ns period=20.000ns})
  Destination:            design_1_i/ntt_axi_accelerator_0/inst/ntt_axi_accelerator_v1_0_S00_AXI_inst/slv_reg_reg[144][16]/R
                            (rising edge-triggered cell FDRE clocked by clk_fpga_0  {rise@0.000ns fall@10.000ns period=20.000ns})
  Path Group:             clk_fpga_0
  Path Type:              Setup (Max at Slow Process Corner)
  Requirement:            20.000ns  (clk_fpga_0 rise@20.000ns - clk_fpga_0 rise@0.000ns)
  Data Path Delay:        13.152ns  (logic 0.642ns (4.881%)  route 12.510ns (95.119%))
  Logic Levels:           1  (LUT1=1)
  Clock Path Skew:        0.026ns (DCD - SCD + CPR)
    Destination Clock Delay (DCD):    2.898ns = ( 22.898 - 20.000 ) 
    Source Clock Delay      (SCD):    3.001ns
    Clock Pessimism Removal (CPR):    0.129ns
  Clock Uncertainty:      0.302ns  ((TSJ^2 + TIJ^2)^1/2 + DJ) / 2 + PE
    Total System Jitter     (TSJ):    0.071ns
    Total Input Jitter      (TIJ):    0.600ns
    Discrete Jitter          (DJ):    0.000ns
    Phase Error              (PE):    0.000ns

    Location             Delay type                Incr(ns)  Path(ns)    Netlist Resource(s)
  -------------------------------------------------------------------    -------------------
                         (clock clk_fpga_0 rise edge)
                                                      0.000     0.000 r  
    PS7_X0Y0             PS7                          0.000     0.000 r  design_1_i/processing_system7_0/inst/PS7_i/FCLKCLK[0]
                         net (fo=1, routed)           1.193     1.193    design_1_i/processing_system7_0/inst/FCLK_CLK_unbuffered[0]
    BUFGCTRL_X0Y16       BUFG (Prop_bufg_I_O)         0.101     1.294 r  design_1_i/processing_system7_0/inst/buffer_fclk_clk_0.FCLK_CLK_0_BUFG/O
                         net (fo=8992, routed)        1.707     3.001    design_1_i/rst_ps7_0_50M/U0/slowest_sync_clk
    SLICE_X82Y78         FDRE                                         r  design_1_i/rst_ps7_0_50M/U0/ACTIVE_LOW_PR_OUT_DFF[0].FDRE_PER_N/C
  -------------------------------------------------------------------    -------------------
    SLICE_X82Y78         FDRE (Prop_fdre_C_Q)         0.518     3.519 f  design_1_i/rst_ps7_0_50M/U0/ACTIVE_LOW_PR_OUT_DFF[0].FDRE_PER_N/Q
                         net (fo=7, routed)           1.943     5.462    design_1_i/ntt_axi_accelerator_0/inst/ntt_axi_accelerator_v1_0_S00_AXI_inst/s00_axi_aresetn
    SLICE_X32Y78         LUT1 (Prop_lut1_I0_O)        0.124     5.586 r  design_1_i/ntt_axi_accelerator_0/inst/ntt_axi_accelerator_v1_0_S00_AXI_inst/axi_awready_i_1/O
                         net (fo=8407, routed)       10.567    16.153    design_1_i/ntt_axi_accelerator_0/inst/ntt_axi_accelerator_v1_0_S00_AXI_inst/p_0_in
    SLICE_X86Y142        FDRE                                         r  design_1_i/ntt_axi_accelerator_0/inst/ntt_axi_accelerator_v1_0_S00_AXI_inst/slv_reg_reg[144][16]/R
  -------------------------------------------------------------------    -------------------

                         (clock clk_fpga_0 rise edge)
                                                     20.000    20.000 r  
    PS7_X0Y0             PS7                          0.000    20.000 r  design_1_i/processing_system7_0/inst/PS7_i/FCLKCLK[0]
                         net (fo=1, routed)           1.088    21.088    design_1_i/processing_system7_0/inst/FCLK_CLK_unbuffered[0]
    BUFGCTRL_X0Y16       BUFG (Prop_bufg_I_O)         0.091    21.179 r  design_1_i/processing_system7_0/inst/buffer_fclk_clk_0.FCLK_CLK_0_BUFG/O
                         net (fo=8992, routed)        1.719    22.898    design_1_i/ntt_axi_accelerator_0/inst/ntt_axi_accelerator_v1_0_S00_AXI_inst/s00_axi_aclk
    SLICE_X86Y142        FDRE                                         r  design_1_i/ntt_axi_accelerator_0/inst/ntt_axi_accelerator_v1_0_S00_AXI_inst/slv_reg_reg[144][16]/C
                         clock pessimism              0.129    23.027    
                         clock uncertainty           -0.302    22.725    
    SLICE_X86Y142        FDRE (Setup_fdre_C_R)       -0.524    22.201    design_1_i/ntt_axi_accelerator_0/inst/ntt_axi_accelerator_v1_0_S00_AXI_inst/slv_reg_reg[144][16]
  -------------------------------------------------------------------
                         required time                         22.201    
                         arrival time                         -16.153    
  -------------------------------------------------------------------
                         slack                                  6.048    

Slack (MET) :             6.059ns  (required time - arrival time)
  Source:                 design_1_i/rst_ps7_0_50M/U0/ACTIVE_LOW_PR_OUT_DFF[0].FDRE_PER_N/C
                            (rising edge-triggered cell FDRE clocked by clk_fpga_0  {rise@0.000ns fall@10.000ns period=20.000ns})
  Destination:            design_1_i/ntt_axi_accelerator_0/inst/ntt_axi_accelerator_v1_0_S00_AXI_inst/slv_reg_reg[153][16]/R
                            (rising edge-triggered cell FDRE clocked by clk_fpga_0  {rise@0.000ns fall@10.000ns period=20.000ns})
  Path Group:             clk_fpga_0
  Path Type:              Setup (Max at Slow Process Corner)
  Requirement:            20.000ns  (clk_fpga_0 rise@20.000ns - clk_fpga_0 rise@0.000ns)
  Data Path Delay:        13.141ns  (logic 0.642ns (4.886%)  route 12.499ns (95.114%))
  Logic Levels:           1  (LUT1=1)
  Clock Path Skew:        0.026ns (DCD - SCD + CPR)
    Destination Clock Delay (DCD):    2.898ns = ( 22.898 - 20.000 ) 
    Source Clock Delay      (SCD):    3.001ns
    Clock Pessimism Removal (CPR):    0.129ns
  Clock Uncertainty:      0.302ns  ((TSJ^2 + TIJ^2)^1/2 + DJ) / 2 + PE
    Total System Jitter     (TSJ):    0.071ns
    Total Input Jitter      (TIJ):    0.600ns
    Discrete Jitter          (DJ):    0.000ns
    Phase Error              (PE):    0.000ns

    Location             Delay type                Incr(ns)  Path(ns)    Netlist Resource(s)
  -------------------------------------------------------------------    -------------------
                         (clock clk_fpga_0 rise edge)
                                                      0.000     0.000 r  
    PS7_X0Y0             PS7                          0.000     0.000 r  design_1_i/processing_system7_0/inst/PS7_i/FCLKCLK[0]
                         net (fo=1, routed)           1.193     1.193    design_1_i/processing_system7_0/inst/FCLK_CLK_unbuffered[0]
    BUFGCTRL_X0Y16       BUFG (Prop_bufg_I_O)         0.101     1.294 r  design_1_i/processing_system7_0/inst/buffer_fclk_clk_0.FCLK_CLK_0_BUFG/O
                         net (fo=8992, routed)        1.707     3.001    design_1_i/rst_ps7_0_50M/U0/slowest_sync_clk
    SLICE_X82Y78         FDRE                                         r  design_1_i/rst_ps7_0_50M/U0/ACTIVE_LOW_PR_OUT_DFF[0].FDRE_PER_N/C
  -------------------------------------------------------------------    -------------------
    SLICE_X82Y78         FDRE (Prop_fdre_C_Q)         0.518     3.519 f  design_1_i/rst_ps7_0_50M/U0/ACTIVE_LOW_PR_OUT_DFF[0].FDRE_PER_N/Q
                         net (fo=7, routed)           1.943     5.462    design_1_i/ntt_axi_accelerator_0/inst/ntt_axi_accelerator_v1_0_S00_AXI_inst/s00_axi_aresetn
    SLICE_X32Y78         LUT1 (Prop_lut1_I0_O)        0.124     5.586 r  design_1_i/ntt_axi_accelerator_0/inst/ntt_axi_accelerator_v1_0_S00_AXI_inst/axi_awready_i_1/O
                         net (fo=8407, routed)       10.556    16.142    design_1_i/ntt_axi_accelerator_0/inst/ntt_axi_accelerator_v1_0_S00_AXI_inst/p_0_in
    SLICE_X82Y142        FDRE                                         r  design_1_i/ntt_axi_accelerator_0/inst/ntt_axi_accelerator_v1_0_S00_AXI_inst/slv_reg_reg[153][16]/R
  -------------------------------------------------------------------    -------------------

                         (clock clk_fpga_0 rise edge)
                                                     20.000    20.000 r  
    PS7_X0Y0             PS7                          0.000    20.000 r  design_1_i/processing_system7_0/inst/PS7_i/FCLKCLK[0]
                         net (fo=1, routed)           1.088    21.088    design_1_i/processing_system7_0/inst/FCLK_CLK_unbuffered[0]
    BUFGCTRL_X0Y16       BUFG (Prop_bufg_I_O)         0.091    21.179 r  design_1_i/processing_system7_0/inst/buffer_fclk_clk_0.FCLK_CLK_0_BUFG/O
                         net (fo=8992, routed)        1.719    22.898    design_1_i/ntt_axi_accelerator_0/inst/ntt_axi_accelerator_v1_0_S00_AXI_inst/s00_axi_aclk
    SLICE_X82Y142        FDRE                                         r  design_1_i/ntt_axi_accelerator_0/inst/ntt_axi_accelerator_v1_0_S00_AXI_inst/slv_reg_reg[153][16]/C
                         clock pessimism              0.129    23.027    
                         clock uncertainty           -0.302    22.725    
    SLICE_X82Y142        FDRE (Setup_fdre_C_R)       -0.524    22.201    design_1_i/ntt_axi_accelerator_0/inst/ntt_axi_accelerator_v1_0_S00_AXI_inst/slv_reg_reg[153][16]
  -------------------------------------------------------------------
                         required time                         22.201    
                         arrival time                         -16.142    
  -------------------------------------------------------------------
                         slack                                  6.059    

Slack (MET) :             6.059ns  (required time - arrival time)
  Source:                 design_1_i/rst_ps7_0_50M/U0/ACTIVE_LOW_PR_OUT_DFF[0].FDRE_PER_N/C
                            (rising edge-triggered cell FDRE clocked by clk_fpga_0  {rise@0.000ns fall@10.000ns period=20.000ns})
  Destination:            design_1_i/ntt_axi_accelerator_0/inst/ntt_axi_accelerator_v1_0_S00_AXI_inst/slv_reg_reg[153][19]/R
                            (rising edge-triggered cell FDRE clocked by clk_fpga_0  {rise@0.000ns fall@10.000ns period=20.000ns})
  Path Group:             clk_fpga_0
  Path Type:              Setup (Max at Slow Process Corner)
  Requirement:            20.000ns  (clk_fpga_0 rise@20.000ns - clk_fpga_0 rise@0.000ns)
  Data Path Delay:        13.141ns  (logic 0.642ns (4.886%)  route 12.499ns (95.114%))
  Logic Levels:           1  (LUT1=1)
  Clock Path Skew:        0.026ns (DCD - SCD + CPR)
    Destination Clock Delay (DCD):    2.898ns = ( 22.898 - 20.000 ) 
    Source Clock Delay      (SCD):    3.001ns
    Clock Pessimism Removal (CPR):    0.129ns
  Clock Uncertainty:      0.302ns  ((TSJ^2 + TIJ^2)^1/2 + DJ) / 2 + PE
    Total System Jitter     (TSJ):    0.071ns
    Total Input Jitter      (TIJ):    0.600ns
    Discrete Jitter          (DJ):    0.000ns
    Phase Error              (PE):    0.000ns

    Location             Delay type                Incr(ns)  Path(ns)    Netlist Resource(s)
  -------------------------------------------------------------------    -------------------
                         (clock clk_fpga_0 rise edge)
                                                      0.000     0.000 r  
    PS7_X0Y0             PS7                          0.000     0.000 r  design_1_i/processing_system7_0/inst/PS7_i/FCLKCLK[0]
                         net (fo=1, routed)           1.193     1.193    design_1_i/processing_system7_0/inst/FCLK_CLK_unbuffered[0]
    BUFGCTRL_X0Y16       BUFG (Prop_bufg_I_O)         0.101     1.294 r  design_1_i/processing_system7_0/inst/buffer_fclk_clk_0.FCLK_CLK_0_BUFG/O
                         net (fo=8992, routed)        1.707     3.001    design_1_i/rst_ps7_0_50M/U0/slowest_sync_clk
    SLICE_X82Y78         FDRE                                         r  design_1_i/rst_ps7_0_50M/U0/ACTIVE_LOW_PR_OUT_DFF[0].FDRE_PER_N/C
  -------------------------------------------------------------------    -------------------
    SLICE_X82Y78         FDRE (Prop_fdre_C_Q)         0.518     3.519 f  design_1_i/rst_ps7_0_50M/U0/ACTIVE_LOW_PR_OUT_DFF[0].FDRE_PER_N/Q
                         net (fo=7, routed)           1.943     5.462    design_1_i/ntt_axi_accelerator_0/inst/ntt_axi_accelerator_v1_0_S00_AXI_inst/s00_axi_aresetn
    SLICE_X32Y78         LUT1 (Prop_lut1_I0_O)        0.124     5.586 r  design_1_i/ntt_axi_accelerator_0/inst/ntt_axi_accelerator_v1_0_S00_AXI_inst/axi_awready_i_1/O
                         net (fo=8407, routed)       10.556    16.142    design_1_i/ntt_axi_accelerator_0/inst/ntt_axi_accelerator_v1_0_S00_AXI_inst/p_0_in
    SLICE_X82Y142        FDRE                                         r  design_1_i/ntt_axi_accelerator_0/inst/ntt_axi_accelerator_v1_0_S00_AXI_inst/slv_reg_reg[153][19]/R
  -------------------------------------------------------------------    -------------------

                         (clock clk_fpga_0 rise edge)
                                                     20.000    20.000 r  
    PS7_X0Y0             PS7                          0.000    20.000 r  design_1_i/processing_system7_0/inst/PS7_i/FCLKCLK[0]
                         net (fo=1, routed)           1.088    21.088    design_1_i/processing_system7_0/inst/FCLK_CLK_unbuffered[0]
    BUFGCTRL_X0Y16       BUFG (Prop_bufg_I_O)         0.091    21.179 r  design_1_i/processing_system7_0/inst/buffer_fclk_clk_0.FCLK_CLK_0_BUFG/O
                         net (fo=8992, routed)        1.719    22.898    design_1_i/ntt_axi_accelerator_0/inst/ntt_axi_accelerator_v1_0_S00_AXI_inst/s00_axi_aclk
    SLICE_X82Y142        FDRE                                         r  design_1_i/ntt_axi_accelerator_0/inst/ntt_axi_accelerator_v1_0_S00_AXI_inst/slv_reg_reg[153][19]/C
                         clock pessimism              0.129    23.027    
                         clock uncertainty           -0.302    22.725    
    SLICE_X82Y142        FDRE (Setup_fdre_C_R)       -0.524    22.201    design_1_i/ntt_axi_accelerator_0/inst/ntt_axi_accelerator_v1_0_S00_AXI_inst/slv_reg_reg[153][19]
  -------------------------------------------------------------------
                         required time                         22.201    
                         arrival time                         -16.142    
  -------------------------------------------------------------------
                         slack                                  6.059    

Slack (MET) :             6.059ns  (required time - arrival time)
  Source:                 design_1_i/rst_ps7_0_50M/U0/ACTIVE_LOW_PR_OUT_DFF[0].FDRE_PER_N/C
                            (rising edge-triggered cell FDRE clocked by clk_fpga_0  {rise@0.000ns fall@10.000ns period=20.000ns})
  Destination:            design_1_i/ntt_axi_accelerator_0/inst/ntt_axi_accelerator_v1_0_S00_AXI_inst/slv_reg_reg[153][20]/R
                            (rising edge-triggered cell FDRE clocked by clk_fpga_0  {rise@0.000ns fall@10.000ns period=20.000ns})
  Path Group:             clk_fpga_0
  Path Type:              Setup (Max at Slow Process Corner)
  Requirement:            20.000ns  (clk_fpga_0 rise@20.000ns - clk_fpga_0 rise@0.000ns)
  Data Path Delay:        13.141ns  (logic 0.642ns (4.886%)  route 12.499ns (95.114%))
  Logic Levels:           1  (LUT1=1)
  Clock Path Skew:        0.026ns (DCD - SCD + CPR)
    Destination Clock Delay (DCD):    2.898ns = ( 22.898 - 20.000 ) 
    Source Clock Delay      (SCD):    3.001ns
    Clock Pessimism Removal (CPR):    0.129ns
  Clock Uncertainty:      0.302ns  ((TSJ^2 + TIJ^2)^1/2 + DJ) / 2 + PE
    Total System Jitter     (TSJ):    0.071ns
    Total Input Jitter      (TIJ):    0.600ns
    Discrete Jitter          (DJ):    0.000ns
    Phase Error              (PE):    0.000ns

    Location             Delay type                Incr(ns)  Path(ns)    Netlist Resource(s)
  -------------------------------------------------------------------    -------------------
                         (clock clk_fpga_0 rise edge)
                                                      0.000     0.000 r  
    PS7_X0Y0             PS7                          0.000     0.000 r  design_1_i/processing_system7_0/inst/PS7_i/FCLKCLK[0]
                         net (fo=1, routed)           1.193     1.193    design_1_i/processing_system7_0/inst/FCLK_CLK_unbuffered[0]
    BUFGCTRL_X0Y16       BUFG (Prop_bufg_I_O)         0.101     1.294 r  design_1_i/processing_system7_0/inst/buffer_fclk_clk_0.FCLK_CLK_0_BUFG/O
                         net (fo=8992, routed)        1.707     3.001    design_1_i/rst_ps7_0_50M/U0/slowest_sync_clk
    SLICE_X82Y78         FDRE                                         r  design_1_i/rst_ps7_0_50M/U0/ACTIVE_LOW_PR_OUT_DFF[0].FDRE_PER_N/C
  -------------------------------------------------------------------    -------------------
    SLICE_X82Y78         FDRE (Prop_fdre_C_Q)         0.518     3.519 f  design_1_i/rst_ps7_0_50M/U0/ACTIVE_LOW_PR_OUT_DFF[0].FDRE_PER_N/Q
                         net (fo=7, routed)           1.943     5.462    design_1_i/ntt_axi_accelerator_0/inst/ntt_axi_accelerator_v1_0_S00_AXI_inst/s00_axi_aresetn
    SLICE_X32Y78         LUT1 (Prop_lut1_I0_O)        0.124     5.586 r  design_1_i/ntt_axi_accelerator_0/inst/ntt_axi_accelerator_v1_0_S00_AXI_inst/axi_awready_i_1/O
                         net (fo=8407, routed)       10.556    16.142    design_1_i/ntt_axi_accelerator_0/inst/ntt_axi_accelerator_v1_0_S00_AXI_inst/p_0_in
    SLICE_X82Y142        FDRE                                         r  design_1_i/ntt_axi_accelerator_0/inst/ntt_axi_accelerator_v1_0_S00_AXI_inst/slv_reg_reg[153][20]/R
  -------------------------------------------------------------------    -------------------

                         (clock clk_fpga_0 rise edge)
                                                     20.000    20.000 r  
    PS7_X0Y0             PS7                          0.000    20.000 r  design_1_i/processing_system7_0/inst/PS7_i/FCLKCLK[0]
                         net (fo=1, routed)           1.088    21.088    design_1_i/processing_system7_0/inst/FCLK_CLK_unbuffered[0]
    BUFGCTRL_X0Y16       BUFG (Prop_bufg_I_O)         0.091    21.179 r  design_1_i/processing_system7_0/inst/buffer_fclk_clk_0.FCLK_CLK_0_BUFG/O
                         net (fo=8992, routed)        1.719    22.898    design_1_i/ntt_axi_accelerator_0/inst/ntt_axi_accelerator_v1_0_S00_AXI_inst/s00_axi_aclk
    SLICE_X82Y142        FDRE                                         r  design_1_i/ntt_axi_accelerator_0/inst/ntt_axi_accelerator_v1_0_S00_AXI_inst/slv_reg_reg[153][20]/C
                         clock pessimism              0.129    23.027    
                         clock uncertainty           -0.302    22.725    
    SLICE_X82Y142        FDRE (Setup_fdre_C_R)       -0.524    22.201    design_1_i/ntt_axi_accelerator_0/inst/ntt_axi_accelerator_v1_0_S00_AXI_inst/slv_reg_reg[153][20]
  -------------------------------------------------------------------
                         required time                         22.201    
                         arrival time                         -16.142    
  -------------------------------------------------------------------
                         slack                                  6.059    

Slack (MET) :             6.067ns  (required time - arrival time)
  Source:                 design_1_i/rst_ps7_0_50M/U0/ACTIVE_LOW_PR_OUT_DFF[0].FDRE_PER_N/C
                            (rising edge-triggered cell FDRE clocked by clk_fpga_0  {rise@0.000ns fall@10.000ns period=20.000ns})
  Destination:            design_1_i/ntt_axi_accelerator_0/inst/ntt_axi_accelerator_v1_0_S00_AXI_inst/slv_reg_reg[151][16]/R
                            (rising edge-triggered cell FDRE clocked by clk_fpga_0  {rise@0.000ns fall@10.000ns period=20.000ns})
  Path Group:             clk_fpga_0
  Path Type:              Setup (Max at Slow Process Corner)
  Requirement:            20.000ns  (clk_fpga_0 rise@20.000ns - clk_fpga_0 rise@0.000ns)
  Data Path Delay:        13.191ns  (logic 0.642ns (4.867%)  route 12.549ns (95.133%))
  Logic Levels:           1  (LUT1=1)
  Clock Path Skew:        0.084ns (DCD - SCD + CPR)
    Destination Clock Delay (DCD):    2.956ns = ( 22.956 - 20.000 ) 
    Source Clock Delay      (SCD):    3.001ns
    Clock Pessimism Removal (CPR):    0.129ns
  Clock Uncertainty:      0.302ns  ((TSJ^2 + TIJ^2)^1/2 + DJ) / 2 + PE
    Total System Jitter     (TSJ):    0.071ns
    Total Input Jitter      (TIJ):    0.600ns
    Discrete Jitter          (DJ):    0.000ns
    Phase Error              (PE):    0.000ns

    Location             Delay type                Incr(ns)  Path(ns)    Netlist Resource(s)
  -------------------------------------------------------------------    -------------------
                         (clock clk_fpga_0 rise edge)
                                                      0.000     0.000 r  
    PS7_X0Y0             PS7                          0.000     0.000 r  design_1_i/processing_system7_0/inst/PS7_i/FCLKCLK[0]
                         net (fo=1, routed)           1.193     1.193    design_1_i/processing_system7_0/inst/FCLK_CLK_unbuffered[0]
    BUFGCTRL_X0Y16       BUFG (Prop_bufg_I_O)         0.101     1.294 r  design_1_i/processing_system7_0/inst/buffer_fclk_clk_0.FCLK_CLK_0_BUFG/O
                         net (fo=8992, routed)        1.707     3.001    design_1_i/rst_ps7_0_50M/U0/slowest_sync_clk
    SLICE_X82Y78         FDRE                                         r  design_1_i/rst_ps7_0_50M/U0/ACTIVE_LOW_PR_OUT_DFF[0].FDRE_PER_N/C
  -------------------------------------------------------------------    -------------------
    SLICE_X82Y78         FDRE (Prop_fdre_C_Q)         0.518     3.519 f  design_1_i/rst_ps7_0_50M/U0/ACTIVE_LOW_PR_OUT_DFF[0].FDRE_PER_N/Q
                         net (fo=7, routed)           1.943     5.462    design_1_i/ntt_axi_accelerator_0/inst/ntt_axi_accelerator_v1_0_S00_AXI_inst/s00_axi_aresetn
    SLICE_X32Y78         LUT1 (Prop_lut1_I0_O)        0.124     5.586 r  design_1_i/ntt_axi_accelerator_0/inst/ntt_axi_accelerator_v1_0_S00_AXI_inst/axi_awready_i_1/O
                         net (fo=8407, routed)       10.607    16.192    design_1_i/ntt_axi_accelerator_0/inst/ntt_axi_accelerator_v1_0_S00_AXI_inst/p_0_in
    SLICE_X90Y140        FDRE                                         r  design_1_i/ntt_axi_accelerator_0/inst/ntt_axi_accelerator_v1_0_S00_AXI_inst/slv_reg_reg[151][16]/R
  -------------------------------------------------------------------    -------------------

                         (clock clk_fpga_0 rise edge)
                                                     20.000    20.000 r  
    PS7_X0Y0             PS7                          0.000    20.000 r  design_1_i/processing_system7_0/inst/PS7_i/FCLKCLK[0]
                         net (fo=1, routed)           1.088    21.088    design_1_i/processing_system7_0/inst/FCLK_CLK_unbuffered[0]
    BUFGCTRL_X0Y16       BUFG (Prop_bufg_I_O)         0.091    21.179 r  design_1_i/processing_system7_0/inst/buffer_fclk_clk_0.FCLK_CLK_0_BUFG/O
                         net (fo=8992, routed)        1.777    22.956    design_1_i/ntt_axi_accelerator_0/inst/ntt_axi_accelerator_v1_0_S00_AXI_inst/s00_axi_aclk
    SLICE_X90Y140        FDRE                                         r  design_1_i/ntt_axi_accelerator_0/inst/ntt_axi_accelerator_v1_0_S00_AXI_inst/slv_reg_reg[151][16]/C
                         clock pessimism              0.129    23.085    
                         clock uncertainty           -0.302    22.783    
    SLICE_X90Y140        FDRE (Setup_fdre_C_R)       -0.524    22.259    design_1_i/ntt_axi_accelerator_0/inst/ntt_axi_accelerator_v1_0_S00_AXI_inst/slv_reg_reg[151][16]
  -------------------------------------------------------------------
                         required time                         22.259    
                         arrival time                         -16.192    
  -------------------------------------------------------------------
                         slack                                  6.067    

Slack (MET) :             6.067ns  (required time - arrival time)
  Source:                 design_1_i/rst_ps7_0_50M/U0/ACTIVE_LOW_PR_OUT_DFF[0].FDRE_PER_N/C
                            (rising edge-triggered cell FDRE clocked by clk_fpga_0  {rise@0.000ns fall@10.000ns period=20.000ns})
  Destination:            design_1_i/ntt_axi_accelerator_0/inst/ntt_axi_accelerator_v1_0_S00_AXI_inst/slv_reg_reg[151][19]/R
                            (rising edge-triggered cell FDRE clocked by clk_fpga_0  {rise@0.000ns fall@10.000ns period=20.000ns})
  Path Group:             clk_fpga_0
  Path Type:              Setup (Max at Slow Process Corner)
  Requirement:            20.000ns  (clk_fpga_0 rise@20.000ns - clk_fpga_0 rise@0.000ns)
  Data Path Delay:        13.191ns  (logic 0.642ns (4.867%)  route 12.549ns (95.133%))
  Logic Levels:           1  (LUT1=1)
  Clock Path Skew:        0.084ns (DCD - SCD + CPR)
    Destination Clock Delay (DCD):    2.956ns = ( 22.956 - 20.000 ) 
    Source Clock Delay      (SCD):    3.001ns
    Clock Pessimism Removal (CPR):    0.129ns
  Clock Uncertainty:      0.302ns  ((TSJ^2 + TIJ^2)^1/2 + DJ) / 2 + PE
    Total System Jitter     (TSJ):    0.071ns
    Total Input Jitter      (TIJ):    0.600ns
    Discrete Jitter          (DJ):    0.000ns
    Phase Error              (PE):    0.000ns

    Location             Delay type                Incr(ns)  Path(ns)    Netlist Resource(s)
  -------------------------------------------------------------------    -------------------
                         (clock clk_fpga_0 rise edge)
                                                      0.000     0.000 r  
    PS7_X0Y0             PS7                          0.000     0.000 r  design_1_i/processing_system7_0/inst/PS7_i/FCLKCLK[0]
                         net (fo=1, routed)           1.193     1.193    design_1_i/processing_system7_0/inst/FCLK_CLK_unbuffered[0]
    BUFGCTRL_X0Y16       BUFG (Prop_bufg_I_O)         0.101     1.294 r  design_1_i/processing_system7_0/inst/buffer_fclk_clk_0.FCLK_CLK_0_BUFG/O
                         net (fo=8992, routed)        1.707     3.001    design_1_i/rst_ps7_0_50M/U0/slowest_sync_clk
    SLICE_X82Y78         FDRE                                         r  design_1_i/rst_ps7_0_50M/U0/ACTIVE_LOW_PR_OUT_DFF[0].FDRE_PER_N/C
  -------------------------------------------------------------------    -------------------
    SLICE_X82Y78         FDRE (Prop_fdre_C_Q)         0.518     3.519 f  design_1_i/rst_ps7_0_50M/U0/ACTIVE_LOW_PR_OUT_DFF[0].FDRE_PER_N/Q
                         net (fo=7, routed)           1.943     5.462    design_1_i/ntt_axi_accelerator_0/inst/ntt_axi_accelerator_v1_0_S00_AXI_inst/s00_axi_aresetn
    SLICE_X32Y78         LUT1 (Prop_lut1_I0_O)        0.124     5.586 r  design_1_i/ntt_axi_accelerator_0/inst/ntt_axi_accelerator_v1_0_S00_AXI_inst/axi_awready_i_1/O
                         net (fo=8407, routed)       10.607    16.192    design_1_i/ntt_axi_accelerator_0/inst/ntt_axi_accelerator_v1_0_S00_AXI_inst/p_0_in
    SLICE_X90Y140        FDRE                                         r  design_1_i/ntt_axi_accelerator_0/inst/ntt_axi_accelerator_v1_0_S00_AXI_inst/slv_reg_reg[151][19]/R
  -------------------------------------------------------------------    -------------------

                         (clock clk_fpga_0 rise edge)
                                                     20.000    20.000 r  
    PS7_X0Y0             PS7                          0.000    20.000 r  design_1_i/processing_system7_0/inst/PS7_i/FCLKCLK[0]
                         net (fo=1, routed)           1.088    21.088    design_1_i/processing_system7_0/inst/FCLK_CLK_unbuffered[0]
    BUFGCTRL_X0Y16       BUFG (Prop_bufg_I_O)         0.091    21.179 r  design_1_i/processing_system7_0/inst/buffer_fclk_clk_0.FCLK_CLK_0_BUFG/O
                         net (fo=8992, routed)        1.777    22.956    design_1_i/ntt_axi_accelerator_0/inst/ntt_axi_accelerator_v1_0_S00_AXI_inst/s00_axi_aclk
    SLICE_X90Y140        FDRE                                         r  design_1_i/ntt_axi_accelerator_0/inst/ntt_axi_accelerator_v1_0_S00_AXI_inst/slv_reg_reg[151][19]/C
                         clock pessimism              0.129    23.085    
                         clock uncertainty           -0.302    22.783    
    SLICE_X90Y140        FDRE (Setup_fdre_C_R)       -0.524    22.259    design_1_i/ntt_axi_accelerator_0/inst/ntt_axi_accelerator_v1_0_S00_AXI_inst/slv_reg_reg[151][19]
  -------------------------------------------------------------------
                         required time                         22.259    
                         arrival time                         -16.192    
  -------------------------------------------------------------------
                         slack                                  6.067    

Slack (MET) :             6.067ns  (required time - arrival time)
  Source:                 design_1_i/rst_ps7_0_50M/U0/ACTIVE_LOW_PR_OUT_DFF[0].FDRE_PER_N/C
                            (rising edge-triggered cell FDRE clocked by clk_fpga_0  {rise@0.000ns fall@10.000ns period=20.000ns})
  Destination:            design_1_i/ntt_axi_accelerator_0/inst/ntt_axi_accelerator_v1_0_S00_AXI_inst/slv_reg_reg[151][23]/R
                            (rising edge-triggered cell FDRE clocked by clk_fpga_0  {rise@0.000ns fall@10.000ns period=20.000ns})
  Path Group:             clk_fpga_0
  Path Type:              Setup (Max at Slow Process Corner)
  Requirement:            20.000ns  (clk_fpga_0 rise@20.000ns - clk_fpga_0 rise@0.000ns)
  Data Path Delay:        13.191ns  (logic 0.642ns (4.867%)  route 12.549ns (95.133%))
  Logic Levels:           1  (LUT1=1)
  Clock Path Skew:        0.084ns (DCD - SCD + CPR)
    Destination Clock Delay (DCD):    2.956ns = ( 22.956 - 20.000 ) 
    Source Clock Delay      (SCD):    3.001ns
    Clock Pessimism Removal (CPR):    0.129ns
  Clock Uncertainty:      0.302ns  ((TSJ^2 + TIJ^2)^1/2 + DJ) / 2 + PE
    Total System Jitter     (TSJ):    0.071ns
    Total Input Jitter      (TIJ):    0.600ns
    Discrete Jitter          (DJ):    0.000ns
    Phase Error              (PE):    0.000ns

    Location             Delay type                Incr(ns)  Path(ns)    Netlist Resource(s)
  -------------------------------------------------------------------    -------------------
                         (clock clk_fpga_0 rise edge)
                                                      0.000     0.000 r  
    PS7_X0Y0             PS7                          0.000     0.000 r  design_1_i/processing_system7_0/inst/PS7_i/FCLKCLK[0]
                         net (fo=1, routed)           1.193     1.193    design_1_i/processing_system7_0/inst/FCLK_CLK_unbuffered[0]
    BUFGCTRL_X0Y16       BUFG (Prop_bufg_I_O)         0.101     1.294 r  design_1_i/processing_system7_0/inst/buffer_fclk_clk_0.FCLK_CLK_0_BUFG/O
                         net (fo=8992, routed)        1.707     3.001    design_1_i/rst_ps7_0_50M/U0/slowest_sync_clk
    SLICE_X82Y78         FDRE                                         r  design_1_i/rst_ps7_0_50M/U0/ACTIVE_LOW_PR_OUT_DFF[0].FDRE_PER_N/C
  -------------------------------------------------------------------    -------------------
    SLICE_X82Y78         FDRE (Prop_fdre_C_Q)         0.518     3.519 f  design_1_i/rst_ps7_0_50M/U0/ACTIVE_LOW_PR_OUT_DFF[0].FDRE_PER_N/Q
                         net (fo=7, routed)           1.943     5.462    design_1_i/ntt_axi_accelerator_0/inst/ntt_axi_accelerator_v1_0_S00_AXI_inst/s00_axi_aresetn
    SLICE_X32Y78         LUT1 (Prop_lut1_I0_O)        0.124     5.586 r  design_1_i/ntt_axi_accelerator_0/inst/ntt_axi_accelerator_v1_0_S00_AXI_inst/axi_awready_i_1/O
                         net (fo=8407, routed)       10.607    16.192    design_1_i/ntt_axi_accelerator_0/inst/ntt_axi_accelerator_v1_0_S00_AXI_inst/p_0_in
    SLICE_X90Y140        FDRE                                         r  design_1_i/ntt_axi_accelerator_0/inst/ntt_axi_accelerator_v1_0_S00_AXI_inst/slv_reg_reg[151][23]/R
  -------------------------------------------------------------------    -------------------

                         (clock clk_fpga_0 rise edge)
                                                     20.000    20.000 r  
    PS7_X0Y0             PS7                          0.000    20.000 r  design_1_i/processing_system7_0/inst/PS7_i/FCLKCLK[0]
                         net (fo=1, routed)           1.088    21.088    design_1_i/processing_system7_0/inst/FCLK_CLK_unbuffered[0]
    BUFGCTRL_X0Y16       BUFG (Prop_bufg_I_O)         0.091    21.179 r  design_1_i/processing_system7_0/inst/buffer_fclk_clk_0.FCLK_CLK_0_BUFG/O
                         net (fo=8992, routed)        1.777    22.956    design_1_i/ntt_axi_accelerator_0/inst/ntt_axi_accelerator_v1_0_S00_AXI_inst/s00_axi_aclk
    SLICE_X90Y140        FDRE                                         r  design_1_i/ntt_axi_accelerator_0/inst/ntt_axi_accelerator_v1_0_S00_AXI_inst/slv_reg_reg[151][23]/C
                         clock pessimism              0.129    23.085    
                         clock uncertainty           -0.302    22.783    
    SLICE_X90Y140        FDRE (Setup_fdre_C_R)       -0.524    22.259    design_1_i/ntt_axi_accelerator_0/inst/ntt_axi_accelerator_v1_0_S00_AXI_inst/slv_reg_reg[151][23]
  -------------------------------------------------------------------
                         required time                         22.259    
                         arrival time                         -16.192    
  -------------------------------------------------------------------
                         slack                                  6.067    

Slack (MET) :             6.068ns  (required time - arrival time)
  Source:                 design_1_i/rst_ps7_0_50M/U0/ACTIVE_LOW_PR_OUT_DFF[0].FDRE_PER_N/C
                            (rising edge-triggered cell FDRE clocked by clk_fpga_0  {rise@0.000ns fall@10.000ns period=20.000ns})
  Destination:            design_1_i/ntt_axi_accelerator_0/inst/ntt_axi_accelerator_v1_0_S00_AXI_inst/slv_reg_reg[143][16]/R
                            (rising edge-triggered cell FDRE clocked by clk_fpga_0  {rise@0.000ns fall@10.000ns period=20.000ns})
  Path Group:             clk_fpga_0
  Path Type:              Setup (Max at Slow Process Corner)
  Requirement:            20.000ns  (clk_fpga_0 rise@20.000ns - clk_fpga_0 rise@0.000ns)
  Data Path Delay:        13.131ns  (logic 0.642ns (4.889%)  route 12.489ns (95.111%))
  Logic Levels:           1  (LUT1=1)
  Clock Path Skew:        0.025ns (DCD - SCD + CPR)
    Destination Clock Delay (DCD):    2.897ns = ( 22.897 - 20.000 ) 
    Source Clock Delay      (SCD):    3.001ns
    Clock Pessimism Removal (CPR):    0.129ns
  Clock Uncertainty:      0.302ns  ((TSJ^2 + TIJ^2)^1/2 + DJ) / 2 + PE
    Total System Jitter     (TSJ):    0.071ns
    Total Input Jitter      (TIJ):    0.600ns
    Discrete Jitter          (DJ):    0.000ns
    Phase Error              (PE):    0.000ns

    Location             Delay type                Incr(ns)  Path(ns)    Netlist Resource(s)
  -------------------------------------------------------------------    -------------------
                         (clock clk_fpga_0 rise edge)
                                                      0.000     0.000 r  
    PS7_X0Y0             PS7                          0.000     0.000 r  design_1_i/processing_system7_0/inst/PS7_i/FCLKCLK[0]
                         net (fo=1, routed)           1.193     1.193    design_1_i/processing_system7_0/inst/FCLK_CLK_unbuffered[0]
    BUFGCTRL_X0Y16       BUFG (Prop_bufg_I_O)         0.101     1.294 r  design_1_i/processing_system7_0/inst/buffer_fclk_clk_0.FCLK_CLK_0_BUFG/O
                         net (fo=8992, routed)        1.707     3.001    design_1_i/rst_ps7_0_50M/U0/slowest_sync_clk
    SLICE_X82Y78         FDRE                                         r  design_1_i/rst_ps7_0_50M/U0/ACTIVE_LOW_PR_OUT_DFF[0].FDRE_PER_N/C
  -------------------------------------------------------------------    -------------------
    SLICE_X82Y78         FDRE (Prop_fdre_C_Q)         0.518     3.519 f  design_1_i/rst_ps7_0_50M/U0/ACTIVE_LOW_PR_OUT_DFF[0].FDRE_PER_N/Q
                         net (fo=7, routed)           1.943     5.462    design_1_i/ntt_axi_accelerator_0/inst/ntt_axi_accelerator_v1_0_S00_AXI_inst/s00_axi_aresetn
    SLICE_X32Y78         LUT1 (Prop_lut1_I0_O)        0.124     5.586 r  design_1_i/ntt_axi_accelerator_0/inst/ntt_axi_accelerator_v1_0_S00_AXI_inst/axi_awready_i_1/O
                         net (fo=8407, routed)       10.547    16.132    design_1_i/ntt_axi_accelerator_0/inst/ntt_axi_accelerator_v1_0_S00_AXI_inst/p_0_in
    SLICE_X86Y140        FDRE                                         r  design_1_i/ntt_axi_accelerator_0/inst/ntt_axi_accelerator_v1_0_S00_AXI_inst/slv_reg_reg[143][16]/R
  -------------------------------------------------------------------    -------------------

                         (clock clk_fpga_0 rise edge)
                                                     20.000    20.000 r  
    PS7_X0Y0             PS7                          0.000    20.000 r  design_1_i/processing_system7_0/inst/PS7_i/FCLKCLK[0]
                         net (fo=1, routed)           1.088    21.088    design_1_i/processing_system7_0/inst/FCLK_CLK_unbuffered[0]
    BUFGCTRL_X0Y16       BUFG (Prop_bufg_I_O)         0.091    21.179 r  design_1_i/processing_system7_0/inst/buffer_fclk_clk_0.FCLK_CLK_0_BUFG/O
                         net (fo=8992, routed)        1.718    22.897    design_1_i/ntt_axi_accelerator_0/inst/ntt_axi_accelerator_v1_0_S00_AXI_inst/s00_axi_aclk
    SLICE_X86Y140        FDRE                                         r  design_1_i/ntt_axi_accelerator_0/inst/ntt_axi_accelerator_v1_0_S00_AXI_inst/slv_reg_reg[143][16]/C
                         clock pessimism              0.129    23.026    
                         clock uncertainty           -0.302    22.724    
    SLICE_X86Y140        FDRE (Setup_fdre_C_R)       -0.524    22.200    design_1_i/ntt_axi_accelerator_0/inst/ntt_axi_accelerator_v1_0_S00_AXI_inst/slv_reg_reg[143][16]
  -------------------------------------------------------------------
                         required time                         22.200    
                         arrival time                         -16.132    
  -------------------------------------------------------------------
                         slack                                  6.068    

Slack (MET) :             6.068ns  (required time - arrival time)
  Source:                 design_1_i/rst_ps7_0_50M/U0/ACTIVE_LOW_PR_OUT_DFF[0].FDRE_PER_N/C
                            (rising edge-triggered cell FDRE clocked by clk_fpga_0  {rise@0.000ns fall@10.000ns period=20.000ns})
  Destination:            design_1_i/ntt_axi_accelerator_0/inst/ntt_axi_accelerator_v1_0_S00_AXI_inst/slv_reg_reg[143][19]/R
                            (rising edge-triggered cell FDRE clocked by clk_fpga_0  {rise@0.000ns fall@10.000ns period=20.000ns})
  Path Group:             clk_fpga_0
  Path Type:              Setup (Max at Slow Process Corner)
  Requirement:            20.000ns  (clk_fpga_0 rise@20.000ns - clk_fpga_0 rise@0.000ns)
  Data Path Delay:        13.131ns  (logic 0.642ns (4.889%)  route 12.489ns (95.111%))
  Logic Levels:           1  (LUT1=1)
  Clock Path Skew:        0.025ns (DCD - SCD + CPR)
    Destination Clock Delay (DCD):    2.897ns = ( 22.897 - 20.000 ) 
    Source Clock Delay      (SCD):    3.001ns
    Clock Pessimism Removal (CPR):    0.129ns
  Clock Uncertainty:      0.302ns  ((TSJ^2 + TIJ^2)^1/2 + DJ) / 2 + PE
    Total System Jitter     (TSJ):    0.071ns
    Total Input Jitter      (TIJ):    0.600ns
    Discrete Jitter          (DJ):    0.000ns
    Phase Error              (PE):    0.000ns

    Location             Delay type                Incr(ns)  Path(ns)    Netlist Resource(s)
  -------------------------------------------------------------------    -------------------
                         (clock clk_fpga_0 rise edge)
                                                      0.000     0.000 r  
    PS7_X0Y0             PS7                          0.000     0.000 r  design_1_i/processing_system7_0/inst/PS7_i/FCLKCLK[0]
                         net (fo=1, routed)           1.193     1.193    design_1_i/processing_system7_0/inst/FCLK_CLK_unbuffered[0]
    BUFGCTRL_X0Y16       BUFG (Prop_bufg_I_O)         0.101     1.294 r  design_1_i/processing_system7_0/inst/buffer_fclk_clk_0.FCLK_CLK_0_BUFG/O
                         net (fo=8992, routed)        1.707     3.001    design_1_i/rst_ps7_0_50M/U0/slowest_sync_clk
    SLICE_X82Y78         FDRE                                         r  design_1_i/rst_ps7_0_50M/U0/ACTIVE_LOW_PR_OUT_DFF[0].FDRE_PER_N/C
  -------------------------------------------------------------------    -------------------
    SLICE_X82Y78         FDRE (Prop_fdre_C_Q)         0.518     3.519 f  design_1_i/rst_ps7_0_50M/U0/ACTIVE_LOW_PR_OUT_DFF[0].FDRE_PER_N/Q
                         net (fo=7, routed)           1.943     5.462    design_1_i/ntt_axi_accelerator_0/inst/ntt_axi_accelerator_v1_0_S00_AXI_inst/s00_axi_aresetn
    SLICE_X32Y78         LUT1 (Prop_lut1_I0_O)        0.124     5.586 r  design_1_i/ntt_axi_accelerator_0/inst/ntt_axi_accelerator_v1_0_S00_AXI_inst/axi_awready_i_1/O
                         net (fo=8407, routed)       10.547    16.132    design_1_i/ntt_axi_accelerator_0/inst/ntt_axi_accelerator_v1_0_S00_AXI_inst/p_0_in
    SLICE_X86Y140        FDRE                                         r  design_1_i/ntt_axi_accelerator_0/inst/ntt_axi_accelerator_v1_0_S00_AXI_inst/slv_reg_reg[143][19]/R
  -------------------------------------------------------------------    -------------------

                         (clock clk_fpga_0 rise edge)
                                                     20.000    20.000 r  
    PS7_X0Y0             PS7                          0.000    20.000 r  design_1_i/processing_system7_0/inst/PS7_i/FCLKCLK[0]
                         net (fo=1, routed)           1.088    21.088    design_1_i/processing_system7_0/inst/FCLK_CLK_unbuffered[0]
    BUFGCTRL_X0Y16       BUFG (Prop_bufg_I_O)         0.091    21.179 r  design_1_i/processing_system7_0/inst/buffer_fclk_clk_0.FCLK_CLK_0_BUFG/O
                         net (fo=8992, routed)        1.718    22.897    design_1_i/ntt_axi_accelerator_0/inst/ntt_axi_accelerator_v1_0_S00_AXI_inst/s00_axi_aclk
    SLICE_X86Y140        FDRE                                         r  design_1_i/ntt_axi_accelerator_0/inst/ntt_axi_accelerator_v1_0_S00_AXI_inst/slv_reg_reg[143][19]/C
                         clock pessimism              0.129    23.026    
                         clock uncertainty           -0.302    22.724    
    SLICE_X86Y140        FDRE (Setup_fdre_C_R)       -0.524    22.200    design_1_i/ntt_axi_accelerator_0/inst/ntt_axi_accelerator_v1_0_S00_AXI_inst/slv_reg_reg[143][19]
  -------------------------------------------------------------------
                         required time                         22.200    
                         arrival time                         -16.132    
  -------------------------------------------------------------------
                         slack                                  6.068    

Slack (MET) :             6.069ns  (required time - arrival time)
  Source:                 design_1_i/rst_ps7_0_50M/U0/ACTIVE_LOW_PR_OUT_DFF[0].FDRE_PER_N/C
                            (rising edge-triggered cell FDRE clocked by clk_fpga_0  {rise@0.000ns fall@10.000ns period=20.000ns})
  Destination:            design_1_i/ntt_axi_accelerator_0/inst/ntt_axi_accelerator_v1_0_S00_AXI_inst/slv_reg_reg[146][16]/R
                            (rising edge-triggered cell FDRE clocked by clk_fpga_0  {rise@0.000ns fall@10.000ns period=20.000ns})
  Path Group:             clk_fpga_0
  Path Type:              Setup (Max at Slow Process Corner)
  Requirement:            20.000ns  (clk_fpga_0 rise@20.000ns - clk_fpga_0 rise@0.000ns)
  Data Path Delay:        13.226ns  (logic 0.642ns (4.854%)  route 12.584ns (95.146%))
  Logic Levels:           1  (LUT1=1)
  Clock Path Skew:        0.026ns (DCD - SCD + CPR)
    Destination Clock Delay (DCD):    2.898ns = ( 22.898 - 20.000 ) 
    Source Clock Delay      (SCD):    3.001ns
    Clock Pessimism Removal (CPR):    0.129ns
  Clock Uncertainty:      0.302ns  ((TSJ^2 + TIJ^2)^1/2 + DJ) / 2 + PE
    Total System Jitter     (TSJ):    0.071ns
    Total Input Jitter      (TIJ):    0.600ns
    Discrete Jitter          (DJ):    0.000ns
    Phase Error              (PE):    0.000ns

    Location             Delay type                Incr(ns)  Path(ns)    Netlist Resource(s)
  -------------------------------------------------------------------    -------------------
                         (clock clk_fpga_0 rise edge)
                                                      0.000     0.000 r  
    PS7_X0Y0             PS7                          0.000     0.000 r  design_1_i/processing_system7_0/inst/PS7_i/FCLKCLK[0]
                         net (fo=1, routed)           1.193     1.193    design_1_i/processing_system7_0/inst/FCLK_CLK_unbuffered[0]
    BUFGCTRL_X0Y16       BUFG (Prop_bufg_I_O)         0.101     1.294 r  design_1_i/processing_system7_0/inst/buffer_fclk_clk_0.FCLK_CLK_0_BUFG/O
                         net (fo=8992, routed)        1.707     3.001    design_1_i/rst_ps7_0_50M/U0/slowest_sync_clk
    SLICE_X82Y78         FDRE                                         r  design_1_i/rst_ps7_0_50M/U0/ACTIVE_LOW_PR_OUT_DFF[0].FDRE_PER_N/C
  -------------------------------------------------------------------    -------------------
    SLICE_X82Y78         FDRE (Prop_fdre_C_Q)         0.518     3.519 f  design_1_i/rst_ps7_0_50M/U0/ACTIVE_LOW_PR_OUT_DFF[0].FDRE_PER_N/Q
                         net (fo=7, routed)           1.943     5.462    design_1_i/ntt_axi_accelerator_0/inst/ntt_axi_accelerator_v1_0_S00_AXI_inst/s00_axi_aresetn
    SLICE_X32Y78         LUT1 (Prop_lut1_I0_O)        0.124     5.586 r  design_1_i/ntt_axi_accelerator_0/inst/ntt_axi_accelerator_v1_0_S00_AXI_inst/axi_awready_i_1/O
                         net (fo=8407, routed)       10.641    16.227    design_1_i/ntt_axi_accelerator_0/inst/ntt_axi_accelerator_v1_0_S00_AXI_inst/p_0_in
    SLICE_X88Y142        FDRE                                         r  design_1_i/ntt_axi_accelerator_0/inst/ntt_axi_accelerator_v1_0_S00_AXI_inst/slv_reg_reg[146][16]/R
  -------------------------------------------------------------------    -------------------

                         (clock clk_fpga_0 rise edge)
                                                     20.000    20.000 r  
    PS7_X0Y0             PS7                          0.000    20.000 r  design_1_i/processing_system7_0/inst/PS7_i/FCLKCLK[0]
                         net (fo=1, routed)           1.088    21.088    design_1_i/processing_system7_0/inst/FCLK_CLK_unbuffered[0]
    BUFGCTRL_X0Y16       BUFG (Prop_bufg_I_O)         0.091    21.179 r  design_1_i/processing_system7_0/inst/buffer_fclk_clk_0.FCLK_CLK_0_BUFG/O
                         net (fo=8992, routed)        1.719    22.898    design_1_i/ntt_axi_accelerator_0/inst/ntt_axi_accelerator_v1_0_S00_AXI_inst/s00_axi_aclk
    SLICE_X88Y142        FDRE                                         r  design_1_i/ntt_axi_accelerator_0/inst/ntt_axi_accelerator_v1_0_S00_AXI_inst/slv_reg_reg[146][16]/C
                         clock pessimism              0.129    23.027    
                         clock uncertainty           -0.302    22.725    
    SLICE_X88Y142        FDRE (Setup_fdre_C_R)       -0.429    22.296    design_1_i/ntt_axi_accelerator_0/inst/ntt_axi_accelerator_v1_0_S00_AXI_inst/slv_reg_reg[146][16]
  -------------------------------------------------------------------
                         required time                         22.296    
                         arrival time                         -16.227    
  -------------------------------------------------------------------
                         slack                                  6.069    





Min Delay Paths
--------------------------------------------------------------------------------------
Slack (MET) :             0.028ns  (arrival time - required time)
  Source:                 design_1_i/ps7_0_axi_periph/s00_couplers/auto_pc/inst/gen_axilite.gen_b2s_conv.axilite_b2s/SI_REG/aw.aw_pipe/m_payload_i_reg[58]/C
                            (rising edge-triggered cell FDRE clocked by clk_fpga_0  {rise@0.000ns fall@10.000ns period=20.000ns})
  Destination:            design_1_i/ps7_0_axi_periph/s00_couplers/auto_pc/inst/gen_axilite.gen_b2s_conv.axilite_b2s/WR.aw_channel_0/s_awid_r_reg[8]/D
                            (rising edge-triggered cell FDRE clocked by clk_fpga_0  {rise@0.000ns fall@10.000ns period=20.000ns})
  Path Group:             clk_fpga_0
  Path Type:              Hold (Min at Fast Process Corner)
  Requirement:            0.000ns  (clk_fpga_0 rise@0.000ns - clk_fpga_0 rise@0.000ns)
  Data Path Delay:        0.287ns  (logic 0.141ns (49.066%)  route 0.146ns (50.934%))
  Logic Levels:           0  
  Clock Path Skew:        0.183ns (DCD - SCD - CPR)
    Destination Clock Delay (DCD):    1.210ns
    Source Clock Delay      (SCD):    0.992ns
    Clock Pessimism Removal (CPR):    0.035ns

    Location             Delay type                Incr(ns)  Path(ns)    Netlist Resource(s)
  -------------------------------------------------------------------    -------------------
                         (clock clk_fpga_0 rise edge)
                                                      0.000     0.000 r  
    PS7_X0Y0             PS7                          0.000     0.000 r  design_1_i/processing_system7_0/inst/PS7_i/FCLKCLK[0]
                         net (fo=1, routed)           0.310     0.310    design_1_i/processing_system7_0/inst/FCLK_CLK_unbuffered[0]
    BUFGCTRL_X0Y16       BUFG (Prop_bufg_I_O)         0.026     0.336 r  design_1_i/processing_system7_0/inst/buffer_fclk_clk_0.FCLK_CLK_0_BUFG/O
                         net (fo=8992, routed)        0.656     0.992    design_1_i/ps7_0_axi_periph/s00_couplers/auto_pc/inst/gen_axilite.gen_b2s_conv.axilite_b2s/SI_REG/aw.aw_pipe/aclk
    SLICE_X27Y100        FDRE                                         r  design_1_i/ps7_0_axi_periph/s00_couplers/auto_pc/inst/gen_axilite.gen_b2s_conv.axilite_b2s/SI_REG/aw.aw_pipe/m_payload_i_reg[58]/C
  -------------------------------------------------------------------    -------------------
    SLICE_X27Y100        FDRE (Prop_fdre_C_Q)         0.141     1.133 r  design_1_i/ps7_0_axi_periph/s00_couplers/auto_pc/inst/gen_axilite.gen_b2s_conv.axilite_b2s/SI_REG/aw.aw_pipe/m_payload_i_reg[58]/Q
                         net (fo=1, routed)           0.146     1.279    design_1_i/ps7_0_axi_periph/s00_couplers/auto_pc/inst/gen_axilite.gen_b2s_conv.axilite_b2s/WR.aw_channel_0/s_awid_r_reg[11]_0[28]
    SLICE_X27Y99         FDRE                                         r  design_1_i/ps7_0_axi_periph/s00_couplers/auto_pc/inst/gen_axilite.gen_b2s_conv.axilite_b2s/WR.aw_channel_0/s_awid_r_reg[8]/D
  -------------------------------------------------------------------    -------------------

                         (clock clk_fpga_0 rise edge)
                                                      0.000     0.000 r  
    PS7_X0Y0             PS7                          0.000     0.000 r  design_1_i/processing_system7_0/inst/PS7_i/FCLKCLK[0]
                         net (fo=1, routed)           0.337     0.337    design_1_i/processing_system7_0/inst/FCLK_CLK_unbuffered[0]
    BUFGCTRL_X0Y16       BUFG (Prop_bufg_I_O)         0.029     0.366 r  design_1_i/processing_system7_0/inst/buffer_fclk_clk_0.FCLK_CLK_0_BUFG/O
                         net (fo=8992, routed)        0.844     1.210    design_1_i/ps7_0_axi_periph/s00_couplers/auto_pc/inst/gen_axilite.gen_b2s_conv.axilite_b2s/WR.aw_channel_0/aclk
    SLICE_X27Y99         FDRE                                         r  design_1_i/ps7_0_axi_periph/s00_couplers/auto_pc/inst/gen_axilite.gen_b2s_conv.axilite_b2s/WR.aw_channel_0/s_awid_r_reg[8]/C
                         clock pessimism             -0.035     1.175    
    SLICE_X27Y99         FDRE (Hold_fdre_C_D)         0.076     1.251    design_1_i/ps7_0_axi_periph/s00_couplers/auto_pc/inst/gen_axilite.gen_b2s_conv.axilite_b2s/WR.aw_channel_0/s_awid_r_reg[8]
  -------------------------------------------------------------------
                         required time                         -1.251    
                         arrival time                           1.279    
  -------------------------------------------------------------------
                         slack                                  0.028    

Slack (MET) :             0.043ns  (arrival time - required time)
  Source:                 design_1_i/ntt_axi_accelerator_0/inst/ntt_axi_accelerator_v1_0_S00_AXI_inst/axi_rdata_reg[9]/C
                            (rising edge-triggered cell FDRE clocked by clk_fpga_0  {rise@0.000ns fall@10.000ns period=20.000ns})
  Destination:            design_1_i/ps7_0_axi_periph/s00_couplers/auto_pc/inst/gen_axilite.gen_b2s_conv.axilite_b2s/RD.r_channel_0/rd_data_fifo_0/memory_reg[31][9]_srl32/D
                            (rising edge-triggered cell SRLC32E clocked by clk_fpga_0  {rise@0.000ns fall@10.000ns period=20.000ns})
  Path Group:             clk_fpga_0
  Path Type:              Hold (Min at Fast Process Corner)
  Requirement:            0.000ns  (clk_fpga_0 rise@0.000ns - clk_fpga_0 rise@0.000ns)
  Data Path Delay:        0.260ns  (logic 0.141ns (54.185%)  route 0.119ns (45.815%))
  Logic Levels:           0  
  Clock Path Skew:        0.034ns (DCD - SCD - CPR)
    Destination Clock Delay (DCD):    1.189ns
    Source Clock Delay      (SCD):    0.891ns
    Clock Pessimism Removal (CPR):    0.264ns

    Location             Delay type                Incr(ns)  Path(ns)    Netlist Resource(s)
  -------------------------------------------------------------------    -------------------
                         (clock clk_fpga_0 rise edge)
                                                      0.000     0.000 r  
    PS7_X0Y0             PS7                          0.000     0.000 r  design_1_i/processing_system7_0/inst/PS7_i/FCLKCLK[0]
                         net (fo=1, routed)           0.310     0.310    design_1_i/processing_system7_0/inst/FCLK_CLK_unbuffered[0]
    BUFGCTRL_X0Y16       BUFG (Prop_bufg_I_O)         0.026     0.336 r  design_1_i/processing_system7_0/inst/buffer_fclk_clk_0.FCLK_CLK_0_BUFG/O
                         net (fo=8992, routed)        0.555     0.891    design_1_i/ntt_axi_accelerator_0/inst/ntt_axi_accelerator_v1_0_S00_AXI_inst/s00_axi_aclk
    SLICE_X40Y90         FDRE                                         r  design_1_i/ntt_axi_accelerator_0/inst/ntt_axi_accelerator_v1_0_S00_AXI_inst/axi_rdata_reg[9]/C
  -------------------------------------------------------------------    -------------------
    SLICE_X40Y90         FDRE (Prop_fdre_C_Q)         0.141     1.032 r  design_1_i/ntt_axi_accelerator_0/inst/ntt_axi_accelerator_v1_0_S00_AXI_inst/axi_rdata_reg[9]/Q
                         net (fo=1, routed)           0.119     1.151    design_1_i/ps7_0_axi_periph/s00_couplers/auto_pc/inst/gen_axilite.gen_b2s_conv.axilite_b2s/RD.r_channel_0/rd_data_fifo_0/in[9]
    SLICE_X38Y90         SRLC32E                                      r  design_1_i/ps7_0_axi_periph/s00_couplers/auto_pc/inst/gen_axilite.gen_b2s_conv.axilite_b2s/RD.r_channel_0/rd_data_fifo_0/memory_reg[31][9]_srl32/D
  -------------------------------------------------------------------    -------------------

                         (clock clk_fpga_0 rise edge)
                                                      0.000     0.000 r  
    PS7_X0Y0             PS7                          0.000     0.000 r  design_1_i/processing_system7_0/inst/PS7_i/FCLKCLK[0]
                         net (fo=1, routed)           0.337     0.337    design_1_i/processing_system7_0/inst/FCLK_CLK_unbuffered[0]
    BUFGCTRL_X0Y16       BUFG (Prop_bufg_I_O)         0.029     0.366 r  design_1_i/processing_system7_0/inst/buffer_fclk_clk_0.FCLK_CLK_0_BUFG/O
                         net (fo=8992, routed)        0.823     1.189    design_1_i/ps7_0_axi_periph/s00_couplers/auto_pc/inst/gen_axilite.gen_b2s_conv.axilite_b2s/RD.r_channel_0/rd_data_fifo_0/aclk
    SLICE_X38Y90         SRLC32E                                      r  design_1_i/ps7_0_axi_periph/s00_couplers/auto_pc/inst/gen_axilite.gen_b2s_conv.axilite_b2s/RD.r_channel_0/rd_data_fifo_0/memory_reg[31][9]_srl32/CLK
                         clock pessimism             -0.264     0.925    
    SLICE_X38Y90         SRLC32E (Hold_srlc32e_CLK_D)
                                                      0.183     1.108    design_1_i/ps7_0_axi_periph/s00_couplers/auto_pc/inst/gen_axilite.gen_b2s_conv.axilite_b2s/RD.r_channel_0/rd_data_fifo_0/memory_reg[31][9]_srl32
  -------------------------------------------------------------------
                         required time                         -1.108    
                         arrival time                           1.151    
  -------------------------------------------------------------------
                         slack                                  0.043    

Slack (MET) :             0.056ns  (arrival time - required time)
  Source:                 design_1_i/ps7_0_axi_periph/s00_couplers/auto_pc/inst/gen_axilite.gen_b2s_conv.axilite_b2s/SI_REG/aw.aw_pipe/m_payload_i_reg[56]/C
                            (rising edge-triggered cell FDRE clocked by clk_fpga_0  {rise@0.000ns fall@10.000ns period=20.000ns})
  Destination:            design_1_i/ps7_0_axi_periph/s00_couplers/auto_pc/inst/gen_axilite.gen_b2s_conv.axilite_b2s/WR.aw_channel_0/s_awid_r_reg[6]/D
                            (rising edge-triggered cell FDRE clocked by clk_fpga_0  {rise@0.000ns fall@10.000ns period=20.000ns})
  Path Group:             clk_fpga_0
  Path Type:              Hold (Min at Fast Process Corner)
  Requirement:            0.000ns  (clk_fpga_0 rise@0.000ns - clk_fpga_0 rise@0.000ns)
  Data Path Delay:        0.314ns  (logic 0.141ns (44.852%)  route 0.173ns (55.148%))
  Logic Levels:           0  
  Clock Path Skew:        0.183ns (DCD - SCD - CPR)
    Destination Clock Delay (DCD):    1.210ns
    Source Clock Delay      (SCD):    0.992ns
    Clock Pessimism Removal (CPR):    0.035ns

    Location             Delay type                Incr(ns)  Path(ns)    Netlist Resource(s)
  -------------------------------------------------------------------    -------------------
                         (clock clk_fpga_0 rise edge)
                                                      0.000     0.000 r  
    PS7_X0Y0             PS7                          0.000     0.000 r  design_1_i/processing_system7_0/inst/PS7_i/FCLKCLK[0]
                         net (fo=1, routed)           0.310     0.310    design_1_i/processing_system7_0/inst/FCLK_CLK_unbuffered[0]
    BUFGCTRL_X0Y16       BUFG (Prop_bufg_I_O)         0.026     0.336 r  design_1_i/processing_system7_0/inst/buffer_fclk_clk_0.FCLK_CLK_0_BUFG/O
                         net (fo=8992, routed)        0.656     0.992    design_1_i/ps7_0_axi_periph/s00_couplers/auto_pc/inst/gen_axilite.gen_b2s_conv.axilite_b2s/SI_REG/aw.aw_pipe/aclk
    SLICE_X27Y100        FDRE                                         r  design_1_i/ps7_0_axi_periph/s00_couplers/auto_pc/inst/gen_axilite.gen_b2s_conv.axilite_b2s/SI_REG/aw.aw_pipe/m_payload_i_reg[56]/C
  -------------------------------------------------------------------    -------------------
    SLICE_X27Y100        FDRE (Prop_fdre_C_Q)         0.141     1.133 r  design_1_i/ps7_0_axi_periph/s00_couplers/auto_pc/inst/gen_axilite.gen_b2s_conv.axilite_b2s/SI_REG/aw.aw_pipe/m_payload_i_reg[56]/Q
                         net (fo=1, routed)           0.173     1.306    design_1_i/ps7_0_axi_periph/s00_couplers/auto_pc/inst/gen_axilite.gen_b2s_conv.axilite_b2s/WR.aw_channel_0/s_awid_r_reg[11]_0[26]
    SLICE_X27Y99         FDRE                                         r  design_1_i/ps7_0_axi_periph/s00_couplers/auto_pc/inst/gen_axilite.gen_b2s_conv.axilite_b2s/WR.aw_channel_0/s_awid_r_reg[6]/D
  -------------------------------------------------------------------    -------------------

                         (clock clk_fpga_0 rise edge)
                                                      0.000     0.000 r  
    PS7_X0Y0             PS7                          0.000     0.000 r  design_1_i/processing_system7_0/inst/PS7_i/FCLKCLK[0]
                         net (fo=1, routed)           0.337     0.337    design_1_i/processing_system7_0/inst/FCLK_CLK_unbuffered[0]
    BUFGCTRL_X0Y16       BUFG (Prop_bufg_I_O)         0.029     0.366 r  design_1_i/processing_system7_0/inst/buffer_fclk_clk_0.FCLK_CLK_0_BUFG/O
                         net (fo=8992, routed)        0.844     1.210    design_1_i/ps7_0_axi_periph/s00_couplers/auto_pc/inst/gen_axilite.gen_b2s_conv.axilite_b2s/WR.aw_channel_0/aclk
    SLICE_X27Y99         FDRE                                         r  design_1_i/ps7_0_axi_periph/s00_couplers/auto_pc/inst/gen_axilite.gen_b2s_conv.axilite_b2s/WR.aw_channel_0/s_awid_r_reg[6]/C
                         clock pessimism             -0.035     1.175    
    SLICE_X27Y99         FDRE (Hold_fdre_C_D)         0.075     1.250    design_1_i/ps7_0_axi_periph/s00_couplers/auto_pc/inst/gen_axilite.gen_b2s_conv.axilite_b2s/WR.aw_channel_0/s_awid_r_reg[6]
  -------------------------------------------------------------------
                         required time                         -1.250    
                         arrival time                           1.306    
  -------------------------------------------------------------------
                         slack                                  0.056    

Slack (MET) :             0.066ns  (arrival time - required time)
  Source:                 design_1_i/ps7_0_axi_periph/s00_couplers/auto_pc/inst/gen_axilite.gen_b2s_conv.axilite_b2s/SI_REG/aw.aw_pipe/m_payload_i_reg[61]/C
                            (rising edge-triggered cell FDRE clocked by clk_fpga_0  {rise@0.000ns fall@10.000ns period=20.000ns})
  Destination:            design_1_i/ps7_0_axi_periph/s00_couplers/auto_pc/inst/gen_axilite.gen_b2s_conv.axilite_b2s/WR.aw_channel_0/s_awid_r_reg[11]/D
                            (rising edge-triggered cell FDRE clocked by clk_fpga_0  {rise@0.000ns fall@10.000ns period=20.000ns})
  Path Group:             clk_fpga_0
  Path Type:              Hold (Min at Fast Process Corner)
  Requirement:            0.000ns  (clk_fpga_0 rise@0.000ns - clk_fpga_0 rise@0.000ns)
  Data Path Delay:        0.243ns  (logic 0.128ns (52.694%)  route 0.115ns (47.306%))
  Logic Levels:           0  
  Clock Path Skew:        0.183ns (DCD - SCD - CPR)
    Destination Clock Delay (DCD):    1.210ns
    Source Clock Delay      (SCD):    0.992ns
    Clock Pessimism Removal (CPR):    0.035ns

    Location             Delay type                Incr(ns)  Path(ns)    Netlist Resource(s)
  -------------------------------------------------------------------    -------------------
                         (clock clk_fpga_0 rise edge)
                                                      0.000     0.000 r  
    PS7_X0Y0             PS7                          0.000     0.000 r  design_1_i/processing_system7_0/inst/PS7_i/FCLKCLK[0]
                         net (fo=1, routed)           0.310     0.310    design_1_i/processing_system7_0/inst/FCLK_CLK_unbuffered[0]
    BUFGCTRL_X0Y16       BUFG (Prop_bufg_I_O)         0.026     0.336 r  design_1_i/processing_system7_0/inst/buffer_fclk_clk_0.FCLK_CLK_0_BUFG/O
                         net (fo=8992, routed)        0.656     0.992    design_1_i/ps7_0_axi_periph/s00_couplers/auto_pc/inst/gen_axilite.gen_b2s_conv.axilite_b2s/SI_REG/aw.aw_pipe/aclk
    SLICE_X27Y100        FDRE                                         r  design_1_i/ps7_0_axi_periph/s00_couplers/auto_pc/inst/gen_axilite.gen_b2s_conv.axilite_b2s/SI_REG/aw.aw_pipe/m_payload_i_reg[61]/C
  -------------------------------------------------------------------    -------------------
    SLICE_X27Y100        FDRE (Prop_fdre_C_Q)         0.128     1.120 r  design_1_i/ps7_0_axi_periph/s00_couplers/auto_pc/inst/gen_axilite.gen_b2s_conv.axilite_b2s/SI_REG/aw.aw_pipe/m_payload_i_reg[61]/Q
                         net (fo=1, routed)           0.115     1.235    design_1_i/ps7_0_axi_periph/s00_couplers/auto_pc/inst/gen_axilite.gen_b2s_conv.axilite_b2s/WR.aw_channel_0/s_awid_r_reg[11]_0[31]
    SLICE_X27Y99         FDRE                                         r  design_1_i/ps7_0_axi_periph/s00_couplers/auto_pc/inst/gen_axilite.gen_b2s_conv.axilite_b2s/WR.aw_channel_0/s_awid_r_reg[11]/D
  -------------------------------------------------------------------    -------------------

                         (clock clk_fpga_0 rise edge)
                                                      0.000     0.000 r  
    PS7_X0Y0             PS7                          0.000     0.000 r  design_1_i/processing_system7_0/inst/PS7_i/FCLKCLK[0]
                         net (fo=1, routed)           0.337     0.337    design_1_i/processing_system7_0/inst/FCLK_CLK_unbuffered[0]
    BUFGCTRL_X0Y16       BUFG (Prop_bufg_I_O)         0.029     0.366 r  design_1_i/processing_system7_0/inst/buffer_fclk_clk_0.FCLK_CLK_0_BUFG/O
                         net (fo=8992, routed)        0.844     1.210    design_1_i/ps7_0_axi_periph/s00_couplers/auto_pc/inst/gen_axilite.gen_b2s_conv.axilite_b2s/WR.aw_channel_0/aclk
    SLICE_X27Y99         FDRE                                         r  design_1_i/ps7_0_axi_periph/s00_couplers/auto_pc/inst/gen_axilite.gen_b2s_conv.axilite_b2s/WR.aw_channel_0/s_awid_r_reg[11]/C
                         clock pessimism             -0.035     1.175    
    SLICE_X27Y99         FDRE (Hold_fdre_C_D)        -0.006     1.169    design_1_i/ps7_0_axi_periph/s00_couplers/auto_pc/inst/gen_axilite.gen_b2s_conv.axilite_b2s/WR.aw_channel_0/s_awid_r_reg[11]
  -------------------------------------------------------------------
                         required time                         -1.169    
                         arrival time                           1.235    
  -------------------------------------------------------------------
                         slack                                  0.066    

Slack (MET) :             0.096ns  (arrival time - required time)
  Source:                 design_1_i/ps7_0_axi_periph/s00_couplers/auto_pc/inst/gen_axilite.gen_b2s_conv.axilite_b2s/WR.aw_channel_0/s_awid_r_reg[7]/C
                            (rising edge-triggered cell FDRE clocked by clk_fpga_0  {rise@0.000ns fall@10.000ns period=20.000ns})
  Destination:            design_1_i/ps7_0_axi_periph/s00_couplers/auto_pc/inst/gen_axilite.gen_b2s_conv.axilite_b2s/WR.b_channel_0/bid_fifo_0/memory_reg[3][15]_srl4/D
                            (rising edge-triggered cell SRL16E clocked by clk_fpga_0  {rise@0.000ns fall@10.000ns period=20.000ns})
  Path Group:             clk_fpga_0
  Path Type:              Hold (Min at Fast Process Corner)
  Requirement:            0.000ns  (clk_fpga_0 rise@0.000ns - clk_fpga_0 rise@0.000ns)
  Data Path Delay:        0.242ns  (logic 0.128ns (52.946%)  route 0.114ns (47.054%))
  Logic Levels:           0  
  Clock Path Skew:        0.016ns (DCD - SCD - CPR)
    Destination Clock Delay (DCD):    1.210ns
    Source Clock Delay      (SCD):    0.910ns
    Clock Pessimism Removal (CPR):    0.284ns

    Location             Delay type                Incr(ns)  Path(ns)    Netlist Resource(s)
  -------------------------------------------------------------------    -------------------
                         (clock clk_fpga_0 rise edge)
                                                      0.000     0.000 r  
    PS7_X0Y0             PS7                          0.000     0.000 r  design_1_i/processing_system7_0/inst/PS7_i/FCLKCLK[0]
                         net (fo=1, routed)           0.310     0.310    design_1_i/processing_system7_0/inst/FCLK_CLK_unbuffered[0]
    BUFGCTRL_X0Y16       BUFG (Prop_bufg_I_O)         0.026     0.336 r  design_1_i/processing_system7_0/inst/buffer_fclk_clk_0.FCLK_CLK_0_BUFG/O
                         net (fo=8992, routed)        0.574     0.910    design_1_i/ps7_0_axi_periph/s00_couplers/auto_pc/inst/gen_axilite.gen_b2s_conv.axilite_b2s/WR.aw_channel_0/aclk
    SLICE_X27Y99         FDRE                                         r  design_1_i/ps7_0_axi_periph/s00_couplers/auto_pc/inst/gen_axilite.gen_b2s_conv.axilite_b2s/WR.aw_channel_0/s_awid_r_reg[7]/C
  -------------------------------------------------------------------    -------------------
    SLICE_X27Y99         FDRE (Prop_fdre_C_Q)         0.128     1.038 r  design_1_i/ps7_0_axi_periph/s00_couplers/auto_pc/inst/gen_axilite.gen_b2s_conv.axilite_b2s/WR.aw_channel_0/s_awid_r_reg[7]/Q
                         net (fo=1, routed)           0.114     1.151    design_1_i/ps7_0_axi_periph/s00_couplers/auto_pc/inst/gen_axilite.gen_b2s_conv.axilite_b2s/WR.b_channel_0/bid_fifo_0/in[11]
    SLICE_X26Y98         SRL16E                                       r  design_1_i/ps7_0_axi_periph/s00_couplers/auto_pc/inst/gen_axilite.gen_b2s_conv.axilite_b2s/WR.b_channel_0/bid_fifo_0/memory_reg[3][15]_srl4/D
  -------------------------------------------------------------------    -------------------

                         (clock clk_fpga_0 rise edge)
                                                      0.000     0.000 r  
    PS7_X0Y0             PS7                          0.000     0.000 r  design_1_i/processing_system7_0/inst/PS7_i/FCLKCLK[0]
                         net (fo=1, routed)           0.337     0.337    design_1_i/processing_system7_0/inst/FCLK_CLK_unbuffered[0]
    BUFGCTRL_X0Y16       BUFG (Prop_bufg_I_O)         0.029     0.366 r  design_1_i/processing_system7_0/inst/buffer_fclk_clk_0.FCLK_CLK_0_BUFG/O
                         net (fo=8992, routed)        0.844     1.210    design_1_i/ps7_0_axi_periph/s00_couplers/auto_pc/inst/gen_axilite.gen_b2s_conv.axilite_b2s/WR.b_channel_0/bid_fifo_0/aclk
    SLICE_X26Y98         SRL16E                                       r  design_1_i/ps7_0_axi_periph/s00_couplers/auto_pc/inst/gen_axilite.gen_b2s_conv.axilite_b2s/WR.b_channel_0/bid_fifo_0/memory_reg[3][15]_srl4/CLK
                         clock pessimism             -0.284     0.926    
    SLICE_X26Y98         SRL16E (Hold_srl16e_CLK_D)
                                                      0.130     1.056    design_1_i/ps7_0_axi_periph/s00_couplers/auto_pc/inst/gen_axilite.gen_b2s_conv.axilite_b2s/WR.b_channel_0/bid_fifo_0/memory_reg[3][15]_srl4
  -------------------------------------------------------------------
                         required time                         -1.056    
                         arrival time                           1.151    
  -------------------------------------------------------------------
                         slack                                  0.096    

Slack (MET) :             0.106ns  (arrival time - required time)
  Source:                 design_1_i/ps7_0_axi_periph/s00_couplers/auto_pc/inst/gen_axilite.gen_b2s_conv.axilite_b2s/SI_REG/aw.aw_pipe/m_payload_i_reg[57]/C
                            (rising edge-triggered cell FDRE clocked by clk_fpga_0  {rise@0.000ns fall@10.000ns period=20.000ns})
  Destination:            design_1_i/ps7_0_axi_periph/s00_couplers/auto_pc/inst/gen_axilite.gen_b2s_conv.axilite_b2s/WR.aw_channel_0/s_awid_r_reg[7]/D
                            (rising edge-triggered cell FDRE clocked by clk_fpga_0  {rise@0.000ns fall@10.000ns period=20.000ns})
  Path Group:             clk_fpga_0
  Path Type:              Hold (Min at Fast Process Corner)
  Requirement:            0.000ns  (clk_fpga_0 rise@0.000ns - clk_fpga_0 rise@0.000ns)
  Data Path Delay:        0.306ns  (logic 0.128ns (41.786%)  route 0.178ns (58.214%))
  Logic Levels:           0  
  Clock Path Skew:        0.183ns (DCD - SCD - CPR)
    Destination Clock Delay (DCD):    1.210ns
    Source Clock Delay      (SCD):    0.992ns
    Clock Pessimism Removal (CPR):    0.035ns

    Location             Delay type                Incr(ns)  Path(ns)    Netlist Resource(s)
  -------------------------------------------------------------------    -------------------
                         (clock clk_fpga_0 rise edge)
                                                      0.000     0.000 r  
    PS7_X0Y0             PS7                          0.000     0.000 r  design_1_i/processing_system7_0/inst/PS7_i/FCLKCLK[0]
                         net (fo=1, routed)           0.310     0.310    design_1_i/processing_system7_0/inst/FCLK_CLK_unbuffered[0]
    BUFGCTRL_X0Y16       BUFG (Prop_bufg_I_O)         0.026     0.336 r  design_1_i/processing_system7_0/inst/buffer_fclk_clk_0.FCLK_CLK_0_BUFG/O
                         net (fo=8992, routed)        0.656     0.992    design_1_i/ps7_0_axi_periph/s00_couplers/auto_pc/inst/gen_axilite.gen_b2s_conv.axilite_b2s/SI_REG/aw.aw_pipe/aclk
    SLICE_X27Y100        FDRE                                         r  design_1_i/ps7_0_axi_periph/s00_couplers/auto_pc/inst/gen_axilite.gen_b2s_conv.axilite_b2s/SI_REG/aw.aw_pipe/m_payload_i_reg[57]/C
  -------------------------------------------------------------------    -------------------
    SLICE_X27Y100        FDRE (Prop_fdre_C_Q)         0.128     1.120 r  design_1_i/ps7_0_axi_periph/s00_couplers/auto_pc/inst/gen_axilite.gen_b2s_conv.axilite_b2s/SI_REG/aw.aw_pipe/m_payload_i_reg[57]/Q
                         net (fo=1, routed)           0.178     1.298    design_1_i/ps7_0_axi_periph/s00_couplers/auto_pc/inst/gen_axilite.gen_b2s_conv.axilite_b2s/WR.aw_channel_0/s_awid_r_reg[11]_0[27]
    SLICE_X27Y99         FDRE                                         r  design_1_i/ps7_0_axi_periph/s00_couplers/auto_pc/inst/gen_axilite.gen_b2s_conv.axilite_b2s/WR.aw_channel_0/s_awid_r_reg[7]/D
  -------------------------------------------------------------------    -------------------

                         (clock clk_fpga_0 rise edge)
                                                      0.000     0.000 r  
    PS7_X0Y0             PS7                          0.000     0.000 r  design_1_i/processing_system7_0/inst/PS7_i/FCLKCLK[0]
                         net (fo=1, routed)           0.337     0.337    design_1_i/processing_system7_0/inst/FCLK_CLK_unbuffered[0]
    BUFGCTRL_X0Y16       BUFG (Prop_bufg_I_O)         0.029     0.366 r  design_1_i/processing_system7_0/inst/buffer_fclk_clk_0.FCLK_CLK_0_BUFG/O
                         net (fo=8992, routed)        0.844     1.210    design_1_i/ps7_0_axi_periph/s00_couplers/auto_pc/inst/gen_axilite.gen_b2s_conv.axilite_b2s/WR.aw_channel_0/aclk
    SLICE_X27Y99         FDRE                                         r  design_1_i/ps7_0_axi_periph/s00_couplers/auto_pc/inst/gen_axilite.gen_b2s_conv.axilite_b2s/WR.aw_channel_0/s_awid_r_reg[7]/C
                         clock pessimism             -0.035     1.175    
    SLICE_X27Y99         FDRE (Hold_fdre_C_D)         0.017     1.192    design_1_i/ps7_0_axi_periph/s00_couplers/auto_pc/inst/gen_axilite.gen_b2s_conv.axilite_b2s/WR.aw_channel_0/s_awid_r_reg[7]
  -------------------------------------------------------------------
                         required time                         -1.192    
                         arrival time                           1.298    
  -------------------------------------------------------------------
                         slack                                  0.106    

Slack (MET) :             0.109ns  (arrival time - required time)
  Source:                 design_1_i/ntt_axi_accelerator_0/inst/ntt_axi_accelerator_v1_0_S00_AXI_inst/axi_rdata_reg[10]/C
                            (rising edge-triggered cell FDRE clocked by clk_fpga_0  {rise@0.000ns fall@10.000ns period=20.000ns})
  Destination:            design_1_i/ps7_0_axi_periph/s00_couplers/auto_pc/inst/gen_axilite.gen_b2s_conv.axilite_b2s/RD.r_channel_0/rd_data_fifo_0/memory_reg[31][10]_srl32/D
                            (rising edge-triggered cell SRLC32E clocked by clk_fpga_0  {rise@0.000ns fall@10.000ns period=20.000ns})
  Path Group:             clk_fpga_0
  Path Type:              Hold (Min at Fast Process Corner)
  Requirement:            0.000ns  (clk_fpga_0 rise@0.000ns - clk_fpga_0 rise@0.000ns)
  Data Path Delay:        0.260ns  (logic 0.141ns (54.227%)  route 0.119ns (45.772%))
  Logic Levels:           0  
  Clock Path Skew:        0.034ns (DCD - SCD - CPR)
    Destination Clock Delay (DCD):    1.189ns
    Source Clock Delay      (SCD):    0.891ns
    Clock Pessimism Removal (CPR):    0.264ns

    Location             Delay type                Incr(ns)  Path(ns)    Netlist Resource(s)
  -------------------------------------------------------------------    -------------------
                         (clock clk_fpga_0 rise edge)
                                                      0.000     0.000 r  
    PS7_X0Y0             PS7                          0.000     0.000 r  design_1_i/processing_system7_0/inst/PS7_i/FCLKCLK[0]
                         net (fo=1, routed)           0.310     0.310    design_1_i/processing_system7_0/inst/FCLK_CLK_unbuffered[0]
    BUFGCTRL_X0Y16       BUFG (Prop_bufg_I_O)         0.026     0.336 r  design_1_i/processing_system7_0/inst/buffer_fclk_clk_0.FCLK_CLK_0_BUFG/O
                         net (fo=8992, routed)        0.555     0.891    design_1_i/ntt_axi_accelerator_0/inst/ntt_axi_accelerator_v1_0_S00_AXI_inst/s00_axi_aclk
    SLICE_X40Y90         FDRE                                         r  design_1_i/ntt_axi_accelerator_0/inst/ntt_axi_accelerator_v1_0_S00_AXI_inst/axi_rdata_reg[10]/C
  -------------------------------------------------------------------    -------------------
    SLICE_X40Y90         FDRE (Prop_fdre_C_Q)         0.141     1.032 r  design_1_i/ntt_axi_accelerator_0/inst/ntt_axi_accelerator_v1_0_S00_AXI_inst/axi_rdata_reg[10]/Q
                         net (fo=1, routed)           0.119     1.151    design_1_i/ps7_0_axi_periph/s00_couplers/auto_pc/inst/gen_axilite.gen_b2s_conv.axilite_b2s/RD.r_channel_0/rd_data_fifo_0/in[10]
    SLICE_X38Y90         SRLC32E                                      r  design_1_i/ps7_0_axi_periph/s00_couplers/auto_pc/inst/gen_axilite.gen_b2s_conv.axilite_b2s/RD.r_channel_0/rd_data_fifo_0/memory_reg[31][10]_srl32/D
  -------------------------------------------------------------------    -------------------

                         (clock clk_fpga_0 rise edge)
                                                      0.000     0.000 r  
    PS7_X0Y0             PS7                          0.000     0.000 r  design_1_i/processing_system7_0/inst/PS7_i/FCLKCLK[0]
                         net (fo=1, routed)           0.337     0.337    design_1_i/processing_system7_0/inst/FCLK_CLK_unbuffered[0]
    BUFGCTRL_X0Y16       BUFG (Prop_bufg_I_O)         0.029     0.366 r  design_1_i/processing_system7_0/inst/buffer_fclk_clk_0.FCLK_CLK_0_BUFG/O
                         net (fo=8992, routed)        0.823     1.189    design_1_i/ps7_0_axi_periph/s00_couplers/auto_pc/inst/gen_axilite.gen_b2s_conv.axilite_b2s/RD.r_channel_0/rd_data_fifo_0/aclk
    SLICE_X38Y90         SRLC32E                                      r  design_1_i/ps7_0_axi_periph/s00_couplers/auto_pc/inst/gen_axilite.gen_b2s_conv.axilite_b2s/RD.r_channel_0/rd_data_fifo_0/memory_reg[31][10]_srl32/CLK
                         clock pessimism             -0.264     0.925    
    SLICE_X38Y90         SRLC32E (Hold_srlc32e_CLK_D)
                                                      0.117     1.042    design_1_i/ps7_0_axi_periph/s00_couplers/auto_pc/inst/gen_axilite.gen_b2s_conv.axilite_b2s/RD.r_channel_0/rd_data_fifo_0/memory_reg[31][10]_srl32
  -------------------------------------------------------------------
                         required time                         -1.042    
                         arrival time                           1.151    
  -------------------------------------------------------------------
                         slack                                  0.109    

Slack (MET) :             0.118ns  (arrival time - required time)
  Source:                 design_1_i/ps7_0_axi_periph/s00_couplers/auto_pc/inst/gen_axilite.gen_b2s_conv.axilite_b2s/SI_REG/aw.aw_pipe/m_payload_i_reg[54]/C
                            (rising edge-triggered cell FDRE clocked by clk_fpga_0  {rise@0.000ns fall@10.000ns period=20.000ns})
  Destination:            design_1_i/ps7_0_axi_periph/s00_couplers/auto_pc/inst/gen_axilite.gen_b2s_conv.axilite_b2s/WR.aw_channel_0/s_awid_r_reg[4]/D
                            (rising edge-triggered cell FDRE clocked by clk_fpga_0  {rise@0.000ns fall@10.000ns period=20.000ns})
  Path Group:             clk_fpga_0
  Path Type:              Hold (Min at Fast Process Corner)
  Requirement:            0.000ns  (clk_fpga_0 rise@0.000ns - clk_fpga_0 rise@0.000ns)
  Data Path Delay:        0.344ns  (logic 0.141ns (40.935%)  route 0.203ns (59.065%))
  Logic Levels:           0  
  Clock Path Skew:        0.180ns (DCD - SCD - CPR)
    Destination Clock Delay (DCD):    1.210ns
    Source Clock Delay      (SCD):    0.995ns
    Clock Pessimism Removal (CPR):    0.035ns

    Location             Delay type                Incr(ns)  Path(ns)    Netlist Resource(s)
  -------------------------------------------------------------------    -------------------
                         (clock clk_fpga_0 rise edge)
                                                      0.000     0.000 r  
    PS7_X0Y0             PS7                          0.000     0.000 r  design_1_i/processing_system7_0/inst/PS7_i/FCLKCLK[0]
                         net (fo=1, routed)           0.310     0.310    design_1_i/processing_system7_0/inst/FCLK_CLK_unbuffered[0]
    BUFGCTRL_X0Y16       BUFG (Prop_bufg_I_O)         0.026     0.336 r  design_1_i/processing_system7_0/inst/buffer_fclk_clk_0.FCLK_CLK_0_BUFG/O
                         net (fo=8992, routed)        0.659     0.995    design_1_i/ps7_0_axi_periph/s00_couplers/auto_pc/inst/gen_axilite.gen_b2s_conv.axilite_b2s/SI_REG/aw.aw_pipe/aclk
    SLICE_X28Y100        FDRE                                         r  design_1_i/ps7_0_axi_periph/s00_couplers/auto_pc/inst/gen_axilite.gen_b2s_conv.axilite_b2s/SI_REG/aw.aw_pipe/m_payload_i_reg[54]/C
  -------------------------------------------------------------------    -------------------
    SLICE_X28Y100        FDRE (Prop_fdre_C_Q)         0.141     1.136 r  design_1_i/ps7_0_axi_periph/s00_couplers/auto_pc/inst/gen_axilite.gen_b2s_conv.axilite_b2s/SI_REG/aw.aw_pipe/m_payload_i_reg[54]/Q
                         net (fo=1, routed)           0.203     1.339    design_1_i/ps7_0_axi_periph/s00_couplers/auto_pc/inst/gen_axilite.gen_b2s_conv.axilite_b2s/WR.aw_channel_0/s_awid_r_reg[11]_0[24]
    SLICE_X27Y99         FDRE                                         r  design_1_i/ps7_0_axi_periph/s00_couplers/auto_pc/inst/gen_axilite.gen_b2s_conv.axilite_b2s/WR.aw_channel_0/s_awid_r_reg[4]/D
  -------------------------------------------------------------------    -------------------

                         (clock clk_fpga_0 rise edge)
                                                      0.000     0.000 r  
    PS7_X0Y0             PS7                          0.000     0.000 r  design_1_i/processing_system7_0/inst/PS7_i/FCLKCLK[0]
                         net (fo=1, routed)           0.337     0.337    design_1_i/processing_system7_0/inst/FCLK_CLK_unbuffered[0]
    BUFGCTRL_X0Y16       BUFG (Prop_bufg_I_O)         0.029     0.366 r  design_1_i/processing_system7_0/inst/buffer_fclk_clk_0.FCLK_CLK_0_BUFG/O
                         net (fo=8992, routed)        0.844     1.210    design_1_i/ps7_0_axi_periph/s00_couplers/auto_pc/inst/gen_axilite.gen_b2s_conv.axilite_b2s/WR.aw_channel_0/aclk
    SLICE_X27Y99         FDRE                                         r  design_1_i/ps7_0_axi_periph/s00_couplers/auto_pc/inst/gen_axilite.gen_b2s_conv.axilite_b2s/WR.aw_channel_0/s_awid_r_reg[4]/C
                         clock pessimism             -0.035     1.175    
    SLICE_X27Y99         FDRE (Hold_fdre_C_D)         0.047     1.222    design_1_i/ps7_0_axi_periph/s00_couplers/auto_pc/inst/gen_axilite.gen_b2s_conv.axilite_b2s/WR.aw_channel_0/s_awid_r_reg[4]
  -------------------------------------------------------------------
                         required time                         -1.222    
                         arrival time                           1.339    
  -------------------------------------------------------------------
                         slack                                  0.118    

Slack (MET) :             0.118ns  (arrival time - required time)
  Source:                 design_1_i/ps7_0_axi_periph/s00_couplers/auto_pc/inst/gen_axilite.gen_b2s_conv.axilite_b2s/WR.aw_channel_0/s_awid_r_reg[9]/C
                            (rising edge-triggered cell FDRE clocked by clk_fpga_0  {rise@0.000ns fall@10.000ns period=20.000ns})
  Destination:            design_1_i/ps7_0_axi_periph/s00_couplers/auto_pc/inst/gen_axilite.gen_b2s_conv.axilite_b2s/WR.b_channel_0/bid_fifo_0/memory_reg[3][17]_srl4/D
                            (rising edge-triggered cell SRL16E clocked by clk_fpga_0  {rise@0.000ns fall@10.000ns period=20.000ns})
  Path Group:             clk_fpga_0
  Path Type:              Hold (Min at Fast Process Corner)
  Requirement:            0.000ns  (clk_fpga_0 rise@0.000ns - clk_fpga_0 rise@0.000ns)
  Data Path Delay:        0.187ns  (logic 0.128ns (68.470%)  route 0.059ns (31.530%))
  Logic Levels:           0  
  Clock Path Skew:        0.013ns (DCD - SCD - CPR)
    Destination Clock Delay (DCD):    1.210ns
    Source Clock Delay      (SCD):    0.910ns
    Clock Pessimism Removal (CPR):    0.287ns

    Location             Delay type                Incr(ns)  Path(ns)    Netlist Resource(s)
  -------------------------------------------------------------------    -------------------
                         (clock clk_fpga_0 rise edge)
                                                      0.000     0.000 r  
    PS7_X0Y0             PS7                          0.000     0.000 r  design_1_i/processing_system7_0/inst/PS7_i/FCLKCLK[0]
                         net (fo=1, routed)           0.310     0.310    design_1_i/processing_system7_0/inst/FCLK_CLK_unbuffered[0]
    BUFGCTRL_X0Y16       BUFG (Prop_bufg_I_O)         0.026     0.336 r  design_1_i/processing_system7_0/inst/buffer_fclk_clk_0.FCLK_CLK_0_BUFG/O
                         net (fo=8992, routed)        0.574     0.910    design_1_i/ps7_0_axi_periph/s00_couplers/auto_pc/inst/gen_axilite.gen_b2s_conv.axilite_b2s/WR.aw_channel_0/aclk
    SLICE_X27Y99         FDRE                                         r  design_1_i/ps7_0_axi_periph/s00_couplers/auto_pc/inst/gen_axilite.gen_b2s_conv.axilite_b2s/WR.aw_channel_0/s_awid_r_reg[9]/C
  -------------------------------------------------------------------    -------------------
    SLICE_X27Y99         FDRE (Prop_fdre_C_Q)         0.128     1.038 r  design_1_i/ps7_0_axi_periph/s00_couplers/auto_pc/inst/gen_axilite.gen_b2s_conv.axilite_b2s/WR.aw_channel_0/s_awid_r_reg[9]/Q
                         net (fo=1, routed)           0.059     1.097    design_1_i/ps7_0_axi_periph/s00_couplers/auto_pc/inst/gen_axilite.gen_b2s_conv.axilite_b2s/WR.b_channel_0/bid_fifo_0/in[13]
    SLICE_X26Y99         SRL16E                                       r  design_1_i/ps7_0_axi_periph/s00_couplers/auto_pc/inst/gen_axilite.gen_b2s_conv.axilite_b2s/WR.b_channel_0/bid_fifo_0/memory_reg[3][17]_srl4/D
  -------------------------------------------------------------------    -------------------

                         (clock clk_fpga_0 rise edge)
                                                      0.000     0.000 r  
    PS7_X0Y0             PS7                          0.000     0.000 r  design_1_i/processing_system7_0/inst/PS7_i/FCLKCLK[0]
                         net (fo=1, routed)           0.337     0.337    design_1_i/processing_system7_0/inst/FCLK_CLK_unbuffered[0]
    BUFGCTRL_X0Y16       BUFG (Prop_bufg_I_O)         0.029     0.366 r  design_1_i/processing_system7_0/inst/buffer_fclk_clk_0.FCLK_CLK_0_BUFG/O
                         net (fo=8992, routed)        0.844     1.210    design_1_i/ps7_0_axi_periph/s00_couplers/auto_pc/inst/gen_axilite.gen_b2s_conv.axilite_b2s/WR.b_channel_0/bid_fifo_0/aclk
    SLICE_X26Y99         SRL16E                                       r  design_1_i/ps7_0_axi_periph/s00_couplers/auto_pc/inst/gen_axilite.gen_b2s_conv.axilite_b2s/WR.b_channel_0/bid_fifo_0/memory_reg[3][17]_srl4/CLK
                         clock pessimism             -0.287     0.923    
    SLICE_X26Y99         SRL16E (Hold_srl16e_CLK_D)
                                                      0.056     0.979    design_1_i/ps7_0_axi_periph/s00_couplers/auto_pc/inst/gen_axilite.gen_b2s_conv.axilite_b2s/WR.b_channel_0/bid_fifo_0/memory_reg[3][17]_srl4
  -------------------------------------------------------------------
                         required time                         -0.979    
                         arrival time                           1.097    
  -------------------------------------------------------------------
                         slack                                  0.118    

Slack (MET) :             0.120ns  (arrival time - required time)
  Source:                 design_1_i/ps7_0_axi_periph/s00_couplers/auto_pc/inst/gen_axilite.gen_b2s_conv.axilite_b2s/RD.r_channel_0/r_arid_r_reg[0]/C
                            (rising edge-triggered cell FDRE clocked by clk_fpga_0  {rise@0.000ns fall@10.000ns period=20.000ns})
  Destination:            design_1_i/ps7_0_axi_periph/s00_couplers/auto_pc/inst/gen_axilite.gen_b2s_conv.axilite_b2s/RD.r_channel_0/transaction_fifo_0/memory_reg[31][1]_srl32/D
                            (rising edge-triggered cell SRLC32E clocked by clk_fpga_0  {rise@0.000ns fall@10.000ns period=20.000ns})
  Path Group:             clk_fpga_0
  Path Type:              Hold (Min at Fast Process Corner)
  Requirement:            0.000ns  (clk_fpga_0 rise@0.000ns - clk_fpga_0 rise@0.000ns)
  Data Path Delay:        0.251ns  (logic 0.141ns (56.174%)  route 0.110ns (43.826%))
  Logic Levels:           0  
  Clock Path Skew:        0.016ns (DCD - SCD - CPR)
    Destination Clock Delay (DCD):    1.208ns
    Source Clock Delay      (SCD):    0.908ns
    Clock Pessimism Removal (CPR):    0.284ns

    Location             Delay type                Incr(ns)  Path(ns)    Netlist Resource(s)
  -------------------------------------------------------------------    -------------------
                         (clock clk_fpga_0 rise edge)
                                                      0.000     0.000 r  
    PS7_X0Y0             PS7                          0.000     0.000 r  design_1_i/processing_system7_0/inst/PS7_i/FCLKCLK[0]
                         net (fo=1, routed)           0.310     0.310    design_1_i/processing_system7_0/inst/FCLK_CLK_unbuffered[0]
    BUFGCTRL_X0Y16       BUFG (Prop_bufg_I_O)         0.026     0.336 r  design_1_i/processing_system7_0/inst/buffer_fclk_clk_0.FCLK_CLK_0_BUFG/O
                         net (fo=8992, routed)        0.572     0.908    design_1_i/ps7_0_axi_periph/s00_couplers/auto_pc/inst/gen_axilite.gen_b2s_conv.axilite_b2s/RD.r_channel_0/aclk
    SLICE_X27Y90         FDRE                                         r  design_1_i/ps7_0_axi_periph/s00_couplers/auto_pc/inst/gen_axilite.gen_b2s_conv.axilite_b2s/RD.r_channel_0/r_arid_r_reg[0]/C
  -------------------------------------------------------------------    -------------------
    SLICE_X27Y90         FDRE (Prop_fdre_C_Q)         0.141     1.049 r  design_1_i/ps7_0_axi_periph/s00_couplers/auto_pc/inst/gen_axilite.gen_b2s_conv.axilite_b2s/RD.r_channel_0/r_arid_r_reg[0]/Q
                         net (fo=1, routed)           0.110     1.159    design_1_i/ps7_0_axi_periph/s00_couplers/auto_pc/inst/gen_axilite.gen_b2s_conv.axilite_b2s/RD.r_channel_0/transaction_fifo_0/in[1]
    SLICE_X26Y91         SRLC32E                                      r  design_1_i/ps7_0_axi_periph/s00_couplers/auto_pc/inst/gen_axilite.gen_b2s_conv.axilite_b2s/RD.r_channel_0/transaction_fifo_0/memory_reg[31][1]_srl32/D
  -------------------------------------------------------------------    -------------------

                         (clock clk_fpga_0 rise edge)
                                                      0.000     0.000 r  
    PS7_X0Y0             PS7                          0.000     0.000 r  design_1_i/processing_system7_0/inst/PS7_i/FCLKCLK[0]
                         net (fo=1, routed)           0.337     0.337    design_1_i/processing_system7_0/inst/FCLK_CLK_unbuffered[0]
    BUFGCTRL_X0Y16       BUFG (Prop_bufg_I_O)         0.029     0.366 r  design_1_i/processing_system7_0/inst/buffer_fclk_clk_0.FCLK_CLK_0_BUFG/O
                         net (fo=8992, routed)        0.842     1.208    design_1_i/ps7_0_axi_periph/s00_couplers/auto_pc/inst/gen_axilite.gen_b2s_conv.axilite_b2s/RD.r_channel_0/transaction_fifo_0/aclk
    SLICE_X26Y91         SRLC32E                                      r  design_1_i/ps7_0_axi_periph/s00_couplers/auto_pc/inst/gen_axilite.gen_b2s_conv.axilite_b2s/RD.r_channel_0/transaction_fifo_0/memory_reg[31][1]_srl32/CLK
                         clock pessimism             -0.284     0.924    
    SLICE_X26Y91         SRLC32E (Hold_srlc32e_CLK_D)
                                                      0.115     1.039    design_1_i/ps7_0_axi_periph/s00_couplers/auto_pc/inst/gen_axilite.gen_b2s_conv.axilite_b2s/RD.r_channel_0/transaction_fifo_0/memory_reg[31][1]_srl32
  -------------------------------------------------------------------
                         required time                         -1.039    
                         arrival time                           1.159    
  -------------------------------------------------------------------
                         slack                                  0.120    





Pulse Width Checks
--------------------------------------------------------------------------------------
Clock Name:         clk_fpga_0
Waveform(ns):       { 0.000 10.000 }
Period(ns):         20.000
Sources:            { design_1_i/processing_system7_0/inst/PS7_i/FCLKCLK[0] }

Check Type        Corner  Lib Pin      Reference Pin  Required(ns)  Actual(ns)  Slack(ns)  Location        Pin
Min Period        n/a     BUFG/I       n/a            2.155         20.000      17.845     BUFGCTRL_X0Y16  design_1_i/processing_system7_0/inst/buffer_fclk_clk_0.FCLK_CLK_0_BUFG/I
Min Period        n/a     FDSE/C       n/a            1.000         20.000      19.000     SLICE_X36Y96    design_1_i/ntt_axi_accelerator_0/inst/ntt_axi_accelerator_v1_0_S00_AXI_inst/aw_en_reg/C
Min Period        n/a     FDRE/C       n/a            1.000         20.000      19.000     SLICE_X35Y107   design_1_i/ntt_axi_accelerator_0/inst/ntt_axi_accelerator_v1_0_S00_AXI_inst/axi_araddr_reg[2]/C
Min Period        n/a     FDRE/C       n/a            1.000         20.000      19.000     SLICE_X51Y89    design_1_i/ntt_axi_accelerator_0/inst/ntt_axi_accelerator_v1_0_S00_AXI_inst/axi_araddr_reg[2]_rep/C
Min Period        n/a     FDRE/C       n/a            1.000         20.000      19.000     SLICE_X58Y85    design_1_i/ntt_axi_accelerator_0/inst/ntt_axi_accelerator_v1_0_S00_AXI_inst/axi_araddr_reg[2]_rep__0/C
Min Period        n/a     FDRE/C       n/a            1.000         20.000      19.000     SLICE_X58Y85    design_1_i/ntt_axi_accelerator_0/inst/ntt_axi_accelerator_v1_0_S00_AXI_inst/axi_araddr_reg[2]_rep__1/C
Min Period        n/a     FDRE/C       n/a            1.000         20.000      19.000     SLICE_X39Y89    design_1_i/ntt_axi_accelerator_0/inst/ntt_axi_accelerator_v1_0_S00_AXI_inst/axi_araddr_reg[2]_rep__10/C
Min Period        n/a     FDRE/C       n/a            1.000         20.000      19.000     SLICE_X39Y89    design_1_i/ntt_axi_accelerator_0/inst/ntt_axi_accelerator_v1_0_S00_AXI_inst/axi_araddr_reg[2]_rep__11/C
Min Period        n/a     FDRE/C       n/a            1.000         20.000      19.000     SLICE_X31Y82    design_1_i/ntt_axi_accelerator_0/inst/ntt_axi_accelerator_v1_0_S00_AXI_inst/axi_araddr_reg[2]_rep__12/C
Min Period        n/a     FDRE/C       n/a            1.000         20.000      19.000     SLICE_X51Y89    design_1_i/ntt_axi_accelerator_0/inst/ntt_axi_accelerator_v1_0_S00_AXI_inst/axi_araddr_reg[2]_rep__13/C
Low Pulse Width   Slow    SRLC32E/CLK  n/a            0.980         10.000      9.020      SLICE_X34Y91    design_1_i/ps7_0_axi_periph/s00_couplers/auto_pc/inst/gen_axilite.gen_b2s_conv.axilite_b2s/RD.r_channel_0/rd_data_fifo_0/memory_reg[31][11]_srl32/CLK
Low Pulse Width   Slow    SRLC32E/CLK  n/a            0.980         10.000      9.020      SLICE_X34Y92    design_1_i/ps7_0_axi_periph/s00_couplers/auto_pc/inst/gen_axilite.gen_b2s_conv.axilite_b2s/RD.r_channel_0/rd_data_fifo_0/memory_reg[31][12]_srl32/CLK
Low Pulse Width   Slow    SRLC32E/CLK  n/a            0.980         10.000      9.020      SLICE_X34Y92    design_1_i/ps7_0_axi_periph/s00_couplers/auto_pc/inst/gen_axilite.gen_b2s_conv.axilite_b2s/RD.r_channel_0/rd_data_fifo_0/memory_reg[31][13]_srl32/CLK
Low Pulse Width   Slow    SRLC32E/CLK  n/a            0.980         10.000      9.020      SLICE_X34Y92    design_1_i/ps7_0_axi_periph/s00_couplers/auto_pc/inst/gen_axilite.gen_b2s_conv.axilite_b2s/RD.r_channel_0/rd_data_fifo_0/memory_reg[31][14]_srl32/CLK
Low Pulse Width   Slow    SRLC32E/CLK  n/a            0.980         10.000      9.020      SLICE_X34Y92    design_1_i/ps7_0_axi_periph/s00_couplers/auto_pc/inst/gen_axilite.gen_b2s_conv.axilite_b2s/RD.r_channel_0/rd_data_fifo_0/memory_reg[31][18]_srl32/CLK
Low Pulse Width   Slow    SRLC32E/CLK  n/a            0.980         10.000      9.020      SLICE_X34Y91    design_1_i/ps7_0_axi_periph/s00_couplers/auto_pc/inst/gen_axilite.gen_b2s_conv.axilite_b2s/RD.r_channel_0/rd_data_fifo_0/memory_reg[31][5]_srl32/CLK
Low Pulse Width   Slow    SRLC32E/CLK  n/a            0.980         10.000      9.020      SLICE_X34Y91    design_1_i/ps7_0_axi_periph/s00_couplers/auto_pc/inst/gen_axilite.gen_b2s_conv.axilite_b2s/RD.r_channel_0/rd_data_fifo_0/memory_reg[31][6]_srl32/CLK
Low Pulse Width   Slow    SRLC32E/CLK  n/a            0.980         10.000      9.020      SLICE_X34Y91    design_1_i/ps7_0_axi_periph/s00_couplers/auto_pc/inst/gen_axilite.gen_b2s_conv.axilite_b2s/RD.r_channel_0/rd_data_fifo_0/memory_reg[31][8]_srl32/CLK
Low Pulse Width   Slow    SRL16E/CLK   n/a            0.980         10.000      9.020      SLICE_X26Y98    design_1_i/ps7_0_axi_periph/s00_couplers/auto_pc/inst/gen_axilite.gen_b2s_conv.axilite_b2s/WR.b_channel_0/bid_fifo_0/memory_reg[3][10]_srl4/CLK
Low Pulse Width   Fast    SRL16E/CLK   n/a            0.980         10.000      9.020      SLICE_X26Y98    design_1_i/ps7_0_axi_periph/s00_couplers/auto_pc/inst/gen_axilite.gen_b2s_conv.axilite_b2s/WR.b_channel_0/bid_fifo_0/memory_reg[3][10]_srl4/CLK
High Pulse Width  Fast    SRL16E/CLK   n/a            0.980         10.000      9.020      SLICE_X34Y94    design_1_i/ps7_0_axi_periph/s00_couplers/auto_pc/inst/gen_axilite.gen_b2s_conv.axilite_b2s/WR.b_channel_0/bid_fifo_0/memory_reg[3][1]_srl4/CLK
High Pulse Width  Fast    SRL16E/CLK   n/a            0.980         10.000      9.020      SLICE_X34Y94    design_1_i/ps7_0_axi_periph/s00_couplers/auto_pc/inst/gen_axilite.gen_b2s_conv.axilite_b2s/WR.b_channel_0/bid_fifo_0/memory_reg[3][2]_srl4/CLK
High Pulse Width  Fast    SRL16E/CLK   n/a            0.980         10.000      9.020      SLICE_X34Y94    design_1_i/ps7_0_axi_periph/s00_couplers/auto_pc/inst/gen_axilite.gen_b2s_conv.axilite_b2s/WR.b_channel_0/bid_fifo_0/memory_reg[3][3]_srl4/CLK
High Pulse Width  Fast    SRL16E/CLK   n/a            0.980         10.000      9.020      SLICE_X32Y96    design_1_i/ps7_0_axi_periph/s00_couplers/auto_pc/inst/gen_axilite.gen_b2s_conv.axilite_b2s/WR.b_channel_0/bresp_fifo_0/memory_reg[3][0]_srl4/CLK
High Pulse Width  Fast    SRL16E/CLK   n/a            0.980         10.000      9.020      SLICE_X32Y96    design_1_i/ps7_0_axi_periph/s00_couplers/auto_pc/inst/gen_axilite.gen_b2s_conv.axilite_b2s/WR.b_channel_0/bresp_fifo_0/memory_reg[3][1]_srl4/CLK
High Pulse Width  Fast    SRL16E/CLK   n/a            0.980         10.000      9.020      SLICE_X82Y73    design_1_i/rst_ps7_0_50M/U0/EXT_LPF/POR_SRL_I/CLK
High Pulse Width  Fast    SRLC32E/CLK  n/a            0.980         10.000      9.020      SLICE_X34Y96    design_1_i/ps7_0_axi_periph/s00_couplers/auto_pc/inst/gen_axilite.gen_b2s_conv.axilite_b2s/RD.r_channel_0/rd_data_fifo_0/memory_reg[31][16]_srl32/CLK
High Pulse Width  Fast    SRLC32E/CLK  n/a            0.980         10.000      9.020      SLICE_X38Y97    design_1_i/ps7_0_axi_periph/s00_couplers/auto_pc/inst/gen_axilite.gen_b2s_conv.axilite_b2s/RD.r_channel_0/rd_data_fifo_0/memory_reg[31][21]_srl32/CLK
High Pulse Width  Fast    SRLC32E/CLK  n/a            0.980         10.000      9.020      SLICE_X38Y97    design_1_i/ps7_0_axi_periph/s00_couplers/auto_pc/inst/gen_axilite.gen_b2s_conv.axilite_b2s/RD.r_channel_0/rd_data_fifo_0/memory_reg[31][22]_srl32/CLK
High Pulse Width  Fast    SRLC32E/CLK  n/a            0.980         10.000      9.020      SLICE_X34Y96    design_1_i/ps7_0_axi_periph/s00_couplers/auto_pc/inst/gen_axilite.gen_b2s_conv.axilite_b2s/RD.r_channel_0/rd_data_fifo_0/memory_reg[31][23]_srl32/CLK



---------------------------------------------------------------------------------------------------
Path Group:  **async_default**
From Clock:  clk_fpga_0
  To Clock:  clk_fpga_0

Setup :            0  Failing Endpoints,  Worst Slack        8.217ns,  Total Violation        0.000ns
Hold  :            0  Failing Endpoints,  Worst Slack        4.204ns,  Total Violation        0.000ns
---------------------------------------------------------------------------------------------------


Max Delay Paths
--------------------------------------------------------------------------------------
Slack (MET) :             8.217ns  (required time - arrival time)
  Source:                 design_1_i/rst_ps7_0_50M/U0/ACTIVE_LOW_PR_OUT_DFF[0].FDRE_PER_N/C
                            (rising edge-triggered cell FDRE clocked by clk_fpga_0  {rise@0.000ns fall@10.000ns period=20.000ns})
  Destination:            design_1_i/ntt_axi_accelerator_0/inst/u_ntt_core/core_array[6].u_core/accum_i_reg[0]/CLR
                            (recovery check against rising-edge clock clk_fpga_0  {rise@0.000ns fall@10.000ns period=20.000ns})
  Path Group:             **async_default**
  Path Type:              Recovery (Max at Slow Process Corner)
  Requirement:            20.000ns  (clk_fpga_0 rise@20.000ns - clk_fpga_0 rise@0.000ns)
  Data Path Delay:        11.079ns  (logic 0.642ns (5.795%)  route 10.437ns (94.205%))
  Logic Levels:           1  (LUT1=1)
  Clock Path Skew:        0.003ns (DCD - SCD + CPR)
    Destination Clock Delay (DCD):    2.775ns = ( 22.775 - 20.000 ) 
    Source Clock Delay      (SCD):    3.001ns
    Clock Pessimism Removal (CPR):    0.229ns
  Clock Uncertainty:      0.302ns  ((TSJ^2 + TIJ^2)^1/2 + DJ) / 2 + PE
    Total System Jitter     (TSJ):    0.071ns
    Total Input Jitter      (TIJ):    0.600ns
    Discrete Jitter          (DJ):    0.000ns
    Phase Error              (PE):    0.000ns

    Location             Delay type                Incr(ns)  Path(ns)    Netlist Resource(s)
  -------------------------------------------------------------------    -------------------
                         (clock clk_fpga_0 rise edge)
                                                      0.000     0.000 r  
    PS7_X0Y0             PS7                          0.000     0.000 r  design_1_i/processing_system7_0/inst/PS7_i/FCLKCLK[0]
                         net (fo=1, routed)           1.193     1.193    design_1_i/processing_system7_0/inst/FCLK_CLK_unbuffered[0]
    BUFGCTRL_X0Y16       BUFG (Prop_bufg_I_O)         0.101     1.294 r  design_1_i/processing_system7_0/inst/buffer_fclk_clk_0.FCLK_CLK_0_BUFG/O
                         net (fo=8992, routed)        1.707     3.001    design_1_i/rst_ps7_0_50M/U0/slowest_sync_clk
    SLICE_X82Y78         FDRE                                         r  design_1_i/rst_ps7_0_50M/U0/ACTIVE_LOW_PR_OUT_DFF[0].FDRE_PER_N/C
  -------------------------------------------------------------------    -------------------
    SLICE_X82Y78         FDRE (Prop_fdre_C_Q)         0.518     3.519 r  design_1_i/rst_ps7_0_50M/U0/ACTIVE_LOW_PR_OUT_DFF[0].FDRE_PER_N/Q
                         net (fo=7, routed)           1.943     5.462    design_1_i/ntt_axi_accelerator_0/inst/ntt_axi_accelerator_v1_0_S00_AXI_inst/s00_axi_aresetn
    SLICE_X32Y78         LUT1 (Prop_lut1_I0_O)        0.124     5.586 f  design_1_i/ntt_axi_accelerator_0/inst/ntt_axi_accelerator_v1_0_S00_AXI_inst/axi_awready_i_1/O
                         net (fo=8407, routed)        8.494    14.080    design_1_i/ntt_axi_accelerator_0/inst/u_ntt_core/core_array[6].u_core/p_0_in
    SLICE_X93Y81         FDCE                                         f  design_1_i/ntt_axi_accelerator_0/inst/u_ntt_core/core_array[6].u_core/accum_i_reg[0]/CLR
  -------------------------------------------------------------------    -------------------

                         (clock clk_fpga_0 rise edge)
                                                     20.000    20.000 r  
    PS7_X0Y0             PS7                          0.000    20.000 r  design_1_i/processing_system7_0/inst/PS7_i/FCLKCLK[0]
                         net (fo=1, routed)           1.088    21.088    design_1_i/processing_system7_0/inst/FCLK_CLK_unbuffered[0]
    BUFGCTRL_X0Y16       BUFG (Prop_bufg_I_O)         0.091    21.179 r  design_1_i/processing_system7_0/inst/buffer_fclk_clk_0.FCLK_CLK_0_BUFG/O
                         net (fo=8992, routed)        1.596    22.775    design_1_i/ntt_axi_accelerator_0/inst/u_ntt_core/core_array[6].u_core/s00_axi_aclk
    SLICE_X93Y81         FDCE                                         r  design_1_i/ntt_axi_accelerator_0/inst/u_ntt_core/core_array[6].u_core/accum_i_reg[0]/C
                         clock pessimism              0.229    23.004    
                         clock uncertainty           -0.302    22.702    
    SLICE_X93Y81         FDCE (Recov_fdce_C_CLR)     -0.405    22.297    design_1_i/ntt_axi_accelerator_0/inst/u_ntt_core/core_array[6].u_core/accum_i_reg[0]
  -------------------------------------------------------------------
                         required time                         22.297    
                         arrival time                         -14.080    
  -------------------------------------------------------------------
                         slack                                  8.217    

Slack (MET) :             8.217ns  (required time - arrival time)
  Source:                 design_1_i/rst_ps7_0_50M/U0/ACTIVE_LOW_PR_OUT_DFF[0].FDRE_PER_N/C
                            (rising edge-triggered cell FDRE clocked by clk_fpga_0  {rise@0.000ns fall@10.000ns period=20.000ns})
  Destination:            design_1_i/ntt_axi_accelerator_0/inst/u_ntt_core/core_array[6].u_core/accum_j_reg[0]/CLR
                            (recovery check against rising-edge clock clk_fpga_0  {rise@0.000ns fall@10.000ns period=20.000ns})
  Path Group:             **async_default**
  Path Type:              Recovery (Max at Slow Process Corner)
  Requirement:            20.000ns  (clk_fpga_0 rise@20.000ns - clk_fpga_0 rise@0.000ns)
  Data Path Delay:        11.079ns  (logic 0.642ns (5.795%)  route 10.437ns (94.205%))
  Logic Levels:           1  (LUT1=1)
  Clock Path Skew:        0.003ns (DCD - SCD + CPR)
    Destination Clock Delay (DCD):    2.775ns = ( 22.775 - 20.000 ) 
    Source Clock Delay      (SCD):    3.001ns
    Clock Pessimism Removal (CPR):    0.229ns
  Clock Uncertainty:      0.302ns  ((TSJ^2 + TIJ^2)^1/2 + DJ) / 2 + PE
    Total System Jitter     (TSJ):    0.071ns
    Total Input Jitter      (TIJ):    0.600ns
    Discrete Jitter          (DJ):    0.000ns
    Phase Error              (PE):    0.000ns

    Location             Delay type                Incr(ns)  Path(ns)    Netlist Resource(s)
  -------------------------------------------------------------------    -------------------
                         (clock clk_fpga_0 rise edge)
                                                      0.000     0.000 r  
    PS7_X0Y0             PS7                          0.000     0.000 r  design_1_i/processing_system7_0/inst/PS7_i/FCLKCLK[0]
                         net (fo=1, routed)           1.193     1.193    design_1_i/processing_system7_0/inst/FCLK_CLK_unbuffered[0]
    BUFGCTRL_X0Y16       BUFG (Prop_bufg_I_O)         0.101     1.294 r  design_1_i/processing_system7_0/inst/buffer_fclk_clk_0.FCLK_CLK_0_BUFG/O
                         net (fo=8992, routed)        1.707     3.001    design_1_i/rst_ps7_0_50M/U0/slowest_sync_clk
    SLICE_X82Y78         FDRE                                         r  design_1_i/rst_ps7_0_50M/U0/ACTIVE_LOW_PR_OUT_DFF[0].FDRE_PER_N/C
  -------------------------------------------------------------------    -------------------
    SLICE_X82Y78         FDRE (Prop_fdre_C_Q)         0.518     3.519 r  design_1_i/rst_ps7_0_50M/U0/ACTIVE_LOW_PR_OUT_DFF[0].FDRE_PER_N/Q
                         net (fo=7, routed)           1.943     5.462    design_1_i/ntt_axi_accelerator_0/inst/ntt_axi_accelerator_v1_0_S00_AXI_inst/s00_axi_aresetn
    SLICE_X32Y78         LUT1 (Prop_lut1_I0_O)        0.124     5.586 f  design_1_i/ntt_axi_accelerator_0/inst/ntt_axi_accelerator_v1_0_S00_AXI_inst/axi_awready_i_1/O
                         net (fo=8407, routed)        8.494    14.080    design_1_i/ntt_axi_accelerator_0/inst/u_ntt_core/core_array[6].u_core/p_0_in
    SLICE_X93Y81         FDCE                                         f  design_1_i/ntt_axi_accelerator_0/inst/u_ntt_core/core_array[6].u_core/accum_j_reg[0]/CLR
  -------------------------------------------------------------------    -------------------

                         (clock clk_fpga_0 rise edge)
                                                     20.000    20.000 r  
    PS7_X0Y0             PS7                          0.000    20.000 r  design_1_i/processing_system7_0/inst/PS7_i/FCLKCLK[0]
                         net (fo=1, routed)           1.088    21.088    design_1_i/processing_system7_0/inst/FCLK_CLK_unbuffered[0]
    BUFGCTRL_X0Y16       BUFG (Prop_bufg_I_O)         0.091    21.179 r  design_1_i/processing_system7_0/inst/buffer_fclk_clk_0.FCLK_CLK_0_BUFG/O
                         net (fo=8992, routed)        1.596    22.775    design_1_i/ntt_axi_accelerator_0/inst/u_ntt_core/core_array[6].u_core/s00_axi_aclk
    SLICE_X93Y81         FDCE                                         r  design_1_i/ntt_axi_accelerator_0/inst/u_ntt_core/core_array[6].u_core/accum_j_reg[0]/C
                         clock pessimism              0.229    23.004    
                         clock uncertainty           -0.302    22.702    
    SLICE_X93Y81         FDCE (Recov_fdce_C_CLR)     -0.405    22.297    design_1_i/ntt_axi_accelerator_0/inst/u_ntt_core/core_array[6].u_core/accum_j_reg[0]
  -------------------------------------------------------------------
                         required time                         22.297    
                         arrival time                         -14.080    
  -------------------------------------------------------------------
                         slack                                  8.217    

Slack (MET) :             8.283ns  (required time - arrival time)
  Source:                 design_1_i/rst_ps7_0_50M/U0/ACTIVE_LOW_PR_OUT_DFF[0].FDRE_PER_N/C
                            (rising edge-triggered cell FDRE clocked by clk_fpga_0  {rise@0.000ns fall@10.000ns period=20.000ns})
  Destination:            design_1_i/ntt_axi_accelerator_0/inst/u_ntt_core/core_array[5].u_core/state_reg[1]/CLR
                            (recovery check against rising-edge clock clk_fpga_0  {rise@0.000ns fall@10.000ns period=20.000ns})
  Path Group:             **async_default**
  Path Type:              Recovery (Max at Slow Process Corner)
  Requirement:            20.000ns  (clk_fpga_0 rise@20.000ns - clk_fpga_0 rise@0.000ns)
  Data Path Delay:        11.052ns  (logic 0.642ns (5.809%)  route 10.410ns (94.191%))
  Logic Levels:           1  (LUT1=1)
  Clock Path Skew:        -0.002ns (DCD - SCD + CPR)
    Destination Clock Delay (DCD):    2.770ns = ( 22.770 - 20.000 ) 
    Source Clock Delay      (SCD):    3.001ns
    Clock Pessimism Removal (CPR):    0.229ns
  Clock Uncertainty:      0.302ns  ((TSJ^2 + TIJ^2)^1/2 + DJ) / 2 + PE
    Total System Jitter     (TSJ):    0.071ns
    Total Input Jitter      (TIJ):    0.600ns
    Discrete Jitter          (DJ):    0.000ns
    Phase Error              (PE):    0.000ns

    Location             Delay type                Incr(ns)  Path(ns)    Netlist Resource(s)
  -------------------------------------------------------------------    -------------------
                         (clock clk_fpga_0 rise edge)
                                                      0.000     0.000 r  
    PS7_X0Y0             PS7                          0.000     0.000 r  design_1_i/processing_system7_0/inst/PS7_i/FCLKCLK[0]
                         net (fo=1, routed)           1.193     1.193    design_1_i/processing_system7_0/inst/FCLK_CLK_unbuffered[0]
    BUFGCTRL_X0Y16       BUFG (Prop_bufg_I_O)         0.101     1.294 r  design_1_i/processing_system7_0/inst/buffer_fclk_clk_0.FCLK_CLK_0_BUFG/O
                         net (fo=8992, routed)        1.707     3.001    design_1_i/rst_ps7_0_50M/U0/slowest_sync_clk
    SLICE_X82Y78         FDRE                                         r  design_1_i/rst_ps7_0_50M/U0/ACTIVE_LOW_PR_OUT_DFF[0].FDRE_PER_N/C
  -------------------------------------------------------------------    -------------------
    SLICE_X82Y78         FDRE (Prop_fdre_C_Q)         0.518     3.519 r  design_1_i/rst_ps7_0_50M/U0/ACTIVE_LOW_PR_OUT_DFF[0].FDRE_PER_N/Q
                         net (fo=7, routed)           1.943     5.462    design_1_i/ntt_axi_accelerator_0/inst/ntt_axi_accelerator_v1_0_S00_AXI_inst/s00_axi_aresetn
    SLICE_X32Y78         LUT1 (Prop_lut1_I0_O)        0.124     5.586 f  design_1_i/ntt_axi_accelerator_0/inst/ntt_axi_accelerator_v1_0_S00_AXI_inst/axi_awready_i_1/O
                         net (fo=8407, routed)        8.467    14.053    design_1_i/ntt_axi_accelerator_0/inst/u_ntt_core/core_array[5].u_core/p_0_in
    SLICE_X92Y76         FDCE                                         f  design_1_i/ntt_axi_accelerator_0/inst/u_ntt_core/core_array[5].u_core/state_reg[1]/CLR
  -------------------------------------------------------------------    -------------------

                         (clock clk_fpga_0 rise edge)
                                                     20.000    20.000 r  
    PS7_X0Y0             PS7                          0.000    20.000 r  design_1_i/processing_system7_0/inst/PS7_i/FCLKCLK[0]
                         net (fo=1, routed)           1.088    21.088    design_1_i/processing_system7_0/inst/FCLK_CLK_unbuffered[0]
    BUFGCTRL_X0Y16       BUFG (Prop_bufg_I_O)         0.091    21.179 r  design_1_i/processing_system7_0/inst/buffer_fclk_clk_0.FCLK_CLK_0_BUFG/O
                         net (fo=8992, routed)        1.591    22.770    design_1_i/ntt_axi_accelerator_0/inst/u_ntt_core/core_array[5].u_core/s00_axi_aclk
    SLICE_X92Y76         FDCE                                         r  design_1_i/ntt_axi_accelerator_0/inst/u_ntt_core/core_array[5].u_core/state_reg[1]/C
                         clock pessimism              0.229    22.999    
                         clock uncertainty           -0.302    22.697    
    SLICE_X92Y76         FDCE (Recov_fdce_C_CLR)     -0.361    22.336    design_1_i/ntt_axi_accelerator_0/inst/u_ntt_core/core_array[5].u_core/state_reg[1]
  -------------------------------------------------------------------
                         required time                         22.336    
                         arrival time                         -14.053    
  -------------------------------------------------------------------
                         slack                                  8.283    

Slack (MET) :             8.286ns  (required time - arrival time)
  Source:                 design_1_i/rst_ps7_0_50M/U0/ACTIVE_LOW_PR_OUT_DFF[0].FDRE_PER_N/C
                            (rising edge-triggered cell FDRE clocked by clk_fpga_0  {rise@0.000ns fall@10.000ns period=20.000ns})
  Destination:            design_1_i/ntt_axi_accelerator_0/inst/u_ntt_core/core_array[5].u_core/accum_phase_reg[0]/CLR
                            (recovery check against rising-edge clock clk_fpga_0  {rise@0.000ns fall@10.000ns period=20.000ns})
  Path Group:             **async_default**
  Path Type:              Recovery (Max at Slow Process Corner)
  Requirement:            20.000ns  (clk_fpga_0 rise@20.000ns - clk_fpga_0 rise@0.000ns)
  Data Path Delay:        11.088ns  (logic 0.642ns (5.790%)  route 10.446ns (94.210%))
  Logic Levels:           1  (LUT1=1)
  Clock Path Skew:        -0.005ns (DCD - SCD + CPR)
    Destination Clock Delay (DCD):    2.767ns = ( 22.767 - 20.000 ) 
    Source Clock Delay      (SCD):    3.001ns
    Clock Pessimism Removal (CPR):    0.229ns
  Clock Uncertainty:      0.302ns  ((TSJ^2 + TIJ^2)^1/2 + DJ) / 2 + PE
    Total System Jitter     (TSJ):    0.071ns
    Total Input Jitter      (TIJ):    0.600ns
    Discrete Jitter          (DJ):    0.000ns
    Phase Error              (PE):    0.000ns

    Location             Delay type                Incr(ns)  Path(ns)    Netlist Resource(s)
  -------------------------------------------------------------------    -------------------
                         (clock clk_fpga_0 rise edge)
                                                      0.000     0.000 r  
    PS7_X0Y0             PS7                          0.000     0.000 r  design_1_i/processing_system7_0/inst/PS7_i/FCLKCLK[0]
                         net (fo=1, routed)           1.193     1.193    design_1_i/processing_system7_0/inst/FCLK_CLK_unbuffered[0]
    BUFGCTRL_X0Y16       BUFG (Prop_bufg_I_O)         0.101     1.294 r  design_1_i/processing_system7_0/inst/buffer_fclk_clk_0.FCLK_CLK_0_BUFG/O
                         net (fo=8992, routed)        1.707     3.001    design_1_i/rst_ps7_0_50M/U0/slowest_sync_clk
    SLICE_X82Y78         FDRE                                         r  design_1_i/rst_ps7_0_50M/U0/ACTIVE_LOW_PR_OUT_DFF[0].FDRE_PER_N/C
  -------------------------------------------------------------------    -------------------
    SLICE_X82Y78         FDRE (Prop_fdre_C_Q)         0.518     3.519 r  design_1_i/rst_ps7_0_50M/U0/ACTIVE_LOW_PR_OUT_DFF[0].FDRE_PER_N/Q
                         net (fo=7, routed)           1.943     5.462    design_1_i/ntt_axi_accelerator_0/inst/ntt_axi_accelerator_v1_0_S00_AXI_inst/s00_axi_aresetn
    SLICE_X32Y78         LUT1 (Prop_lut1_I0_O)        0.124     5.586 f  design_1_i/ntt_axi_accelerator_0/inst/ntt_axi_accelerator_v1_0_S00_AXI_inst/axi_awready_i_1/O
                         net (fo=8407, routed)        8.503    14.089    design_1_i/ntt_axi_accelerator_0/inst/u_ntt_core/core_array[5].u_core/p_0_in
    SLICE_X90Y75         FDCE                                         f  design_1_i/ntt_axi_accelerator_0/inst/u_ntt_core/core_array[5].u_core/accum_phase_reg[0]/CLR
  -------------------------------------------------------------------    -------------------

                         (clock clk_fpga_0 rise edge)
                                                     20.000    20.000 r  
    PS7_X0Y0             PS7                          0.000    20.000 r  design_1_i/processing_system7_0/inst/PS7_i/FCLKCLK[0]
                         net (fo=1, routed)           1.088    21.088    design_1_i/processing_system7_0/inst/FCLK_CLK_unbuffered[0]
    BUFGCTRL_X0Y16       BUFG (Prop_bufg_I_O)         0.091    21.179 r  design_1_i/processing_system7_0/inst/buffer_fclk_clk_0.FCLK_CLK_0_BUFG/O
                         net (fo=8992, routed)        1.588    22.767    design_1_i/ntt_axi_accelerator_0/inst/u_ntt_core/core_array[5].u_core/s00_axi_aclk
    SLICE_X90Y75         FDCE                                         r  design_1_i/ntt_axi_accelerator_0/inst/u_ntt_core/core_array[5].u_core/accum_phase_reg[0]/C
                         clock pessimism              0.229    22.996    
                         clock uncertainty           -0.302    22.694    
    SLICE_X90Y75         FDCE (Recov_fdce_C_CLR)     -0.319    22.375    design_1_i/ntt_axi_accelerator_0/inst/u_ntt_core/core_array[5].u_core/accum_phase_reg[0]
  -------------------------------------------------------------------
                         required time                         22.375    
                         arrival time                         -14.089    
  -------------------------------------------------------------------
                         slack                                  8.286    

Slack (MET) :             8.286ns  (required time - arrival time)
  Source:                 design_1_i/rst_ps7_0_50M/U0/ACTIVE_LOW_PR_OUT_DFF[0].FDRE_PER_N/C
                            (rising edge-triggered cell FDRE clocked by clk_fpga_0  {rise@0.000ns fall@10.000ns period=20.000ns})
  Destination:            design_1_i/ntt_axi_accelerator_0/inst/u_ntt_core/core_array[5].u_core/accum_phase_reg[1]/CLR
                            (recovery check against rising-edge clock clk_fpga_0  {rise@0.000ns fall@10.000ns period=20.000ns})
  Path Group:             **async_default**
  Path Type:              Recovery (Max at Slow Process Corner)
  Requirement:            20.000ns  (clk_fpga_0 rise@20.000ns - clk_fpga_0 rise@0.000ns)
  Data Path Delay:        11.088ns  (logic 0.642ns (5.790%)  route 10.446ns (94.210%))
  Logic Levels:           1  (LUT1=1)
  Clock Path Skew:        -0.005ns (DCD - SCD + CPR)
    Destination Clock Delay (DCD):    2.767ns = ( 22.767 - 20.000 ) 
    Source Clock Delay      (SCD):    3.001ns
    Clock Pessimism Removal (CPR):    0.229ns
  Clock Uncertainty:      0.302ns  ((TSJ^2 + TIJ^2)^1/2 + DJ) / 2 + PE
    Total System Jitter     (TSJ):    0.071ns
    Total Input Jitter      (TIJ):    0.600ns
    Discrete Jitter          (DJ):    0.000ns
    Phase Error              (PE):    0.000ns

    Location             Delay type                Incr(ns)  Path(ns)    Netlist Resource(s)
  -------------------------------------------------------------------    -------------------
                         (clock clk_fpga_0 rise edge)
                                                      0.000     0.000 r  
    PS7_X0Y0             PS7                          0.000     0.000 r  design_1_i/processing_system7_0/inst/PS7_i/FCLKCLK[0]
                         net (fo=1, routed)           1.193     1.193    design_1_i/processing_system7_0/inst/FCLK_CLK_unbuffered[0]
    BUFGCTRL_X0Y16       BUFG (Prop_bufg_I_O)         0.101     1.294 r  design_1_i/processing_system7_0/inst/buffer_fclk_clk_0.FCLK_CLK_0_BUFG/O
                         net (fo=8992, routed)        1.707     3.001    design_1_i/rst_ps7_0_50M/U0/slowest_sync_clk
    SLICE_X82Y78         FDRE                                         r  design_1_i/rst_ps7_0_50M/U0/ACTIVE_LOW_PR_OUT_DFF[0].FDRE_PER_N/C
  -------------------------------------------------------------------    -------------------
    SLICE_X82Y78         FDRE (Prop_fdre_C_Q)         0.518     3.519 r  design_1_i/rst_ps7_0_50M/U0/ACTIVE_LOW_PR_OUT_DFF[0].FDRE_PER_N/Q
                         net (fo=7, routed)           1.943     5.462    design_1_i/ntt_axi_accelerator_0/inst/ntt_axi_accelerator_v1_0_S00_AXI_inst/s00_axi_aresetn
    SLICE_X32Y78         LUT1 (Prop_lut1_I0_O)        0.124     5.586 f  design_1_i/ntt_axi_accelerator_0/inst/ntt_axi_accelerator_v1_0_S00_AXI_inst/axi_awready_i_1/O
                         net (fo=8407, routed)        8.503    14.089    design_1_i/ntt_axi_accelerator_0/inst/u_ntt_core/core_array[5].u_core/p_0_in
    SLICE_X90Y75         FDCE                                         f  design_1_i/ntt_axi_accelerator_0/inst/u_ntt_core/core_array[5].u_core/accum_phase_reg[1]/CLR
  -------------------------------------------------------------------    -------------------

                         (clock clk_fpga_0 rise edge)
                                                     20.000    20.000 r  
    PS7_X0Y0             PS7                          0.000    20.000 r  design_1_i/processing_system7_0/inst/PS7_i/FCLKCLK[0]
                         net (fo=1, routed)           1.088    21.088    design_1_i/processing_system7_0/inst/FCLK_CLK_unbuffered[0]
    BUFGCTRL_X0Y16       BUFG (Prop_bufg_I_O)         0.091    21.179 r  design_1_i/processing_system7_0/inst/buffer_fclk_clk_0.FCLK_CLK_0_BUFG/O
                         net (fo=8992, routed)        1.588    22.767    design_1_i/ntt_axi_accelerator_0/inst/u_ntt_core/core_array[5].u_core/s00_axi_aclk
    SLICE_X90Y75         FDCE                                         r  design_1_i/ntt_axi_accelerator_0/inst/u_ntt_core/core_array[5].u_core/accum_phase_reg[1]/C
                         clock pessimism              0.229    22.996    
                         clock uncertainty           -0.302    22.694    
    SLICE_X90Y75         FDCE (Recov_fdce_C_CLR)     -0.319    22.375    design_1_i/ntt_axi_accelerator_0/inst/u_ntt_core/core_array[5].u_core/accum_phase_reg[1]
  -------------------------------------------------------------------
                         required time                         22.375    
                         arrival time                         -14.089    
  -------------------------------------------------------------------
                         slack                                  8.286    

Slack (MET) :             8.286ns  (required time - arrival time)
  Source:                 design_1_i/rst_ps7_0_50M/U0/ACTIVE_LOW_PR_OUT_DFF[0].FDRE_PER_N/C
                            (rising edge-triggered cell FDRE clocked by clk_fpga_0  {rise@0.000ns fall@10.000ns period=20.000ns})
  Destination:            design_1_i/ntt_axi_accelerator_0/inst/u_ntt_core/core_array[5].u_core/done_reg/CLR
                            (recovery check against rising-edge clock clk_fpga_0  {rise@0.000ns fall@10.000ns period=20.000ns})
  Path Group:             **async_default**
  Path Type:              Recovery (Max at Slow Process Corner)
  Requirement:            20.000ns  (clk_fpga_0 rise@20.000ns - clk_fpga_0 rise@0.000ns)
  Data Path Delay:        11.088ns  (logic 0.642ns (5.790%)  route 10.446ns (94.210%))
  Logic Levels:           1  (LUT1=1)
  Clock Path Skew:        -0.005ns (DCD - SCD + CPR)
    Destination Clock Delay (DCD):    2.767ns = ( 22.767 - 20.000 ) 
    Source Clock Delay      (SCD):    3.001ns
    Clock Pessimism Removal (CPR):    0.229ns
  Clock Uncertainty:      0.302ns  ((TSJ^2 + TIJ^2)^1/2 + DJ) / 2 + PE
    Total System Jitter     (TSJ):    0.071ns
    Total Input Jitter      (TIJ):    0.600ns
    Discrete Jitter          (DJ):    0.000ns
    Phase Error              (PE):    0.000ns

    Location             Delay type                Incr(ns)  Path(ns)    Netlist Resource(s)
  -------------------------------------------------------------------    -------------------
                         (clock clk_fpga_0 rise edge)
                                                      0.000     0.000 r  
    PS7_X0Y0             PS7                          0.000     0.000 r  design_1_i/processing_system7_0/inst/PS7_i/FCLKCLK[0]
                         net (fo=1, routed)           1.193     1.193    design_1_i/processing_system7_0/inst/FCLK_CLK_unbuffered[0]
    BUFGCTRL_X0Y16       BUFG (Prop_bufg_I_O)         0.101     1.294 r  design_1_i/processing_system7_0/inst/buffer_fclk_clk_0.FCLK_CLK_0_BUFG/O
                         net (fo=8992, routed)        1.707     3.001    design_1_i/rst_ps7_0_50M/U0/slowest_sync_clk
    SLICE_X82Y78         FDRE                                         r  design_1_i/rst_ps7_0_50M/U0/ACTIVE_LOW_PR_OUT_DFF[0].FDRE_PER_N/C
  -------------------------------------------------------------------    -------------------
    SLICE_X82Y78         FDRE (Prop_fdre_C_Q)         0.518     3.519 r  design_1_i/rst_ps7_0_50M/U0/ACTIVE_LOW_PR_OUT_DFF[0].FDRE_PER_N/Q
                         net (fo=7, routed)           1.943     5.462    design_1_i/ntt_axi_accelerator_0/inst/ntt_axi_accelerator_v1_0_S00_AXI_inst/s00_axi_aresetn
    SLICE_X32Y78         LUT1 (Prop_lut1_I0_O)        0.124     5.586 f  design_1_i/ntt_axi_accelerator_0/inst/ntt_axi_accelerator_v1_0_S00_AXI_inst/axi_awready_i_1/O
                         net (fo=8407, routed)        8.503    14.089    design_1_i/ntt_axi_accelerator_0/inst/u_ntt_core/core_array[5].u_core/p_0_in
    SLICE_X90Y75         FDCE                                         f  design_1_i/ntt_axi_accelerator_0/inst/u_ntt_core/core_array[5].u_core/done_reg/CLR
  -------------------------------------------------------------------    -------------------

                         (clock clk_fpga_0 rise edge)
                                                     20.000    20.000 r  
    PS7_X0Y0             PS7                          0.000    20.000 r  design_1_i/processing_system7_0/inst/PS7_i/FCLKCLK[0]
                         net (fo=1, routed)           1.088    21.088    design_1_i/processing_system7_0/inst/FCLK_CLK_unbuffered[0]
    BUFGCTRL_X0Y16       BUFG (Prop_bufg_I_O)         0.091    21.179 r  design_1_i/processing_system7_0/inst/buffer_fclk_clk_0.FCLK_CLK_0_BUFG/O
                         net (fo=8992, routed)        1.588    22.767    design_1_i/ntt_axi_accelerator_0/inst/u_ntt_core/core_array[5].u_core/s00_axi_aclk
    SLICE_X90Y75         FDCE                                         r  design_1_i/ntt_axi_accelerator_0/inst/u_ntt_core/core_array[5].u_core/done_reg/C
                         clock pessimism              0.229    22.996    
                         clock uncertainty           -0.302    22.694    
    SLICE_X90Y75         FDCE (Recov_fdce_C_CLR)     -0.319    22.375    design_1_i/ntt_axi_accelerator_0/inst/u_ntt_core/core_array[5].u_core/done_reg
  -------------------------------------------------------------------
                         required time                         22.375    
                         arrival time                         -14.089    
  -------------------------------------------------------------------
                         slack                                  8.286    

Slack (MET) :             8.325ns  (required time - arrival time)
  Source:                 design_1_i/rst_ps7_0_50M/U0/ACTIVE_LOW_PR_OUT_DFF[0].FDRE_PER_N/C
                            (rising edge-triggered cell FDRE clocked by clk_fpga_0  {rise@0.000ns fall@10.000ns period=20.000ns})
  Destination:            design_1_i/ntt_axi_accelerator_0/inst/u_ntt_core/core_array[5].u_core/state_reg[0]/CLR
                            (recovery check against rising-edge clock clk_fpga_0  {rise@0.000ns fall@10.000ns period=20.000ns})
  Path Group:             **async_default**
  Path Type:              Recovery (Max at Slow Process Corner)
  Requirement:            20.000ns  (clk_fpga_0 rise@20.000ns - clk_fpga_0 rise@0.000ns)
  Data Path Delay:        11.052ns  (logic 0.642ns (5.809%)  route 10.410ns (94.191%))
  Logic Levels:           1  (LUT1=1)
  Clock Path Skew:        -0.002ns (DCD - SCD + CPR)
    Destination Clock Delay (DCD):    2.770ns = ( 22.770 - 20.000 ) 
    Source Clock Delay      (SCD):    3.001ns
    Clock Pessimism Removal (CPR):    0.229ns
  Clock Uncertainty:      0.302ns  ((TSJ^2 + TIJ^2)^1/2 + DJ) / 2 + PE
    Total System Jitter     (TSJ):    0.071ns
    Total Input Jitter      (TIJ):    0.600ns
    Discrete Jitter          (DJ):    0.000ns
    Phase Error              (PE):    0.000ns

    Location             Delay type                Incr(ns)  Path(ns)    Netlist Resource(s)
  -------------------------------------------------------------------    -------------------
                         (clock clk_fpga_0 rise edge)
                                                      0.000     0.000 r  
    PS7_X0Y0             PS7                          0.000     0.000 r  design_1_i/processing_system7_0/inst/PS7_i/FCLKCLK[0]
                         net (fo=1, routed)           1.193     1.193    design_1_i/processing_system7_0/inst/FCLK_CLK_unbuffered[0]
    BUFGCTRL_X0Y16       BUFG (Prop_bufg_I_O)         0.101     1.294 r  design_1_i/processing_system7_0/inst/buffer_fclk_clk_0.FCLK_CLK_0_BUFG/O
                         net (fo=8992, routed)        1.707     3.001    design_1_i/rst_ps7_0_50M/U0/slowest_sync_clk
    SLICE_X82Y78         FDRE                                         r  design_1_i/rst_ps7_0_50M/U0/ACTIVE_LOW_PR_OUT_DFF[0].FDRE_PER_N/C
  -------------------------------------------------------------------    -------------------
    SLICE_X82Y78         FDRE (Prop_fdre_C_Q)         0.518     3.519 r  design_1_i/rst_ps7_0_50M/U0/ACTIVE_LOW_PR_OUT_DFF[0].FDRE_PER_N/Q
                         net (fo=7, routed)           1.943     5.462    design_1_i/ntt_axi_accelerator_0/inst/ntt_axi_accelerator_v1_0_S00_AXI_inst/s00_axi_aresetn
    SLICE_X32Y78         LUT1 (Prop_lut1_I0_O)        0.124     5.586 f  design_1_i/ntt_axi_accelerator_0/inst/ntt_axi_accelerator_v1_0_S00_AXI_inst/axi_awready_i_1/O
                         net (fo=8407, routed)        8.467    14.053    design_1_i/ntt_axi_accelerator_0/inst/u_ntt_core/core_array[5].u_core/p_0_in
    SLICE_X92Y76         FDCE                                         f  design_1_i/ntt_axi_accelerator_0/inst/u_ntt_core/core_array[5].u_core/state_reg[0]/CLR
  -------------------------------------------------------------------    -------------------

                         (clock clk_fpga_0 rise edge)
                                                     20.000    20.000 r  
    PS7_X0Y0             PS7                          0.000    20.000 r  design_1_i/processing_system7_0/inst/PS7_i/FCLKCLK[0]
                         net (fo=1, routed)           1.088    21.088    design_1_i/processing_system7_0/inst/FCLK_CLK_unbuffered[0]
    BUFGCTRL_X0Y16       BUFG (Prop_bufg_I_O)         0.091    21.179 r  design_1_i/processing_system7_0/inst/buffer_fclk_clk_0.FCLK_CLK_0_BUFG/O
                         net (fo=8992, routed)        1.591    22.770    design_1_i/ntt_axi_accelerator_0/inst/u_ntt_core/core_array[5].u_core/s00_axi_aclk
    SLICE_X92Y76         FDCE                                         r  design_1_i/ntt_axi_accelerator_0/inst/u_ntt_core/core_array[5].u_core/state_reg[0]/C
                         clock pessimism              0.229    22.999    
                         clock uncertainty           -0.302    22.697    
    SLICE_X92Y76         FDCE (Recov_fdce_C_CLR)     -0.319    22.378    design_1_i/ntt_axi_accelerator_0/inst/u_ntt_core/core_array[5].u_core/state_reg[0]
  -------------------------------------------------------------------
                         required time                         22.378    
                         arrival time                         -14.053    
  -------------------------------------------------------------------
                         slack                                  8.325    

Slack (MET) :             8.342ns  (required time - arrival time)
  Source:                 design_1_i/rst_ps7_0_50M/U0/ACTIVE_LOW_PR_OUT_DFF[0].FDRE_PER_N/C
                            (rising edge-triggered cell FDRE clocked by clk_fpga_0  {rise@0.000ns fall@10.000ns period=20.000ns})
  Destination:            design_1_i/ntt_axi_accelerator_0/inst/u_ntt_core/core_array[5].u_core/state_reg[2]/CLR
                            (recovery check against rising-edge clock clk_fpga_0  {rise@0.000ns fall@10.000ns period=20.000ns})
  Path Group:             **async_default**
  Path Type:              Recovery (Max at Slow Process Corner)
  Requirement:            20.000ns  (clk_fpga_0 rise@20.000ns - clk_fpga_0 rise@0.000ns)
  Data Path Delay:        10.948ns  (logic 0.642ns (5.864%)  route 10.306ns (94.136%))
  Logic Levels:           1  (LUT1=1)
  Clock Path Skew:        -0.003ns (DCD - SCD + CPR)
    Destination Clock Delay (DCD):    2.769ns = ( 22.769 - 20.000 ) 
    Source Clock Delay      (SCD):    3.001ns
    Clock Pessimism Removal (CPR):    0.229ns
  Clock Uncertainty:      0.302ns  ((TSJ^2 + TIJ^2)^1/2 + DJ) / 2 + PE
    Total System Jitter     (TSJ):    0.071ns
    Total Input Jitter      (TIJ):    0.600ns
    Discrete Jitter          (DJ):    0.000ns
    Phase Error              (PE):    0.000ns

    Location             Delay type                Incr(ns)  Path(ns)    Netlist Resource(s)
  -------------------------------------------------------------------    -------------------
                         (clock clk_fpga_0 rise edge)
                                                      0.000     0.000 r  
    PS7_X0Y0             PS7                          0.000     0.000 r  design_1_i/processing_system7_0/inst/PS7_i/FCLKCLK[0]
                         net (fo=1, routed)           1.193     1.193    design_1_i/processing_system7_0/inst/FCLK_CLK_unbuffered[0]
    BUFGCTRL_X0Y16       BUFG (Prop_bufg_I_O)         0.101     1.294 r  design_1_i/processing_system7_0/inst/buffer_fclk_clk_0.FCLK_CLK_0_BUFG/O
                         net (fo=8992, routed)        1.707     3.001    design_1_i/rst_ps7_0_50M/U0/slowest_sync_clk
    SLICE_X82Y78         FDRE                                         r  design_1_i/rst_ps7_0_50M/U0/ACTIVE_LOW_PR_OUT_DFF[0].FDRE_PER_N/C
  -------------------------------------------------------------------    -------------------
    SLICE_X82Y78         FDRE (Prop_fdre_C_Q)         0.518     3.519 r  design_1_i/rst_ps7_0_50M/U0/ACTIVE_LOW_PR_OUT_DFF[0].FDRE_PER_N/Q
                         net (fo=7, routed)           1.943     5.462    design_1_i/ntt_axi_accelerator_0/inst/ntt_axi_accelerator_v1_0_S00_AXI_inst/s00_axi_aresetn
    SLICE_X32Y78         LUT1 (Prop_lut1_I0_O)        0.124     5.586 f  design_1_i/ntt_axi_accelerator_0/inst/ntt_axi_accelerator_v1_0_S00_AXI_inst/axi_awready_i_1/O
                         net (fo=8407, routed)        8.363    13.949    design_1_i/ntt_axi_accelerator_0/inst/u_ntt_core/core_array[5].u_core/p_0_in
    SLICE_X91Y76         FDCE                                         f  design_1_i/ntt_axi_accelerator_0/inst/u_ntt_core/core_array[5].u_core/state_reg[2]/CLR
  -------------------------------------------------------------------    -------------------

                         (clock clk_fpga_0 rise edge)
                                                     20.000    20.000 r  
    PS7_X0Y0             PS7                          0.000    20.000 r  design_1_i/processing_system7_0/inst/PS7_i/FCLKCLK[0]
                         net (fo=1, routed)           1.088    21.088    design_1_i/processing_system7_0/inst/FCLK_CLK_unbuffered[0]
    BUFGCTRL_X0Y16       BUFG (Prop_bufg_I_O)         0.091    21.179 r  design_1_i/processing_system7_0/inst/buffer_fclk_clk_0.FCLK_CLK_0_BUFG/O
                         net (fo=8992, routed)        1.590    22.769    design_1_i/ntt_axi_accelerator_0/inst/u_ntt_core/core_array[5].u_core/s00_axi_aclk
    SLICE_X91Y76         FDCE                                         r  design_1_i/ntt_axi_accelerator_0/inst/u_ntt_core/core_array[5].u_core/state_reg[2]/C
                         clock pessimism              0.229    22.998    
                         clock uncertainty           -0.302    22.696    
    SLICE_X91Y76         FDCE (Recov_fdce_C_CLR)     -0.405    22.291    design_1_i/ntt_axi_accelerator_0/inst/u_ntt_core/core_array[5].u_core/state_reg[2]
  -------------------------------------------------------------------
                         required time                         22.291    
                         arrival time                         -13.949    
  -------------------------------------------------------------------
                         slack                                  8.342    

Slack (MET) :             8.342ns  (required time - arrival time)
  Source:                 design_1_i/rst_ps7_0_50M/U0/ACTIVE_LOW_PR_OUT_DFF[0].FDRE_PER_N/C
                            (rising edge-triggered cell FDRE clocked by clk_fpga_0  {rise@0.000ns fall@10.000ns period=20.000ns})
  Destination:            design_1_i/ntt_axi_accelerator_0/inst/u_ntt_core/core_array[5].u_core/state_reg[3]/CLR
                            (recovery check against rising-edge clock clk_fpga_0  {rise@0.000ns fall@10.000ns period=20.000ns})
  Path Group:             **async_default**
  Path Type:              Recovery (Max at Slow Process Corner)
  Requirement:            20.000ns  (clk_fpga_0 rise@20.000ns - clk_fpga_0 rise@0.000ns)
  Data Path Delay:        10.948ns  (logic 0.642ns (5.864%)  route 10.306ns (94.136%))
  Logic Levels:           1  (LUT1=1)
  Clock Path Skew:        -0.003ns (DCD - SCD + CPR)
    Destination Clock Delay (DCD):    2.769ns = ( 22.769 - 20.000 ) 
    Source Clock Delay      (SCD):    3.001ns
    Clock Pessimism Removal (CPR):    0.229ns
  Clock Uncertainty:      0.302ns  ((TSJ^2 + TIJ^2)^1/2 + DJ) / 2 + PE
    Total System Jitter     (TSJ):    0.071ns
    Total Input Jitter      (TIJ):    0.600ns
    Discrete Jitter          (DJ):    0.000ns
    Phase Error              (PE):    0.000ns

    Location             Delay type                Incr(ns)  Path(ns)    Netlist Resource(s)
  -------------------------------------------------------------------    -------------------
                         (clock clk_fpga_0 rise edge)
                                                      0.000     0.000 r  
    PS7_X0Y0             PS7                          0.000     0.000 r  design_1_i/processing_system7_0/inst/PS7_i/FCLKCLK[0]
                         net (fo=1, routed)           1.193     1.193    design_1_i/processing_system7_0/inst/FCLK_CLK_unbuffered[0]
    BUFGCTRL_X0Y16       BUFG (Prop_bufg_I_O)         0.101     1.294 r  design_1_i/processing_system7_0/inst/buffer_fclk_clk_0.FCLK_CLK_0_BUFG/O
                         net (fo=8992, routed)        1.707     3.001    design_1_i/rst_ps7_0_50M/U0/slowest_sync_clk
    SLICE_X82Y78         FDRE                                         r  design_1_i/rst_ps7_0_50M/U0/ACTIVE_LOW_PR_OUT_DFF[0].FDRE_PER_N/C
  -------------------------------------------------------------------    -------------------
    SLICE_X82Y78         FDRE (Prop_fdre_C_Q)         0.518     3.519 r  design_1_i/rst_ps7_0_50M/U0/ACTIVE_LOW_PR_OUT_DFF[0].FDRE_PER_N/Q
                         net (fo=7, routed)           1.943     5.462    design_1_i/ntt_axi_accelerator_0/inst/ntt_axi_accelerator_v1_0_S00_AXI_inst/s00_axi_aresetn
    SLICE_X32Y78         LUT1 (Prop_lut1_I0_O)        0.124     5.586 f  design_1_i/ntt_axi_accelerator_0/inst/ntt_axi_accelerator_v1_0_S00_AXI_inst/axi_awready_i_1/O
                         net (fo=8407, routed)        8.363    13.949    design_1_i/ntt_axi_accelerator_0/inst/u_ntt_core/core_array[5].u_core/p_0_in
    SLICE_X91Y76         FDCE                                         f  design_1_i/ntt_axi_accelerator_0/inst/u_ntt_core/core_array[5].u_core/state_reg[3]/CLR
  -------------------------------------------------------------------    -------------------

                         (clock clk_fpga_0 rise edge)
                                                     20.000    20.000 r  
    PS7_X0Y0             PS7                          0.000    20.000 r  design_1_i/processing_system7_0/inst/PS7_i/FCLKCLK[0]
                         net (fo=1, routed)           1.088    21.088    design_1_i/processing_system7_0/inst/FCLK_CLK_unbuffered[0]
    BUFGCTRL_X0Y16       BUFG (Prop_bufg_I_O)         0.091    21.179 r  design_1_i/processing_system7_0/inst/buffer_fclk_clk_0.FCLK_CLK_0_BUFG/O
                         net (fo=8992, routed)        1.590    22.769    design_1_i/ntt_axi_accelerator_0/inst/u_ntt_core/core_array[5].u_core/s00_axi_aclk
    SLICE_X91Y76         FDCE                                         r  design_1_i/ntt_axi_accelerator_0/inst/u_ntt_core/core_array[5].u_core/state_reg[3]/C
                         clock pessimism              0.229    22.998    
                         clock uncertainty           -0.302    22.696    
    SLICE_X91Y76         FDCE (Recov_fdce_C_CLR)     -0.405    22.291    design_1_i/ntt_axi_accelerator_0/inst/u_ntt_core/core_array[5].u_core/state_reg[3]
  -------------------------------------------------------------------
                         required time                         22.291    
                         arrival time                         -13.949    
  -------------------------------------------------------------------
                         slack                                  8.342    

Slack (MET) :             8.394ns  (required time - arrival time)
  Source:                 design_1_i/rst_ps7_0_50M/U0/ACTIVE_LOW_PR_OUT_DFF[0].FDRE_PER_N/C
                            (rising edge-triggered cell FDRE clocked by clk_fpga_0  {rise@0.000ns fall@10.000ns period=20.000ns})
  Destination:            design_1_i/ntt_axi_accelerator_0/inst/u_ntt_core/core_array[4].u_core/accum_i_reg[0]/CLR
                            (recovery check against rising-edge clock clk_fpga_0  {rise@0.000ns fall@10.000ns period=20.000ns})
  Path Group:             **async_default**
  Path Type:              Recovery (Max at Slow Process Corner)
  Requirement:            20.000ns  (clk_fpga_0 rise@20.000ns - clk_fpga_0 rise@0.000ns)
  Data Path Delay:        10.897ns  (logic 0.642ns (5.892%)  route 10.255ns (94.108%))
  Logic Levels:           1  (LUT1=1)
  Clock Path Skew:        -0.002ns (DCD - SCD + CPR)
    Destination Clock Delay (DCD):    2.770ns = ( 22.770 - 20.000 ) 
    Source Clock Delay      (SCD):    3.001ns
    Clock Pessimism Removal (CPR):    0.229ns
  Clock Uncertainty:      0.302ns  ((TSJ^2 + TIJ^2)^1/2 + DJ) / 2 + PE
    Total System Jitter     (TSJ):    0.071ns
    Total Input Jitter      (TIJ):    0.600ns
    Discrete Jitter          (DJ):    0.000ns
    Phase Error              (PE):    0.000ns

    Location             Delay type                Incr(ns)  Path(ns)    Netlist Resource(s)
  -------------------------------------------------------------------    -------------------
                         (clock clk_fpga_0 rise edge)
                                                      0.000     0.000 r  
    PS7_X0Y0             PS7                          0.000     0.000 r  design_1_i/processing_system7_0/inst/PS7_i/FCLKCLK[0]
                         net (fo=1, routed)           1.193     1.193    design_1_i/processing_system7_0/inst/FCLK_CLK_unbuffered[0]
    BUFGCTRL_X0Y16       BUFG (Prop_bufg_I_O)         0.101     1.294 r  design_1_i/processing_system7_0/inst/buffer_fclk_clk_0.FCLK_CLK_0_BUFG/O
                         net (fo=8992, routed)        1.707     3.001    design_1_i/rst_ps7_0_50M/U0/slowest_sync_clk
    SLICE_X82Y78         FDRE                                         r  design_1_i/rst_ps7_0_50M/U0/ACTIVE_LOW_PR_OUT_DFF[0].FDRE_PER_N/C
  -------------------------------------------------------------------    -------------------
    SLICE_X82Y78         FDRE (Prop_fdre_C_Q)         0.518     3.519 r  design_1_i/rst_ps7_0_50M/U0/ACTIVE_LOW_PR_OUT_DFF[0].FDRE_PER_N/Q
                         net (fo=7, routed)           1.943     5.462    design_1_i/ntt_axi_accelerator_0/inst/ntt_axi_accelerator_v1_0_S00_AXI_inst/s00_axi_aresetn
    SLICE_X32Y78         LUT1 (Prop_lut1_I0_O)        0.124     5.586 f  design_1_i/ntt_axi_accelerator_0/inst/ntt_axi_accelerator_v1_0_S00_AXI_inst/axi_awready_i_1/O
                         net (fo=8407, routed)        8.312    13.898    design_1_i/ntt_axi_accelerator_0/inst/u_ntt_core/core_array[4].u_core/p_0_in
    SLICE_X91Y77         FDCE                                         f  design_1_i/ntt_axi_accelerator_0/inst/u_ntt_core/core_array[4].u_core/accum_i_reg[0]/CLR
  -------------------------------------------------------------------    -------------------

                         (clock clk_fpga_0 rise edge)
                                                     20.000    20.000 r  
    PS7_X0Y0             PS7                          0.000    20.000 r  design_1_i/processing_system7_0/inst/PS7_i/FCLKCLK[0]
                         net (fo=1, routed)           1.088    21.088    design_1_i/processing_system7_0/inst/FCLK_CLK_unbuffered[0]
    BUFGCTRL_X0Y16       BUFG (Prop_bufg_I_O)         0.091    21.179 r  design_1_i/processing_system7_0/inst/buffer_fclk_clk_0.FCLK_CLK_0_BUFG/O
                         net (fo=8992, routed)        1.591    22.770    design_1_i/ntt_axi_accelerator_0/inst/u_ntt_core/core_array[4].u_core/s00_axi_aclk
    SLICE_X91Y77         FDCE                                         r  design_1_i/ntt_axi_accelerator_0/inst/u_ntt_core/core_array[4].u_core/accum_i_reg[0]/C
                         clock pessimism              0.229    22.999    
                         clock uncertainty           -0.302    22.697    
    SLICE_X91Y77         FDCE (Recov_fdce_C_CLR)     -0.405    22.292    design_1_i/ntt_axi_accelerator_0/inst/u_ntt_core/core_array[4].u_core/accum_i_reg[0]
  -------------------------------------------------------------------
                         required time                         22.292    
                         arrival time                         -13.898    
  -------------------------------------------------------------------
                         slack                                  8.394    





Min Delay Paths
--------------------------------------------------------------------------------------
Slack (MET) :             4.204ns  (arrival time - required time)
  Source:                 design_1_i/rst_ps7_0_50M/U0/ACTIVE_LOW_PR_OUT_DFF[0].FDRE_PER_N/C
                            (rising edge-triggered cell FDRE clocked by clk_fpga_0  {rise@0.000ns fall@10.000ns period=20.000ns})
  Destination:            design_1_i/ntt_axi_accelerator_0/inst/u_ntt_core/core_array[2].u_core/accum_phase_reg[0]/CLR
                            (removal check against rising-edge clock clk_fpga_0  {rise@0.000ns fall@10.000ns period=20.000ns})
  Path Group:             **async_default**
  Path Type:              Removal (Min at Fast Process Corner)
  Requirement:            0.000ns  (clk_fpga_0 rise@0.000ns - clk_fpga_0 rise@0.000ns)
  Data Path Delay:        4.141ns  (logic 0.209ns (5.047%)  route 3.932ns (94.953%))
  Logic Levels:           1  (LUT1=1)
  Clock Path Skew:        0.029ns (DCD - SCD - CPR)
    Destination Clock Delay (DCD):    1.202ns
    Source Clock Delay      (SCD):    0.909ns
    Clock Pessimism Removal (CPR):    0.264ns

    Location             Delay type                Incr(ns)  Path(ns)    Netlist Resource(s)
  -------------------------------------------------------------------    -------------------
                         (clock clk_fpga_0 rise edge)
                                                      0.000     0.000 r  
    PS7_X0Y0             PS7                          0.000     0.000 r  design_1_i/processing_system7_0/inst/PS7_i/FCLKCLK[0]
                         net (fo=1, routed)           0.310     0.310    design_1_i/processing_system7_0/inst/FCLK_CLK_unbuffered[0]
    BUFGCTRL_X0Y16       BUFG (Prop_bufg_I_O)         0.026     0.336 r  design_1_i/processing_system7_0/inst/buffer_fclk_clk_0.FCLK_CLK_0_BUFG/O
                         net (fo=8992, routed)        0.573     0.909    design_1_i/rst_ps7_0_50M/U0/slowest_sync_clk
    SLICE_X82Y78         FDRE                                         r  design_1_i/rst_ps7_0_50M/U0/ACTIVE_LOW_PR_OUT_DFF[0].FDRE_PER_N/C
  -------------------------------------------------------------------    -------------------
    SLICE_X82Y78         FDRE (Prop_fdre_C_Q)         0.164     1.073 r  design_1_i/rst_ps7_0_50M/U0/ACTIVE_LOW_PR_OUT_DFF[0].FDRE_PER_N/Q
                         net (fo=7, routed)           0.860     1.932    design_1_i/ntt_axi_accelerator_0/inst/ntt_axi_accelerator_v1_0_S00_AXI_inst/s00_axi_aresetn
    SLICE_X32Y78         LUT1 (Prop_lut1_I0_O)        0.045     1.977 f  design_1_i/ntt_axi_accelerator_0/inst/ntt_axi_accelerator_v1_0_S00_AXI_inst/axi_awready_i_1/O
                         net (fo=8407, routed)        3.072     5.050    design_1_i/ntt_axi_accelerator_0/inst/u_ntt_core/core_array[2].u_core/p_0_in
    SLICE_X85Y74         FDCE                                         f  design_1_i/ntt_axi_accelerator_0/inst/u_ntt_core/core_array[2].u_core/accum_phase_reg[0]/CLR
  -------------------------------------------------------------------    -------------------

                         (clock clk_fpga_0 rise edge)
                                                      0.000     0.000 r  
    PS7_X0Y0             PS7                          0.000     0.000 r  design_1_i/processing_system7_0/inst/PS7_i/FCLKCLK[0]
                         net (fo=1, routed)           0.337     0.337    design_1_i/processing_system7_0/inst/FCLK_CLK_unbuffered[0]
    BUFGCTRL_X0Y16       BUFG (Prop_bufg_I_O)         0.029     0.366 r  design_1_i/processing_system7_0/inst/buffer_fclk_clk_0.FCLK_CLK_0_BUFG/O
                         net (fo=8992, routed)        0.836     1.202    design_1_i/ntt_axi_accelerator_0/inst/u_ntt_core/core_array[2].u_core/s00_axi_aclk
    SLICE_X85Y74         FDCE                                         r  design_1_i/ntt_axi_accelerator_0/inst/u_ntt_core/core_array[2].u_core/accum_phase_reg[0]/C
                         clock pessimism             -0.264     0.938    
    SLICE_X85Y74         FDCE (Remov_fdce_C_CLR)     -0.092     0.846    design_1_i/ntt_axi_accelerator_0/inst/u_ntt_core/core_array[2].u_core/accum_phase_reg[0]
  -------------------------------------------------------------------
                         required time                         -0.846    
                         arrival time                           5.050    
  -------------------------------------------------------------------
                         slack                                  4.204    

Slack (MET) :             4.204ns  (arrival time - required time)
  Source:                 design_1_i/rst_ps7_0_50M/U0/ACTIVE_LOW_PR_OUT_DFF[0].FDRE_PER_N/C
                            (rising edge-triggered cell FDRE clocked by clk_fpga_0  {rise@0.000ns fall@10.000ns period=20.000ns})
  Destination:            design_1_i/ntt_axi_accelerator_0/inst/u_ntt_core/core_array[2].u_core/accum_phase_reg[1]/CLR
                            (removal check against rising-edge clock clk_fpga_0  {rise@0.000ns fall@10.000ns period=20.000ns})
  Path Group:             **async_default**
  Path Type:              Removal (Min at Fast Process Corner)
  Requirement:            0.000ns  (clk_fpga_0 rise@0.000ns - clk_fpga_0 rise@0.000ns)
  Data Path Delay:        4.141ns  (logic 0.209ns (5.047%)  route 3.932ns (94.953%))
  Logic Levels:           1  (LUT1=1)
  Clock Path Skew:        0.029ns (DCD - SCD - CPR)
    Destination Clock Delay (DCD):    1.202ns
    Source Clock Delay      (SCD):    0.909ns
    Clock Pessimism Removal (CPR):    0.264ns

    Location             Delay type                Incr(ns)  Path(ns)    Netlist Resource(s)
  -------------------------------------------------------------------    -------------------
                         (clock clk_fpga_0 rise edge)
                                                      0.000     0.000 r  
    PS7_X0Y0             PS7                          0.000     0.000 r  design_1_i/processing_system7_0/inst/PS7_i/FCLKCLK[0]
                         net (fo=1, routed)           0.310     0.310    design_1_i/processing_system7_0/inst/FCLK_CLK_unbuffered[0]
    BUFGCTRL_X0Y16       BUFG (Prop_bufg_I_O)         0.026     0.336 r  design_1_i/processing_system7_0/inst/buffer_fclk_clk_0.FCLK_CLK_0_BUFG/O
                         net (fo=8992, routed)        0.573     0.909    design_1_i/rst_ps7_0_50M/U0/slowest_sync_clk
    SLICE_X82Y78         FDRE                                         r  design_1_i/rst_ps7_0_50M/U0/ACTIVE_LOW_PR_OUT_DFF[0].FDRE_PER_N/C
  -------------------------------------------------------------------    -------------------
    SLICE_X82Y78         FDRE (Prop_fdre_C_Q)         0.164     1.073 r  design_1_i/rst_ps7_0_50M/U0/ACTIVE_LOW_PR_OUT_DFF[0].FDRE_PER_N/Q
                         net (fo=7, routed)           0.860     1.932    design_1_i/ntt_axi_accelerator_0/inst/ntt_axi_accelerator_v1_0_S00_AXI_inst/s00_axi_aresetn
    SLICE_X32Y78         LUT1 (Prop_lut1_I0_O)        0.045     1.977 f  design_1_i/ntt_axi_accelerator_0/inst/ntt_axi_accelerator_v1_0_S00_AXI_inst/axi_awready_i_1/O
                         net (fo=8407, routed)        3.072     5.050    design_1_i/ntt_axi_accelerator_0/inst/u_ntt_core/core_array[2].u_core/p_0_in
    SLICE_X85Y74         FDCE                                         f  design_1_i/ntt_axi_accelerator_0/inst/u_ntt_core/core_array[2].u_core/accum_phase_reg[1]/CLR
  -------------------------------------------------------------------    -------------------

                         (clock clk_fpga_0 rise edge)
                                                      0.000     0.000 r  
    PS7_X0Y0             PS7                          0.000     0.000 r  design_1_i/processing_system7_0/inst/PS7_i/FCLKCLK[0]
                         net (fo=1, routed)           0.337     0.337    design_1_i/processing_system7_0/inst/FCLK_CLK_unbuffered[0]
    BUFGCTRL_X0Y16       BUFG (Prop_bufg_I_O)         0.029     0.366 r  design_1_i/processing_system7_0/inst/buffer_fclk_clk_0.FCLK_CLK_0_BUFG/O
                         net (fo=8992, routed)        0.836     1.202    design_1_i/ntt_axi_accelerator_0/inst/u_ntt_core/core_array[2].u_core/s00_axi_aclk
    SLICE_X85Y74         FDCE                                         r  design_1_i/ntt_axi_accelerator_0/inst/u_ntt_core/core_array[2].u_core/accum_phase_reg[1]/C
                         clock pessimism             -0.264     0.938    
    SLICE_X85Y74         FDCE (Remov_fdce_C_CLR)     -0.092     0.846    design_1_i/ntt_axi_accelerator_0/inst/u_ntt_core/core_array[2].u_core/accum_phase_reg[1]
  -------------------------------------------------------------------
                         required time                         -0.846    
                         arrival time                           5.050    
  -------------------------------------------------------------------
                         slack                                  4.204    

Slack (MET) :             4.204ns  (arrival time - required time)
  Source:                 design_1_i/rst_ps7_0_50M/U0/ACTIVE_LOW_PR_OUT_DFF[0].FDRE_PER_N/C
                            (rising edge-triggered cell FDRE clocked by clk_fpga_0  {rise@0.000ns fall@10.000ns period=20.000ns})
  Destination:            design_1_i/ntt_axi_accelerator_0/inst/u_ntt_core/core_array[2].u_core/done_reg/CLR
                            (removal check against rising-edge clock clk_fpga_0  {rise@0.000ns fall@10.000ns period=20.000ns})
  Path Group:             **async_default**
  Path Type:              Removal (Min at Fast Process Corner)
  Requirement:            0.000ns  (clk_fpga_0 rise@0.000ns - clk_fpga_0 rise@0.000ns)
  Data Path Delay:        4.141ns  (logic 0.209ns (5.047%)  route 3.932ns (94.953%))
  Logic Levels:           1  (LUT1=1)
  Clock Path Skew:        0.029ns (DCD - SCD - CPR)
    Destination Clock Delay (DCD):    1.202ns
    Source Clock Delay      (SCD):    0.909ns
    Clock Pessimism Removal (CPR):    0.264ns

    Location             Delay type                Incr(ns)  Path(ns)    Netlist Resource(s)
  -------------------------------------------------------------------    -------------------
                         (clock clk_fpga_0 rise edge)
                                                      0.000     0.000 r  
    PS7_X0Y0             PS7                          0.000     0.000 r  design_1_i/processing_system7_0/inst/PS7_i/FCLKCLK[0]
                         net (fo=1, routed)           0.310     0.310    design_1_i/processing_system7_0/inst/FCLK_CLK_unbuffered[0]
    BUFGCTRL_X0Y16       BUFG (Prop_bufg_I_O)         0.026     0.336 r  design_1_i/processing_system7_0/inst/buffer_fclk_clk_0.FCLK_CLK_0_BUFG/O
                         net (fo=8992, routed)        0.573     0.909    design_1_i/rst_ps7_0_50M/U0/slowest_sync_clk
    SLICE_X82Y78         FDRE                                         r  design_1_i/rst_ps7_0_50M/U0/ACTIVE_LOW_PR_OUT_DFF[0].FDRE_PER_N/C
  -------------------------------------------------------------------    -------------------
    SLICE_X82Y78         FDRE (Prop_fdre_C_Q)         0.164     1.073 r  design_1_i/rst_ps7_0_50M/U0/ACTIVE_LOW_PR_OUT_DFF[0].FDRE_PER_N/Q
                         net (fo=7, routed)           0.860     1.932    design_1_i/ntt_axi_accelerator_0/inst/ntt_axi_accelerator_v1_0_S00_AXI_inst/s00_axi_aresetn
    SLICE_X32Y78         LUT1 (Prop_lut1_I0_O)        0.045     1.977 f  design_1_i/ntt_axi_accelerator_0/inst/ntt_axi_accelerator_v1_0_S00_AXI_inst/axi_awready_i_1/O
                         net (fo=8407, routed)        3.072     5.050    design_1_i/ntt_axi_accelerator_0/inst/u_ntt_core/core_array[2].u_core/p_0_in
    SLICE_X85Y74         FDCE                                         f  design_1_i/ntt_axi_accelerator_0/inst/u_ntt_core/core_array[2].u_core/done_reg/CLR
  -------------------------------------------------------------------    -------------------

                         (clock clk_fpga_0 rise edge)
                                                      0.000     0.000 r  
    PS7_X0Y0             PS7                          0.000     0.000 r  design_1_i/processing_system7_0/inst/PS7_i/FCLKCLK[0]
                         net (fo=1, routed)           0.337     0.337    design_1_i/processing_system7_0/inst/FCLK_CLK_unbuffered[0]
    BUFGCTRL_X0Y16       BUFG (Prop_bufg_I_O)         0.029     0.366 r  design_1_i/processing_system7_0/inst/buffer_fclk_clk_0.FCLK_CLK_0_BUFG/O
                         net (fo=8992, routed)        0.836     1.202    design_1_i/ntt_axi_accelerator_0/inst/u_ntt_core/core_array[2].u_core/s00_axi_aclk
    SLICE_X85Y74         FDCE                                         r  design_1_i/ntt_axi_accelerator_0/inst/u_ntt_core/core_array[2].u_core/done_reg/C
                         clock pessimism             -0.264     0.938    
    SLICE_X85Y74         FDCE (Remov_fdce_C_CLR)     -0.092     0.846    design_1_i/ntt_axi_accelerator_0/inst/u_ntt_core/core_array[2].u_core/done_reg
  -------------------------------------------------------------------
                         required time                         -0.846    
                         arrival time                           5.050    
  -------------------------------------------------------------------
                         slack                                  4.204    

Slack (MET) :             4.209ns  (arrival time - required time)
  Source:                 design_1_i/rst_ps7_0_50M/U0/ACTIVE_LOW_PR_OUT_DFF[0].FDRE_PER_N/C
                            (rising edge-triggered cell FDRE clocked by clk_fpga_0  {rise@0.000ns fall@10.000ns period=20.000ns})
  Destination:            design_1_i/ntt_axi_accelerator_0/inst/u_ntt_core/core_array[2].u_core/accum_i_reg[0]/CLR
                            (removal check against rising-edge clock clk_fpga_0  {rise@0.000ns fall@10.000ns period=20.000ns})
  Path Group:             **async_default**
  Path Type:              Removal (Min at Fast Process Corner)
  Requirement:            0.000ns  (clk_fpga_0 rise@0.000ns - clk_fpga_0 rise@0.000ns)
  Data Path Delay:        4.146ns  (logic 0.209ns (5.042%)  route 3.937ns (94.958%))
  Logic Levels:           1  (LUT1=1)
  Clock Path Skew:        0.029ns (DCD - SCD - CPR)
    Destination Clock Delay (DCD):    1.202ns
    Source Clock Delay      (SCD):    0.909ns
    Clock Pessimism Removal (CPR):    0.264ns

    Location             Delay type                Incr(ns)  Path(ns)    Netlist Resource(s)
  -------------------------------------------------------------------    -------------------
                         (clock clk_fpga_0 rise edge)
                                                      0.000     0.000 r  
    PS7_X0Y0             PS7                          0.000     0.000 r  design_1_i/processing_system7_0/inst/PS7_i/FCLKCLK[0]
                         net (fo=1, routed)           0.310     0.310    design_1_i/processing_system7_0/inst/FCLK_CLK_unbuffered[0]
    BUFGCTRL_X0Y16       BUFG (Prop_bufg_I_O)         0.026     0.336 r  design_1_i/processing_system7_0/inst/buffer_fclk_clk_0.FCLK_CLK_0_BUFG/O
                         net (fo=8992, routed)        0.573     0.909    design_1_i/rst_ps7_0_50M/U0/slowest_sync_clk
    SLICE_X82Y78         FDRE                                         r  design_1_i/rst_ps7_0_50M/U0/ACTIVE_LOW_PR_OUT_DFF[0].FDRE_PER_N/C
  -------------------------------------------------------------------    -------------------
    SLICE_X82Y78         FDRE (Prop_fdre_C_Q)         0.164     1.073 r  design_1_i/rst_ps7_0_50M/U0/ACTIVE_LOW_PR_OUT_DFF[0].FDRE_PER_N/Q
                         net (fo=7, routed)           0.860     1.932    design_1_i/ntt_axi_accelerator_0/inst/ntt_axi_accelerator_v1_0_S00_AXI_inst/s00_axi_aresetn
    SLICE_X32Y78         LUT1 (Prop_lut1_I0_O)        0.045     1.977 f  design_1_i/ntt_axi_accelerator_0/inst/ntt_axi_accelerator_v1_0_S00_AXI_inst/axi_awready_i_1/O
                         net (fo=8407, routed)        3.077     5.054    design_1_i/ntt_axi_accelerator_0/inst/u_ntt_core/core_array[2].u_core/p_0_in
    SLICE_X84Y74         FDCE                                         f  design_1_i/ntt_axi_accelerator_0/inst/u_ntt_core/core_array[2].u_core/accum_i_reg[0]/CLR
  -------------------------------------------------------------------    -------------------

                         (clock clk_fpga_0 rise edge)
                                                      0.000     0.000 r  
    PS7_X0Y0             PS7                          0.000     0.000 r  design_1_i/processing_system7_0/inst/PS7_i/FCLKCLK[0]
                         net (fo=1, routed)           0.337     0.337    design_1_i/processing_system7_0/inst/FCLK_CLK_unbuffered[0]
    BUFGCTRL_X0Y16       BUFG (Prop_bufg_I_O)         0.029     0.366 r  design_1_i/processing_system7_0/inst/buffer_fclk_clk_0.FCLK_CLK_0_BUFG/O
                         net (fo=8992, routed)        0.836     1.202    design_1_i/ntt_axi_accelerator_0/inst/u_ntt_core/core_array[2].u_core/s00_axi_aclk
    SLICE_X84Y74         FDCE                                         r  design_1_i/ntt_axi_accelerator_0/inst/u_ntt_core/core_array[2].u_core/accum_i_reg[0]/C
                         clock pessimism             -0.264     0.938    
    SLICE_X84Y74         FDCE (Remov_fdce_C_CLR)     -0.092     0.846    design_1_i/ntt_axi_accelerator_0/inst/u_ntt_core/core_array[2].u_core/accum_i_reg[0]
  -------------------------------------------------------------------
                         required time                         -0.846    
                         arrival time                           5.054    
  -------------------------------------------------------------------
                         slack                                  4.209    

Slack (MET) :             4.209ns  (arrival time - required time)
  Source:                 design_1_i/rst_ps7_0_50M/U0/ACTIVE_LOW_PR_OUT_DFF[0].FDRE_PER_N/C
                            (rising edge-triggered cell FDRE clocked by clk_fpga_0  {rise@0.000ns fall@10.000ns period=20.000ns})
  Destination:            design_1_i/ntt_axi_accelerator_0/inst/u_ntt_core/core_array[2].u_core/accum_j_reg[0]/CLR
                            (removal check against rising-edge clock clk_fpga_0  {rise@0.000ns fall@10.000ns period=20.000ns})
  Path Group:             **async_default**
  Path Type:              Removal (Min at Fast Process Corner)
  Requirement:            0.000ns  (clk_fpga_0 rise@0.000ns - clk_fpga_0 rise@0.000ns)
  Data Path Delay:        4.146ns  (logic 0.209ns (5.042%)  route 3.937ns (94.958%))
  Logic Levels:           1  (LUT1=1)
  Clock Path Skew:        0.029ns (DCD - SCD - CPR)
    Destination Clock Delay (DCD):    1.202ns
    Source Clock Delay      (SCD):    0.909ns
    Clock Pessimism Removal (CPR):    0.264ns

    Location             Delay type                Incr(ns)  Path(ns)    Netlist Resource(s)
  -------------------------------------------------------------------    -------------------
                         (clock clk_fpga_0 rise edge)
                                                      0.000     0.000 r  
    PS7_X0Y0             PS7                          0.000     0.000 r  design_1_i/processing_system7_0/inst/PS7_i/FCLKCLK[0]
                         net (fo=1, routed)           0.310     0.310    design_1_i/processing_system7_0/inst/FCLK_CLK_unbuffered[0]
    BUFGCTRL_X0Y16       BUFG (Prop_bufg_I_O)         0.026     0.336 r  design_1_i/processing_system7_0/inst/buffer_fclk_clk_0.FCLK_CLK_0_BUFG/O
                         net (fo=8992, routed)        0.573     0.909    design_1_i/rst_ps7_0_50M/U0/slowest_sync_clk
    SLICE_X82Y78         FDRE                                         r  design_1_i/rst_ps7_0_50M/U0/ACTIVE_LOW_PR_OUT_DFF[0].FDRE_PER_N/C
  -------------------------------------------------------------------    -------------------
    SLICE_X82Y78         FDRE (Prop_fdre_C_Q)         0.164     1.073 r  design_1_i/rst_ps7_0_50M/U0/ACTIVE_LOW_PR_OUT_DFF[0].FDRE_PER_N/Q
                         net (fo=7, routed)           0.860     1.932    design_1_i/ntt_axi_accelerator_0/inst/ntt_axi_accelerator_v1_0_S00_AXI_inst/s00_axi_aresetn
    SLICE_X32Y78         LUT1 (Prop_lut1_I0_O)        0.045     1.977 f  design_1_i/ntt_axi_accelerator_0/inst/ntt_axi_accelerator_v1_0_S00_AXI_inst/axi_awready_i_1/O
                         net (fo=8407, routed)        3.077     5.054    design_1_i/ntt_axi_accelerator_0/inst/u_ntt_core/core_array[2].u_core/p_0_in
    SLICE_X84Y74         FDCE                                         f  design_1_i/ntt_axi_accelerator_0/inst/u_ntt_core/core_array[2].u_core/accum_j_reg[0]/CLR
  -------------------------------------------------------------------    -------------------

                         (clock clk_fpga_0 rise edge)
                                                      0.000     0.000 r  
    PS7_X0Y0             PS7                          0.000     0.000 r  design_1_i/processing_system7_0/inst/PS7_i/FCLKCLK[0]
                         net (fo=1, routed)           0.337     0.337    design_1_i/processing_system7_0/inst/FCLK_CLK_unbuffered[0]
    BUFGCTRL_X0Y16       BUFG (Prop_bufg_I_O)         0.029     0.366 r  design_1_i/processing_system7_0/inst/buffer_fclk_clk_0.FCLK_CLK_0_BUFG/O
                         net (fo=8992, routed)        0.836     1.202    design_1_i/ntt_axi_accelerator_0/inst/u_ntt_core/core_array[2].u_core/s00_axi_aclk
    SLICE_X84Y74         FDCE                                         r  design_1_i/ntt_axi_accelerator_0/inst/u_ntt_core/core_array[2].u_core/accum_j_reg[0]/C
                         clock pessimism             -0.264     0.938    
    SLICE_X84Y74         FDCE (Remov_fdce_C_CLR)     -0.092     0.846    design_1_i/ntt_axi_accelerator_0/inst/u_ntt_core/core_array[2].u_core/accum_j_reg[0]
  -------------------------------------------------------------------
                         required time                         -0.846    
                         arrival time                           5.054    
  -------------------------------------------------------------------
                         slack                                  4.209    

Slack (MET) :             4.571ns  (arrival time - required time)
  Source:                 design_1_i/rst_ps7_0_50M/U0/ACTIVE_LOW_PR_OUT_DFF[0].FDRE_PER_N/C
                            (rising edge-triggered cell FDRE clocked by clk_fpga_0  {rise@0.000ns fall@10.000ns period=20.000ns})
  Destination:            design_1_i/ntt_axi_accelerator_0/inst/u_ntt_core/u_winograd_post/core_done_latched_reg[1]/CLR
                            (removal check against rising-edge clock clk_fpga_0  {rise@0.000ns fall@10.000ns period=20.000ns})
  Path Group:             **async_default**
  Path Type:              Removal (Min at Fast Process Corner)
  Requirement:            0.000ns  (clk_fpga_0 rise@0.000ns - clk_fpga_0 rise@0.000ns)
  Data Path Delay:        4.538ns  (logic 0.209ns (4.606%)  route 4.329ns (95.394%))
  Logic Levels:           1  (LUT1=1)
  Clock Path Skew:        0.034ns (DCD - SCD - CPR)
    Destination Clock Delay (DCD):    1.207ns
    Source Clock Delay      (SCD):    0.909ns
    Clock Pessimism Removal (CPR):    0.264ns

    Location             Delay type                Incr(ns)  Path(ns)    Netlist Resource(s)
  -------------------------------------------------------------------    -------------------
                         (clock clk_fpga_0 rise edge)
                                                      0.000     0.000 r  
    PS7_X0Y0             PS7                          0.000     0.000 r  design_1_i/processing_system7_0/inst/PS7_i/FCLKCLK[0]
                         net (fo=1, routed)           0.310     0.310    design_1_i/processing_system7_0/inst/FCLK_CLK_unbuffered[0]
    BUFGCTRL_X0Y16       BUFG (Prop_bufg_I_O)         0.026     0.336 r  design_1_i/processing_system7_0/inst/buffer_fclk_clk_0.FCLK_CLK_0_BUFG/O
                         net (fo=8992, routed)        0.573     0.909    design_1_i/rst_ps7_0_50M/U0/slowest_sync_clk
    SLICE_X82Y78         FDRE                                         r  design_1_i/rst_ps7_0_50M/U0/ACTIVE_LOW_PR_OUT_DFF[0].FDRE_PER_N/C
  -------------------------------------------------------------------    -------------------
    SLICE_X82Y78         FDRE (Prop_fdre_C_Q)         0.164     1.073 r  design_1_i/rst_ps7_0_50M/U0/ACTIVE_LOW_PR_OUT_DFF[0].FDRE_PER_N/Q
                         net (fo=7, routed)           0.860     1.932    design_1_i/ntt_axi_accelerator_0/inst/ntt_axi_accelerator_v1_0_S00_AXI_inst/s00_axi_aresetn
    SLICE_X32Y78         LUT1 (Prop_lut1_I0_O)        0.045     1.977 f  design_1_i/ntt_axi_accelerator_0/inst/ntt_axi_accelerator_v1_0_S00_AXI_inst/axi_awready_i_1/O
                         net (fo=8407, routed)        3.469     5.446    design_1_i/ntt_axi_accelerator_0/inst/u_ntt_core/u_winograd_post/p_0_in
    SLICE_X86Y78         FDCE                                         f  design_1_i/ntt_axi_accelerator_0/inst/u_ntt_core/u_winograd_post/core_done_latched_reg[1]/CLR
  -------------------------------------------------------------------    -------------------

                         (clock clk_fpga_0 rise edge)
                                                      0.000     0.000 r  
    PS7_X0Y0             PS7                          0.000     0.000 r  design_1_i/processing_system7_0/inst/PS7_i/FCLKCLK[0]
                         net (fo=1, routed)           0.337     0.337    design_1_i/processing_system7_0/inst/FCLK_CLK_unbuffered[0]
    BUFGCTRL_X0Y16       BUFG (Prop_bufg_I_O)         0.029     0.366 r  design_1_i/processing_system7_0/inst/buffer_fclk_clk_0.FCLK_CLK_0_BUFG/O
                         net (fo=8992, routed)        0.841     1.207    design_1_i/ntt_axi_accelerator_0/inst/u_ntt_core/u_winograd_post/s00_axi_aclk
    SLICE_X86Y78         FDCE                                         r  design_1_i/ntt_axi_accelerator_0/inst/u_ntt_core/u_winograd_post/core_done_latched_reg[1]/C
                         clock pessimism             -0.264     0.943    
    SLICE_X86Y78         FDCE (Remov_fdce_C_CLR)     -0.067     0.876    design_1_i/ntt_axi_accelerator_0/inst/u_ntt_core/u_winograd_post/core_done_latched_reg[1]
  -------------------------------------------------------------------
                         required time                         -0.876    
                         arrival time                           5.446    
  -------------------------------------------------------------------
                         slack                                  4.571    

Slack (MET) :             4.571ns  (arrival time - required time)
  Source:                 design_1_i/rst_ps7_0_50M/U0/ACTIVE_LOW_PR_OUT_DFF[0].FDRE_PER_N/C
                            (rising edge-triggered cell FDRE clocked by clk_fpga_0  {rise@0.000ns fall@10.000ns period=20.000ns})
  Destination:            design_1_i/ntt_axi_accelerator_0/inst/u_ntt_core/u_winograd_post/core_done_latched_reg[3]/CLR
                            (removal check against rising-edge clock clk_fpga_0  {rise@0.000ns fall@10.000ns period=20.000ns})
  Path Group:             **async_default**
  Path Type:              Removal (Min at Fast Process Corner)
  Requirement:            0.000ns  (clk_fpga_0 rise@0.000ns - clk_fpga_0 rise@0.000ns)
  Data Path Delay:        4.538ns  (logic 0.209ns (4.606%)  route 4.329ns (95.394%))
  Logic Levels:           1  (LUT1=1)
  Clock Path Skew:        0.034ns (DCD - SCD - CPR)
    Destination Clock Delay (DCD):    1.207ns
    Source Clock Delay      (SCD):    0.909ns
    Clock Pessimism Removal (CPR):    0.264ns

    Location             Delay type                Incr(ns)  Path(ns)    Netlist Resource(s)
  -------------------------------------------------------------------    -------------------
                         (clock clk_fpga_0 rise edge)
                                                      0.000     0.000 r  
    PS7_X0Y0             PS7                          0.000     0.000 r  design_1_i/processing_system7_0/inst/PS7_i/FCLKCLK[0]
                         net (fo=1, routed)           0.310     0.310    design_1_i/processing_system7_0/inst/FCLK_CLK_unbuffered[0]
    BUFGCTRL_X0Y16       BUFG (Prop_bufg_I_O)         0.026     0.336 r  design_1_i/processing_system7_0/inst/buffer_fclk_clk_0.FCLK_CLK_0_BUFG/O
                         net (fo=8992, routed)        0.573     0.909    design_1_i/rst_ps7_0_50M/U0/slowest_sync_clk
    SLICE_X82Y78         FDRE                                         r  design_1_i/rst_ps7_0_50M/U0/ACTIVE_LOW_PR_OUT_DFF[0].FDRE_PER_N/C
  -------------------------------------------------------------------    -------------------
    SLICE_X82Y78         FDRE (Prop_fdre_C_Q)         0.164     1.073 r  design_1_i/rst_ps7_0_50M/U0/ACTIVE_LOW_PR_OUT_DFF[0].FDRE_PER_N/Q
                         net (fo=7, routed)           0.860     1.932    design_1_i/ntt_axi_accelerator_0/inst/ntt_axi_accelerator_v1_0_S00_AXI_inst/s00_axi_aresetn
    SLICE_X32Y78         LUT1 (Prop_lut1_I0_O)        0.045     1.977 f  design_1_i/ntt_axi_accelerator_0/inst/ntt_axi_accelerator_v1_0_S00_AXI_inst/axi_awready_i_1/O
                         net (fo=8407, routed)        3.469     5.446    design_1_i/ntt_axi_accelerator_0/inst/u_ntt_core/u_winograd_post/p_0_in
    SLICE_X86Y78         FDCE                                         f  design_1_i/ntt_axi_accelerator_0/inst/u_ntt_core/u_winograd_post/core_done_latched_reg[3]/CLR
  -------------------------------------------------------------------    -------------------

                         (clock clk_fpga_0 rise edge)
                                                      0.000     0.000 r  
    PS7_X0Y0             PS7                          0.000     0.000 r  design_1_i/processing_system7_0/inst/PS7_i/FCLKCLK[0]
                         net (fo=1, routed)           0.337     0.337    design_1_i/processing_system7_0/inst/FCLK_CLK_unbuffered[0]
    BUFGCTRL_X0Y16       BUFG (Prop_bufg_I_O)         0.029     0.366 r  design_1_i/processing_system7_0/inst/buffer_fclk_clk_0.FCLK_CLK_0_BUFG/O
                         net (fo=8992, routed)        0.841     1.207    design_1_i/ntt_axi_accelerator_0/inst/u_ntt_core/u_winograd_post/s00_axi_aclk
    SLICE_X86Y78         FDCE                                         r  design_1_i/ntt_axi_accelerator_0/inst/u_ntt_core/u_winograd_post/core_done_latched_reg[3]/C
                         clock pessimism             -0.264     0.943    
    SLICE_X86Y78         FDCE (Remov_fdce_C_CLR)     -0.067     0.876    design_1_i/ntt_axi_accelerator_0/inst/u_ntt_core/u_winograd_post/core_done_latched_reg[3]
  -------------------------------------------------------------------
                         required time                         -0.876    
                         arrival time                           5.446    
  -------------------------------------------------------------------
                         slack                                  4.571    

Slack (MET) :             4.571ns  (arrival time - required time)
  Source:                 design_1_i/rst_ps7_0_50M/U0/ACTIVE_LOW_PR_OUT_DFF[0].FDRE_PER_N/C
                            (rising edge-triggered cell FDRE clocked by clk_fpga_0  {rise@0.000ns fall@10.000ns period=20.000ns})
  Destination:            design_1_i/ntt_axi_accelerator_0/inst/u_ntt_core/u_winograd_post/core_done_latched_reg[5]/CLR
                            (removal check against rising-edge clock clk_fpga_0  {rise@0.000ns fall@10.000ns period=20.000ns})
  Path Group:             **async_default**
  Path Type:              Removal (Min at Fast Process Corner)
  Requirement:            0.000ns  (clk_fpga_0 rise@0.000ns - clk_fpga_0 rise@0.000ns)
  Data Path Delay:        4.538ns  (logic 0.209ns (4.606%)  route 4.329ns (95.394%))
  Logic Levels:           1  (LUT1=1)
  Clock Path Skew:        0.034ns (DCD - SCD - CPR)
    Destination Clock Delay (DCD):    1.207ns
    Source Clock Delay      (SCD):    0.909ns
    Clock Pessimism Removal (CPR):    0.264ns

    Location             Delay type                Incr(ns)  Path(ns)    Netlist Resource(s)
  -------------------------------------------------------------------    -------------------
                         (clock clk_fpga_0 rise edge)
                                                      0.000     0.000 r  
    PS7_X0Y0             PS7                          0.000     0.000 r  design_1_i/processing_system7_0/inst/PS7_i/FCLKCLK[0]
                         net (fo=1, routed)           0.310     0.310    design_1_i/processing_system7_0/inst/FCLK_CLK_unbuffered[0]
    BUFGCTRL_X0Y16       BUFG (Prop_bufg_I_O)         0.026     0.336 r  design_1_i/processing_system7_0/inst/buffer_fclk_clk_0.FCLK_CLK_0_BUFG/O
                         net (fo=8992, routed)        0.573     0.909    design_1_i/rst_ps7_0_50M/U0/slowest_sync_clk
    SLICE_X82Y78         FDRE                                         r  design_1_i/rst_ps7_0_50M/U0/ACTIVE_LOW_PR_OUT_DFF[0].FDRE_PER_N/C
  -------------------------------------------------------------------    -------------------
    SLICE_X82Y78         FDRE (Prop_fdre_C_Q)         0.164     1.073 r  design_1_i/rst_ps7_0_50M/U0/ACTIVE_LOW_PR_OUT_DFF[0].FDRE_PER_N/Q
                         net (fo=7, routed)           0.860     1.932    design_1_i/ntt_axi_accelerator_0/inst/ntt_axi_accelerator_v1_0_S00_AXI_inst/s00_axi_aresetn
    SLICE_X32Y78         LUT1 (Prop_lut1_I0_O)        0.045     1.977 f  design_1_i/ntt_axi_accelerator_0/inst/ntt_axi_accelerator_v1_0_S00_AXI_inst/axi_awready_i_1/O
                         net (fo=8407, routed)        3.469     5.446    design_1_i/ntt_axi_accelerator_0/inst/u_ntt_core/u_winograd_post/p_0_in
    SLICE_X86Y78         FDCE                                         f  design_1_i/ntt_axi_accelerator_0/inst/u_ntt_core/u_winograd_post/core_done_latched_reg[5]/CLR
  -------------------------------------------------------------------    -------------------

                         (clock clk_fpga_0 rise edge)
                                                      0.000     0.000 r  
    PS7_X0Y0             PS7                          0.000     0.000 r  design_1_i/processing_system7_0/inst/PS7_i/FCLKCLK[0]
                         net (fo=1, routed)           0.337     0.337    design_1_i/processing_system7_0/inst/FCLK_CLK_unbuffered[0]
    BUFGCTRL_X0Y16       BUFG (Prop_bufg_I_O)         0.029     0.366 r  design_1_i/processing_system7_0/inst/buffer_fclk_clk_0.FCLK_CLK_0_BUFG/O
                         net (fo=8992, routed)        0.841     1.207    design_1_i/ntt_axi_accelerator_0/inst/u_ntt_core/u_winograd_post/s00_axi_aclk
    SLICE_X86Y78         FDCE                                         r  design_1_i/ntt_axi_accelerator_0/inst/u_ntt_core/u_winograd_post/core_done_latched_reg[5]/C
                         clock pessimism             -0.264     0.943    
    SLICE_X86Y78         FDCE (Remov_fdce_C_CLR)     -0.067     0.876    design_1_i/ntt_axi_accelerator_0/inst/u_ntt_core/u_winograd_post/core_done_latched_reg[5]
  -------------------------------------------------------------------
                         required time                         -0.876    
                         arrival time                           5.446    
  -------------------------------------------------------------------
                         slack                                  4.571    

Slack (MET) :             4.596ns  (arrival time - required time)
  Source:                 design_1_i/rst_ps7_0_50M/U0/ACTIVE_LOW_PR_OUT_DFF[0].FDRE_PER_N/C
                            (rising edge-triggered cell FDRE clocked by clk_fpga_0  {rise@0.000ns fall@10.000ns period=20.000ns})
  Destination:            design_1_i/ntt_axi_accelerator_0/inst/u_ntt_core/core_array[6].u_core/u_montgomery/valid_out_reg/CLR
                            (removal check against rising-edge clock clk_fpga_0  {rise@0.000ns fall@10.000ns period=20.000ns})
  Path Group:             **async_default**
  Path Type:              Removal (Min at Fast Process Corner)
  Requirement:            0.000ns  (clk_fpga_0 rise@0.000ns - clk_fpga_0 rise@0.000ns)
  Data Path Delay:        4.538ns  (logic 0.209ns (4.606%)  route 4.329ns (95.394%))
  Logic Levels:           1  (LUT1=1)
  Clock Path Skew:        0.034ns (DCD - SCD - CPR)
    Destination Clock Delay (DCD):    1.207ns
    Source Clock Delay      (SCD):    0.909ns
    Clock Pessimism Removal (CPR):    0.264ns

    Location             Delay type                Incr(ns)  Path(ns)    Netlist Resource(s)
  -------------------------------------------------------------------    -------------------
                         (clock clk_fpga_0 rise edge)
                                                      0.000     0.000 r  
    PS7_X0Y0             PS7                          0.000     0.000 r  design_1_i/processing_system7_0/inst/PS7_i/FCLKCLK[0]
                         net (fo=1, routed)           0.310     0.310    design_1_i/processing_system7_0/inst/FCLK_CLK_unbuffered[0]
    BUFGCTRL_X0Y16       BUFG (Prop_bufg_I_O)         0.026     0.336 r  design_1_i/processing_system7_0/inst/buffer_fclk_clk_0.FCLK_CLK_0_BUFG/O
                         net (fo=8992, routed)        0.573     0.909    design_1_i/rst_ps7_0_50M/U0/slowest_sync_clk
    SLICE_X82Y78         FDRE                                         r  design_1_i/rst_ps7_0_50M/U0/ACTIVE_LOW_PR_OUT_DFF[0].FDRE_PER_N/C
  -------------------------------------------------------------------    -------------------
    SLICE_X82Y78         FDRE (Prop_fdre_C_Q)         0.164     1.073 r  design_1_i/rst_ps7_0_50M/U0/ACTIVE_LOW_PR_OUT_DFF[0].FDRE_PER_N/Q
                         net (fo=7, routed)           0.860     1.932    design_1_i/ntt_axi_accelerator_0/inst/ntt_axi_accelerator_v1_0_S00_AXI_inst/s00_axi_aresetn
    SLICE_X32Y78         LUT1 (Prop_lut1_I0_O)        0.045     1.977 f  design_1_i/ntt_axi_accelerator_0/inst/ntt_axi_accelerator_v1_0_S00_AXI_inst/axi_awready_i_1/O
                         net (fo=8407, routed)        3.469     5.446    design_1_i/ntt_axi_accelerator_0/inst/u_ntt_core/core_array[6].u_core/u_montgomery/p_0_in
    SLICE_X87Y78         FDCE                                         f  design_1_i/ntt_axi_accelerator_0/inst/u_ntt_core/core_array[6].u_core/u_montgomery/valid_out_reg/CLR
  -------------------------------------------------------------------    -------------------

                         (clock clk_fpga_0 rise edge)
                                                      0.000     0.000 r  
    PS7_X0Y0             PS7                          0.000     0.000 r  design_1_i/processing_system7_0/inst/PS7_i/FCLKCLK[0]
                         net (fo=1, routed)           0.337     0.337    design_1_i/processing_system7_0/inst/FCLK_CLK_unbuffered[0]
    BUFGCTRL_X0Y16       BUFG (Prop_bufg_I_O)         0.029     0.366 r  design_1_i/processing_system7_0/inst/buffer_fclk_clk_0.FCLK_CLK_0_BUFG/O
                         net (fo=8992, routed)        0.841     1.207    design_1_i/ntt_axi_accelerator_0/inst/u_ntt_core/core_array[6].u_core/u_montgomery/s00_axi_aclk
    SLICE_X87Y78         FDCE                                         r  design_1_i/ntt_axi_accelerator_0/inst/u_ntt_core/core_array[6].u_core/u_montgomery/valid_out_reg/C
                         clock pessimism             -0.264     0.943    
    SLICE_X87Y78         FDCE (Remov_fdce_C_CLR)     -0.092     0.851    design_1_i/ntt_axi_accelerator_0/inst/u_ntt_core/core_array[6].u_core/u_montgomery/valid_out_reg
  -------------------------------------------------------------------
                         required time                         -0.851    
                         arrival time                           5.446    
  -------------------------------------------------------------------
                         slack                                  4.596    

Slack (MET) :             4.596ns  (arrival time - required time)
  Source:                 design_1_i/rst_ps7_0_50M/U0/ACTIVE_LOW_PR_OUT_DFF[0].FDRE_PER_N/C
                            (rising edge-triggered cell FDRE clocked by clk_fpga_0  {rise@0.000ns fall@10.000ns period=20.000ns})
  Destination:            design_1_i/ntt_axi_accelerator_0/inst/u_ntt_core/core_array[7].u_core/u_montgomery/valid_out_reg/CLR
                            (removal check against rising-edge clock clk_fpga_0  {rise@0.000ns fall@10.000ns period=20.000ns})
  Path Group:             **async_default**
  Path Type:              Removal (Min at Fast Process Corner)
  Requirement:            0.000ns  (clk_fpga_0 rise@0.000ns - clk_fpga_0 rise@0.000ns)
  Data Path Delay:        4.538ns  (logic 0.209ns (4.606%)  route 4.329ns (95.394%))
  Logic Levels:           1  (LUT1=1)
  Clock Path Skew:        0.034ns (DCD - SCD - CPR)
    Destination Clock Delay (DCD):    1.207ns
    Source Clock Delay      (SCD):    0.909ns
    Clock Pessimism Removal (CPR):    0.264ns

    Location             Delay type                Incr(ns)  Path(ns)    Netlist Resource(s)
  -------------------------------------------------------------------    -------------------
                         (clock clk_fpga_0 rise edge)
                                                      0.000     0.000 r  
    PS7_X0Y0             PS7                          0.000     0.000 r  design_1_i/processing_system7_0/inst/PS7_i/FCLKCLK[0]
                         net (fo=1, routed)           0.310     0.310    design_1_i/processing_system7_0/inst/FCLK_CLK_unbuffered[0]
    BUFGCTRL_X0Y16       BUFG (Prop_bufg_I_O)         0.026     0.336 r  design_1_i/processing_system7_0/inst/buffer_fclk_clk_0.FCLK_CLK_0_BUFG/O
                         net (fo=8992, routed)        0.573     0.909    design_1_i/rst_ps7_0_50M/U0/slowest_sync_clk
    SLICE_X82Y78         FDRE                                         r  design_1_i/rst_ps7_0_50M/U0/ACTIVE_LOW_PR_OUT_DFF[0].FDRE_PER_N/C
  -------------------------------------------------------------------    -------------------
    SLICE_X82Y78         FDRE (Prop_fdre_C_Q)         0.164     1.073 r  design_1_i/rst_ps7_0_50M/U0/ACTIVE_LOW_PR_OUT_DFF[0].FDRE_PER_N/Q
                         net (fo=7, routed)           0.860     1.932    design_1_i/ntt_axi_accelerator_0/inst/ntt_axi_accelerator_v1_0_S00_AXI_inst/s00_axi_aresetn
    SLICE_X32Y78         LUT1 (Prop_lut1_I0_O)        0.045     1.977 f  design_1_i/ntt_axi_accelerator_0/inst/ntt_axi_accelerator_v1_0_S00_AXI_inst/axi_awready_i_1/O
                         net (fo=8407, routed)        3.469     5.446    design_1_i/ntt_axi_accelerator_0/inst/u_ntt_core/core_array[7].u_core/u_montgomery/p_0_in
    SLICE_X87Y78         FDCE                                         f  design_1_i/ntt_axi_accelerator_0/inst/u_ntt_core/core_array[7].u_core/u_montgomery/valid_out_reg/CLR
  -------------------------------------------------------------------    -------------------

                         (clock clk_fpga_0 rise edge)
                                                      0.000     0.000 r  
    PS7_X0Y0             PS7                          0.000     0.000 r  design_1_i/processing_system7_0/inst/PS7_i/FCLKCLK[0]
                         net (fo=1, routed)           0.337     0.337    design_1_i/processing_system7_0/inst/FCLK_CLK_unbuffered[0]
    BUFGCTRL_X0Y16       BUFG (Prop_bufg_I_O)         0.029     0.366 r  design_1_i/processing_system7_0/inst/buffer_fclk_clk_0.FCLK_CLK_0_BUFG/O
                         net (fo=8992, routed)        0.841     1.207    design_1_i/ntt_axi_accelerator_0/inst/u_ntt_core/core_array[7].u_core/u_montgomery/s00_axi_aclk
    SLICE_X87Y78         FDCE                                         r  design_1_i/ntt_axi_accelerator_0/inst/u_ntt_core/core_array[7].u_core/u_montgomery/valid_out_reg/C
                         clock pessimism             -0.264     0.943    
    SLICE_X87Y78         FDCE (Remov_fdce_C_CLR)     -0.092     0.851    design_1_i/ntt_axi_accelerator_0/inst/u_ntt_core/core_array[7].u_core/u_montgomery/valid_out_reg
  -------------------------------------------------------------------
                         required time                         -0.851    
                         arrival time                           5.446    
  -------------------------------------------------------------------
                         slack                                  4.596    





