JvmtiExport can_access_local_variables 0
JvmtiExport can_hotswap_or_post_breakpoint 0
JvmtiExport can_post_on_exceptions 0
# 314 ciObject found
instanceKlass javax/swing/text/html/HTMLDocument$1
instanceKlass ui/views/G/j$$Lambda$265
instanceKlass ui/b/o/u$$Lambda$264
instanceKlass ui/data/reports/utilresultsi
instanceKlass ui/frmwork/webtalki
instanceKlass ui/data/experiment/E
instanceKlass ui/data/experiment/M
instanceKlass ui/views/G/j
instanceKlass ui/data/experiment/J
instanceKlass ui/utils/o/n/a
instanceKlass ui/b/i/c/e
instanceKlass java/lang/invoke/LambdaForm$MH
instanceKlass java/lang/invoke/LambdaForm$BMH
instanceKlass java/lang/invoke/LambdaForm$BMH
instanceKlass java/lang/invoke/LambdaForm$DMH
instanceKlass java/lang/invoke/LambdaForm$BMH
instanceKlass java/lang/invoke/LambdaForm$DMH
instanceKlass java/lang/invoke/LambdaForm$BMH
instanceKlass java/lang/invoke/LambdaForm$BMH
instanceKlass java/lang/invoke/LambdaForm$BMH
instanceKlass java/lang/invoke/LambdaForm$BMH
instanceKlass java/lang/invoke/LambdaForm$BMH
instanceKlass java/lang/invoke/LambdaForm$BMH
instanceKlass java/lang/invoke/LambdaForm$BMH
instanceKlass java/lang/invoke/LambdaForm$BMH
instanceKlass java/lang/invoke/LambdaForm$BMH
instanceKlass java/lang/invoke/LambdaForm$BMH
instanceKlass java/lang/invoke/LambdaForm$BMH
instanceKlass java/lang/invoke/LambdaForm$BMH
instanceKlass java/lang/invoke/LambdaForm$BMH
instanceKlass java/lang/invoke/LambdaForm$BMH
instanceKlass java/lang/invoke/LambdaForm$BMH
instanceKlass java/lang/invoke/LambdaForm$DMH
instanceKlass java/lang/invoke/LambdaForm$BMH
instanceKlass java/lang/invoke/LambdaForm$BMH
instanceKlass java/lang/invoke/LambdaForm$BMH
instanceKlass java/lang/invoke/LambdaForm$BMH
instanceKlass java/lang/invoke/LambdaForm$BMH
instanceKlass java/lang/invoke/LambdaForm$BMH
instanceKlass java/lang/invoke/LambdaForm$BMH
instanceKlass java/lang/invoke/LambdaForm$BMH
instanceKlass java/lang/invoke/LambdaForm$BMH
instanceKlass java/lang/invoke/LambdaForm$BMH
instanceKlass java/lang/invoke/LambdaForm$BMH
instanceKlass java/lang/invoke/LambdaForm$BMH
instanceKlass java/lang/invoke/LambdaForm$BMH
instanceKlass java/lang/invoke/LambdaForm$BMH
instanceKlass java/lang/invoke/LambdaForm$BMH
instanceKlass java/lang/invoke/LambdaForm$BMH
instanceKlass java/lang/invoke/LambdaForm$BMH
instanceKlass java/lang/invoke/LambdaForm$BMH
instanceKlass java/lang/invoke/LambdaForm$BMH
instanceKlass java/lang/invoke/LambdaForm$BMH
instanceKlass java/lang/invoke/LambdaForm$BMH
instanceKlass java/lang/invoke/LambdaForm$BMH
instanceKlass java/lang/invoke/LambdaForm$BMH
instanceKlass java/net/InetAddress$CachedAddresses
instanceKlass sun/net/InetAddressCachePolicy$2
instanceKlass sun/net/InetAddressCachePolicy$1
instanceKlass sun/net/InetAddressCachePolicy
instanceKlass java/net/InetAddress$NameServiceAddresses
instanceKlass java/net/InetAddress$Addresses
instanceKlass java/util/concurrent/ConcurrentSkipListMap$Iter
instanceKlass ui/b/c/V
instanceKlass ui/utils/o/r/c
instanceKlass ui/data/coregen/aK
instanceKlass ui/views/G/f
instanceKlass ui/views/S/X
instanceKlass ui/views/G/l
instanceKlass sun/swing/MenuItemLayoutHelper$LayoutResult
instanceKlass javax/swing/plaf/basic/BasicToolTipUI$PropertyChangeHandler
instanceKlass javax/swing/plaf/basic/BasicPopupMenuUI$MouseGrabber$2
instanceKlass de/javasoft/plaf/synthetica/SyntheticaMenuItemUI$MaxWidth
instanceKlass sun/swing/MenuItemLayoutHelper$ColumnAlignment
instanceKlass javax/swing/plaf/basic/BasicPopupMenuUI$MouseGrabber$1
instanceKlass ui/utils/Z
instanceKlass com/jidesoft/plaf/synthetica/AnimationThreadFactory$AnimationThread$ComponentAnimation
instanceKlass com/jidesoft/plaf/synthetica/AnimationThreadFactory$AnimationThread$ComponentKey
instanceKlass com/jidesoft/plaf/synthetica/AnimationThreadFactory
instanceKlass com/jidesoft/plaf/synthetica/ImagePainter
instanceKlass com/jidesoft/plaf/synthetica/UIKey
instanceKlass java/awt/Robot$RobotDisposer
instanceKlass java/awt/peer/RobotPeer
instanceKlass java/awt/Robot
instanceKlass de/javasoft/plaf/synthetica/Popup$2
instanceKlass javax/swing/SwingHeavyWeight
instanceKlass java/text/BreakIterator$BreakIteratorCache
instanceKlass sun/text/SupplementaryCharacterData
instanceKlass sun/text/CompactByteArray
instanceKlass sun/util/resources/BreakIteratorResourceBundle$$Lambda$263
instanceKlass java/lang/ClassLoader$$Lambda$262
instanceKlass jdk/internal/loader/BootLoader$PackageHelper
instanceKlass sun/util/locale/provider/JRELocaleProviderAdapter$$Lambda$261
instanceKlass ui/views/V/Q
instanceKlass ui/views/n/j
instanceKlass ui/views/x/b/aB
instanceKlass java/lang/ref/ReferenceQueue$1
instanceKlass com/jidesoft/dashboard/Dashboard$3
instanceKlass ui/views/Q/a/Y
instanceKlass ui/views/Q/c/a/a$$Lambda$260
instanceKlass ui/views/Q/c/a/b
instanceKlass ui/views/Q/f/b/a$$Lambda$259
instanceKlass ui/views/Q/f/b/d
instanceKlass ui/views/Q/e/a/a$$Lambda$258
instanceKlass ui/views/Q/e/a/b
instanceKlass ui/views/Q/b/a/a$$Lambda$257
instanceKlass ui/views/Q/b/a/b
instanceKlass ui/views/Q/d/a/a$$Lambda$256
instanceKlass ui/views/Q/d/a/g
instanceKlass ui/views/Q/J
instanceKlass ui/views/bH
instanceKlass ui/project/i$$Lambda$255
instanceKlass ui/project/m
instanceKlass ui/data/design/q
instanceKlass ui/a/t
instanceKlass ui/utils/o/C$$Lambda$254
instanceKlass sun/invoke/util/VerifyAccess$1
instanceKlass javax/sound/sampled/LineListener
instanceKlass ui/utils/o/C
instanceKlass ui/utils/o/K
instanceKlass javax/swing/text/DefaultStyledDocument$ChangeUpdateRunnable
instanceKlass com/jidesoft/utils/HtmlUtils
instanceKlass ui/utils/o/B
instanceKlass ui/utils/o/F
instanceKlass com/jidesoft/editor/CodeEditor$t_
instanceKlass com/jidesoft/editor/d
instanceKlass java/lang/invoke/LambdaForm$BMH
instanceKlass java/lang/invoke/LambdaForm$BMH
instanceKlass java/lang/invoke/LambdaForm$BMH
instanceKlass java/lang/invoke/LambdaForm$BMH
instanceKlass java/lang/invoke/LambdaForm$BMH
instanceKlass java/lang/invoke/LambdaForm$BMH
instanceKlass java/lang/invoke/LambdaForm$BMH
instanceKlass java/lang/invoke/LambdaForm$BMH
instanceKlass java/lang/invoke/LambdaForm$BMH
instanceKlass java/lang/invoke/LambdaForm$BMH
instanceKlass java/lang/invoke/LambdaForm$BMH
instanceKlass java/lang/invoke/LambdaForm$BMH
instanceKlass java/lang/invoke/LambdaForm$BMH
instanceKlass java/lang/invoke/LambdaForm$BMH
instanceKlass java/lang/invoke/LambdaForm$BMH
instanceKlass java/lang/invoke/LambdaForm$BMH
instanceKlass java/lang/invoke/LambdaForm$BMH
instanceKlass java/lang/invoke/LambdaForm$BMH
instanceKlass java/lang/invoke/LambdaForm$BMH
instanceKlass java/lang/invoke/LambdaForm$BMH
instanceKlass javax/swing/JToggleButton$1
instanceKlass java/util/IdentityHashMap$1
instanceKlass javax/swing/event/HyperlinkEvent$EventType
instanceKlass java/awt/font/TextHitInfo
instanceKlass sun/awt/windows/WInputMethod$1
instanceKlass java/lang/invoke/LambdaForm$MH
instanceKlass java/lang/invoke/LambdaForm$BMH
instanceKlass java/lang/invoke/LambdaForm$BMH
instanceKlass java/lang/invoke/LambdaForm$BMH
instanceKlass java/lang/invoke/LambdaForm$BMH
instanceKlass java/lang/invoke/LambdaForm$BMH
instanceKlass java/lang/invoke/LambdaForm$BMH
instanceKlass java/lang/invoke/LambdaForm$BMH
instanceKlass java/lang/invoke/LambdaForm$DMH
instanceKlass java/lang/invoke/LambdaForm$BMH
instanceKlass java/lang/invoke/LambdaForm$BMH
instanceKlass java/lang/invoke/LambdaForm$BMH
instanceKlass java/lang/invoke/LambdaForm$BMH
instanceKlass java/lang/invoke/LambdaForm$BMH
instanceKlass java/lang/invoke/LambdaForm$BMH
instanceKlass java/lang/invoke/LambdaForm$BMH
instanceKlass java/lang/invoke/LambdaForm$BMH
instanceKlass java/lang/invoke/LambdaForm$BMH
instanceKlass java/lang/invoke/LambdaForm$BMH
instanceKlass java/lang/invoke/LambdaForm$BMH
instanceKlass java/lang/invoke/LambdaForm$BMH
instanceKlass java/lang/invoke/LambdaForm$BMH
instanceKlass java/lang/invoke/LambdaForm$BMH
instanceKlass java/lang/invoke/LambdaForm$BMH
instanceKlass java/lang/invoke/LambdaForm$BMH
instanceKlass java/lang/invoke/LambdaForm$BMH
instanceKlass java/lang/invoke/LambdaForm$BMH
instanceKlass java/lang/invoke/LambdaForm$BMH
instanceKlass java/lang/invoke/LambdaForm$BMH
instanceKlass java/lang/invoke/LambdaForm$BMH
instanceKlass java/lang/invoke/LambdaForm$BMH
instanceKlass java/lang/invoke/LambdaForm$BMH
instanceKlass java/lang/invoke/LambdaForm$BMH
instanceKlass java/lang/invoke/LambdaForm$BMH
instanceKlass java/lang/invoke/LambdaForm$BMH
instanceKlass java/lang/invoke/LambdaForm$BMH
instanceKlass java/lang/invoke/LambdaForm$BMH
instanceKlass java/lang/invoke/LambdaForm$BMH
instanceKlass java/lang/invoke/LambdaForm$BMH
instanceKlass java/lang/invoke/LambdaForm$BMH
instanceKlass java/lang/invoke/LambdaForm$BMH
instanceKlass java/lang/invoke/LambdaForm$DMH
instanceKlass java/lang/invoke/LambdaForm$BMH
instanceKlass java/lang/invoke/LambdaForm$BMH
instanceKlass java/lang/invoke/LambdaForm$BMH
instanceKlass java/lang/invoke/LambdaForm$BMH
instanceKlass java/lang/invoke/LambdaForm$BMH
instanceKlass java/lang/invoke/LambdaForm$BMH
instanceKlass java/lang/invoke/LambdaForm$BMH
instanceKlass java/lang/invoke/LambdaForm$BMH
instanceKlass java/lang/invoke/LambdaForm$BMH
instanceKlass java/lang/invoke/LambdaForm$BMH
instanceKlass java/lang/invoke/LambdaForm$BMH
instanceKlass java/lang/invoke/LambdaForm$BMH
instanceKlass java/lang/invoke/LambdaForm$BMH
instanceKlass java/lang/invoke/LambdaForm$BMH
instanceKlass java/lang/invoke/LambdaForm$BMH
instanceKlass java/lang/invoke/LambdaForm$BMH
instanceKlass java/lang/invoke/LambdaForm$BMH
instanceKlass java/lang/invoke/LambdaForm$BMH
instanceKlass java/lang/invoke/LambdaForm$BMH
instanceKlass java/lang/invoke/LambdaForm$BMH
instanceKlass java/lang/invoke/LambdaForm$BMH
instanceKlass java/lang/invoke/LambdaForm$BMH
instanceKlass java/lang/invoke/LambdaForm$BMH
instanceKlass java/lang/invoke/LambdaForm$BMH
instanceKlass java/lang/invoke/LambdaForm$BMH
instanceKlass java/lang/invoke/LambdaForm$BMH
instanceKlass java/lang/invoke/LambdaForm$BMH
instanceKlass java/lang/invoke/LambdaForm$BMH
instanceKlass java/lang/invoke/LambdaForm$BMH
instanceKlass java/lang/invoke/LambdaForm$BMH
instanceKlass java/lang/invoke/LambdaForm$BMH
instanceKlass java/lang/invoke/LambdaForm$BMH
instanceKlass java/lang/invoke/LambdaForm$BMH
instanceKlass java/lang/invoke/LambdaForm$BMH
instanceKlass java/lang/invoke/LambdaForm$BMH
instanceKlass java/lang/invoke/LambdaForm$BMH
instanceKlass java/lang/invoke/LambdaForm$BMH
instanceKlass java/lang/invoke/LambdaForm$BMH
instanceKlass java/lang/invoke/LambdaForm$BMH
instanceKlass java/lang/invoke/LambdaForm$BMH
instanceKlass java/lang/invoke/LambdaForm$BMH
instanceKlass java/lang/invoke/LambdaForm$BMH
instanceKlass java/lang/invoke/LambdaForm$DMH
instanceKlass java/lang/invoke/LambdaForm$BMH
instanceKlass java/lang/invoke/LambdaForm$BMH
instanceKlass java/lang/invoke/LambdaForm$BMH
instanceKlass java/lang/invoke/LambdaForm$BMH
instanceKlass java/lang/invoke/LambdaForm$BMH
instanceKlass java/lang/invoke/LambdaForm$BMH
instanceKlass java/lang/invoke/LambdaForm$BMH
instanceKlass java/lang/invoke/LambdaForm$BMH
instanceKlass java/lang/invoke/LambdaForm$BMH
instanceKlass java/lang/invoke/LambdaForm$BMH
instanceKlass java/lang/invoke/LambdaForm$BMH
instanceKlass java/lang/invoke/LambdaForm$BMH
instanceKlass java/lang/invoke/LambdaForm$BMH
instanceKlass java/lang/invoke/LambdaForm$BMH
instanceKlass java/lang/invoke/LambdaForm$BMH
instanceKlass java/lang/invoke/LambdaForm$BMH
instanceKlass java/lang/invoke/LambdaForm$BMH
instanceKlass java/lang/invoke/LambdaForm$BMH
instanceKlass java/lang/invoke/LambdaForm$BMH
instanceKlass java/lang/invoke/LambdaForm$BMH
instanceKlass java/lang/invoke/LambdaForm$BMH
instanceKlass java/lang/invoke/LambdaForm$BMH
instanceKlass java/lang/invoke/LambdaForm$BMH
instanceKlass java/lang/invoke/LambdaForm$BMH
instanceKlass java/lang/invoke/LambdaForm$BMH
instanceKlass de/javasoft/plaf/synthetica/painter/FocusPainter
instanceKlass javax/swing/text/JTextComponent$InputMethodRequestsHandler
instanceKlass com/jidesoft/marker/DefaultMarkerModel$0
instanceKlass sun/java2d/marlin/IntArrayCache$Bucket
instanceKlass java/lang/invoke/LambdaForm$MH
instanceKlass java/lang/invoke/LambdaForm$BMH
instanceKlass java/lang/invoke/LambdaForm$DMH
instanceKlass java/lang/invoke/LambdaForm$BMH
instanceKlass java/lang/invoke/LambdaForm$BMH
instanceKlass java/lang/invoke/LambdaForm$BMH
instanceKlass java/lang/invoke/LambdaForm$BMH
instanceKlass java/lang/invoke/LambdaForm$BMH
instanceKlass java/lang/invoke/LambdaForm$BMH
instanceKlass java/lang/invoke/LambdaForm$BMH
instanceKlass java/lang/invoke/LambdaForm$BMH
instanceKlass java/lang/invoke/LambdaForm$BMH
instanceKlass java/lang/invoke/LambdaForm$BMH
instanceKlass java/lang/invoke/LambdaForm$BMH
instanceKlass java/lang/invoke/LambdaForm$BMH
instanceKlass java/lang/invoke/LambdaForm$BMH
instanceKlass java/lang/invoke/LambdaForm$BMH
instanceKlass java/lang/invoke/LambdaForm$BMH
instanceKlass java/lang/invoke/LambdaForm$BMH
instanceKlass java/lang/invoke/LambdaForm$BMH
instanceKlass java/lang/invoke/LambdaForm$DMH
instanceKlass java/lang/invoke/LambdaForm$BMH
instanceKlass java/lang/invoke/LambdaForm$BMH
instanceKlass java/lang/invoke/LambdaForm$BMH
instanceKlass java/lang/invoke/LambdaForm$BMH
instanceKlass java/lang/invoke/LambdaForm$BMH
instanceKlass java/lang/invoke/LambdaForm$BMH
instanceKlass java/lang/invoke/LambdaForm$BMH
instanceKlass java/lang/invoke/LambdaForm$BMH
instanceKlass java/lang/invoke/LambdaForm$BMH
instanceKlass java/lang/invoke/LambdaForm$BMH
instanceKlass java/lang/invoke/LambdaForm$BMH
instanceKlass java/lang/invoke/LambdaForm$BMH
instanceKlass java/lang/invoke/LambdaForm$BMH
instanceKlass java/lang/invoke/LambdaForm$BMH
instanceKlass java/lang/invoke/LambdaForm$BMH
instanceKlass java/lang/invoke/LambdaForm$BMH
instanceKlass java/lang/invoke/LambdaForm$BMH
instanceKlass java/lang/invoke/LambdaForm$BMH
instanceKlass java/lang/invoke/LambdaForm$BMH
instanceKlass java/lang/invoke/LambdaForm$BMH
instanceKlass java/lang/invoke/LambdaForm$BMH
instanceKlass java/lang/invoke/LambdaForm$BMH
instanceKlass java/lang/invoke/LambdaForm$BMH
instanceKlass java/lang/invoke/LambdaForm$MH
instanceKlass java/lang/invoke/LambdaForm$BMH
instanceKlass java/lang/invoke/LambdaForm$DMH
instanceKlass java/lang/invoke/LambdaForm$BMH
instanceKlass java/lang/invoke/LambdaForm$DMH
instanceKlass java/lang/invoke/LambdaForm$BMH
instanceKlass java/lang/invoke/LambdaForm$DMH
instanceKlass java/lang/invoke/LambdaForm$BMH
instanceKlass java/lang/invoke/LambdaForm$BMH
instanceKlass java/lang/invoke/LambdaForm$BMH
instanceKlass java/lang/invoke/LambdaForm$BMH
instanceKlass java/lang/invoke/LambdaForm$BMH
instanceKlass java/lang/invoke/LambdaForm$BMH
instanceKlass java/lang/invoke/LambdaForm$BMH
instanceKlass java/lang/invoke/LambdaForm$BMH
instanceKlass java/lang/invoke/LambdaForm$BMH
instanceKlass java/lang/invoke/LambdaForm$BMH
instanceKlass java/lang/invoke/LambdaForm$BMH
instanceKlass java/lang/invoke/LambdaForm$BMH
instanceKlass java/lang/invoke/LambdaForm$BMH
instanceKlass java/lang/invoke/LambdaForm$DMH
instanceKlass java/lang/invoke/LambdaForm$BMH
instanceKlass java/lang/invoke/LambdaForm$BMH
instanceKlass java/lang/invoke/LambdaForm$BMH
instanceKlass java/lang/invoke/LambdaForm$BMH
instanceKlass java/lang/invoke/LambdaForm$BMH
instanceKlass java/lang/invoke/LambdaForm$BMH
instanceKlass java/lang/invoke/LambdaForm$BMH
instanceKlass java/lang/invoke/LambdaForm$BMH
instanceKlass java/lang/invoke/LambdaForm$BMH
instanceKlass java/lang/invoke/LambdaForm$BMH
instanceKlass java/lang/invoke/LambdaForm$BMH
instanceKlass java/lang/invoke/LambdaForm$BMH
instanceKlass java/lang/invoke/LambdaForm$BMH
instanceKlass java/lang/invoke/LambdaForm$BMH
instanceKlass java/lang/invoke/LambdaForm$BMH
instanceKlass java/lang/invoke/LambdaForm$BMH
instanceKlass java/lang/invoke/LambdaForm$BMH
instanceKlass java/lang/invoke/LambdaForm$BMH
instanceKlass java/lang/invoke/LambdaForm$BMH
instanceKlass java/lang/invoke/LambdaForm$DMH
instanceKlass java/lang/invoke/LambdaForm$BMH
instanceKlass java/lang/invoke/LambdaForm$BMH
instanceKlass java/lang/invoke/LambdaForm$BMH
instanceKlass java/lang/invoke/LambdaForm$BMH
instanceKlass java/lang/invoke/LambdaForm$BMH
instanceKlass java/lang/invoke/LambdaForm$BMH
instanceKlass java/lang/invoke/LambdaForm$BMH
instanceKlass java/lang/invoke/LambdaForm$BMH
instanceKlass java/lang/invoke/LambdaForm$BMH
instanceKlass java/lang/invoke/LambdaForm$BMH
instanceKlass java/lang/invoke/LambdaForm$BMH
instanceKlass java/lang/invoke/LambdaForm$BMH
instanceKlass java/lang/invoke/LambdaForm$BMH
instanceKlass java/lang/invoke/LambdaForm$BMH
instanceKlass java/lang/invoke/LambdaForm$BMH
instanceKlass java/lang/invoke/LambdaForm$BMH
instanceKlass java/lang/invoke/LambdaForm$BMH
instanceKlass java/lang/invoke/LambdaForm$BMH
instanceKlass java/lang/invoke/LambdaForm$BMH
instanceKlass java/lang/invoke/LambdaForm$BMH
instanceKlass java/lang/invoke/LambdaForm$BMH
instanceKlass java/lang/invoke/LambdaForm$BMH
instanceKlass java/lang/invoke/LambdaForm$BMH
instanceKlass java/lang/invoke/LambdaForm$BMH
instanceKlass java/lang/invoke/LambdaForm$BMH
instanceKlass java/lang/invoke/LambdaForm$MH
instanceKlass java/lang/invoke/LambdaForm$BMH
instanceKlass java/lang/invoke/LambdaForm$DMH
instanceKlass java/lang/invoke/LambdaForm$BMH
instanceKlass java/lang/invoke/LambdaForm$BMH
instanceKlass java/lang/invoke/LambdaForm$BMH
instanceKlass java/lang/invoke/LambdaForm$BMH
instanceKlass java/lang/invoke/LambdaForm$BMH
instanceKlass java/lang/invoke/LambdaForm$BMH
instanceKlass java/lang/invoke/LambdaForm$BMH
instanceKlass java/lang/invoke/LambdaForm$BMH
instanceKlass java/lang/invoke/LambdaForm$BMH
instanceKlass java/lang/invoke/LambdaForm$BMH
instanceKlass java/lang/invoke/LambdaForm$BMH
instanceKlass java/lang/invoke/LambdaForm$BMH
instanceKlass java/lang/invoke/LambdaForm$BMH
instanceKlass java/lang/invoke/LambdaForm$BMH
instanceKlass java/lang/invoke/LambdaForm$BMH
instanceKlass java/lang/invoke/LambdaForm$BMH
instanceKlass java/lang/invoke/LambdaForm$BMH
instanceKlass java/lang/invoke/LambdaForm$DMH
instanceKlass java/lang/invoke/LambdaForm$BMH
instanceKlass java/lang/invoke/LambdaForm$BMH
instanceKlass java/lang/invoke/LambdaForm$BMH
instanceKlass java/lang/invoke/LambdaForm$BMH
instanceKlass java/lang/invoke/LambdaForm$BMH
instanceKlass java/lang/invoke/LambdaForm$BMH
instanceKlass java/lang/invoke/LambdaForm$BMH
instanceKlass java/lang/invoke/LambdaForm$BMH
instanceKlass java/lang/invoke/LambdaForm$BMH
instanceKlass java/lang/invoke/LambdaForm$BMH
instanceKlass java/lang/invoke/LambdaForm$BMH
instanceKlass java/lang/invoke/LambdaForm$BMH
instanceKlass java/lang/invoke/LambdaForm$BMH
instanceKlass java/lang/invoke/LambdaForm$BMH
instanceKlass java/lang/invoke/LambdaForm$BMH
instanceKlass java/lang/invoke/LambdaForm$BMH
instanceKlass java/lang/invoke/LambdaForm$BMH
instanceKlass java/lang/invoke/LambdaForm$BMH
instanceKlass java/lang/invoke/LambdaForm$BMH
instanceKlass java/lang/invoke/LambdaForm$BMH
instanceKlass java/lang/invoke/LambdaForm$BMH
instanceKlass java/lang/invoke/LambdaForm$BMH
instanceKlass java/lang/invoke/LambdaForm$BMH
instanceKlass java/lang/invoke/LambdaForm$BMH
instanceKlass com/jidesoft/docking/DockableFrame$1
instanceKlass com/jidesoft/swing/HeavyweightWrapper$1
instanceKlass com/jidesoft/swing/IContour
instanceKlass com/jidesoft/swing/JideSplitPaneDivider$DragController
instanceKlass ui/utils/lnf/c
instanceKlass ui/utils/lnf/d
instanceKlass ui/utils/lnf/a
instanceKlass ui/utils/lnf/u
instanceKlass ui/utils/lnf/y
instanceKlass java/security/DomainCombiner
instanceKlass java/awt/KeyboardFocusManager$4
instanceKlass com/jidesoft/editor/SyntaxUtils
instanceKlass java/lang/invoke/LambdaForm$BMH
instanceKlass java/lang/invoke/LambdaForm$BMH
instanceKlass java/lang/invoke/LambdaForm$BMH
instanceKlass java/lang/invoke/LambdaForm$BMH
instanceKlass java/lang/invoke/LambdaForm$BMH
instanceKlass java/lang/invoke/LambdaForm$BMH
instanceKlass java/lang/invoke/LambdaForm$BMH
instanceKlass java/lang/invoke/LambdaForm$BMH
instanceKlass java/lang/invoke/LambdaForm$BMH
instanceKlass java/lang/invoke/LambdaForm$BMH
instanceKlass java/lang/invoke/LambdaForm$BMH
instanceKlass java/lang/invoke/LambdaForm$MH
instanceKlass java/lang/invoke/LambdaForm$DMH
instanceKlass java/lang/invoke/LambdaForm$BMH
instanceKlass java/lang/invoke/LambdaForm$BMH
instanceKlass java/lang/invoke/LambdaForm$BMH
instanceKlass java/lang/invoke/LambdaForm$BMH
instanceKlass java/lang/invoke/LambdaForm$BMH
instanceKlass java/lang/invoke/LambdaForm$BMH
instanceKlass java/lang/invoke/LambdaForm$BMH
instanceKlass java/lang/invoke/LambdaForm$BMH
instanceKlass java/lang/invoke/LambdaForm$DMH
instanceKlass java/lang/invoke/LambdaForm$BMH
instanceKlass java/lang/invoke/LambdaForm$BMH
instanceKlass java/lang/invoke/LambdaForm$BMH
instanceKlass java/lang/invoke/LambdaForm$BMH
instanceKlass java/lang/invoke/LambdaForm$BMH
instanceKlass java/lang/invoke/LambdaForm$BMH
instanceKlass java/lang/invoke/LambdaForm$BMH
instanceKlass java/lang/invoke/LambdaForm$BMH
instanceKlass java/lang/invoke/LambdaForm$BMH
instanceKlass java/lang/invoke/LambdaForm$BMH
instanceKlass java/lang/invoke/LambdaForm$BMH
instanceKlass java/lang/invoke/LambdaForm$BMH
instanceKlass java/lang/invoke/LambdaForm$BMH
instanceKlass java/lang/invoke/LambdaForm$BMH
instanceKlass java/lang/invoke/LambdaForm$BMH
instanceKlass java/lang/invoke/LambdaForm$BMH
instanceKlass java/lang/invoke/LambdaForm$BMH
instanceKlass java/lang/invoke/LambdaForm$BMH
instanceKlass java/lang/invoke/LambdaForm$BMH
instanceKlass java/lang/invoke/LambdaForm$BMH
instanceKlass java/lang/invoke/LambdaForm$BMH
instanceKlass java/lang/invoke/LambdaForm$BMH
instanceKlass com/jidesoft/docking/DefaultDockingManager$54
instanceKlass java/awt/GraphicsDevice$1
instanceKlass com/sun/awt/AWTUtilities
instanceKlass com/jidesoft/docking/DockingFrameworkContour
instanceKlass com/jidesoft/docking/DefaultDockingManager$55$1
instanceKlass ui/views/p/a/r
instanceKlass ui/views/p/c$$Lambda$253
instanceKlass javax/swing/JComponent$$Lambda$252
instanceKlass ui/b/c/bC
instanceKlass java/lang/invoke/LambdaForm$BMH
instanceKlass java/lang/invoke/LambdaForm$BMH
instanceKlass java/lang/invoke/LambdaForm$BMH
instanceKlass java/lang/invoke/LambdaForm$BMH
instanceKlass java/lang/invoke/LambdaForm$BMH
instanceKlass java/lang/invoke/LambdaForm$BMH
instanceKlass java/lang/invoke/LambdaForm$BMH
instanceKlass java/lang/invoke/LambdaForm$BMH
instanceKlass java/lang/invoke/LambdaForm$BMH
instanceKlass java/lang/invoke/LambdaForm$BMH
instanceKlass java/lang/invoke/LambdaForm$BMH
instanceKlass java/lang/invoke/LambdaForm$BMH
instanceKlass java/lang/invoke/LambdaForm$BMH
instanceKlass java/lang/invoke/LambdaForm$BMH
instanceKlass java/lang/invoke/LambdaForm$BMH
instanceKlass java/lang/invoke/LambdaForm$BMH
instanceKlass java/lang/invoke/LambdaForm$BMH
instanceKlass ui/data/design/o$$Lambda$251
instanceKlass ui/a/e
instanceKlass java/lang/invoke/LambdaForm$MH
instanceKlass java/lang/invoke/LambdaForm$DMH
instanceKlass java/lang/invoke/LambdaForm$BMH
instanceKlass java/lang/invoke/LambdaForm$BMH
instanceKlass java/lang/invoke/LambdaForm$BMH
instanceKlass java/lang/invoke/LambdaForm$BMH
instanceKlass java/lang/invoke/LambdaForm$BMH
instanceKlass java/lang/invoke/LambdaForm$BMH
instanceKlass java/lang/invoke/LambdaForm$BMH
instanceKlass java/lang/invoke/LambdaForm$DMH
instanceKlass java/lang/invoke/LambdaForm$BMH
instanceKlass java/lang/invoke/LambdaForm$BMH
instanceKlass java/lang/invoke/LambdaForm$BMH
instanceKlass java/lang/invoke/LambdaForm$BMH
instanceKlass java/lang/invoke/LambdaForm$BMH
instanceKlass java/lang/invoke/LambdaForm$BMH
instanceKlass java/lang/invoke/LambdaForm$BMH
instanceKlass java/lang/invoke/LambdaForm$BMH
instanceKlass java/lang/invoke/LambdaForm$BMH
instanceKlass java/lang/invoke/LambdaForm$BMH
instanceKlass java/lang/invoke/LambdaForm$BMH
instanceKlass java/lang/invoke/LambdaForm$BMH
instanceKlass java/lang/invoke/LambdaForm$BMH
instanceKlass java/lang/invoke/LambdaForm$BMH
instanceKlass java/lang/invoke/LambdaForm$BMH
instanceKlass java/lang/invoke/LambdaForm$BMH
instanceKlass java/lang/invoke/LambdaForm$BMH
instanceKlass java/lang/invoke/LambdaForm$BMH
instanceKlass java/lang/invoke/LambdaForm$BMH
instanceKlass java/lang/invoke/LambdaForm$BMH
instanceKlass java/lang/invoke/LambdaForm$BMH
instanceKlass java/lang/invoke/LambdaForm$BMH
instanceKlass ui/b/c/bF$$Lambda$250
instanceKlass ui/data/designgraph/designgraphi
instanceKlass ui/data/experiment/z
instanceKlass ui/cC$$Lambda$249
instanceKlass sun/java2d/pipe/RenderQueue
instanceKlass ui/utils/d/c$$Lambda$248
instanceKlass java/lang/invoke/LambdaForm$DMH
instanceKlass ui/utils/d/c$$Lambda$247
instanceKlass java/lang/invoke/LambdaForm$DMH
instanceKlass java/nio/file/Files$$Lambda$246
instanceKlass java/nio/file/Files$2
instanceKlass ui/cZ$$Lambda$245
instanceKlass ui/b/c/h$$Lambda$244
instanceKlass java/lang/invoke/LambdaForm$MH
instanceKlass java/lang/invoke/LambdaForm$BMH
instanceKlass java/lang/invoke/LambdaForm$BMH
instanceKlass java/lang/invoke/LambdaForm$DMH
instanceKlass java/lang/invoke/LambdaForm$BMH
instanceKlass java/lang/invoke/LambdaForm$BMH
instanceKlass java/lang/invoke/LambdaForm$BMH
instanceKlass java/lang/invoke/LambdaForm$BMH
instanceKlass java/lang/invoke/LambdaForm$BMH
instanceKlass java/lang/invoke/LambdaForm$BMH
instanceKlass java/lang/invoke/LambdaForm$BMH
instanceKlass java/lang/invoke/LambdaForm$BMH
instanceKlass java/lang/invoke/LambdaForm$BMH
instanceKlass java/lang/invoke/LambdaForm$BMH
instanceKlass java/lang/invoke/LambdaForm$BMH
instanceKlass java/lang/invoke/LambdaForm$BMH
instanceKlass java/lang/invoke/LambdaForm$BMH
instanceKlass java/lang/invoke/LambdaForm$BMH
instanceKlass java/lang/invoke/LambdaForm$BMH
instanceKlass java/lang/invoke/LambdaForm$BMH
instanceKlass java/lang/invoke/LambdaForm$BMH
instanceKlass java/lang/invoke/LambdaForm$BMH
instanceKlass java/lang/invoke/LambdaForm$BMH
instanceKlass ui/project/H
instanceKlass ui/data/experiment/ac
instanceKlass ui/views/c/t/b/g
instanceKlass ui/cC
instanceKlass sun/awt/SunToolkit$1
instanceKlass java/awt/KeyboardFocusManager$2
instanceKlass java/lang/invoke/LambdaForm$BMH
instanceKlass java/lang/invoke/LambdaForm$BMH
instanceKlass java/lang/invoke/LambdaForm$BMH
instanceKlass java/lang/invoke/LambdaForm$BMH
instanceKlass java/lang/invoke/LambdaForm$BMH
instanceKlass java/lang/invoke/LambdaForm$BMH
instanceKlass java/awt/Component$2
instanceKlass com/jidesoft/grid/TableUtils$4
instanceKlass com/jidesoft/grid/TableUtils$3
instanceKlass java/lang/invoke/LambdaForm$MH
instanceKlass java/lang/invoke/LambdaForm$DMH
instanceKlass java/lang/invoke/LambdaForm$BMH
instanceKlass java/lang/invoke/LambdaForm$BMH
instanceKlass java/lang/invoke/LambdaForm$BMH
instanceKlass java/lang/invoke/LambdaForm$BMH
instanceKlass java/lang/invoke/LambdaForm$BMH
instanceKlass java/lang/invoke/LambdaForm$BMH
instanceKlass java/lang/invoke/LambdaForm$BMH
instanceKlass java/lang/invoke/LambdaForm$BMH
instanceKlass java/lang/invoke/LambdaForm$BMH
instanceKlass java/lang/invoke/LambdaForm$BMH
instanceKlass java/lang/invoke/LambdaForm$BMH
instanceKlass java/lang/invoke/LambdaForm$BMH
instanceKlass java/lang/invoke/LambdaForm$BMH
instanceKlass java/lang/invoke/LambdaForm$BMH
instanceKlass java/lang/invoke/LambdaForm$DMH
instanceKlass java/lang/invoke/LambdaForm$BMH
instanceKlass java/lang/invoke/LambdaForm$BMH
instanceKlass java/lang/invoke/LambdaForm$BMH
instanceKlass java/lang/invoke/LambdaForm$BMH
instanceKlass java/lang/invoke/LambdaForm$BMH
instanceKlass java/lang/invoke/LambdaForm$BMH
instanceKlass java/lang/invoke/LambdaForm$BMH
instanceKlass java/lang/invoke/LambdaForm$BMH
instanceKlass java/lang/invoke/LambdaForm$BMH
instanceKlass java/lang/invoke/LambdaForm$BMH
instanceKlass java/lang/invoke/LambdaForm$BMH
instanceKlass java/lang/invoke/LambdaForm$BMH
instanceKlass java/lang/invoke/LambdaForm$BMH
instanceKlass java/lang/invoke/LambdaForm$BMH
instanceKlass java/lang/invoke/LambdaForm$BMH
instanceKlass java/lang/invoke/LambdaForm$BMH
instanceKlass java/lang/invoke/LambdaForm$BMH
instanceKlass java/lang/invoke/LambdaForm$BMH
instanceKlass java/lang/invoke/LambdaForm$BMH
instanceKlass java/lang/invoke/LambdaForm$BMH
instanceKlass java/lang/invoke/LambdaForm$BMH
instanceKlass java/lang/invoke/LambdaForm$BMH
instanceKlass ui/frmwork/d/p
instanceKlass ui/frmwork/d/n
instanceKlass ui/frmwork/d/m
instanceKlass ui/data/coregen/ac
instanceKlass com/jidesoft/docking/ContainerContainer$0$1
instanceKlass ui/views/n/g
instanceKlass ui/views/S/C$$Lambda$243
instanceKlass java/awt/Polygon$PolygonPathIterator
instanceKlass javax/swing/tree/VariableHeightLayoutCache$VisibleTreeStateNodeEnumeration
instanceKlass com/jidesoft/swing/JideTabbedPane$GradientColorProvider
instanceKlass java/awt/Polygon
instanceKlass java/awt/PointerInfo
instanceKlass sun/awt/windows/WMouseInfoPeer
instanceKlass java/awt/peer/MouseInfoPeer
instanceKlass java/awt/MouseInfo
instanceKlass com/jidesoft/jdk/JdkSpecificClass
instanceKlass com/jidesoft/plaf/basic/BasicCellSpanTableUIDelegate$a_
instanceKlass com/jidesoft/swing/FontUtils$FontAttribute
instanceKlass com/jidesoft/swing/FontUtils
instanceKlass ui/data/coregen/packagerMisc
instanceKlass ui/data/coregen/bO
instanceKlass ui/project/q
instanceKlass ui/views/G/o
instanceKlass ui/data/netlist/lhier
instanceKlass ui/views/G/s
instanceKlass org/jdesktop/swingx/JXTree$2
instanceKlass ui/views/S/b/y
instanceKlass javax/swing/JTree$TreeSelectionRedirector
instanceKlass javax/swing/tree/DefaultTreeCellEditor
instanceKlass ui/views/S/b/f
instanceKlass org/jdesktop/swingx/SwingXUtilities
instanceKlass org/jdesktop/swingx/JXTree$DelegatingRenderer
instanceKlass ui/data/coregen/coregenCommon
instanceKlass ui/data/coregen/cP
instanceKlass ui/data/coregen/aA
instanceKlass ui/views/S/i
instanceKlass javax/swing/JTable$5
instanceKlass javax/swing/JTable$2
instanceKlass javax/swing/JTable$Resizable3
instanceKlass javax/swing/JTable$Resizable2
instanceKlass com/jidesoft/grid/JideTable$t_
instanceKlass ui/b/c/b/a$$Lambda$242
instanceKlass ui/b/c/b/c
instanceKlass com/jidesoft/editor/CodeEditor$p_$0
instanceKlass ui/views/p/t
instanceKlass java/lang/invoke/LambdaForm$BMH
instanceKlass java/lang/invoke/LambdaForm$BMH
instanceKlass java/lang/invoke/LambdaForm$BMH
instanceKlass java/lang/invoke/LambdaForm$BMH
instanceKlass java/lang/invoke/LambdaForm$BMH
instanceKlass java/lang/invoke/LambdaForm$BMH
instanceKlass java/lang/invoke/LambdaForm$BMH
instanceKlass java/lang/invoke/LambdaForm$BMH
instanceKlass java/lang/invoke/LambdaForm$BMH
instanceKlass java/lang/invoke/LambdaForm$BMH
instanceKlass java/lang/invoke/LambdaForm$BMH
instanceKlass java/lang/invoke/LambdaForm$BMH
instanceKlass ui/views/p/F
instanceKlass ui/utils/o/af
instanceKlass ui/views/p/q
instanceKlass ui/views/p/p
instanceKlass ui/views/p/o
instanceKlass ui/data/i
instanceKlass javax/swing/JTree$1
instanceKlass ui/views/p/i
instanceKlass ui/data/design/v
instanceKlass ui/views/p/M
instanceKlass ui/views/p/Q
instanceKlass ui/views/p/P
instanceKlass ui/views/p/O
instanceKlass ui/views/h/a/e
instanceKlass ui/data/coregen/bB
instanceKlass com/jidesoft/utils/TypeUtils
instanceKlass ui/data/experiment/v
instanceKlass com/jidesoft/grid/RolloverTableUtils$2
instanceKlass com/jidesoft/grid/RolloverTableUtils$1
instanceKlass com/jidesoft/grid/RolloverTableUtils
instanceKlass ui/e/aM
instanceKlass ui/b/o/ar
instanceKlass ui/utils/i/j/aL
instanceKlass com/jidesoft/grid/HasFocusCellRenderer
instanceKlass com/jidesoft/grid/ExpandableCell
instanceKlass com/jidesoft/grid/c
instanceKlass com/jidesoft/swing/NavigationComponent
instanceKlass com/jidesoft/grid/CellSpanTable$b_
instanceKlass com/jidesoft/grid/CellSpanTable$0
instanceKlass com/jidesoft/grid/Cacheable
instanceKlass ui/utils/O
instanceKlass com/jidesoft/grid/SortableTableModel$a_
instanceKlass ui/utils/i/j/R
instanceKlass com/jidesoft/grid/SelectTablePopupMenuCustomizer
instanceKlass com/jidesoft/grid/h
instanceKlass ui/utils/b/d
instanceKlass ui/b/o/x
instanceKlass com/jidesoft/grid/SummaryProvider
instanceKlass com/jidesoft/grid/GroupModelProvider
instanceKlass com/jidesoft/grid/ColumnTableModelWrapper
instanceKlass com/jidesoft/grid/DefaultExpandable$0
instanceKlass com/jidesoft/icons/CheckBoxIcon
instanceKlass com/jidesoft/grid/CellStyle$1
instanceKlass com/jidesoft/grid/CellPainter
instanceKlass com/jidesoft/grid/CellStyle$0
instanceKlass ui/b/c/b/V
instanceKlass ui/b/c/b/q
instanceKlass ui/utils/i/j/aB
instanceKlass com/jidesoft/grid/TreeTable$0
instanceKlass com/jidesoft/grid/RendererWrapper
instanceKlass ui/b/o/aG
instanceKlass com/jidesoft/grid/HeaderStyleModel
instanceKlass com/jidesoft/grid/ColumnDraggableSupport
instanceKlass com/jidesoft/grid/AbstractNode
instanceKlass com/jidesoft/grid/ExpandableRow
instanceKlass com/jidesoft/grid/Row
instanceKlass com/jidesoft/grid/Expandable
instanceKlass com/jidesoft/grid/Node
instanceKlass com/jidesoft/grid/TableColumnChooserPopupMenuCustomizer
instanceKlass ui/data/experiment/L
instanceKlass ui/views/x/b/w
instanceKlass ui/views/x/b/aH
instanceKlass ui/views/x/b/aG
instanceKlass ui/b/c/b/f
instanceKlass ui/b/c/b/g
instanceKlass ui/views/x/b/A
instanceKlass ui/utils/o/aq
instanceKlass ui/utils/o/aB
instanceKlass ui/views/x/b/D
instanceKlass ui/views/x/b/o
instanceKlass ui/data/coregen/coregeni
instanceKlass ui/data/coregen/S
instanceKlass ui/utils/o/g/e
instanceKlass ui/views/x/b/F
instanceKlass com/jidesoft/tree/TreeModelWrapperUtils
instanceKlass ui/views/x/b/E
instanceKlass ui/utils/o/x/j
instanceKlass ui/utils/o/x/u
instanceKlass ui/utils/o/x/y
instanceKlass ui/utils/o/x/x
instanceKlass com/jidesoft/tree/AbstractTreeModel
instanceKlass com/jidesoft/tree/TreeModelWrapper
instanceKlass ui/utils/o/x/z
instanceKlass ui/views/x/b/m
instanceKlass ui/views/x/b/U
instanceKlass ui/views/x/b/T
instanceKlass ui/views/x/b/S
instanceKlass ui/views/x/b/R
instanceKlass ui/views/x/b/L
instanceKlass ui/views/x/b/M
instanceKlass ui/views/x/b/Y
instanceKlass ui/views/x/b/X
instanceKlass ui/views/x/b/W
instanceKlass ui/views/x/b/V
instanceKlass ui/views/x/b/ag
instanceKlass ui/b/c/b/h
instanceKlass ui/views/cR
instanceKlass ui/utils/o/g
instanceKlass ui/utils/o/c/b
instanceKlass ui/utils/o/e
instanceKlass ui/views/x/b/a
instanceKlass ui/views/x/b/aO
instanceKlass ui/views/x/b/n
instanceKlass ui/views/x/b/c
instanceKlass ui/views/n/v
instanceKlass ui/views/n/u
instanceKlass ui/views/n/t
instanceKlass ui/views/n/s
instanceKlass ui/views/n/m$$Lambda$241
instanceKlass ui/views/d/C
instanceKlass com/jidesoft/editor/LazyLoadDocument$j_
instanceKlass com/jidesoft/editor/LazyLoadDocument$0
instanceKlass ui/views/d/E
instanceKlass ui/views/n/m
instanceKlass ui/data/experiment/S
instanceKlass ui/views/n/C
instanceKlass ui/views/n/D
instanceKlass ui/views/n/B
instanceKlass ui/data/experiment/N
instanceKlass ui/views/n/p
instanceKlass ui/views/n/l
instanceKlass ui/data/aD
instanceKlass com/jidesoft/docking/ContainerContainer$0
instanceKlass org/jdesktop/swingx/util/WindowUtils
instanceKlass ui/views/Q/a/T
instanceKlass ui/views/Q/a/B
instanceKlass ui/utils/i/d/m
instanceKlass ui/utils/i/d/l
instanceKlass ui/utils/i/d/k
instanceKlass ui/views/Q/a/F
instanceKlass ui/views/Q/a/E
instanceKlass ui/views/Q/a/D
instanceKlass ui/views/Q/a/C
instanceKlass ui/utils/i/d/c
instanceKlass ui/views/Q/a/w
instanceKlass ui/views/Q/a/x$$Lambda$240
instanceKlass ui/views/Q/a/ai
instanceKlass ui/views/Q/a/aj
instanceKlass ui/views/Q/a/N
instanceKlass ui/views/Q/a/L
instanceKlass ui/data/common/attrsi
instanceKlass ui/views/Q/a/O
instanceKlass ui/views/Q/a/ah
instanceKlass ui/data/dashboard/dashboardi
instanceKlass ui/views/Q/a/S
instanceKlass ui/views/Q/a/W
instanceKlass ui/views/Q/a/V
instanceKlass ui/views/Q/a/U
instanceKlass com/jidesoft/dashboard/DashboardListener
instanceKlass com/jidesoft/dashboard/GadgetManager$1
instanceKlass com/jidesoft/dashboard/GadgetListener
instanceKlass com/jidesoft/dashboard/GadgetManager$0
instanceKlass com/jidesoft/dashboard/b
instanceKlass com/jidesoft/dashboard/Dashboard$2
instanceKlass java/awt/GridLayout
instanceKlass com/jidesoft/dashboard/PredefinedLayoutAdapter
instanceKlass com/jidesoft/dashboard/GadgetComponent
instanceKlass com/jidesoft/dashboard/PlaceHolder
instanceKlass ui/data/j/g
instanceKlass ui/data/j/a
instanceKlass ui/data/j/b
instanceKlass com/jidesoft/dashboard/AbstractGadget
instanceKlass com/jidesoft/dashboard/Gadget
instanceKlass ui/views/Q/a/M
instanceKlass com/jidesoft/dashboard/GadgetManager
instanceKlass java/lang/invoke/LambdaForm$BMH
instanceKlass java/lang/invoke/LambdaForm$BMH
instanceKlass java/lang/invoke/LambdaForm$BMH
instanceKlass java/lang/invoke/LambdaForm$BMH
instanceKlass java/lang/invoke/LambdaForm$BMH
instanceKlass java/lang/invoke/LambdaForm$BMH
instanceKlass java/lang/invoke/LambdaForm$BMH
instanceKlass java/lang/invoke/LambdaForm$BMH
instanceKlass java/lang/invoke/LambdaForm$BMH
instanceKlass java/lang/invoke/LambdaForm$BMH
instanceKlass java/lang/invoke/LambdaForm$BMH
instanceKlass java/lang/invoke/LambdaForm$BMH
instanceKlass ui/views/Q/d/a/d
instanceKlass ui/data/common/a
instanceKlass ui/views/Q/e
instanceKlass ui/views/Q/d/a/o
instanceKlass ui/frmwork/runcmdi
instanceKlass ui/data/design/K
instanceKlass ui/views/Q/d/a/m
instanceKlass ui/views/Q/d/a/l
instanceKlass ui/data/experiment/ah
instanceKlass java/beans/PropertyChangeSupport$1
instanceKlass ui/views/Q/b/b/f
instanceKlass ui/views/Q/d/b/f
instanceKlass ui/views/Q/E
instanceKlass ui/views/Q/H
instanceKlass javax/swing/filechooser/FileFilter
instanceKlass java/io/FileFilter
instanceKlass ui/views/Q/f
instanceKlass ui/views/Q/I
instanceKlass com/jidesoft/plaf/basic/BasicCollapsiblePaneTitlePane$CollapsibleLayout
instanceKlass com/jidesoft/plaf/basic/BasicCollapsiblePaneTitlePane$PropertyChangeHandler
instanceKlass com/jidesoft/plaf/basic/BasicCollapsiblePaneTitlePane$a_
instanceKlass com/jidesoft/plaf/basic/BasicCollapsiblePaneUI$1
instanceKlass com/jidesoft/plaf/basic/BasicCollapsiblePaneUI$0
instanceKlass com/jidesoft/swing/AnimatorListener
instanceKlass com/jidesoft/plaf/basic/BasicCollapsiblePaneUI$CollapsiblePanePropertyChangeListener
instanceKlass com/jidesoft/plaf/basic/BasicCollapsiblePaneUI$CollapsiblePaneLayout
instanceKlass ui/views/Q/g
instanceKlass com/jidesoft/animation/Function
instanceKlass com/jidesoft/pane/event/CollapsiblePaneListener
instanceKlass ui/views/Q/s
instanceKlass ui/views/Q/A
instanceKlass ui/views/Q/z
instanceKlass ui/views/V/q
instanceKlass ui/views/V/p
instanceKlass ui/views/V/o
instanceKlass ui/views/V/n
instanceKlass ui/views/v/K
instanceKlass com/jidesoft/editor/CodeEditor$10
instanceKlass com/jidesoft/docking/DockableFrame$2
instanceKlass ui/project/b
instanceKlass ui/views/aV
instanceKlass ui/utils/o/u/c
instanceKlass ui/utils/o/u/b
instanceKlass ui/utils/o/u/t
instanceKlass ui/views/q/d
instanceKlass com/jidesoft/grid/SortableTableModel$ColumnComparatorContextProvider
instanceKlass ui/utils/o/u/h
instanceKlass ui/utils/i/j/aq
instanceKlass com/jidesoft/grid/AutoResizePopupMenuCustomizer
instanceKlass com/jidesoft/grid/TableHeaderPopupMenuCustomizer
instanceKlass com/jidesoft/grid/FilterableTableHeaderCellDecorator
instanceKlass com/jidesoft/grid/AutoFilterBox$ArrowIcon
instanceKlass com/jidesoft/grid/HeaderLineWrapModel
instanceKlass com/jidesoft/grouper/ObjectGrouper
instanceKlass com/jidesoft/grid/FilterEditor
instanceKlass com/jidesoft/filter/FilterFactoryManager
instanceKlass com/jidesoft/grid/DynamicTableFilter
instanceKlass com/jidesoft/grid/AutoFilterTableHeaderAdapter$FilterTitleFormatter
instanceKlass com/jidesoft/grid/AutoFilterBox$FilterTitleFormatter
instanceKlass com/jidesoft/grid/FilterableTableModelListener
instanceKlass com/jidesoft/grid/RowStripeTableStyleProvider
instanceKlass ui/utils/i/j/ad
instanceKlass ui/utils/i/j/ao
instanceKlass ui/utils/i/j/ab
instanceKlass com/jidesoft/grid/i
instanceKlass ui/utils/o/a
instanceKlass com/jidesoft/grid/SortableTable$0
instanceKlass com/jidesoft/grid/SortItemSupport
instanceKlass com/jidesoft/grid/TableModelsWrapper
instanceKlass javax/swing/TransferHandler$DropLocation
instanceKlass com/jidesoft/grid/CellStyleTable$0
instanceKlass com/jidesoft/grid/JideTable$15
instanceKlass com/jidesoft/grid/JideTable$11
instanceKlass com/jidesoft/swing/DelegateMouseInputListener
instanceKlass com/jidesoft/plaf/basic/BasicJideTableUIDelegate
instanceKlass com/jidesoft/plaf/TableUIDelegate
instanceKlass com/jidesoft/grid/SortableTableHeaderCellDecorator
instanceKlass com/jidesoft/grid/CellStyleTableHeader$0
instanceKlass com/jidesoft/plaf/TableHeaderUIDelegate
instanceKlass com/jidesoft/plaf/DelegateTableHeaderUI
instanceKlass com/jidesoft/grid/TableHeaderCellDecorator
instanceKlass com/jidesoft/grid/JideTable$9
instanceKlass com/jidesoft/grid/JideTable$8
instanceKlass ui/utils/i/j/aK
instanceKlass sun/awt/image/ImageDecoder$1
instanceKlass com/jidesoft/grid/TableUtils
instanceKlass com/jidesoft/grid/ColumnWidthTableModel
instanceKlass ui/b/c/b/A
instanceKlass com/jidesoft/grid/QuickTableFilterField$c_
instanceKlass com/jidesoft/grid/TableModelValueProvider
instanceKlass com/jidesoft/grid/ValueProvider
instanceKlass com/jidesoft/grid/TableRowModel
instanceKlass com/jidesoft/grid/RowModel
instanceKlass com/jidesoft/grid/FilterItemSupport
instanceKlass com/jidesoft/grid/IndexChangeListenerHelper
instanceKlass com/jidesoft/grid/TableModelWrapperUtils
instanceKlass com/jidesoft/grid/IExpandableTreeTableModel
instanceKlass com/jidesoft/grid/ITreeTableModel
instanceKlass com/jidesoft/grid/TableFilter
instanceKlass com/jidesoft/grid/EditorStyleTableModel
instanceKlass com/jidesoft/grid/MultiTableModel
instanceKlass com/jidesoft/grid/NavigableModel
instanceKlass com/jidesoft/grid/StyleModel
instanceKlass com/jidesoft/grid/ContextSensitiveTableModel
instanceKlass com/jidesoft/grid/ColumnIdentifierTableModel
instanceKlass com/jidesoft/grid/IndexedRowTableModelWrapper
instanceKlass com/jidesoft/grid/RowTableModelWrapper
instanceKlass com/jidesoft/grid/TableModelWrapper
instanceKlass com/jidesoft/grid/IFilterableTableModel
instanceKlass com/jidesoft/grid/AutoFilterTableModel
instanceKlass com/jidesoft/grid/AutoFilterTableHeaderAdapter
instanceKlass ui/utils/i/j/U
instanceKlass com/jidesoft/grid/ISortableTableModel
instanceKlass com/jidesoft/grid/SpanModel
instanceKlass com/jidesoft/grid/CellSpan
instanceKlass com/jidesoft/grid/CellStyleProvider
instanceKlass com/jidesoft/grid/CellStyleCustomizer
instanceKlass com/jidesoft/grid/TableStyleProvider
instanceKlass com/jidesoft/grid/CellStyle
instanceKlass com/jidesoft/swing/Prioritized
instanceKlass com/jidesoft/grid/JideTable$s_
instanceKlass com/jidesoft/grid/SortTableHeaderRenderer
instanceKlass com/jidesoft/grid/RowHeightChangeListener
instanceKlass com/jidesoft/swing/AutoCompletion
instanceKlass com/jidesoft/grid/TableSelectionModel
instanceKlass com/jidesoft/grid/GridColorProvider
instanceKlass com/jidesoft/grid/TableColumnWidthKeeper
instanceKlass com/jidesoft/grid/JideCellEditorListener
instanceKlass javax/swing/table/TableColumn
instanceKlass com/jidesoft/validation/Validator
instanceKlass com/jidesoft/validation/RowValidator
instanceKlass com/jidesoft/grid/RowHeights
instanceKlass com/jidesoft/grid/JideTable$r_
instanceKlass com/jidesoft/validation/ValidationResult
instanceKlass ui/utils/i/j/aM
instanceKlass ui/utils/i/j/aI
instanceKlass ui/views/bE
instanceKlass ui/data/Z
instanceKlass ui/data/u
instanceKlass ui/utils/I
instanceKlass ui/utils/K
instanceKlass javax/swing/text/html/ImageView$ImageHandler
instanceKlass ui/views/cE
instanceKlass ui/views/cD
instanceKlass ui/views/cB
instanceKlass ui/views/cF
instanceKlass ui/b/c/bL
instanceKlass ui/m
instanceKlass ui/data/aa
instanceKlass ui/data/br
instanceKlass ui/data/netlist/a
instanceKlass ui/data/bg
instanceKlass ui/data/timing/P
instanceKlass ui/data/coregen/C
instanceKlass ui/views/cI
instanceKlass ui/frmwork/g/a
instanceKlass ui/data/common/i
instanceKlass ui/data/timing/al
instanceKlass ui/frmwork/j/e
instanceKlass com/jidesoft/chart/model/ChartModelListener
instanceKlass ui/views/c/l/c/e
instanceKlass ui/views/g/a/b/G
instanceKlass ui/frmwork/ab
instanceKlass ui/data/chipscope/debugprobei
instanceKlass java/util/Timer$1
instanceKlass java/util/TaskQueue
instanceKlass java/util/Timer
instanceKlass ui/data/bq
instanceKlass ui/data/bm
instanceKlass ui/views/H/ak
instanceKlass ui/views/H/ao
instanceKlass ui/views/simulator/executive/simulationi
instanceKlass com/jidesoft/document/c$1
instanceKlass com/jidesoft/editor/folding/DefaultFoldingModel$b_$1
instanceKlass com/jidesoft/editor/folding/DefaultFoldingModel$b_$0
instanceKlass com/jidesoft/editor/DefaultSpan
instanceKlass ui/data/coregen/bl$$Lambda$239
instanceKlass java/lang/invoke/LambdaForm$DMH
instanceKlass ui/data/l/b/j
instanceKlass ui/data/experiment/C
instanceKlass ui/utils/b/a
instanceKlass ui/data/coregen/bt
instanceKlass ui/data/coregen/packagerEngine
instanceKlass ui/data/coregen/bC
instanceKlass ui/project/n
instanceKlass ui/project/o
instanceKlass ui/project/i
instanceKlass ui/data/srcscan/srcscani
instanceKlass ui/data/rsb/rsbenginei
instanceKlass ui/data/design/E
instanceKlass ui/frmwork/designcmds
instanceKlass ui/data/experiment/xperimenti
instanceKlass ui/data/partition/m
instanceKlass ui/data/design/t
instanceKlass ui/data/design/s
instanceKlass ui/data/design/r
instanceKlass ui/data/coregen/ipmgri
instanceKlass ui/data/bi
instanceKlass ui/data/bl
instanceKlass ui/data/aA
instanceKlass ui/data/bk
instanceKlass ui/project/G
instanceKlass ui/project/F
instanceKlass ui/b/c/bD
instanceKlass java/lang/ref/Finalizer$1
instanceKlass java/lang/ref/Finalizer$2
instanceKlass ui/views/x/b/am
instanceKlass ui/views/x/a/z
instanceKlass java/util/Formattable
instanceKlass java/util/Formatter$FixedString
instanceKlass java/util/Formatter$Conversion
instanceKlass java/util/Formatter$Flags
instanceKlass java/util/Formatter$FormatSpecifier
instanceKlass java/util/Formatter$FormatString
instanceKlass java/util/Formatter
instanceKlass java/util/stream/SortedOps$RefSortingSink$$Lambda$238
instanceKlass java/lang/invoke/LambdaForm$DMH
instanceKlass ui/utils/p/a$$Lambda$237
instanceKlass java/lang/invoke/LambdaForm$DMH
instanceKlass java/util/stream/SortedOps
instanceKlass java/util/Map$Entry$$Lambda$236
instanceKlass java/lang/invoke/LambdaForm$BMH
instanceKlass java/lang/invoke/LambdaForm$BMH
instanceKlass ui/utils/p/a$$Lambda$235
instanceKlass java/util/Spliterators$IteratorSpliterator
instanceKlass java/lang/ProcessBuilder
instanceKlass java/lang/management/MemoryUsage
instanceKlass java/lang/management/MemoryMXBean
instanceKlass java/lang/invoke/LambdaForm$MH
instanceKlass java/lang/invoke/LambdaForm$BMH
instanceKlass java/lang/invoke/LambdaForm$BMH
instanceKlass java/lang/invoke/LambdaForm$BMH
instanceKlass java/lang/invoke/LambdaForm$BMH
instanceKlass java/lang/invoke/LambdaForm$DMH
instanceKlass java/lang/invoke/LambdaForm$BMH
instanceKlass java/lang/invoke/LambdaForm$BMH
instanceKlass java/lang/invoke/LambdaForm$BMH
instanceKlass java/lang/invoke/LambdaForm$BMH
instanceKlass java/lang/invoke/LambdaForm$BMH
instanceKlass java/lang/invoke/LambdaForm$BMH
instanceKlass java/lang/invoke/LambdaForm$BMH
instanceKlass java/lang/invoke/LambdaForm$BMH
instanceKlass java/lang/invoke/LambdaForm$BMH
instanceKlass java/lang/invoke/LambdaForm$BMH
instanceKlass java/lang/invoke/LambdaForm$BMH
instanceKlass java/lang/invoke/LambdaForm$BMH
instanceKlass java/lang/invoke/LambdaForm$BMH
instanceKlass java/lang/invoke/LambdaForm$BMH
instanceKlass java/lang/invoke/LambdaForm$BMH
instanceKlass java/lang/invoke/LambdaForm$BMH
instanceKlass java/lang/invoke/LambdaForm$BMH
instanceKlass java/lang/invoke/LambdaForm$DMH
instanceKlass java/lang/invoke/LambdaForm$BMH
instanceKlass java/lang/invoke/LambdaForm$BMH
instanceKlass java/lang/invoke/LambdaForm$BMH
instanceKlass java/lang/invoke/LambdaForm$BMH
instanceKlass java/lang/invoke/LambdaForm$BMH
instanceKlass java/lang/invoke/LambdaForm$BMH
instanceKlass java/lang/invoke/LambdaForm$BMH
instanceKlass java/lang/invoke/LambdaForm$BMH
instanceKlass java/lang/invoke/LambdaForm$BMH
instanceKlass java/lang/invoke/LambdaForm$BMH
instanceKlass java/lang/invoke/LambdaForm$BMH
instanceKlass java/lang/invoke/LambdaForm$BMH
instanceKlass java/lang/invoke/LambdaForm$BMH
instanceKlass java/lang/invoke/LambdaForm$BMH
instanceKlass java/lang/invoke/LambdaForm$BMH
instanceKlass java/lang/invoke/LambdaForm$BMH
instanceKlass java/lang/invoke/LambdaForm$BMH
instanceKlass java/lang/invoke/LambdaForm$BMH
instanceKlass java/lang/invoke/LambdaForm$BMH
instanceKlass java/lang/invoke/LambdaForm$BMH
instanceKlass java/lang/invoke/LambdaForm$BMH
instanceKlass java/lang/invoke/LambdaForm$BMH
instanceKlass java/lang/invoke/LambdaForm$BMH
instanceKlass java/lang/invoke/LambdaForm$BMH
instanceKlass java/nio/file/FileStore
instanceKlass sun/management/spi/PlatformMBeanProvider$PlatformComponent$$Lambda$234
instanceKlass sun/management/spi/PlatformMBeanProvider$PlatformComponent$$Lambda$233
instanceKlass java/lang/invoke/LambdaForm$DMH
instanceKlass sun/management/BaseOperatingSystemImpl
instanceKlass com/sun/management/OperatingSystemMXBean
instanceKlass java/util/stream/ReduceOps$2ReducingSink
instanceKlass java/lang/management/ManagementFactory$PlatformMBeanFinder$$Lambda$232
instanceKlass java/lang/management/ManagementFactory$PlatformMBeanFinder$$Lambda$231
instanceKlass java/util/HashMap$HashMapSpliterator
instanceKlass java/lang/management/ManagementFactory$PlatformMBeanFinder$$Lambda$230
instanceKlass java/lang/management/ManagementFactory$PlatformMBeanFinder$$Lambda$229
instanceKlass jdk/management/jfr/internal/FlightRecorderMXBeanProvider$SingleMBeanComponent
instanceKlass jdk/management/jfr/FlightRecorderMXBean
instanceKlass java/util/stream/Collectors$$Lambda$228
instanceKlass java/util/stream/Collectors$$Lambda$227
instanceKlass java/lang/invoke/LambdaForm$DMH
instanceKlass java/util/stream/Collectors$$Lambda$226
instanceKlass java/lang/management/ManagementFactory$PlatformMBeanFinder$$Lambda$225
instanceKlass java/lang/invoke/LambdaForm$DMH
instanceKlass java/util/function/Function$$Lambda$224
instanceKlass java/lang/management/ManagementFactory$PlatformMBeanFinder$$Lambda$223
instanceKlass java/lang/management/ManagementFactory$PlatformMBeanFinder$$Lambda$222
instanceKlass java/lang/management/DefaultPlatformMBeanProvider$11
instanceKlass java/lang/management/DefaultPlatformMBeanProvider$10
instanceKlass java/lang/management/DefaultPlatformMBeanProvider$9
instanceKlass sun/management/ManagementFactoryHelper$LoggingMXBeanAccess$1
instanceKlass sun/management/ManagementFactoryHelper$LoggingMXBeanAccess
instanceKlass java/lang/management/DefaultPlatformMBeanProvider$8
instanceKlass java/lang/management/DefaultPlatformMBeanProvider$7
instanceKlass java/lang/management/DefaultPlatformMBeanProvider$6
instanceKlass java/lang/management/DefaultPlatformMBeanProvider$5
instanceKlass java/lang/management/DefaultPlatformMBeanProvider$4
instanceKlass java/lang/management/DefaultPlatformMBeanProvider$3
instanceKlass java/lang/management/DefaultPlatformMBeanProvider$2
instanceKlass java/lang/management/DefaultPlatformMBeanProvider$1
instanceKlass jdk/management/cmm/internal/PlatformMBeanProviderImpl$1
instanceKlass com/sun/management/internal/PlatformMBeanProviderImpl$5
instanceKlass sun/management/VMManagementImpl
instanceKlass sun/management/VMManagement
instanceKlass sun/management/ManagementFactoryHelper
instanceKlass sun/management/NotificationEmitterSupport
instanceKlass javax/management/NotificationEmitter
instanceKlass javax/management/NotificationBroadcaster
instanceKlass com/sun/management/DiagnosticCommandMBean
instanceKlass javax/management/DynamicMBean
instanceKlass com/sun/management/internal/PlatformMBeanProviderImpl$4
instanceKlass com/sun/management/internal/PlatformMBeanProviderImpl$3
instanceKlass com/sun/management/internal/PlatformMBeanProviderImpl$2
instanceKlass com/sun/management/internal/PlatformMBeanProviderImpl$1
instanceKlass sun/management/spi/PlatformMBeanProvider$PlatformComponent
instanceKlass com/sun/management/internal/PlatformMBeanProviderImpl$$Lambda$221
instanceKlass java/util/concurrent/Callable
instanceKlass java/lang/management/ManagementFactory$PlatformMBeanFinder$$Lambda$220
instanceKlass sun/management/spi/PlatformMBeanProvider
instanceKlass java/lang/management/ManagementFactory$PlatformMBeanFinder$$Lambda$219
instanceKlass java/lang/management/ManagementFactory$PlatformMBeanFinder
instanceKlass java/lang/management/OperatingSystemMXBean
instanceKlass java/lang/management/PlatformManagedObject
instanceKlass java/lang/management/ManagementFactory$$Lambda$218
instanceKlass java/lang/management/ManagementFactory
instanceKlass sun/util/locale/provider/JRELocaleProviderAdapter$$Lambda$217
instanceKlass sun/util/locale/provider/TimeZoneNameUtility$TimeZoneNameGetter
instanceKlass sun/util/locale/provider/TimeZoneNameUtility
instanceKlass ui/utils/p/a
instanceKlass java/lang/invoke/LambdaForm$MH
instanceKlass java/lang/invoke/LambdaForm$DMH
instanceKlass java/lang/invoke/LambdaForm$BMH
instanceKlass java/lang/invoke/LambdaForm$BMH
instanceKlass java/lang/invoke/LambdaForm$BMH
instanceKlass java/lang/invoke/LambdaForm$BMH
instanceKlass java/lang/invoke/LambdaForm$BMH
instanceKlass java/lang/invoke/LambdaForm$BMH
instanceKlass java/lang/invoke/LambdaForm$BMH
instanceKlass java/lang/invoke/LambdaForm$BMH
instanceKlass java/lang/invoke/LambdaForm$BMH
instanceKlass java/lang/invoke/LambdaForm$BMH
instanceKlass java/lang/invoke/LambdaForm$BMH
instanceKlass java/lang/invoke/LambdaForm$BMH
instanceKlass java/lang/invoke/LambdaForm$BMH
instanceKlass java/lang/invoke/LambdaForm$BMH
instanceKlass java/lang/invoke/LambdaForm$BMH
instanceKlass ui/views/x/a/p
instanceKlass ui/views/x/a/n
instanceKlass java/awt/WaitDispatchSupport$4
instanceKlass java/awt/WaitDispatchSupport$2
instanceKlass java/awt/WaitDispatchSupport$1
instanceKlass java/awt/WaitDispatchSupport$5
instanceKlass java/awt/WaitDispatchSupport
instanceKlass java/awt/SecondaryLoop
instanceKlass java/awt/Dialog$$Lambda$216
instanceKlass java/awt/Dialog$$Lambda$215
instanceKlass java/awt/ModalEventFilter$1
instanceKlass ui/frmwork/prjcmdsi
instanceKlass ui/a/D
instanceKlass java/lang/invoke/LambdaForm$BMH
instanceKlass java/lang/invoke/LambdaForm$DMH
instanceKlass java/lang/invoke/LambdaForm$BMH
instanceKlass java/lang/invoke/LambdaForm$DMH
instanceKlass java/awt/peer/FileDialogPeer
instanceKlass sun/awt/util/IdentityLinkedList$ListItr
instanceKlass java/lang/invoke/LambdaForm$BMH
instanceKlass java/lang/invoke/LambdaForm$BMH
instanceKlass java/awt/Dialog$1
instanceKlass java/lang/invoke/LambdaForm$BMH
instanceKlass java/lang/invoke/LambdaForm$BMH
instanceKlass java/lang/invoke/LambdaForm$BMH
instanceKlass sun/awt/util/IdentityLinkedList$Entry
instanceKlass java/lang/invoke/LambdaForm$DMH
instanceKlass java/lang/invoke/LambdaForm$BMH
instanceKlass java/lang/invoke/LambdaForm$BMH
instanceKlass java/lang/invoke/LambdaForm$BMH
instanceKlass java/lang/invoke/LambdaForm$BMH
instanceKlass java/lang/invoke/LambdaForm$BMH
instanceKlass java/lang/invoke/LambdaForm$BMH
instanceKlass java/lang/invoke/LambdaForm$BMH
instanceKlass java/lang/invoke/LambdaForm$BMH
instanceKlass java/lang/invoke/LambdaForm$BMH
instanceKlass java/lang/invoke/LambdaForm$BMH
instanceKlass java/lang/invoke/LambdaForm$BMH
instanceKlass java/lang/invoke/LambdaForm$BMH
instanceKlass java/lang/invoke/LambdaForm$BMH
instanceKlass java/lang/invoke/LambdaForm$BMH
instanceKlass java/lang/invoke/LambdaForm$BMH
instanceKlass java/lang/invoke/LambdaForm$BMH
instanceKlass java/util/regex/Matcher$ImmutableMatchResult
instanceKlass java/util/Scanner$PatternLRUCache
instanceKlass javax/swing/plaf/basic/BasicProgressBarUI$Animator
instanceKlass java/nio/channels/Channels
instanceKlass java/util/regex/Pattern$CharPredicate$$Lambda$214
instanceKlass java/util/regex/Pattern$$Lambda$213
instanceKlass java/util/regex/CharPredicates$$Lambda$212
instanceKlass java/util/regex/Pattern$$Lambda$211
instanceKlass java/util/regex/CharPredicates$$Lambda$210
instanceKlass java/util/Scanner
instanceKlass java/awt/peer/DialogPeer
instanceKlass ui/b/c/bF
instanceKlass ui/b/c/bG
instanceKlass ui/b/c/bI
instanceKlass ui/frmwork/guistatus
instanceKlass java/lang/Throwable$PrintStreamOrWriter
instanceKlass java/lang/invoke/LambdaForm$BMH
instanceKlass java/lang/invoke/LambdaForm$BMH
instanceKlass java/lang/invoke/LambdaForm$BMH
instanceKlass java/lang/invoke/LambdaForm$BMH
instanceKlass java/lang/invoke/LambdaForm$BMH
instanceKlass java/lang/invoke/LambdaForm$BMH
instanceKlass java/lang/invoke/LambdaForm$BMH
instanceKlass java/lang/invoke/LambdaForm$BMH
instanceKlass java/lang/invoke/LambdaForm$BMH
instanceKlass java/lang/invoke/LambdaForm$BMH
instanceKlass java/lang/invoke/LambdaForm$BMH
instanceKlass java/lang/invoke/LambdaForm$BMH
instanceKlass java/lang/invoke/LambdaForm$BMH
instanceKlass java/lang/invoke/LambdaForm$BMH
instanceKlass java/lang/invoke/LambdaForm$BMH
instanceKlass java/lang/invoke/LambdaForm$BMH
instanceKlass java/lang/invoke/LambdaForm$BMH
instanceKlass java/lang/invoke/LambdaForm$BMH
instanceKlass java/lang/invoke/LambdaForm$BMH
instanceKlass ui/b/c/by$$Lambda$209
instanceKlass java/text/FieldPosition$Delegate
instanceKlass ui/b/c/bB
instanceKlass ui/b/c/bA
instanceKlass ui/b/c/bE
instanceKlass ui/cx
instanceKlass ui/b/G/aK
instanceKlass ui/data/bs
instanceKlass ui/utils/o/l
instanceKlass ui/utils/o/j
instanceKlass ui/b/k/d
instanceKlass ui/utils/o/q/b
instanceKlass org/jdesktop/swingx/JXEditorPane$1
instanceKlass javax/swing/text/ElementIterator$StackItem
instanceKlass javax/swing/text/ElementIterator
instanceKlass javax/swing/text/AbstractWriter
instanceKlass java/lang/invoke/LambdaForm$BMH
instanceKlass java/lang/invoke/LambdaForm$BMH
instanceKlass java/lang/invoke/LambdaForm$BMH
instanceKlass java/lang/invoke/LambdaForm$BMH
instanceKlass java/lang/invoke/LambdaForm$BMH
instanceKlass java/lang/invoke/LambdaForm$BMH
instanceKlass java/lang/invoke/LambdaForm$BMH
instanceKlass java/lang/invoke/LambdaForm$BMH
instanceKlass java/lang/invoke/LambdaForm$BMH
instanceKlass java/lang/invoke/LambdaForm$BMH
instanceKlass java/lang/invoke/LambdaForm$BMH
instanceKlass java/lang/invoke/LambdaForm$BMH
instanceKlass java/lang/invoke/LambdaForm$BMH
instanceKlass java/lang/invoke/LambdaForm$BMH
instanceKlass java/lang/invoke/LambdaForm$BMH
instanceKlass java/lang/invoke/LambdaForm$BMH
instanceKlass java/lang/invoke/LambdaForm$BMH
instanceKlass java/lang/invoke/LambdaForm$BMH
instanceKlass java/lang/invoke/LambdaForm$BMH
instanceKlass ui/utils/o/p/D
instanceKlass ui/utils/o/p/C
instanceKlass org/jdesktop/swingx/JXEditorPane$CaretHandler
instanceKlass javax/swing/JEditorPane$HeaderParser
instanceKlass ui/cE
instanceKlass ui/data/common/xml
instanceKlass ui/projectbase/projectbasei
instanceKlass ui/b/c/m
instanceKlass ui/b/G/aA
instanceKlass ui/b/G/ax
instanceKlass ui/utils/o/c/i
instanceKlass ui/b/G/aw
instanceKlass ui/b/c/aq
instanceKlass ui/utils/o/b/f
instanceKlass ui/utils/o/b/b
instanceKlass ui/b/c/al$$Lambda$208
instanceKlass ui/b/c/s
instanceKlass ui/utils/o/j/d
instanceKlass ui/utils/aM
instanceKlass com/jidesoft/swing/StyledLabelBuilder$ParsedStyleResult
instanceKlass ui/b/G/av
instanceKlass ui/b/c/o
instanceKlass java/lang/invoke/LambdaForm$MH
instanceKlass java/lang/invoke/LambdaForm$DMH
instanceKlass java/lang/invoke/LambdaForm$BMH
instanceKlass java/lang/invoke/LambdaForm$BMH
instanceKlass java/lang/invoke/LambdaForm$BMH
instanceKlass java/lang/invoke/LambdaForm$BMH
instanceKlass java/lang/invoke/LambdaForm$BMH
instanceKlass java/lang/invoke/LambdaForm$BMH
instanceKlass java/lang/invoke/LambdaForm$BMH
instanceKlass java/lang/invoke/LambdaForm$BMH
instanceKlass java/lang/invoke/LambdaForm$DMH
instanceKlass java/lang/invoke/LambdaForm$BMH
instanceKlass java/lang/invoke/LambdaForm$BMH
instanceKlass java/lang/invoke/LambdaForm$BMH
instanceKlass java/lang/invoke/LambdaForm$BMH
instanceKlass java/lang/invoke/LambdaForm$BMH
instanceKlass java/lang/invoke/LambdaForm$BMH
instanceKlass java/lang/invoke/LambdaForm$BMH
instanceKlass java/lang/invoke/LambdaForm$BMH
instanceKlass java/lang/invoke/LambdaForm$BMH
instanceKlass java/lang/invoke/LambdaForm$BMH
instanceKlass java/lang/invoke/LambdaForm$BMH
instanceKlass java/lang/invoke/LambdaForm$BMH
instanceKlass java/lang/invoke/LambdaForm$BMH
instanceKlass java/lang/invoke/LambdaForm$BMH
instanceKlass java/lang/invoke/LambdaForm$BMH
instanceKlass java/lang/invoke/LambdaForm$BMH
instanceKlass java/lang/invoke/LambdaForm$BMH
instanceKlass java/lang/invoke/LambdaForm$BMH
instanceKlass java/lang/invoke/LambdaForm$BMH
instanceKlass java/lang/invoke/LambdaForm$BMH
instanceKlass java/lang/invoke/LambdaForm$BMH
instanceKlass java/lang/invoke/LambdaForm$BMH
instanceKlass java/util/regex/Pattern$2
instanceKlass ui/data/device/B
instanceKlass ui/data/device/archparti
instanceKlass ui/PlanAhead$$Lambda$207
instanceKlass java/text/AttributedString$AttributedStringIterator
instanceKlass java/text/AttributedCharacterIterator
instanceKlass java/text/AttributedString
instanceKlass sun/awt/im/CompositionAreaHandler
instanceKlass java/lang/invoke/LambdaForm$BMH
instanceKlass java/lang/invoke/LambdaForm$DMH
instanceKlass java/lang/invoke/LambdaForm$BMH
instanceKlass java/lang/invoke/LambdaForm$DMH
instanceKlass java/lang/invoke/LambdaForm$BMH
instanceKlass java/lang/invoke/LambdaForm$DMH
instanceKlass java/lang/invoke/LambdaForm$BMH
instanceKlass java/lang/invoke/LambdaForm$DMH
instanceKlass java/lang/invoke/LambdaForm$BMH
instanceKlass java/lang/invoke/LambdaForm$DMH
instanceKlass java/lang/invoke/LambdaForm$BMH
instanceKlass java/lang/invoke/LambdaForm$DMH
instanceKlass java/lang/invoke/LambdaForm$BMH
instanceKlass java/lang/invoke/LambdaForm$BMH
instanceKlass java/lang/invoke/LambdaForm$BMH
instanceKlass java/lang/invoke/LambdaForm$BMH
instanceKlass java/lang/invoke/LambdaForm$BMH
instanceKlass java/lang/invoke/LambdaForm$DMH
instanceKlass java/lang/invoke/LambdaForm$BMH
instanceKlass java/lang/invoke/LambdaForm$BMH
instanceKlass java/lang/invoke/LambdaForm$BMH
instanceKlass java/lang/invoke/LambdaForm$BMH
instanceKlass java/lang/invoke/LambdaForm$BMH
instanceKlass java/lang/invoke/LambdaForm$BMH
instanceKlass java/lang/invoke/LambdaForm$BMH
instanceKlass java/lang/invoke/LambdaForm$BMH
instanceKlass java/lang/invoke/LambdaForm$BMH
instanceKlass java/lang/invoke/LambdaForm$BMH
instanceKlass java/lang/invoke/LambdaForm$BMH
instanceKlass java/lang/invoke/LambdaForm$BMH
instanceKlass com/jidesoft/docking/DefaultDockingManager$55$0
instanceKlass java/awt/KeyboardFocusManager$3
instanceKlass ui/views/d/c
instanceKlass java/awt/LightweightDispatcher$2
instanceKlass java/awt/Window$1DisposeAction
instanceKlass java/awt/LightweightDispatcher$1
instanceKlass java/awt/Container$MouseEventTargetFilter
instanceKlass java/awt/Container$EventTargetFilter
instanceKlass java/lang/invoke/LambdaForm$MH
instanceKlass java/lang/invoke/LambdaForm$DMH
instanceKlass java/lang/invoke/LambdaForm$BMH
instanceKlass java/lang/invoke/LambdaForm$BMH
instanceKlass java/lang/invoke/LambdaForm$BMH
instanceKlass java/lang/invoke/LambdaForm$BMH
instanceKlass java/lang/invoke/LambdaForm$DMH
instanceKlass java/lang/invoke/LambdaForm$BMH
instanceKlass java/lang/invoke/LambdaForm$DMH
instanceKlass java/lang/invoke/LambdaForm$BMH
instanceKlass java/lang/invoke/LambdaForm$BMH
instanceKlass java/lang/invoke/LambdaForm$BMH
instanceKlass java/lang/invoke/LambdaForm$BMH
instanceKlass java/lang/invoke/LambdaForm$DMH
instanceKlass java/lang/invoke/LambdaForm$DMH
instanceKlass java/lang/invoke/LambdaForm$BMH
instanceKlass java/lang/invoke/LambdaForm$BMH
instanceKlass java/lang/invoke/LambdaForm$BMH
instanceKlass java/lang/invoke/LambdaForm$BMH
instanceKlass java/awt/GradientPaintContext
instanceKlass com/jidesoft/swing/GradientInfo
instanceKlass com/jidesoft/swing/GradientCache
instanceKlass com/jidesoft/swing/FastGradientPainter
instanceKlass org/apache/batik/dom/events/AbstractEvent
instanceKlass org/apache/batik/dom/xbl/OriginalEvent
instanceKlass org/w3c/dom/events/MutationEvent
instanceKlass org/w3c/dom/events/Event
instanceKlass org/apache/batik/dom/svg/SVGDOMImplementation$2
instanceKlass org/apache/batik/dom/svg/SVGDOMImplementation$1
instanceKlass org/apache/batik/dom/events/DocumentEventSupport$KeyEventFactory
instanceKlass org/apache/batik/dom/events/DocumentEventSupport$CustomEventFactory
instanceKlass org/apache/batik/dom/events/DocumentEventSupport$TextEventFactory
instanceKlass org/apache/batik/dom/events/DocumentEventSupport$UIEventFactory
instanceKlass org/apache/batik/dom/events/DocumentEventSupport$KeyboardEventFactory
instanceKlass org/apache/batik/dom/events/DocumentEventSupport$MouseEventFactory
instanceKlass org/apache/batik/dom/events/DocumentEventSupport$MutationNameEventFactory
instanceKlass org/apache/batik/dom/events/DocumentEventSupport$MutationEventFactory
instanceKlass org/apache/batik/dom/events/DocumentEventSupport$SimpleEventFactory
instanceKlass org/apache/batik/dom/events/DocumentEventSupport$EventFactory
instanceKlass org/apache/batik/dom/events/DocumentEventSupport
instanceKlass org/apache/batik/dom/events/EventListenerList$Entry
instanceKlass org/apache/batik/dom/util/IntTable$Entry
instanceKlass org/apache/batik/dom/util/IntTable
instanceKlass org/apache/batik/dom/events/EventListenerList
instanceKlass org/apache/batik/dom/events/EventSupport
instanceKlass org/apache/batik/css/engine/sac/CSSConditionalSelector
instanceKlass org/w3c/css/sac/ConditionalSelector
instanceKlass org/apache/batik/css/engine/sac/AbstractAttributeCondition
instanceKlass org/apache/batik/css/engine/sac/ExtendedCondition
instanceKlass org/w3c/css/sac/AttributeCondition
instanceKlass org/w3c/css/sac/Condition
instanceKlass org/apache/batik/util/io/GenericDecoder
instanceKlass org/w3c/dom/svg/SVGRadialGradientElement
instanceKlass org/apache/batik/dom/util/SAXDocumentFactory$CommentInfo
instanceKlass org/apache/batik/dom/util/SAXDocumentFactory$PreInfo
instanceKlass ui/utils/o/h/e
instanceKlass java/awt/PrintGraphics
instanceKlass java/awt/print/PrinterGraphics
instanceKlass sun/java2d/loops/FontInfo
instanceKlass com/jidesoft/utils/ColorUtils
instanceKlass javax/swing/UIDefaults$ProxyLazyValue
instanceKlass java/awt/ColorPaintContext
instanceKlass de/javasoft/plaf/synthetica/util/Synthetica2DUtils
instanceKlass de/javasoft/plaf/synthetica/util/HiDpi
instanceKlass de/javasoft/plaf/synthetica/painter/AnimationThreadFactory$AnimationThread$ComponentAnimation
instanceKlass de/javasoft/plaf/synthetica/painter/AnimationThreadFactory$AnimationThread$ComponentKey
instanceKlass de/javasoft/plaf/synthetica/painter/AnimationThreadFactory
instanceKlass de/javasoft/plaf/synthetica/painter/UIKey
instanceKlass javax/swing/RepaintManager$3
instanceKlass java/awt/KeyboardFocusManager$LightweightFocusRequest
instanceKlass java/awt/DefaultKeyboardFocusManager$TypeAheadMarker
instanceKlass java/awt/KeyboardFocusManager$HeavyweightFocusRequest
instanceKlass sun/awt/KeyboardFocusManagerPeerImpl$KfmAccessor
instanceKlass java/lang/invoke/LambdaForm$MH
instanceKlass java/lang/invoke/LambdaForm$BMH
instanceKlass java/lang/invoke/LambdaForm$BMH
instanceKlass java/lang/invoke/LambdaForm$DMH
instanceKlass java/lang/invoke/LambdaForm$BMH
instanceKlass java/lang/invoke/LambdaForm$BMH
instanceKlass java/lang/invoke/LambdaForm$BMH
instanceKlass java/lang/invoke/LambdaForm$BMH
instanceKlass java/lang/invoke/LambdaForm$BMH
instanceKlass java/lang/invoke/LambdaForm$BMH
instanceKlass java/lang/invoke/LambdaForm$BMH
instanceKlass java/lang/invoke/LambdaForm$BMH
instanceKlass java/lang/invoke/LambdaForm$BMH
instanceKlass java/lang/invoke/LambdaForm$BMH
instanceKlass java/lang/invoke/LambdaForm$BMH
instanceKlass java/lang/invoke/LambdaForm$BMH
instanceKlass java/lang/invoke/LambdaForm$BMH
instanceKlass java/lang/invoke/LambdaForm$BMH
instanceKlass java/lang/invoke/LambdaForm$BMH
instanceKlass java/lang/invoke/LambdaForm$BMH
instanceKlass java/lang/invoke/LambdaForm$BMH
instanceKlass java/lang/invoke/LambdaForm$DMH
instanceKlass java/lang/invoke/LambdaForm$BMH
instanceKlass java/lang/invoke/LambdaForm$BMH
instanceKlass java/lang/invoke/LambdaForm$BMH
instanceKlass java/lang/invoke/LambdaForm$BMH
instanceKlass java/lang/invoke/LambdaForm$BMH
instanceKlass java/lang/invoke/LambdaForm$BMH
instanceKlass java/lang/invoke/LambdaForm$BMH
instanceKlass java/lang/invoke/LambdaForm$BMH
instanceKlass java/lang/invoke/LambdaForm$BMH
instanceKlass java/lang/invoke/LambdaForm$BMH
instanceKlass java/lang/invoke/LambdaForm$BMH
instanceKlass java/lang/invoke/LambdaForm$BMH
instanceKlass java/lang/invoke/LambdaForm$BMH
instanceKlass java/lang/invoke/LambdaForm$BMH
instanceKlass java/lang/invoke/LambdaForm$BMH
instanceKlass java/lang/invoke/LambdaForm$BMH
instanceKlass java/lang/invoke/LambdaForm$BMH
instanceKlass java/lang/invoke/LambdaForm$BMH
instanceKlass java/lang/invoke/LambdaForm$BMH
instanceKlass java/lang/invoke/LambdaForm$BMH
instanceKlass java/lang/invoke/LambdaForm$DMH
instanceKlass java/lang/invoke/LambdaForm$BMH
instanceKlass java/lang/invoke/LambdaForm$BMH
instanceKlass java/lang/invoke/LambdaForm$BMH
instanceKlass java/lang/invoke/LambdaForm$BMH
instanceKlass java/lang/invoke/LambdaForm$BMH
instanceKlass java/lang/invoke/LambdaForm$BMH
instanceKlass java/lang/invoke/LambdaForm$BMH
instanceKlass java/lang/invoke/LambdaForm$BMH
instanceKlass java/lang/invoke/LambdaForm$BMH
instanceKlass java/lang/invoke/LambdaForm$BMH
instanceKlass java/lang/invoke/LambdaForm$BMH
instanceKlass java/lang/invoke/LambdaForm$BMH
instanceKlass java/lang/invoke/LambdaForm$BMH
instanceKlass java/lang/invoke/LambdaForm$BMH
instanceKlass java/lang/invoke/LambdaForm$BMH
instanceKlass java/lang/invoke/LambdaForm$BMH
instanceKlass java/lang/invoke/LambdaForm$BMH
instanceKlass java/lang/invoke/LambdaForm$BMH
instanceKlass java/lang/invoke/LambdaForm$BMH
instanceKlass java/lang/invoke/LambdaForm$BMH
instanceKlass java/lang/invoke/LambdaForm$BMH
instanceKlass java/lang/invoke/LambdaForm$BMH
instanceKlass java/lang/invoke/LambdaForm$BMH
instanceKlass java/lang/invoke/LambdaForm$BMH
instanceKlass java/lang/invoke/LambdaForm$BMH
instanceKlass java/lang/invoke/LambdaForm$MH
instanceKlass java/lang/invoke/LambdaForm$DMH
instanceKlass java/lang/invoke/LambdaForm$BMH
instanceKlass java/lang/invoke/LambdaForm$BMH
instanceKlass java/lang/invoke/LambdaForm$BMH
instanceKlass java/lang/invoke/LambdaForm$BMH
instanceKlass java/lang/invoke/LambdaForm$BMH
instanceKlass java/lang/invoke/LambdaForm$BMH
instanceKlass java/lang/invoke/LambdaForm$BMH
instanceKlass java/lang/invoke/LambdaForm$BMH
instanceKlass java/lang/invoke/LambdaForm$BMH
instanceKlass java/lang/invoke/LambdaForm$BMH
instanceKlass java/lang/invoke/LambdaForm$BMH
instanceKlass java/lang/invoke/LambdaForm$DMH
instanceKlass java/lang/invoke/LambdaForm$BMH
instanceKlass java/lang/invoke/LambdaForm$BMH
instanceKlass java/lang/invoke/LambdaForm$BMH
instanceKlass java/lang/invoke/LambdaForm$BMH
instanceKlass java/lang/invoke/LambdaForm$BMH
instanceKlass java/lang/invoke/LambdaForm$BMH
instanceKlass java/lang/invoke/LambdaForm$BMH
instanceKlass java/lang/invoke/LambdaForm$BMH
instanceKlass java/lang/invoke/LambdaForm$BMH
instanceKlass java/lang/invoke/LambdaForm$BMH
instanceKlass java/lang/invoke/LambdaForm$BMH
instanceKlass java/lang/invoke/LambdaForm$BMH
instanceKlass java/lang/invoke/LambdaForm$BMH
instanceKlass java/lang/invoke/LambdaForm$BMH
instanceKlass java/lang/invoke/LambdaForm$BMH
instanceKlass java/lang/invoke/LambdaForm$BMH
instanceKlass java/lang/invoke/LambdaForm$BMH
instanceKlass java/lang/invoke/LambdaForm$BMH
instanceKlass java/lang/invoke/LambdaForm$BMH
instanceKlass java/lang/invoke/LambdaForm$BMH
instanceKlass java/lang/invoke/LambdaForm$BMH
instanceKlass java/lang/invoke/LambdaForm$BMH
instanceKlass java/lang/invoke/LambdaForm$BMH
instanceKlass java/lang/invoke/LambdaForm$MH
instanceKlass java/lang/invoke/LambdaForm$BMH
instanceKlass java/lang/invoke/LambdaForm$DMH
instanceKlass java/lang/invoke/LambdaForm$BMH
instanceKlass java/lang/invoke/LambdaForm$DMH
instanceKlass java/lang/invoke/LambdaForm$BMH
instanceKlass java/lang/invoke/LambdaForm$DMH
instanceKlass java/lang/invoke/LambdaForm$BMH
instanceKlass java/lang/invoke/LambdaForm$BMH
instanceKlass java/lang/invoke/LambdaForm$DMH
instanceKlass java/lang/invoke/LambdaForm$BMH
instanceKlass java/lang/invoke/LambdaForm$BMH
instanceKlass java/lang/invoke/LambdaForm$BMH
instanceKlass java/lang/invoke/LambdaForm$BMH
instanceKlass java/lang/invoke/LambdaForm$BMH
instanceKlass java/lang/invoke/LambdaForm$BMH
instanceKlass java/lang/invoke/LambdaForm$BMH
instanceKlass java/lang/invoke/LambdaForm$BMH
instanceKlass java/lang/invoke/LambdaForm$BMH
instanceKlass java/lang/invoke/LambdaForm$BMH
instanceKlass java/lang/invoke/LambdaForm$BMH
instanceKlass java/lang/invoke/LambdaForm$BMH
instanceKlass java/lang/invoke/LambdaForm$BMH
instanceKlass java/lang/invoke/LambdaForm$BMH
instanceKlass java/lang/invoke/LambdaForm$BMH
instanceKlass java/lang/invoke/LambdaForm$BMH
instanceKlass java/lang/invoke/LambdaForm$BMH
instanceKlass java/lang/invoke/LambdaForm$BMH
instanceKlass java/lang/invoke/LambdaForm$BMH
instanceKlass java/lang/invoke/LambdaForm$BMH
instanceKlass java/lang/invoke/LambdaForm$BMH
instanceKlass java/lang/invoke/LambdaForm$BMH
instanceKlass com/jidesoft/swing/DelayUndoManager$1
instanceKlass com/jidesoft/editor/LazyLoadDocument$i_
instanceKlass ui/views/d/y$$Lambda$206
instanceKlass com/jidesoft/editor/TextUtils
instanceKlass ui/utils/o/w/P
instanceKlass ui/utils/o/w/O
instanceKlass ui/utils/o/w/N
instanceKlass com/jidesoft/grid/QuickFilterField$a_$0
instanceKlass com/jidesoft/grid/QuickFilterField$a_
instanceKlass com/jidesoft/swing/LabeledTextField$2
instanceKlass com/jidesoft/swing/LabeledTextField$4
instanceKlass com/jidesoft/swing/LabeledTextField$3
instanceKlass com/jidesoft/swing/SelectAllUtils
instanceKlass ui/utils/o/w/M
instanceKlass ui/utils/o/w/L
instanceKlass com/jidesoft/utils/WildcardSupport
instanceKlass com/jidesoft/swing/LabeledTextField$PopupMenuCustomizer
instanceKlass java/lang/invoke/LambdaForm$MH
instanceKlass java/lang/invoke/LambdaForm$DMH
instanceKlass java/lang/invoke/LambdaForm$DMH
instanceKlass ui/frmwork/HTclEventBroker$$Lambda$205
instanceKlass java/lang/invoke/LambdaForm$DMH
instanceKlass ui/PlanAhead$$Lambda$204
instanceKlass ui/utils/i/ae$$Lambda$203
instanceKlass ui/cR
instanceKlass ui/utils/p/a/f
instanceKlass ui/frmwork/b/f
instanceKlass ui/cO
instanceKlass javax/swing/Autoscroller
instanceKlass java/awt/GridBagLayoutInfo
instanceKlass com/jidesoft/swing/JideSwingUtilities$17
instanceKlass com/jidesoft/swing/JideSwingUtilities$GetHandler
instanceKlass sun/awt/im/InputMethodAdapter
instanceKlass java/awt/im/spi/InputMethod
instanceKlass java/awt/im/spi/InputMethodContext
instanceKlass com/jidesoft/swing/JideTabbedPane$1
instanceKlass javax/swing/KeyboardManager$ComponentKeyStrokePair
instanceKlass com/jidesoft/action/DockableBarContainerLayout
instanceKlass com/jidesoft/action/DockableBarContainer$DockableBarShrinkOrderProvider
instanceKlass com/jidesoft/action/f
instanceKlass ui/views/S/A
instanceKlass ui/views/c/dT
instanceKlass ui/views/W$$Lambda$202
instanceKlass com/jidesoft/action/a$0
instanceKlass ui/utils/lnf/HSyntheticaJideTabbedPaneUI$AbstractTab
instanceKlass com/jidesoft/docking/DockingManagerUndoableEdit
instanceKlass ui/utils/p/a/g
instanceKlass com/jidesoft/document/DocumentPane$29
instanceKlass com/jidesoft/document/d
instanceKlass com/jidesoft/document/DocumentPane$21
instanceKlass com/jidesoft/document/TdiGroup$0
instanceKlass ui/views/ae
instanceKlass com/jidesoft/document/DocumentComponentAdapter
instanceKlass ui/views/V/t
instanceKlass com/jidesoft/document/DocumentPane$4
instanceKlass ui/views/V/m
instanceKlass com/jidesoft/document/c$0
instanceKlass com/jidesoft/document/DocumentComponentFactory
instanceKlass com/jidesoft/document/DocumentPane$DocumentTabColorProvider
instanceKlass com/jidesoft/document/PopupMenuCustomizer
instanceKlass com/jidesoft/document/c
instanceKlass com/jidesoft/document/FloatingDocumentContainer
instanceKlass com/jidesoft/document/DocumentPane$TabbedPaneCustomizer
instanceKlass ui/c/e/b/p
instanceKlass com/jidesoft/document/DocumentComponent
instanceKlass ui/utils/o/k/e
instanceKlass ui/utils/i/g/m
instanceKlass ui/utils/i/f/a
instanceKlass ui/frmwork/e
instanceKlass com/jidesoft/document/DocumentComponentListener
instanceKlass ui/views/dj$$Lambda$201
instanceKlass java/lang/invoke/LambdaForm$DMH
instanceKlass java/text/BreakIterator
instanceKlass javax/swing/text/GlyphView$GlyphPainter
instanceKlass javax/swing/text/html/StyleSheet$1
instanceKlass javax/swing/text/html/CSSBorder$StrokePainter
instanceKlass javax/swing/text/html/CSSBorder$SolidPainter
instanceKlass javax/swing/text/html/CSSBorder$NullPainter
instanceKlass javax/swing/text/html/CSSBorder$BorderPainter
instanceKlass javax/swing/text/html/StyleSheet$BoxPainter
instanceKlass javax/swing/text/html/StyleSheet$SearchBuffer
instanceKlass javax/swing/text/html/MuxingAttributeSet
instanceKlass javax/swing/text/GapContent$UndoPosRef
instanceKlass javax/swing/text/DefaultStyledDocument$ElementBuffer$ElemChanges
instanceKlass javax/swing/text/DefaultStyledDocument$ElementSpec
instanceKlass javax/swing/text/html/HTMLDocument$HTMLReader$TagAction
instanceKlass javax/swing/text/html/CSS$ShorthandMarginParser
instanceKlass javax/swing/text/html/CSS$LengthUnit
instanceKlass javax/swing/text/html/HTMLEditorKit$1
instanceKlass javax/swing/text/html/CSSParser
instanceKlass javax/swing/text/html/StyleSheet$CssParser
instanceKlass javax/swing/text/html/CSSParser$CSSParserCallback
instanceKlass javax/swing/text/html/StyleSheet$SelectorMapping
instanceKlass javax/swing/text/html/CSS$CssValue
instanceKlass javax/swing/text/html/CSS$Value
instanceKlass javax/swing/text/html/CSS$Attribute
instanceKlass javax/swing/text/html/CSS
instanceKlass java/lang/invoke/LambdaForm$MH
instanceKlass java/lang/invoke/LambdaForm$DMH
instanceKlass java/lang/invoke/LambdaForm$BMH
instanceKlass java/lang/invoke/LambdaForm$BMH
instanceKlass java/lang/invoke/LambdaForm$BMH
instanceKlass java/lang/invoke/LambdaForm$BMH
instanceKlass java/lang/invoke/LambdaForm$BMH
instanceKlass java/lang/invoke/LambdaForm$BMH
instanceKlass java/lang/invoke/LambdaForm$BMH
instanceKlass java/lang/invoke/LambdaForm$BMH
instanceKlass java/lang/invoke/LambdaForm$DMH
instanceKlass java/lang/invoke/LambdaForm$BMH
instanceKlass java/lang/invoke/LambdaForm$BMH
instanceKlass java/lang/invoke/LambdaForm$BMH
instanceKlass java/lang/invoke/LambdaForm$BMH
instanceKlass java/lang/invoke/LambdaForm$BMH
instanceKlass java/lang/invoke/LambdaForm$BMH
instanceKlass java/lang/invoke/LambdaForm$BMH
instanceKlass java/lang/invoke/LambdaForm$BMH
instanceKlass java/lang/invoke/LambdaForm$BMH
instanceKlass java/lang/invoke/LambdaForm$BMH
instanceKlass java/lang/invoke/LambdaForm$BMH
instanceKlass java/lang/invoke/LambdaForm$BMH
instanceKlass java/lang/invoke/LambdaForm$BMH
instanceKlass java/lang/invoke/LambdaForm$BMH
instanceKlass java/lang/invoke/LambdaForm$BMH
instanceKlass java/lang/invoke/LambdaForm$BMH
instanceKlass java/lang/invoke/LambdaForm$BMH
instanceKlass java/lang/invoke/LambdaForm$BMH
instanceKlass java/lang/invoke/LambdaForm$BMH
instanceKlass java/lang/invoke/LambdaForm$BMH
instanceKlass java/lang/invoke/LambdaForm$BMH
instanceKlass java/lang/invoke/LambdaForm$BMH
instanceKlass javax/swing/JList$ListSelectionHandler
instanceKlass ui/views/r/i
instanceKlass org/jdesktop/swingx/decorator/CompoundHighlighter$1
instanceKlass org/jdesktop/swingx/JXList$2
instanceKlass org/jdesktop/swingx/event/WeakEventListenerList
instanceKlass org/jdesktop/swingx/decorator/HighlightPredicate$16
instanceKlass org/jdesktop/swingx/decorator/HighlightPredicate$15
instanceKlass org/jdesktop/swingx/decorator/HighlightPredicate$14
instanceKlass org/jdesktop/swingx/decorator/HighlightPredicate$13
instanceKlass org/jdesktop/swingx/decorator/HighlightPredicate$12
instanceKlass org/jdesktop/swingx/decorator/HighlightPredicate$11
instanceKlass org/jdesktop/swingx/decorator/HighlightPredicate$10
instanceKlass org/jdesktop/swingx/decorator/HighlightPredicate$9
instanceKlass org/jdesktop/swingx/decorator/HighlightPredicate$8
instanceKlass org/jdesktop/swingx/decorator/HighlightPredicate$7
instanceKlass org/jdesktop/swingx/decorator/HighlightPredicate$6
instanceKlass org/jdesktop/swingx/decorator/HighlightPredicate$5
instanceKlass org/jdesktop/swingx/decorator/HighlightPredicate$4
instanceKlass org/jdesktop/swingx/decorator/HighlightPredicate$3
instanceKlass org/jdesktop/swingx/decorator/HighlightPredicate$2
instanceKlass org/jdesktop/swingx/decorator/HighlightPredicate$1
instanceKlass org/jdesktop/swingx/decorator/HighlightPredicate
instanceKlass com/jidesoft/grid/IndexChangeEventGenerator
instanceKlass com/jidesoft/list/EventFireListModel
instanceKlass com/jidesoft/list/ListModelWrapper
instanceKlass org/jdesktop/swingx/sort/DefaultSortController$1
instanceKlass org/jdesktop/swingx/sort/DefaultSortController$ComparableComparator
instanceKlass org/jdesktop/swingx/painter/effects/AreaEffect
instanceKlass java/beans/VetoableChangeSupport
instanceKlass org/jdesktop/beans/AbstractBean
instanceKlass org/jdesktop/swingx/plaf/basic/core/BasicXListUI$ListDataHandler
instanceKlass org/jdesktop/swingx/plaf/basic/core/BasicXListUI$ListSelectionHandler
instanceKlass org/jdesktop/swingx/plaf/basic/core/BasicXListUI$PropertyChangeHandler
instanceKlass org/jdesktop/swingx/plaf/basic/core/BasicXListUI$Handler
instanceKlass org/jdesktop/swingx/plaf/basic/core/DragRecognitionSupport$BeforeDrag
instanceKlass org/jdesktop/swingx/renderer/CellContext
instanceKlass org/jdesktop/swingx/renderer/DefaultVisuals
instanceKlass org/jdesktop/swingx/renderer/PainterAware
instanceKlass org/jdesktop/swingx/renderer/IconValues$3
instanceKlass org/jdesktop/swingx/renderer/IconValues$2
instanceKlass org/jdesktop/swingx/renderer/IconValues$1
instanceKlass org/jdesktop/swingx/renderer/IconValues
instanceKlass org/jdesktop/swingx/renderer/MappedValues$1
instanceKlass org/jdesktop/swingx/renderer/MappedValue
instanceKlass org/jdesktop/swingx/renderer/BooleanValue
instanceKlass org/jdesktop/swingx/renderer/IconValue
instanceKlass org/jdesktop/swingx/renderer/MappedValues
instanceKlass org/jdesktop/swingx/renderer/ComponentProvider
instanceKlass org/jdesktop/swingx/renderer/AbstractRenderer
instanceKlass org/jdesktop/swingx/decorator/ComponentAdapter
instanceKlass org/jdesktop/swingx/decorator/AbstractHighlighter
instanceKlass org/jdesktop/swingx/sort/StringValueRegistry
instanceKlass org/jdesktop/swingx/sort/StringValueProvider
instanceKlass org/jdesktop/swingx/JXList$DelegatingRenderer
instanceKlass org/jdesktop/swingx/rollover/RolloverRenderer
instanceKlass org/jdesktop/swingx/rollover/RolloverProducer
instanceKlass org/jdesktop/swingx/rollover/RolloverController
instanceKlass org/jdesktop/swingx/sort/SortController
instanceKlass javax/swing/RowFilter
instanceKlass org/jdesktop/swingx/decorator/Highlighter
instanceKlass javax/swing/RowSorter
instanceKlass org/jdesktop/swingx/util/Contract
instanceKlass org/jdesktop/swingx/renderer/StringValue
instanceKlass org/jdesktop/swingx/painter/Painter
instanceKlass org/jdesktop/swingx/plaf/DefaultsList
instanceKlass org/jdesktop/swingx/plaf/AbstractComponentAddon
instanceKlass org/jdesktop/swingx/plaf/ComponentAddon
instanceKlass ui/views/r/c
instanceKlass ui/views/r/f
instanceKlass ui/views/r/e
instanceKlass com/jidesoft/swing/Overlayable
instanceKlass ui/utils/o/w/E
instanceKlass org/apache/batik/dom/svg/AbstractSVGMatrix
instanceKlass org/w3c/dom/svg/SVGMatrix
instanceKlass ui/utils/n/q
instanceKlass com/google/common/base/Preconditions
instanceKlass com/google/common/collect/TreeTraverser
instanceKlass com/google/common/io/Files
instanceKlass sun/security/util/ManifestEntryVerifier$SunProviderHolder
instanceKlass java/util/Base64$Encoder
instanceKlass java/util/Base64$Decoder
instanceKlass java/util/Base64
instanceKlass java/security/Timestamp
instanceKlass sun/security/timestamp/TimestampToken
instanceKlass java/security/cert/CertPath
instanceKlass sun/security/rsa/RSAPadding
instanceKlass sun/security/rsa/RSACore
instanceKlass java/security/interfaces/RSAPrivateCrtKey
instanceKlass sun/security/pkcs/PKCS8Key
instanceKlass java/security/interfaces/RSAPrivateKey
instanceKlass java/security/PrivateKey
instanceKlass sun/security/jca/ServiceId
instanceKlass java/security/SignatureSpi
instanceKlass javax/crypto/SecretKey
instanceKlass javax/security/auth/Destroyable
instanceKlass sun/security/util/Length
instanceKlass sun/security/util/KeyUtil
instanceKlass sun/text/normalizer/Norm2AllModes$NFKCSingleton
instanceKlass sun/text/normalizer/NormalizerBase$ModeImpl
instanceKlass sun/text/normalizer/NormalizerBase$NFKDModeImpl
instanceKlass sun/text/normalizer/NormalizerBase$1
instanceKlass java/text/Normalizer
instanceKlass sun/security/x509/AVAKeyword
instanceKlass sun/security/util/ConstraintsParameters
instanceKlass sun/security/pkcs/PKCS9Attribute
instanceKlass sun/security/pkcs/PKCS9Attributes
instanceKlass sun/security/pkcs/SignerInfo
instanceKlass java/security/cert/PolicyQualifierInfo
instanceKlass sun/security/x509/CertificatePolicyId
instanceKlass sun/security/x509/PolicyInformation
instanceKlass sun/security/x509/DistributionPoint
instanceKlass sun/security/x509/DNSName
instanceKlass sun/security/x509/URIName
instanceKlass sun/security/x509/GeneralName
instanceKlass sun/security/x509/AccessDescription
instanceKlass sun/security/util/MemoryCache$CacheEntry
instanceKlass sun/security/x509/X509AttributeName
instanceKlass sun/security/x509/GeneralNames
instanceKlass sun/security/x509/KeyIdentifier
instanceKlass sun/security/x509/OIDMap$OIDInfo
instanceKlass sun/security/x509/PKIXExtensions
instanceKlass sun/security/x509/OIDMap
instanceKlass sun/security/x509/Extension
instanceKlass java/security/cert/Extension
instanceKlass sun/security/x509/CertificateExtensions
instanceKlass java/security/interfaces/RSAPublicKey
instanceKlass java/security/interfaces/RSAKey
instanceKlass java/security/spec/RSAPrivateKeySpec
instanceKlass java/security/spec/RSAPublicKeySpec
instanceKlass java/security/KeyFactorySpi
instanceKlass sun/security/rsa/SunRsaSignEntries
instanceKlass sun/security/jca/ProviderList$ServiceList$1
instanceKlass java/security/KeyFactory
instanceKlass java/security/spec/EncodedKeySpec
instanceKlass java/security/spec/KeySpec
instanceKlass sun/security/util/BitArray
instanceKlass sun/security/x509/X509Key
instanceKlass java/security/PublicKey
instanceKlass java/security/Key
instanceKlass sun/security/x509/CertificateX509Key
instanceKlass sun/security/x509/CertificateValidity
instanceKlass sun/security/x509/AVA
instanceKlass sun/security/x509/RDN
instanceKlass javax/security/auth/x500/X500Principal
instanceKlass sun/security/x509/X500Name$1
instanceKlass sun/security/x509/X500Name
instanceKlass sun/security/x509/GeneralNameInterface
instanceKlass sun/security/x509/CertificateAlgorithmId
instanceKlass sun/security/x509/SerialNumber
instanceKlass sun/security/x509/CertificateSerialNumber
instanceKlass sun/security/x509/CertificateVersion
instanceKlass sun/security/x509/X509CertInfo
instanceKlass sun/security/x509/CertAttrSet
instanceKlass sun/security/util/Cache$EqualByteArray
instanceKlass java/security/cert/X509Extension
instanceKlass sun/security/util/Cache
instanceKlass java/security/cert/CertificateFactorySpi
instanceKlass java/security/cert/CertificateFactory
instanceKlass sun/security/x509/AlgorithmId
instanceKlass sun/security/util/ByteArrayTagOrder
instanceKlass sun/security/util/ByteArrayLexOrder
instanceKlass sun/security/util/DerEncoder
instanceKlass sun/security/util/IOUtils
instanceKlass sun/security/util/DerValue
instanceKlass sun/security/util/ObjectIdentifier
instanceKlass sun/security/pkcs/ContentInfo
instanceKlass sun/security/util/DerIndefLenConverter
instanceKlass sun/security/util/DerInputStream
instanceKlass sun/security/pkcs/PKCS7
instanceKlass sun/security/util/ManifestDigester$Entry
instanceKlass sun/security/util/ManifestDigester$Position
instanceKlass sun/security/util/ManifestDigester
instanceKlass javax/swing/plaf/basic/BasicSplitPaneUI$Handler
instanceKlass javax/swing/plaf/basic/BasicSplitPaneUI$BasicHorizontalLayoutManager
instanceKlass javax/swing/plaf/basic/BasicSplitPaneDivider$DividerLayout
instanceKlass com/jidesoft/docking/DefaultDockingManager$34
instanceKlass com/jidesoft/docking/DockingUtils$0
instanceKlass com/jidesoft/docking/FloatingContainer
instanceKlass com/jidesoft/plaf/basic/BasicSidePaneUI$RolloverMouseInputListener
instanceKlass com/jidesoft/plaf/basic/BasicSidePaneUI$DropListener
instanceKlass com/jidesoft/plaf/basic/BasicSidePaneUI$NonrolloverMouseInputListener
instanceKlass com/jidesoft/swing/SidePaneItem
instanceKlass ui/views/U
instanceKlass ui/views/T
instanceKlass ui/views/S
instanceKlass com/jidesoft/docking/DefaultDockingManager$38
instanceKlass ui/views/ay
instanceKlass com/jidesoft/docking/c$a_
instanceKlass com/jidesoft/docking/e
instanceKlass ui/views/S/C
instanceKlass ui/views/S/B
instanceKlass ui/views/S/v
instanceKlass ui/views/S/aD
instanceKlass ui/views/S/aF
instanceKlass ui/utils/o/b/j
instanceKlass ui/views/S/aH
instanceKlass com/jidesoft/swing/StyledLabelBuilder
instanceKlass ui/utils/o/d/e
instanceKlass javax/swing/filechooser/FileView
instanceKlass ui/data/design/dai
instanceKlass ui/views/dA
instanceKlass com/jidesoft/marker/DefaultMarkerStripePainter
instanceKlass com/jidesoft/editor/marker/MarkerArea$b_
instanceKlass com/jidesoft/filter/AbstractFilter
instanceKlass com/jidesoft/filter/ObjectGrouperSupport
instanceKlass com/jidesoft/grid/Filter
instanceKlass com/jidesoft/filter/Filter
instanceKlass com/jidesoft/marker/Marker
instanceKlass com/jidesoft/marker/MarkerStripePainter
instanceKlass com/jidesoft/marker/MarkerEyePainter
instanceKlass com/jidesoft/marker/AbstractMarkerSupport
instanceKlass com/jidesoft/marker/MarkerSupport
instanceKlass ui/views/ds
instanceKlass ui/views/dr
instanceKlass ui/views/dq
instanceKlass com/jidesoft/margin/AbstractMargin$1
instanceKlass com/jidesoft/utils/SortedList
instanceKlass com/jidesoft/margin/AbstractMarginPainter
instanceKlass com/jidesoft/editor/margin/DefaultCodeFoldingPainter
instanceKlass com/jidesoft/editor/margin/CodeFoldingPainter
instanceKlass com/jidesoft/editor/margin/CodeFoldingMargin$HitInfo
instanceKlass com/jidesoft/editor/margin/LineMarginPainter
instanceKlass ui/views/dm
instanceKlass ui/views/dp
instanceKlass ui/views/dk
instanceKlass ui/frmwork/az
instanceKlass ui/frmwork/aA
instanceKlass com/jidesoft/hints/AbstractIntelliHints$2
instanceKlass com/jidesoft/hints/AbstractIntelliHints$1
instanceKlass com/jidesoft/hints/AbstractIntelliHints$4
instanceKlass com/jidesoft/plaf/basic/BasicJidePopupUI$PopupPropertyChangeListener
instanceKlass com/jidesoft/plaf/basic/BasicJidePopupUI$PopupLayout
instanceKlass com/jidesoft/swing/ResizableSupport
instanceKlass com/jidesoft/popup/JidePopupFactory
instanceKlass com/jidesoft/hints/AbstractIntelliHints$8$1
instanceKlass com/jidesoft/hints/AbstractIntelliHints$8
instanceKlass com/jidesoft/hints/AbstractIntelliHints
instanceKlass ui/views/d/o
instanceKlass ui/views/d/s
instanceKlass ui/views/d/r
instanceKlass ui/views/d/p
instanceKlass ui/views/V/a/aA
instanceKlass ui/views/V/a/ak
instanceKlass ui/views/V/a/aC
instanceKlass com/jidesoft/grid/SortListener
instanceKlass com/jidesoft/grid/HierarchicalTableSupport
instanceKlass ui/utils/o/b
instanceKlass ui/views/V/a/aI
instanceKlass ui/views/V/a/aR
instanceKlass ui/views/V/a/aP
instanceKlass com/jidesoft/swing/SearchableBar$9
instanceKlass com/jidesoft/swing/SearchableBar$8$1
instanceKlass com/jidesoft/swing/SearchableBar$8
instanceKlass com/jidesoft/swing/SearchableBar$11
instanceKlass com/jidesoft/swing/SearchableBar$13
instanceKlass com/jidesoft/swing/SearchableBar$12
instanceKlass com/jidesoft/swing/SearchableBarIconsFactory
instanceKlass com/jidesoft/swing/Resource
instanceKlass com/jidesoft/swing/SearchableBar$6
instanceKlass com/jidesoft/swing/SearchableBar$5
instanceKlass com/jidesoft/swing/SearchableBar$1
instanceKlass com/jidesoft/swing/SearchableBar$Installer
instanceKlass ui/views/V/a/aj
instanceKlass com/jidesoft/search/FindAndReplaceListener
instanceKlass com/jidesoft/editor/CodeEditorFindAndReplaceTarget
instanceKlass com/jidesoft/search/FindResult
instanceKlass java/awt/dnd/DropTargetAdapter
instanceKlass com/jidesoft/editor/highlight/DefaultHighlighter$c_
instanceKlass com/jidesoft/editor/highlight/Highlighter$Highlight
instanceKlass com/jidesoft/editor/highlight/LayeredHighlighter
instanceKlass com/jidesoft/editor/highlight/LayeredHighlighter$LayerPainter
instanceKlass com/jidesoft/editor/highlight/Highlighter$HighlightPainter
instanceKlass ui/views/V/a/aV
instanceKlass com/jidesoft/swing/Searchable$1
instanceKlass com/jidesoft/swing/event/SearchableListener
instanceKlass com/jidesoft/swing/WholeWordsSupport
instanceKlass com/jidesoft/editor/CodeEditor$w_
instanceKlass com/jidesoft/editor/e
instanceKlass com/jidesoft/editor/selection/DefaultSelectionModel
instanceKlass com/jidesoft/editor/CodeEditor$14
instanceKlass com/jidesoft/marker/DefaultMarkerModel
instanceKlass com/jidesoft/editor/marker/MarkerModel
instanceKlass ui/views/V/a/cg
instanceKlass com/jidesoft/editor/SyntaxDocument$MyUndoableEditListener
instanceKlass com/jidesoft/swing/OverlayableUtils
instanceKlass com/jidesoft/editor/CodeEditor$s_
instanceKlass com/jidesoft/editor/CodeEditor$v_
instanceKlass com/jidesoft/editor/CodeEditor$p_
instanceKlass com/jidesoft/editor/CodeEditor$x_
instanceKlass com/jidesoft/editor/CodeEditorMarginSupport$2
instanceKlass com/jidesoft/editor/CodeEditorMarginSupport$1
instanceKlass com/jidesoft/editor/CodeEditor$8
instanceKlass com/jidesoft/editor/folding/DefaultFoldingModel$b_
instanceKlass com/jidesoft/editor/folding/DefaultFoldingModel
instanceKlass com/jidesoft/editor/CodeEditorMarginSupport$0
instanceKlass com/jidesoft/margin/RowNumberMargin$0
instanceKlass com/jidesoft/margin/AbstractMargin$0
instanceKlass com/jidesoft/margin/AbstractMarginSupport
instanceKlass com/jidesoft/margin/RowMarginPainter
instanceKlass com/jidesoft/margin/MarginSupport$RepaintCallback
instanceKlass com/jidesoft/margin/MarginSupport$ModelChangedCallback
instanceKlass com/jidesoft/margin/MarginPainter
instanceKlass com/jidesoft/editor/CodeEditorMarginSupport
instanceKlass com/jidesoft/margin/RowMarginSupport
instanceKlass com/jidesoft/margin/MarginSupport
instanceKlass com/jidesoft/editor/CodeEditor$5
instanceKlass com/jidesoft/editor/CodeEditor$q_
instanceKlass com/jidesoft/editor/PageLoadListener
instanceKlass java/awt/font/TextLayout
instanceKlass com/jidesoft/editor/c
instanceKlass com/jidesoft/editor/AbstractCodeEditorIntelliHints
instanceKlass com/jidesoft/hints/IntelliHints
instanceKlass ui/data/l/a/j
instanceKlass com/jidesoft/swing/SearchableProvider
instanceKlass ui/data/l/a/f
instanceKlass com/jidesoft/search/FindAndReplaceTarget
instanceKlass com/jidesoft/editor/margin/Margin
instanceKlass com/jidesoft/margin/Margin
instanceKlass com/jidesoft/editor/folding/FoldingSpanListener
instanceKlass com/jidesoft/editor/caret/DefaultCaretModel
instanceKlass com/jidesoft/editor/CodeEditor$r_
instanceKlass com/jidesoft/editor/folding/FoldingSpan
instanceKlass com/jidesoft/editor/Span
instanceKlass com/jidesoft/dialog/ButtonNames
instanceKlass com/jidesoft/editor/highlight/Highlighter
instanceKlass com/jidesoft/editor/ColumnGuide
instanceKlass com/jidesoft/editor/caret/CaretModel
instanceKlass com/jidesoft/marker/MarkerModel
instanceKlass com/jidesoft/search/FindAndReplace
instanceKlass com/jidesoft/editor/caret/CaretPosition
instanceKlass com/jidesoft/marker/MarkerListener
instanceKlass com/jidesoft/editor/CodeInspector
instanceKlass com/jidesoft/swing/Searchable
instanceKlass com/jidesoft/editor/selection/SelectionModel
instanceKlass com/jidesoft/editor/tokenmarker/TokenMarker
instanceKlass ui/views/d
instanceKlass ui/views/d/n
instanceKlass ui/utils/U
instanceKlass ui/utils/N
instanceKlass ui/data/l/b/h
instanceKlass ui/utils/o/b/v
instanceKlass com/jidesoft/swing/JideToggleButton$1
instanceKlass ui/utils/W
instanceKlass ui/utils/aA
instanceKlass ui/utils/au
instanceKlass ui/utils/i/g/g
instanceKlass ui/utils/ad
instanceKlass ui/utils/o/x/J
instanceKlass ui/utils/o/x/I
instanceKlass ui/b/c/P
instanceKlass java/awt/dnd/Autoscroll
instanceKlass javax/swing/ButtonGroup
instanceKlass ui/utils/ba
instanceKlass ui/views/d/y
instanceKlass ui/views/cU
instanceKlass com/jidesoft/document/IDocumentGroup
instanceKlass java/util/TimerTask
instanceKlass ui/views/aQ
instanceKlass com/jidesoft/editor/folding/FoldingModel
instanceKlass java/awt/print/Printable
instanceKlass com/jidesoft/docking/event/DockableFrameAdapter
instanceKlass com/jidesoft/docking/DefaultDockingManager$InternalDockableFrameRouter
instanceKlass javax/help/CSH$Manager
instanceKlass ui/utils/g/L
instanceKlass java/util/regex/CharPredicates$$Lambda$200
instanceKlass ui/views/aE
instanceKlass com/jidesoft/plaf/basic/BasicDockableFrameUI$DockableFramePropertyChangeListener
instanceKlass com/jidesoft/plaf/basic/BasicDockableFrameUI$DockableFrameLayout
instanceKlass com/jidesoft/plaf/basic/BasicDockableFrameTitlePane$UpdateButtonPropertyChangeListener
instanceKlass com/jidesoft/docking/d
instanceKlass com/jidesoft/plaf/basic/BasicDockableFrameTitlePane$TitlePaneLayout
instanceKlass com/jidesoft/plaf/basic/BasicDockableFrameTitlePane$PropertyChangeHandler
instanceKlass com/jidesoft/docking/NotificationFlasher
instanceKlass com/jidesoft/docking/event/DockableFrameListener
instanceKlass com/jidesoft/docking/c
instanceKlass com/jidesoft/docking/DockContext
instanceKlass ui/views/ac
instanceKlass javax/swing/undo/UndoableEditSupport
instanceKlass ui/views/W
instanceKlass ui/views/V
instanceKlass com/jidesoft/docking/PopupMenuCustomizer
instanceKlass com/jidesoft/docking/DefaultDockingManager$40
instanceKlass ui/views/R
instanceKlass com/jidesoft/docking/DockingManager$TabbedPaneCustomizer
instanceKlass com/jidesoft/docking/DefaultDockingManager$42
instanceKlass com/jidesoft/docking/DefaultDockingManager$41
instanceKlass com/jidesoft/docking/DefaultDockingManager$25
instanceKlass com/jidesoft/docking/DefaultDockingManager$MenuChangeStateListener
instanceKlass com/jidesoft/docking/DefaultDockingManager$56
instanceKlass com/jidesoft/docking/DefaultDockingManager$55
instanceKlass com/jidesoft/docking/DefaultDockingManager$7
instanceKlass com/jidesoft/docking/SlidingOverFrameContainer$SlidingFrameLayout
instanceKlass java/lang/Math$RandomNumberGeneratorHolder
instanceKlass com/jidesoft/docking/a
instanceKlass com/jidesoft/swing/JideBorderLayout
instanceKlass com/jidesoft/docking/DefaultDockingManager$DockedHiddenSlidingContainer$1
instanceKlass com/jidesoft/docking/DockingUtils
instanceKlass com/jidesoft/docking/DefaultDockingManager$DockableFrameWorkspaceHandle
instanceKlass com/jidesoft/docking/DockingManager$FrameHandle
instanceKlass com/jidesoft/docking/DefaultDockingManager$InternalEventManager
instanceKlass com/jidesoft/docking/FloatingContainer$FloatingContainerManager
instanceKlass com/jidesoft/docking/AutoHideContainer$MouseInputCreator
instanceKlass com/jidesoft/docking/DefaultDockingManager$46
instanceKlass com/jidesoft/docking/DefaultDockingManager$44
instanceKlass com/jidesoft/swing/event/SidePaneListener
instanceKlass com/jidesoft/docking/DefaultDockingManager$43
instanceKlass com/jidesoft/docking/event/DockableFrameDropListener
instanceKlass com/jidesoft/swing/UndoableSupport
instanceKlass com/jidesoft/swing/TabColorProvider
instanceKlass com/jidesoft/docking/Refocusable
instanceKlass com/jidesoft/docking/b
instanceKlass com/jidesoft/docking/Dockable
instanceKlass com/jidesoft/docking/DockableHolder
instanceKlass ui/c/d/a
instanceKlass ui/views/cQ
instanceKlass org/w3c/dom/svg/SVGEllipseElement
instanceKlass java/awt/geom/EllipseIterator
instanceKlass org/w3c/dom/svg/SVGCircleElement
instanceKlass org/apache/batik/ext/awt/image/codec/png/PNGRed$PNGChunk
instanceKlass org/apache/batik/ext/awt/image/codec/png/PNGDecodeParam
instanceKlass org/apache/batik/ext/awt/image/codec/util/ImageDecodeParam
instanceKlass org/apache/batik/ext/awt/image/renderable/DeferRable
instanceKlass org/apache/batik/util/MimeTypeConstants
instanceKlass org/apache/batik/ext/awt/image/spi/MagicNumberRegistryEntry$MagicNumber
instanceKlass org/apache/batik/ext/awt/image/spi/StreamRegistryEntry
instanceKlass org/apache/batik/ext/awt/image/spi/AbstractRegistryEntry
instanceKlass org/apache/batik/ext/awt/image/spi/URLRegistryEntry
instanceKlass org/apache/batik/ext/awt/image/spi/RegistryEntry
instanceKlass org/apache/batik/bridge/RelaxedExternalResourceSecurity
instanceKlass org/apache/batik/bridge/ExternalResourceSecurity
instanceKlass org/w3c/dom/svg/SVGImageElement
instanceKlass ui/utils/aI
instanceKlass ui/cc
instanceKlass ui/utils/V
instanceKlass com/jidesoft/status/ResizeStatusBarItem$b_
instanceKlass ui/utils/aE
instanceKlass com/jidesoft/document/DefaultStringConverter
instanceKlass com/jidesoft/document/IDocumentPane
instanceKlass com/jidesoft/status/MemoryStatusBarItem$1
instanceKlass com/jidesoft/editor/status/CodeEditorStatusBarItem
instanceKlass ui/utils/i/ai
instanceKlass com/jidesoft/status/ProgressStatusBarItem$1
instanceKlass com/jidesoft/status/a
instanceKlass javax/swing/plaf/basic/BasicProgressBarUI$Handler
instanceKlass javax/swing/JProgressBar$ModelListener
instanceKlass com/jidesoft/status/ProgressStatusBarItem$CancelCallback
instanceKlass com/jidesoft/plaf/basic/BasicStatusBarSeparatorUI$SeparatorPropertyChangeListener
instanceKlass ui/utils/i/ao
instanceKlass com/jidesoft/utils/PortingUtils
instanceKlass com/jidesoft/action/a$b_
instanceKlass javax/swing/SizeRequirements
instanceKlass ui/ay
instanceKlass ui/views/O/d/e
instanceKlass ui/views/O/d/c
instanceKlass javax/swing/text/DefaultCaret$1
instanceKlass javax/swing/text/AbstractDocument$UndoRedoDocumentEvent
instanceKlass javax/swing/event/DocumentEvent$ElementChange
instanceKlass ui/views/O/j/g
instanceKlass ui/utils/o/e/n
instanceKlass com/jidesoft/plaf/basic/BasicStyledLabelUI$StyledText
instanceKlass com/jidesoft/plaf/basic/BasicStyledLabelUI$1
instanceKlass ui/utils/o/e/j
instanceKlass java/lang/invoke/LambdaForm$BMH
instanceKlass java/lang/invoke/LambdaForm$DMH
instanceKlass java/lang/invoke/LambdaForm$BMH
instanceKlass java/lang/invoke/LambdaForm$DMH
instanceKlass java/lang/invoke/LambdaForm$BMH
instanceKlass java/lang/invoke/LambdaForm$DMH
instanceKlass java/lang/invoke/LambdaForm$BMH
instanceKlass java/lang/invoke/LambdaForm$DMH
instanceKlass java/lang/invoke/LambdaForm$BMH
instanceKlass java/lang/invoke/LambdaForm$BMH
instanceKlass java/lang/invoke/LambdaForm$BMH
instanceKlass java/lang/invoke/LambdaForm$BMH
instanceKlass java/lang/invoke/LambdaForm$BMH
instanceKlass java/lang/invoke/LambdaForm$BMH
instanceKlass java/lang/invoke/LambdaForm$BMH
instanceKlass java/lang/invoke/LambdaForm$BMH
instanceKlass java/lang/invoke/LambdaForm$BMH
instanceKlass java/lang/invoke/LambdaForm$BMH
instanceKlass java/lang/invoke/LambdaForm$BMH
instanceKlass java/lang/invoke/LambdaForm$BMH
instanceKlass java/lang/invoke/LambdaForm$BMH
instanceKlass java/lang/invoke/LambdaForm$BMH
instanceKlass java/lang/invoke/LambdaForm$BMH
instanceKlass java/lang/invoke/LambdaForm$BMH
instanceKlass java/lang/invoke/LambdaForm$BMH
instanceKlass java/lang/invoke/LambdaForm$BMH
instanceKlass java/lang/invoke/LambdaForm$BMH
instanceKlass java/lang/invoke/LambdaForm$BMH
instanceKlass java/lang/invoke/LambdaForm$BMH
instanceKlass java/lang/invoke/LambdaForm$BMH
instanceKlass java/lang/invoke/LambdaForm$BMH
instanceKlass java/lang/invoke/LambdaForm$BMH
instanceKlass java/lang/invoke/LambdaForm$BMH
instanceKlass javax/swing/text/html/parser/ContentModelState
instanceKlass javax/swing/text/html/parser/TagStack
instanceKlass javax/swing/text/html/parser/TagElement
instanceKlass javax/swing/text/html/parser/Parser
instanceKlass javax/swing/text/html/HTMLEditorKit$ParserCallback
instanceKlass javax/swing/text/html/parser/AttributeList
instanceKlass javax/swing/text/html/parser/ContentModel
instanceKlass javax/swing/text/html/parser/ParserDelegator$1
instanceKlass javax/swing/text/html/parser/Entity
instanceKlass javax/swing/text/html/parser/Element
instanceKlass javax/swing/text/html/parser/DTD
instanceKlass javax/swing/text/html/parser/DTDConstants
instanceKlass javax/swing/text/html/HTMLEditorKit$Parser
instanceKlass ui/utils/h/b
instanceKlass ui/utils/o/e/t
instanceKlass ui/views/S/Q
instanceKlass ui/bb
instanceKlass ui/utils/o/e/u
instanceKlass ui/bi
instanceKlass ui/utils/o/e/m
instanceKlass ui/utils/o/w/ad
instanceKlass ui/utils/o/w/ac
instanceKlass ui/utils/o/w/ah
instanceKlass ui/utils/o/e/k
instanceKlass com/jidesoft/swing/StyleRange
instanceKlass ui/utils/o/e/o
instanceKlass com/jidesoft/plaf/basic/BasicCommandBarSeparatorUI$SeparatorPropertyChangeListener
instanceKlass ui/utils/o/b/H
instanceKlass ui/utils/o/b/D
instanceKlass ui/utils/Y
instanceKlass com/jidesoft/plaf/basic/BasicJideSplitButtonUI$1
instanceKlass com/jidesoft/plaf/basic/BasicJideSplitButtonUI$MouseInputHandler
instanceKlass com/jidesoft/swing/SplitButtonModel
instanceKlass ui/d/g
instanceKlass ui/bj
instanceKlass ui/bk
instanceKlass java/lang/invoke/LambdaForm$BMH
instanceKlass java/lang/invoke/LambdaForm$BMH
instanceKlass java/lang/invoke/LambdaForm$BMH
instanceKlass java/lang/invoke/LambdaForm$BMH
instanceKlass java/lang/invoke/LambdaForm$BMH
instanceKlass java/lang/invoke/LambdaForm$BMH
instanceKlass java/lang/invoke/LambdaForm$BMH
instanceKlass java/lang/invoke/LambdaForm$BMH
instanceKlass ui/utils/o/aC
instanceKlass ui/u$$Lambda$199
instanceKlass ui/bX
instanceKlass ui/bW
instanceKlass ui/bU
instanceKlass javax/help/CSH
instanceKlass ui/utils/g/K
instanceKlass ui/S
instanceKlass ui/bq
instanceKlass ui/bp
instanceKlass ui/bS
instanceKlass ui/aS
instanceKlass ui/N
instanceKlass ui/Q
instanceKlass ui/P
instanceKlass ui/O
instanceKlass ui/R
instanceKlass ui/H
instanceKlass ui/X
instanceKlass ui/W
instanceKlass ui/frmwork/h/a$$Lambda$198
instanceKlass ui/frmwork/a/h
instanceKlass ui/data/common/customcmdi
instanceKlass ui/n
instanceKlass ui/L
instanceKlass ui/K
instanceKlass ui/J
instanceKlass ui/aR
instanceKlass ui/M
instanceKlass ui/G
instanceKlass ui/C
instanceKlass ui/F
instanceKlass ui/B
instanceKlass ui/A
instanceKlass ui/as
instanceKlass ui/E
instanceKlass ui/v
instanceKlass ui/w
instanceKlass ui/am
instanceKlass ui/ap
instanceKlass ui/ae
instanceKlass ui/al
instanceKlass ui/frmwork/V
instanceKlass ui/frmwork/h/J
instanceKlass ui/frmwork/h/I
instanceKlass ui/e/ak
instanceKlass ui/e/ag
instanceKlass ui/e/aa
instanceKlass com/jidesoft/action/CommandBar$CommandBarContainerListener
instanceKlass com/jidesoft/action/a
instanceKlass com/jidesoft/action/CommandBar$b_
instanceKlass com/jidesoft/plaf/basic/BasicCommandBarUI$1
instanceKlass com/jidesoft/plaf/basic/BasicCommandBarUI$2
instanceKlass com/jidesoft/plaf/basic/BasicCommandBarUI$PropertyListener
instanceKlass com/jidesoft/plaf/basic/BasicCommandBarTitleBarUI$PropertyListener
instanceKlass com/jidesoft/plaf/basic/SpecialIcon
instanceKlass com/jidesoft/plaf/basic/BasicCommandBarTitleBarUI$TitlePaneLayout
instanceKlass com/jidesoft/swing/DraggableHandle
instanceKlass com/jidesoft/action/event/DockableBarListener
instanceKlass com/jidesoft/action/DockableBarContext
instanceKlass ui/aW
instanceKlass ui/aX
instanceKlass ui/s
instanceKlass ui/r
instanceKlass com/jidesoft/action/event/DockableBarsRearrangedListener
instanceKlass java/lang/invoke/LambdaForm$BMH
instanceKlass java/lang/invoke/LambdaForm$DMH
instanceKlass java/lang/invoke/LambdaForm$BMH
instanceKlass java/lang/invoke/LambdaForm$DMH
instanceKlass java/lang/invoke/LambdaForm$BMH
instanceKlass java/lang/invoke/LambdaForm$DMH
instanceKlass java/lang/invoke/LambdaForm$BMH
instanceKlass java/lang/invoke/LambdaForm$DMH
instanceKlass java/lang/invoke/LambdaForm$BMH
instanceKlass java/lang/invoke/LambdaForm$DMH
instanceKlass java/lang/invoke/LambdaForm$BMH
instanceKlass java/lang/invoke/LambdaForm$DMH
instanceKlass java/lang/invoke/LambdaForm$BMH
instanceKlass java/lang/invoke/LambdaForm$BMH
instanceKlass java/lang/invoke/LambdaForm$BMH
instanceKlass java/lang/invoke/LambdaForm$BMH
instanceKlass java/lang/invoke/LambdaForm$DMH
instanceKlass java/lang/invoke/LambdaForm$BMH
instanceKlass java/lang/invoke/LambdaForm$BMH
instanceKlass java/lang/invoke/LambdaForm$BMH
instanceKlass java/lang/invoke/LambdaForm$BMH
instanceKlass java/lang/invoke/LambdaForm$BMH
instanceKlass java/lang/invoke/LambdaForm$BMH
instanceKlass java/lang/invoke/LambdaForm$BMH
instanceKlass java/lang/invoke/LambdaForm$BMH
instanceKlass java/lang/invoke/LambdaForm$BMH
instanceKlass java/lang/invoke/LambdaForm$BMH
instanceKlass java/lang/invoke/LambdaForm$BMH
instanceKlass java/lang/invoke/LambdaForm$BMH
instanceKlass java/lang/invoke/LambdaForm$BMH
instanceKlass java/lang/invoke/LambdaForm$BMH
instanceKlass java/lang/invoke/LambdaForm$BMH
instanceKlass java/lang/invoke/LambdaForm$BMH
instanceKlass java/lang/invoke/LambdaForm$BMH
instanceKlass java/lang/invoke/LambdaForm$BMH
instanceKlass java/lang/invoke/LambdaForm$BMH
instanceKlass java/lang/invoke/LambdaForm$BMH
instanceKlass java/lang/invoke/LambdaForm$BMH
instanceKlass ui/views/dF
instanceKlass ui/cs
instanceKlass ui/cq
instanceKlass com/jidesoft/shortcut/ShortcutPersistenceUtils
instanceKlass com/sun/org/apache/xerces/internal/dom/DeepNodeListImpl
instanceKlass ui/views/R/av
instanceKlass ui/frmwork/g
instanceKlass ui/frmwork/f
instanceKlass ui/frmwork/bm
instanceKlass ui/frmwork/bl
instanceKlass ui/frmwork/av
instanceKlass ui/data/k/aJ
instanceKlass ui/frmwork/h/E$$Lambda$197
instanceKlass ui/frmwork/h/a$$Lambda$196
instanceKlass ui/e/bT
instanceKlass java/awt/geom/RoundRectIterator
instanceKlass org/w3c/dom/svg/SVGPolylineElement
instanceKlass ui/frmwork/h/b
instanceKlass ui/views/dC
instanceKlass ui/views/dE
instanceKlass ui/frmwork/b
instanceKlass ui/frmwork/h/K
instanceKlass com/jidesoft/action/DefaultDockableBarManager$FloaterKeyEventPostProcessor
instanceKlass com/jidesoft/action/DefaultDockableBarManager$2
instanceKlass com/jidesoft/action/DefaultDockableBarManager$15
instanceKlass java/awt/im/InputMethodRequests
instanceKlass java/awt/im/InputContext
instanceKlass java/awt/Event
instanceKlass javax/swing/InputVerifier
instanceKlass com/jidesoft/action/DefaultDockableBarManager$DockableBarsSnapshot
instanceKlass com/jidesoft/swing/AbstractLayoutPersistence
instanceKlass com/jidesoft/action/CommandBarFactory
instanceKlass ui/data/common/J
instanceKlass ui/views/G/m
instanceKlass ui/frmwork/T
instanceKlass ui/k
instanceKlass ui/views/x/a/y
instanceKlass ui/frmwork/S
instanceKlass ui/frmwork/d/i
instanceKlass com/jidesoft/docking/DockingManager
instanceKlass com/jidesoft/docking/DeprecatedDockingManager
instanceKlass ui/data/bh
instanceKlass ui/frmwork/W
instanceKlass ui/views/g
instanceKlass ui/ba
instanceKlass ui/aG
instanceKlass com/jidesoft/action/DockableBarManager
instanceKlass com/jidesoft/swing/RootPanePersistence
instanceKlass com/jidesoft/swing/LayoutPersistence
instanceKlass com/jidesoft/action/DockableBarHolder
instanceKlass ui/p
instanceKlass ui/utils/w
instanceKlass ui/cu
instanceKlass ui/co
instanceKlass java/awt/CardLayout$Card
instanceKlass java/awt/CardLayout
instanceKlass ui/ck
instanceKlass javax/swing/event/TreeWillExpandListener
instanceKlass sun/awt/SunGraphicsCallback
instanceKlass javax/swing/RepaintManager$4
instanceKlass javax/swing/RepaintManager$2$1
instanceKlass ui/dc
instanceKlass java/awt/EventQueue$4
instanceKlass com/jidesoft/swing/JideSwingUtilities$ConditionHandler
instanceKlass ui/utils/i/x
instanceKlass com/jidesoft/swing/JideSwingUtilities$Handler
instanceKlass com/jidesoft/utils/JideFocusTracker$MainContainerListener
instanceKlass com/jidesoft/utils/JideFocusTracker$MainFocusListener
instanceKlass com/jidesoft/utils/JideFocusTracker
instanceKlass com/jidesoft/plaf/basic/BasicJideTabbedPaneUI$TabSelectionHandler$1
instanceKlass sun/text/normalizer/ReplaceableString
instanceKlass sun/text/normalizer/Replaceable
instanceKlass sun/text/normalizer/UCharacterIterator
instanceKlass sun/text/normalizer/NormalizerBase
instanceKlass javax/help/plaf/basic/BasicSearchNavigatorUI$SearchActionListener
instanceKlass sun/text/normalizer/NormalizerBase$Mode
instanceKlass sun/text/CollatorUtilities
instanceKlass java/text/CollationElementIterator
instanceKlass java/text/CollationKey
instanceKlass javax/help/search/SearchListener
instanceKlass javax/help/search/SearchEngine
instanceKlass javax/help/Merge
instanceKlass javax/help/IndexView$IndexParser
instanceKlass javax/help/MergeHelpUtilities
instanceKlass javax/help/IndexView$DefaultIndexFactory
instanceKlass javax/help/TOCView$TOCParser
instanceKlass javax/help/TOCView$DefaultTOCFactory
instanceKlass javax/help/TreeItemFactory
instanceKlass com/sun/java/help/impl/SwingWorker$ThreadVar
instanceKlass com/sun/java/help/impl/SwingWorker$2
instanceKlass com/sun/java/help/impl/SwingWorker$1
instanceKlass com/sun/java/help/impl/SwingWorker
instanceKlass javax/help/TryMap
instanceKlass ui/utils/g/C
instanceKlass javax/accessibility/AccessibleValue
instanceKlass ui/utils/o/b/l
instanceKlass com/jidesoft/shortcut/ShortcutListener
instanceKlass ui/utils/o/Y
instanceKlass javax/help/AbstractHelpAction
instanceKlass javax/help/HelpAction
instanceKlass javax/help/event/HelpHistoryModelListener
instanceKlass com/jidesoft/swing/ComponentStateSupport
instanceKlass com/jidesoft/swing/ButtonStyle
instanceKlass sun/awt/image/OffScreenImageSource
instanceKlass com/jidesoft/swing/JideCursors
instanceKlass com/jidesoft/swing/JideBoxLayout
instanceKlass ui/utils/o/u/j
instanceKlass ui/utils/i/aq
instanceKlass com/jidesoft/plaf/basic/Resource
instanceKlass com/jidesoft/plaf/basic/BasicJideTabbedPaneUI$DropListener
instanceKlass com/jidesoft/plaf/basic/BasicJideTabbedPaneUI$ComponentHandler
instanceKlass com/jidesoft/plaf/basic/BasicJideTabbedPaneUI$ContainerHandler
instanceKlass com/jidesoft/plaf/basic/BasicJideTabbedPaneUI$MouseWheelHandler
instanceKlass com/jidesoft/plaf/basic/BasicJideTabbedPaneUI$TabFocusListener
instanceKlass com/jidesoft/plaf/basic/BasicJideTabbedPaneUI$TabSelectionHandler
instanceKlass com/jidesoft/plaf/basic/BasicJideTabbedPaneUI$PropertyChangeHandler
instanceKlass com/jidesoft/plaf/basic/BasicJideTabbedPaneUI$1
instanceKlass ui/utils/o/b/r
instanceKlass com/jidesoft/plaf/basic/BasicJideTabbedPaneUI$ScrollableTabSupport
instanceKlass com/jidesoft/plaf/basic/BasicJideTabbedPaneUI$TabbedPaneLayout
instanceKlass com/jidesoft/plaf/basic/BasicJideTabbedPaneUI$TabSpaceAllocator
instanceKlass com/jidesoft/swing/TabEditingListener
instanceKlass com/jidesoft/swing/TabEditingValidator
instanceKlass com/jidesoft/swing/StringConverter
instanceKlass com/jidesoft/swing/JideTabbedPane$OneNoteColorProvider
instanceKlass com/jidesoft/swing/JideTabbedPane$ColorProvider
instanceKlass java/awt/datatransfer/Transferable
instanceKlass java/io/ObjectInput
instanceKlass java/io/ObjectOutput
instanceKlass java/awt/datatransfer/MimeType
instanceKlass java/awt/datatransfer/MimeTypeParameterList
instanceKlass java/lang/invoke/LambdaForm$BMH
instanceKlass java/lang/invoke/LambdaForm$BMH
instanceKlass java/lang/invoke/LambdaForm$BMH
instanceKlass java/lang/invoke/LambdaForm$BMH
instanceKlass java/lang/invoke/LambdaForm$BMH
instanceKlass java/lang/invoke/LambdaForm$BMH
instanceKlass java/lang/invoke/LambdaForm$BMH
instanceKlass java/lang/invoke/LambdaForm$BMH
instanceKlass java/lang/invoke/LambdaForm$BMH
instanceKlass java/lang/invoke/LambdaForm$BMH
instanceKlass java/lang/invoke/LambdaForm$BMH
instanceKlass java/lang/invoke/LambdaForm$BMH
instanceKlass java/lang/invoke/LambdaForm$MH
instanceKlass java/lang/invoke/LambdaForm$DMH
instanceKlass java/lang/invoke/LambdaForm$BMH
instanceKlass java/lang/invoke/LambdaForm$BMH
instanceKlass java/lang/invoke/LambdaForm$BMH
instanceKlass java/lang/invoke/LambdaForm$BMH
instanceKlass java/lang/invoke/LambdaForm$BMH
instanceKlass java/lang/invoke/LambdaForm$BMH
instanceKlass java/lang/invoke/LambdaForm$DMH
instanceKlass java/lang/invoke/LambdaForm$BMH
instanceKlass java/lang/invoke/LambdaForm$BMH
instanceKlass java/lang/invoke/LambdaForm$BMH
instanceKlass java/lang/invoke/LambdaForm$BMH
instanceKlass java/lang/invoke/LambdaForm$BMH
instanceKlass java/lang/invoke/LambdaForm$BMH
instanceKlass java/lang/invoke/LambdaForm$BMH
instanceKlass java/lang/invoke/LambdaForm$BMH
instanceKlass java/lang/invoke/LambdaForm$BMH
instanceKlass java/lang/invoke/LambdaForm$BMH
instanceKlass java/lang/invoke/LambdaForm$BMH
instanceKlass java/lang/invoke/LambdaForm$BMH
instanceKlass java/lang/invoke/LambdaForm$BMH
instanceKlass java/lang/invoke/LambdaForm$BMH
instanceKlass java/lang/invoke/LambdaForm$BMH
instanceKlass java/lang/invoke/LambdaForm$BMH
instanceKlass java/lang/invoke/LambdaForm$BMH
instanceKlass java/lang/invoke/LambdaForm$DMH
instanceKlass java/lang/invoke/LambdaForm$BMH
instanceKlass java/lang/invoke/LambdaForm$BMH
instanceKlass java/lang/invoke/LambdaForm$BMH
instanceKlass java/lang/invoke/LambdaForm$BMH
instanceKlass java/lang/invoke/LambdaForm$BMH
instanceKlass java/lang/invoke/LambdaForm$BMH
instanceKlass java/lang/invoke/LambdaForm$BMH
instanceKlass java/lang/invoke/LambdaForm$BMH
instanceKlass java/lang/invoke/LambdaForm$BMH
instanceKlass java/lang/invoke/LambdaForm$BMH
instanceKlass java/lang/invoke/LambdaForm$BMH
instanceKlass java/lang/invoke/LambdaForm$BMH
instanceKlass java/lang/invoke/LambdaForm$BMH
instanceKlass java/lang/invoke/LambdaForm$BMH
instanceKlass java/lang/invoke/LambdaForm$BMH
instanceKlass java/lang/invoke/LambdaForm$BMH
instanceKlass java/lang/invoke/LambdaForm$BMH
instanceKlass java/lang/invoke/LambdaForm$BMH
instanceKlass java/lang/invoke/LambdaForm$BMH
instanceKlass java/lang/invoke/LambdaForm$BMH
instanceKlass java/lang/invoke/LambdaForm$DMH
instanceKlass java/lang/invoke/LambdaForm$BMH
instanceKlass java/lang/invoke/LambdaForm$BMH
instanceKlass java/lang/invoke/LambdaForm$BMH
instanceKlass java/lang/invoke/LambdaForm$BMH
instanceKlass java/lang/invoke/LambdaForm$BMH
instanceKlass java/lang/invoke/LambdaForm$BMH
instanceKlass java/lang/invoke/LambdaForm$BMH
instanceKlass java/lang/invoke/LambdaForm$BMH
instanceKlass java/lang/invoke/LambdaForm$BMH
instanceKlass java/lang/invoke/LambdaForm$BMH
instanceKlass java/lang/invoke/LambdaForm$BMH
instanceKlass java/lang/invoke/LambdaForm$BMH
instanceKlass java/lang/invoke/LambdaForm$BMH
instanceKlass java/lang/invoke/LambdaForm$BMH
instanceKlass java/lang/invoke/LambdaForm$BMH
instanceKlass java/lang/invoke/LambdaForm$BMH
instanceKlass java/lang/invoke/LambdaForm$BMH
instanceKlass java/lang/invoke/LambdaForm$BMH
instanceKlass java/lang/invoke/LambdaForm$BMH
instanceKlass java/lang/invoke/LambdaForm$BMH
instanceKlass java/lang/invoke/LambdaForm$BMH
instanceKlass java/lang/invoke/LambdaForm$BMH
instanceKlass java/lang/invoke/LambdaForm$BMH
instanceKlass java/lang/invoke/LambdaForm$BMH
instanceKlass java/lang/invoke/LambdaForm$BMH
instanceKlass java/lang/invoke/LambdaForm$MH
instanceKlass java/lang/invoke/LambdaForm$DMH
instanceKlass java/lang/invoke/LambdaForm$BMH
instanceKlass java/lang/invoke/LambdaForm$DMH
instanceKlass java/lang/invoke/LambdaForm$BMH
instanceKlass java/lang/invoke/LambdaForm$DMH
instanceKlass java/lang/invoke/LambdaForm$BMH
instanceKlass java/lang/invoke/LambdaForm$DMH
instanceKlass java/lang/invoke/LambdaForm$BMH
instanceKlass java/lang/invoke/LambdaForm$BMH
instanceKlass java/lang/invoke/LambdaForm$BMH
instanceKlass java/lang/invoke/LambdaForm$BMH
instanceKlass java/lang/invoke/LambdaForm$BMH
instanceKlass java/lang/invoke/LambdaForm$BMH
instanceKlass java/lang/invoke/LambdaForm$BMH
instanceKlass java/lang/invoke/LambdaForm$BMH
instanceKlass java/lang/invoke/LambdaForm$BMH
instanceKlass java/lang/invoke/LambdaForm$BMH
instanceKlass java/lang/invoke/LambdaForm$BMH
instanceKlass java/lang/invoke/LambdaForm$DMH
instanceKlass java/lang/invoke/LambdaForm$BMH
instanceKlass java/lang/invoke/LambdaForm$BMH
instanceKlass java/lang/invoke/LambdaForm$BMH
instanceKlass java/lang/invoke/LambdaForm$BMH
instanceKlass java/lang/invoke/LambdaForm$BMH
instanceKlass java/lang/invoke/LambdaForm$BMH
instanceKlass java/lang/invoke/LambdaForm$BMH
instanceKlass java/lang/invoke/LambdaForm$BMH
instanceKlass java/lang/invoke/LambdaForm$BMH
instanceKlass java/lang/invoke/LambdaForm$BMH
instanceKlass java/lang/invoke/LambdaForm$BMH
instanceKlass java/lang/invoke/LambdaForm$BMH
instanceKlass java/lang/invoke/LambdaForm$BMH
instanceKlass java/lang/invoke/LambdaForm$BMH
instanceKlass java/lang/invoke/LambdaForm$BMH
instanceKlass java/lang/invoke/LambdaForm$BMH
instanceKlass java/lang/invoke/LambdaForm$BMH
instanceKlass java/lang/invoke/LambdaForm$BMH
instanceKlass java/lang/invoke/LambdaForm$BMH
instanceKlass java/lang/invoke/LambdaForm$DMH
instanceKlass java/lang/invoke/LambdaForm$BMH
instanceKlass java/lang/invoke/LambdaForm$BMH
instanceKlass java/lang/invoke/LambdaForm$BMH
instanceKlass java/lang/invoke/LambdaForm$BMH
instanceKlass java/lang/invoke/LambdaForm$BMH
instanceKlass java/lang/invoke/LambdaForm$BMH
instanceKlass java/lang/invoke/LambdaForm$BMH
instanceKlass java/lang/invoke/LambdaForm$BMH
instanceKlass java/lang/invoke/LambdaForm$BMH
instanceKlass java/lang/invoke/LambdaForm$BMH
instanceKlass java/lang/invoke/LambdaForm$BMH
instanceKlass java/lang/invoke/LambdaForm$BMH
instanceKlass java/lang/invoke/LambdaForm$BMH
instanceKlass java/lang/invoke/LambdaForm$BMH
instanceKlass java/lang/invoke/LambdaForm$BMH
instanceKlass java/lang/invoke/LambdaForm$BMH
instanceKlass java/lang/invoke/LambdaForm$BMH
instanceKlass java/lang/invoke/LambdaForm$BMH
instanceKlass java/lang/invoke/LambdaForm$BMH
instanceKlass java/lang/invoke/LambdaForm$BMH
instanceKlass java/lang/invoke/LambdaForm$BMH
instanceKlass java/lang/invoke/LambdaForm$BMH
instanceKlass java/lang/invoke/LambdaForm$BMH
instanceKlass java/lang/invoke/LambdaForm$BMH
instanceKlass java/lang/invoke/LambdaForm$BMH
instanceKlass java/util/ResourceBundle$Control$$Lambda$195
instanceKlass javax/accessibility/AccessibleExtendedText
instanceKlass javax/accessibility/AccessibleEditableText
instanceKlass javax/accessibility/AccessibleAction
instanceKlass javax/accessibility/AccessibleText
instanceKlass ui/utils/g/h
instanceKlass org/jdesktop/swingx/search/SearchFactory$FindRemover
instanceKlass org/jdesktop/swingx/util/Utilities
instanceKlass org/jdesktop/swingx/search/SearchFactory$LaFListener
instanceKlass org/jdesktop/swingx/plaf/LookAndFeelAddons$UpdateAddon
instanceKlass org/jdesktop/swingx/plaf/UIManagerExt$UIDefaultsExt
instanceKlass org/jdesktop/swingx/plaf/UIManagerExt
instanceKlass org/jdesktop/swingx/util/OS
instanceKlass org/jdesktop/swingx/plaf/LookAndFeelAddons
instanceKlass org/jdesktop/swingx/search/SearchFactory
instanceKlass org/jdesktop/swingx/plaf/UIDependent
instanceKlass org/jdesktop/swingx/UIAction
instanceKlass org/jdesktop/swingx/JXEditorPane$UndoHandler
instanceKlass org/jdesktop/swingx/JXEditorPane$PropertyHandler
instanceKlass javax/swing/text/html/HTML$Attribute
instanceKlass javax/swing/text/html/HTML
instanceKlass javax/swing/text/html/HTMLEditorKit$HTMLFactory
instanceKlass org/jdesktop/swingx/action/TargetableSupport
instanceKlass javax/swing/event/UndoableEditListener
instanceKlass javax/swing/text/html/HTML$Tag
instanceKlass org/jdesktop/swingx/search/Searchable
instanceKlass org/jdesktop/swingx/action/Targetable
instanceKlass javax/help/DefaultHelpHistoryModel
instanceKlass javax/help/HelpHistoryModel
instanceKlass javax/help/TreeItem
instanceKlass javax/help/event/HelpSetListener
instanceKlass javax/help/DefaultHelpModel
instanceKlass javax/help/TextHelpModel
instanceKlass javax/help/HelpModel
instanceKlass javax/help/Presentation
instanceKlass javax/help/SwingHelpUtilities$4
instanceKlass javax/help/SwingHelpUtilities$3
instanceKlass javax/help/SwingHelpUtilities$2
instanceKlass javax/help/SwingHelpUtilities$1
instanceKlass javax/help/SwingHelpUtilities$5
instanceKlass javax/help/SwingHelpUtilities
instanceKlass javax/help/DefaultHelpBroker
instanceKlass javax/help/HelpBroker
instanceKlass javax/help/HelpSet$Presentation
instanceKlass javax/help/Map$ID
instanceKlass javax/help/HelpSetFactory$HelpAction
instanceKlass javax/help/NavigatorView
instanceKlass javax/help/FlatMap
instanceKlass javax/help/Map
instanceKlass com/sun/java/help/impl/LangElement
instanceKlass com/sun/java/help/impl/Tag
instanceKlass com/sun/java/help/impl/TagProperties
instanceKlass com/sun/java/help/impl/Parser$ParserMulticaster
instanceKlass com/sun/java/help/impl/ScanBuffer
instanceKlass com/sun/java/help/impl/DocumentParser
instanceKlass javax/help/HelpSet$HelpSetParser
instanceKlass com/sun/java/help/impl/ParserListener
instanceKlass javax/help/HelpSet$DefaultHelpSetFactory
instanceKlass javax/help/HelpSetFactory
instanceKlass javax/help/event/EventListenerList
instanceKlass javax/help/HelpUtilities$LocalePair
instanceKlass javax/help/HelpUtilities
instanceKlass javax/help/HelpSet
instanceKlass java/lang/invoke/LambdaForm$BMH
instanceKlass java/lang/invoke/LambdaForm$BMH
instanceKlass java/lang/invoke/LambdaForm$BMH
instanceKlass java/lang/invoke/LambdaForm$BMH
instanceKlass java/lang/invoke/LambdaForm$BMH
instanceKlass java/lang/invoke/LambdaForm$BMH
instanceKlass java/lang/invoke/LambdaForm$BMH
instanceKlass java/lang/invoke/LambdaForm$BMH
instanceKlass java/lang/invoke/LambdaForm$BMH
instanceKlass java/lang/invoke/LambdaForm$BMH
instanceKlass java/lang/invoke/LambdaForm$BMH
instanceKlass java/lang/invoke/LambdaForm$BMH
instanceKlass java/lang/invoke/LambdaForm$BMH
instanceKlass ui/utils/g/J
instanceKlass ui/views/waveform/waveformi
instanceKlass javax/swing/event/HyperlinkListener
instanceKlass javax/help/event/TextHelpModelListener
instanceKlass javax/help/event/HelpModelListener
instanceKlass org/w3c/dom/svg/SVGPathSegCurvetoCubicSmoothRel
instanceKlass org/w3c/dom/svg/SVGPathSegCurvetoCubicSmoothAbs
instanceKlass java/lang/FdLibm
instanceKlass java/lang/FdLibm$Cbrt
instanceKlass sun/java2d/marlin/Helpers
instanceKlass com/jidesoft/action/Chevron$1
instanceKlass com/jidesoft/action/Chevron$0
instanceKlass com/jidesoft/swing/JideMenu$1
instanceKlass com/jidesoft/plaf/basic/BasicChevronUI$b_
instanceKlass java/awt/event/WindowAdapter
instanceKlass com/jidesoft/plaf/vsnet/VsnetMenuUI$1
instanceKlass com/jidesoft/plaf/vsnet/VsnetMenuUI$MenuHandler
instanceKlass javax/swing/event/MenuListener
instanceKlass com/jidesoft/plaf/vsnet/VsnetMenuUI$PropertyChangeHandler
instanceKlass com/jidesoft/plaf/vsnet/VsnetMenuItemUI$PropertyChangeHandler
instanceKlass com/jidesoft/plaf/vsnet/VsnetMenuUI$MenuKeyHandler
instanceKlass com/jidesoft/plaf/vsnet/VsnetMenuUI$MenuDragMouseHandler
instanceKlass com/jidesoft/plaf/vsnet/VsnetMenuUI$MouseInputHandler
instanceKlass com/jidesoft/action/Dockable
instanceKlass com/jidesoft/swing/TopLevelMenuContainer
instanceKlass com/jidesoft/swing/JideMenu$PopupMenuOriginCalculator
instanceKlass com/jidesoft/swing/JideMenu$PopupMenuCustomizer
instanceKlass com/jidesoft/swing/JideMenu$MenuCreator
instanceKlass ui/utils/lnf/j
instanceKlass com/jidesoft/swing/PartialSide
instanceKlass com/jidesoft/wizard/WizardStyle$1
instanceKlass com/jidesoft/wizard/WizardStyle$0
instanceKlass com/jidesoft/wizard/WizardStyle
instanceKlass ui/utils/i/y
instanceKlass ui/utils/i/R
instanceKlass ui/utils/i/Q
instanceKlass ui/utils/i/P
instanceKlass ui/utils/i/O
instanceKlass ui/utils/i/N
instanceKlass ui/utils/i/M
instanceKlass com/jidesoft/grid/CellEditorManager$43
instanceKlass com/jidesoft/grid/CellEditorManager$42
instanceKlass com/jidesoft/grid/CellEditorManager$41
instanceKlass com/jidesoft/grid/CellEditorManager$40
instanceKlass com/jidesoft/grid/CellEditorManager$39
instanceKlass com/jidesoft/grid/CellEditorManager$38
instanceKlass com/jidesoft/grid/CellEditorManager$37
instanceKlass com/jidesoft/grid/CellEditorManager$36
instanceKlass com/jidesoft/grid/CellEditorManager$35
instanceKlass com/jidesoft/grid/CellEditorManager$34
instanceKlass com/jidesoft/grid/CellEditorManager$32
instanceKlass com/jidesoft/grid/CellEditorManager$31
instanceKlass com/jidesoft/grid/CellEditorManager$30
instanceKlass com/jidesoft/grid/CellEditorManager$29
instanceKlass com/jidesoft/grid/CellEditorManager$28
instanceKlass com/jidesoft/grid/CellEditorManager$27
instanceKlass com/jidesoft/grid/CellEditorManager$26
instanceKlass com/jidesoft/grid/CellEditorManager$25
instanceKlass com/jidesoft/grid/CellEditorManager$24
instanceKlass com/jidesoft/grid/CellEditorManager$23
instanceKlass com/jidesoft/grid/CellEditorManager$21
instanceKlass com/jidesoft/grid/CellEditorManager$20
instanceKlass com/jidesoft/grid/CellEditorManager$19
instanceKlass com/jidesoft/grid/CellEditorManager$18
instanceKlass com/jidesoft/grid/CellEditorManager$17
instanceKlass com/jidesoft/grid/CellEditorManager$16
instanceKlass com/jidesoft/grid/CellEditorManager$15
instanceKlass com/jidesoft/grid/CellEditorManager$14
instanceKlass com/jidesoft/grid/CellEditorManager$13
instanceKlass com/jidesoft/grid/CellEditorManager$12
instanceKlass com/jidesoft/grid/CellEditorManager$10
instanceKlass com/jidesoft/grid/CellEditorManager$9
instanceKlass com/jidesoft/grid/CellEditorManager$8
instanceKlass com/jidesoft/grid/CellEditorManager$7
instanceKlass com/jidesoft/grid/CellEditorManager$6
instanceKlass com/jidesoft/grid/CellEditorManager$5
instanceKlass com/jidesoft/grid/CellEditorManager$4
instanceKlass com/jidesoft/grid/CellEditorManager$3
instanceKlass com/jidesoft/grid/CellEditorManager$2
instanceKlass com/jidesoft/grid/CellEditorManager$1
instanceKlass com/jidesoft/grid/CellEditorManager$48
instanceKlass com/jidesoft/grid/CellEditorManager$47
instanceKlass com/jidesoft/grid/CellEditorManager$46
instanceKlass com/jidesoft/grid/CellEditorManager$45
instanceKlass com/jidesoft/grid/CellEditorManager$44
instanceKlass com/jidesoft/grid/CellEditorManager$33
instanceKlass com/jidesoft/grid/CellEditorManager$22
instanceKlass com/jidesoft/grid/CellEditorManager$0
instanceKlass com/jidesoft/grid/CellEditorFactory
instanceKlass com/jidesoft/grid/CellEditorManager
instanceKlass com/jidesoft/swing/Alignable
instanceKlass com/jidesoft/combobox/AbstractComboBox$2
instanceKlass com/jidesoft/combobox/e
instanceKlass java/awt/font/LineMetrics
instanceKlass sun/font/CoreMetrics
instanceKlass sun/font/StandardGlyphVector$GlyphStrike
instanceKlass sun/font/FontSubstitution
instanceKlass java/awt/font/GlyphVector
instanceKlass javax/swing/text/Utilities
instanceKlass javax/swing/text/SegmentCache
instanceKlass javax/swing/text/Segment
instanceKlass java/text/CharacterIterator
instanceKlass javax/accessibility/AccessibleRelationSet
instanceKlass javax/accessibility/AccessibleContext$1
instanceKlass sun/awt/AWTAccessor$AccessibleContextAccessor
instanceKlass javax/accessibility/AccessibleExtendedComponent
instanceKlass javax/accessibility/AccessibleComponent
instanceKlass javax/swing/Popup
instanceKlass javax/swing/JComponent$ActionStandin
instanceKlass com/jidesoft/combobox/AbstractComboBox$DefaultTextFieldEditorComponent$0
instanceKlass com/jidesoft/combobox/ProcessKeyBinding
instanceKlass com/jidesoft/combobox/AbstractComboBox$f_
instanceKlass javax/accessibility/AccessibleContext
instanceKlass com/jidesoft/swing/AlignmentSupport
instanceKlass javax/swing/plaf/synth/SynthTextAreaUI$Handler
instanceKlass com/jidesoft/grid/JideCellEditor
instanceKlass com/jidesoft/grid/EditorStyleSupport
instanceKlass com/jidesoft/grid/CellEditorValueProvider
instanceKlass com/jidesoft/grid/EditorContextSupport
instanceKlass com/jidesoft/converter/ConverterContextSupport
instanceKlass com/jidesoft/grid/CellRendererManager$0
instanceKlass com/jidesoft/grid/IndexChangeListener
instanceKlass com/jidesoft/grid/TableAdapter
instanceKlass com/jidesoft/grid/CellRendererManager
instanceKlass com/jidesoft/converter/RangeConverter
instanceKlass com/jidesoft/range/AbstractRange
instanceKlass com/jidesoft/range/Range
instanceKlass com/jidesoft/converter/MonthNameConverter
instanceKlass sun/util/locale/provider/JRELocaleProviderAdapter$$Lambda$194
instanceKlass java/util/Currency$CurrencyNameGetter
instanceKlass java/util/Currency$OtherCurrencyEntry
instanceKlass java/util/Currency$SpecialCaseEntry
instanceKlass java/util/Currency$1
instanceKlass java/util/Currency
instanceKlass com/jidesoft/converter/MultilineStringConverter
instanceKlass com/jidesoft/converter/FontConverter
instanceKlass com/jidesoft/converter/QuarterNameConverter
instanceKlass com/jidesoft/converter/StringArrayConverter
instanceKlass com/jidesoft/converter/ColorConverter
instanceKlass com/jidesoft/converter/MonthConverter
instanceKlass sun/util/locale/provider/JRELocaleProviderAdapter$$Lambda$193
instanceKlass java/text/DateFormatSymbols
instanceKlass sun/util/locale/provider/JRELocaleProviderAdapter$$Lambda$192
instanceKlass com/jidesoft/converter/DateConverter
instanceKlass com/jidesoft/converter/FontNameConverter
instanceKlass com/jidesoft/converter/FileConverter
instanceKlass com/jidesoft/converter/BooleanConverter
instanceKlass com/jidesoft/converter/ArrayConverter
instanceKlass com/jidesoft/converter/NumberConverter
instanceKlass com/jidesoft/converter/DefaultObjectConverter
instanceKlass com/jidesoft/converter/ObjectConverter
instanceKlass com/jidesoft/converter/ObjectConverterManager
instanceKlass com/jidesoft/comparator/AlphanumComparator
instanceKlass com/jidesoft/comparator/CharSequenceComparator
instanceKlass sun/text/ComposedCharIter
instanceKlass java/text/EntryPair
instanceKlass java/text/PatternEntry
instanceKlass java/text/PatternEntry$Parser
instanceKlass java/text/MergeCollation
instanceKlass sun/text/normalizer/UCharacter
instanceKlass sun/text/normalizer/UTF16
instanceKlass sun/text/normalizer/Trie2$UTrie2Header
instanceKlass sun/text/normalizer/Trie2$1
instanceKlass sun/text/normalizer/Trie2$ValueMapper
instanceKlass sun/text/normalizer/Trie2
instanceKlass sun/text/normalizer/VersionInfo
instanceKlass sun/text/normalizer/ICUBinary$1
instanceKlass sun/text/normalizer/ICUBinary
instanceKlass sun/text/normalizer/Norm2AllModes$Norm2AllModesSingleton
instanceKlass sun/text/normalizer/Norm2AllModes$NFCSingleton
instanceKlass sun/text/normalizer/Norm2AllModes
instanceKlass sun/text/normalizer/Normalizer2
instanceKlass sun/text/normalizer/NormalizerImpl$IsAcceptable
instanceKlass sun/text/normalizer/ICUBinary$Authenticate
instanceKlass sun/text/normalizer/NormalizerImpl
instanceKlass sun/text/UCompactIntArray
instanceKlass sun/text/IntHashtable
instanceKlass java/text/RBCollationTables$BuildAPI
instanceKlass java/text/RBTableBuilder
instanceKlass java/text/RBCollationTables
instanceKlass sun/util/resources/provider/NonBaseLocaleDataMetaInfo
instanceKlass sun/util/locale/provider/JRELocaleProviderAdapter$$Lambda$191
instanceKlass sun/util/locale/provider/BaseLocaleDataMetaInfo
instanceKlass sun/util/locale/provider/JRELocaleProviderAdapter$$Lambda$190
instanceKlass java/text/Collator
instanceKlass com/jidesoft/comparator/FastComparableComparator
instanceKlass com/jidesoft/comparator/NumberComparator
instanceKlass com/jidesoft/comparator/DateComparator
instanceKlass com/jidesoft/comparator/CalendarComparator
instanceKlass com/jidesoft/comparator/BooleanComparator
instanceKlass com/jidesoft/comparator/DefaultComparator
instanceKlass com/jidesoft/converter/AbstractContext
instanceKlass com/jidesoft/utils/CacheMap
instanceKlass com/jidesoft/comparator/ObjectComparatorManager
instanceKlass ui/utils/m/a
instanceKlass ui/utils/i/w
instanceKlass javax/swing/plaf/IconUIResource
instanceKlass de/javasoft/plaf/synthetica/ResourceBaseProvider
instanceKlass de/javasoft/plaf/synthetica/SyntheticaRootPaneUI$MouseEventProcessor
instanceKlass javax/swing/plaf/basic/BasicToolBarUI$Handler
instanceKlass de/javasoft/plaf/synthetica/styles/ToolBarStyle$2
instanceKlass de/javasoft/plaf/synthetica/styles/ToolBarStyle$1
instanceKlass javax/swing/plaf/synth/SynthToolBarUI$SynthToolBarLayoutManager
instanceKlass javax/swing/JToolBar$DefaultToolBarLayout
instanceKlass com/jidesoft/plaf/synthetica/SyntheticaFrameBorder
instanceKlass com/jidesoft/plaf/synthetica/SyntheticaCustomizer
instanceKlass com/jidesoft/plaf/synth/SynthCustomizer$1
instanceKlass com/jidesoft/swing/TristateCheckBoxIcon
instanceKlass com/jidesoft/plaf/synth/SynthCustomizer
instanceKlass com/jidesoft/plaf/LookAndFeelFactory$UIDefaultsCustomizer
instanceKlass com/jidesoft/plaf/xerto/XertoWindowsUtils$4
instanceKlass java/lang/StackTraceElement$HashedModules
instanceKlass com/jidesoft/plaf/basic/BasicPainter
instanceKlass com/jidesoft/plaf/basic/ThemePainter
instanceKlass com/jidesoft/plaf/vsnet/HeaderCellBorder
instanceKlass com/jidesoft/plaf/xerto/StatusBarBorder
instanceKlass sun/java2d/loops/GraphicsPrimitive$GeneralBinaryOp
instanceKlass com/jidesoft/plaf/xerto/XertoWindowsUtils$22
instanceKlass com/jidesoft/plaf/xerto/XertoWindowsUtils$21
instanceKlass com/jidesoft/plaf/xerto/XertoWindowsUtils$20
instanceKlass com/jidesoft/plaf/xerto/XertoWindowsUtils$19
instanceKlass com/jidesoft/plaf/xerto/XertoWindowsUtils$18
instanceKlass com/jidesoft/plaf/xerto/XertoWindowsUtils$17
instanceKlass com/jidesoft/plaf/xerto/XertoWindowsUtils$16
instanceKlass com/jidesoft/plaf/xerto/XertoWindowsUtils$15
instanceKlass com/jidesoft/plaf/xerto/FrameBorder
instanceKlass com/jidesoft/plaf/xerto/XertoUtils
instanceKlass com/jidesoft/plaf/windows/WindowsIconFactory$CheckBoxIcon
instanceKlass com/jidesoft/plaf/windows/WindowsIconFactory
instanceKlass com/jidesoft/plaf/xerto/XertoWindowsUtils$14
instanceKlass com/jidesoft/plaf/xerto/XertoWindowsUtils$13
instanceKlass com/jidesoft/plaf/xerto/XertoWindowsUtils$12
instanceKlass com/jidesoft/plaf/xerto/XertoWindowsUtils$11
instanceKlass com/jidesoft/plaf/xerto/XertoWindowsUtils$10
instanceKlass com/jidesoft/plaf/xerto/XertoWindowsUtils$9
instanceKlass com/jidesoft/plaf/xerto/XertoWindowsUtils$8
instanceKlass com/jidesoft/plaf/xerto/XertoWindowsUtils$7
instanceKlass com/jidesoft/plaf/xerto/XertoWindowsUtils$6
instanceKlass com/jidesoft/plaf/xerto/XertoWindowsUtils$5
instanceKlass com/jidesoft/icons/IconsFactory
instanceKlass com/jidesoft/icons/JideIconsFactory
instanceKlass com/jidesoft/icons/MenuCheckIcon
instanceKlass com/jidesoft/plaf/xerto/XertoWindowsUtils$3
instanceKlass com/jidesoft/plaf/xerto/XertoWindowsUtils$2
instanceKlass com/jidesoft/plaf/xerto/XertoWindowsUtils$1
instanceKlass com/jidesoft/plaf/vsnet/ConvertListener
instanceKlass com/jidesoft/plaf/ExtWindowsDesktopProperty
instanceKlass com/jidesoft/plaf/WindowsDesktopProperty
instanceKlass com/jidesoft/diff/Product
instanceKlass com/jidesoft/chart/Product
instanceKlass com/jidesoft/treemap/Product
instanceKlass com/jidesoft/editor/Product
instanceKlass com/jidesoft/shortcut/Product
instanceKlass com/jidesoft/pivot/Product
instanceKlass com/jidesoft/wizard/Product
instanceKlass com/jidesoft/grid/Product
instanceKlass com/jidesoft/document/Product
instanceKlass com/jidesoft/action/Product
instanceKlass com/jidesoft/docking/Product
instanceKlass java/beans/WeakIdentityMap
instanceKlass java/beans/ThreadGroupContext
instanceKlass java/beans/Beans
instanceKlass com/jidesoft/plaf/basic/BasicLookAndFeelExtension
instanceKlass com/jidesoft/plaf/LookAndFeelExtension
instanceKlass com/jidesoft/plaf/synthetica/SyntheticaPopupBorder
instanceKlass com/jidesoft/plaf/synthetica/SyntheticaInitializer
instanceKlass com/jidesoft/plaf/LookAndFeelFactory$UIDefaultsInitializer
instanceKlass com/jidesoft/plaf/LookAndFeelFactory$1
instanceKlass com/jidesoft/plaf/LookAndFeelFactory
instanceKlass ui/utils/lnf/s
instanceKlass com/jidesoft/plaf/basic/Painter
instanceKlass sun/font/SunFontManager$9
instanceKlass sun/font/SunFontManager$11
instanceKlass sun/font/SunFontManager$FamilyDescription
instanceKlass sun/font/SunFontManager$10
instanceKlass sun/font/SunFontManager$TTorT1Filter
instanceKlass sun/font/SunFontManager$4
instanceKlass sun/font/SunFontManager$13
instanceKlass java/lang/invoke/LambdaForm$BMH
instanceKlass java/lang/invoke/LambdaForm$BMH
instanceKlass java/lang/invoke/LambdaForm$BMH
instanceKlass java/lang/invoke/LambdaForm$BMH
instanceKlass java/lang/invoke/LambdaForm$BMH
instanceKlass java/lang/invoke/LambdaForm$BMH
instanceKlass java/lang/invoke/LambdaForm$BMH
instanceKlass java/lang/invoke/LambdaForm$BMH
instanceKlass java/lang/invoke/LambdaForm$BMH
instanceKlass java/lang/invoke/LambdaForm$BMH
instanceKlass java/lang/invoke/LambdaForm$DMH
instanceKlass java/lang/invoke/LambdaForm$BMH
instanceKlass java/lang/invoke/LambdaForm$BMH
instanceKlass javax/swing/text/TabableView
instanceKlass javax/swing/text/FlowView$FlowStrategy
instanceKlass javax/swing/text/DefaultStyledDocument$AbstractChangeHandler
instanceKlass javax/swing/text/AbstractDocument$DefaultDocumentEventUndoableWrapper
instanceKlass sun/swing/text/UndoableEditLockSupport
instanceKlass javax/swing/event/DocumentEvent$EventType
instanceKlass javax/swing/event/DocumentEvent
instanceKlass javax/swing/undo/AbstractUndoableEdit
instanceKlass javax/swing/undo/UndoableEdit
instanceKlass javax/swing/text/DefaultStyledDocument$ElementBuffer
instanceKlass javax/swing/text/StyledDocument
instanceKlass javax/swing/text/StyledEditorKit$AttributeTracker
instanceKlass javax/swing/event/CaretListener
instanceKlass javax/swing/text/StyledEditorKit$StyledViewFactory
instanceKlass de/javasoft/plaf/synthetica/StyleFactory$RepaintTextComponentPropertyChangeListener
instanceKlass javax/swing/plaf/synth/SynthTabbedPaneUI$1
instanceKlass javax/swing/plaf/basic/BasicTabbedPaneUI$Handler
instanceKlass de/javasoft/plaf/synthetica/StyleFactory$20
instanceKlass de/javasoft/plaf/synthetica/StyleFactory$17
instanceKlass javax/swing/plaf/basic/BasicTabbedPaneUI$TabbedPaneLayout
instanceKlass javax/swing/JTabbedPane$ModelListener
instanceKlass sun/awt/image/PNGImageDecoder$Chromaticities
instanceKlass javax/swing/KeyboardManager
instanceKlass javax/swing/plaf/basic/BasicOptionPaneUI$Handler
instanceKlass javax/swing/plaf/basic/BasicOptionPaneUI$2
instanceKlass javax/swing/plaf/basic/BasicOptionPaneUI$ButtonActionListener
instanceKlass javax/swing/plaf/basic/BasicOptionPaneUI$ButtonFactory
instanceKlass javax/swing/plaf/basic/BasicOptionPaneUI$ButtonAreaLayout
instanceKlass java/awt/GridBagConstraints
instanceKlass java/awt/GridBagLayout
instanceKlass de/javasoft/plaf/synthetica/StyleFactory$16
instanceKlass javax/swing/JMenu$MenuChangeListener
instanceKlass javax/swing/JInternalFrame$FocusPropertyChangeListener
instanceKlass sun/swing/MenuItemLayoutHelper
instanceKlass javax/swing/plaf/basic/BasicInternalFrameUI$Handler
instanceKlass javax/swing/event/InternalFrameListener
instanceKlass javax/swing/ActionPropertyChangeListener
instanceKlass javax/swing/plaf/basic/BasicMenuItemUI$Handler
instanceKlass javax/swing/event/MenuDragMouseListener
instanceKlass javax/swing/JMenuItem$MenuItemFocusListener
instanceKlass javax/swing/plaf/synth/SynthInternalFrameTitlePane$SynthTitlePaneLayout
instanceKlass javax/swing/plaf/basic/BasicInternalFrameTitlePane$Handler
instanceKlass de/javasoft/plaf/synthetica/StyleFactory$4
instanceKlass javax/swing/plaf/synth/SynthDesktopIconUI$Handler
instanceKlass javax/swing/tree/DefaultMutableTreeNode$PreorderEnumeration
instanceKlass javax/swing/plaf/synth/SynthGraphicsUtils$SynthIconWrapper
instanceKlass javax/swing/JTree$TreeModelHandler
instanceKlass javax/swing/tree/AbstractLayoutCache$NodeDimensions
instanceKlass javax/swing/tree/AbstractLayoutCache
instanceKlass javax/swing/tree/RowMapper
instanceKlass javax/swing/tree/TreeCellRenderer
instanceKlass javax/swing/plaf/basic/BasicTreeUI$Handler
instanceKlass javax/swing/event/TreeSelectionListener
instanceKlass javax/swing/event/TreeModelListener
instanceKlass javax/swing/event/TreeExpansionListener
instanceKlass de/javasoft/plaf/synthetica/StyleFactory$22
instanceKlass javax/swing/plaf/basic/BasicGraphicsUtils
instanceKlass javax/swing/plaf/synth/SynthTreeUI$ExpandedIconWrapper
instanceKlass javax/swing/tree/TreePath
instanceKlass javax/swing/tree/DefaultTreeSelectionModel
instanceKlass javax/swing/tree/TreeSelectionModel
instanceKlass javax/swing/tree/DefaultTreeModel
instanceKlass javax/swing/tree/TreeModel
instanceKlass javax/swing/tree/DefaultMutableTreeNode
instanceKlass javax/swing/tree/MutableTreeNode
instanceKlass javax/swing/plaf/basic/BasicTableUI$Handler
instanceKlass javax/swing/DefaultCellEditor$EditorDelegate
instanceKlass javax/swing/AbstractCellEditor
instanceKlass javax/swing/tree/TreeCellEditor
instanceKlass javax/swing/table/TableCellEditor
instanceKlass javax/swing/CellEditor
instanceKlass javax/swing/plaf/basic/BasicTableHeaderUI$MouseInputHandler
instanceKlass javax/swing/plaf/basic/BasicTableHeaderUI$1
instanceKlass sun/swing/table/DefaultTableCellHeaderRenderer$EmptyIcon
instanceKlass javax/swing/table/TableCellRenderer
instanceKlass javax/swing/JTable$$Lambda$189
instanceKlass javax/swing/JTable$$Lambda$188
instanceKlass javax/swing/JTable$$Lambda$187
instanceKlass javax/swing/JTable$$Lambda$186
instanceKlass javax/swing/JTable$$Lambda$185
instanceKlass javax/swing/JTable$$Lambda$184
instanceKlass javax/swing/JTable$$Lambda$183
instanceKlass javax/swing/JTable$$Lambda$182
instanceKlass javax/swing/JTable$$Lambda$181
instanceKlass javax/swing/JTable$$Lambda$180
instanceKlass javax/swing/JTable$$Lambda$179
instanceKlass javax/swing/table/AbstractTableModel
instanceKlass javax/swing/table/TableModel
instanceKlass javax/swing/table/DefaultTableColumnModel
instanceKlass javax/swing/table/TableColumnModel
instanceKlass de/javasoft/plaf/synthetica/SyntheticaComboBoxLayoutManager
instanceKlass javax/swing/plaf/basic/BasicComboBoxUI$DefaultKeySelectionManager
instanceKlass javax/swing/JComboBox$KeySelectionManager
instanceKlass javax/swing/plaf/basic/BasicComboBoxUI$Handler
instanceKlass javax/swing/plaf/synth/SynthComboBoxUI$EditorFocusHandler
instanceKlass javax/swing/JTextField$ScrollRepainter
instanceKlass javax/swing/text/JTextComponent$DefaultKeymap
instanceKlass javax/swing/text/Keymap
instanceKlass javax/swing/text/PlainView$2
instanceKlass javax/swing/text/PlainView$1
instanceKlass javax/swing/text/PlainView$FPMethodItem
instanceKlass javax/swing/text/TabExpander
instanceKlass javax/swing/text/StyleContext$KeyEnumeration
instanceKlass javax/swing/text/GapContent$StickyPosition
instanceKlass javax/swing/text/Position
instanceKlass javax/swing/text/AbstractDocument$1
instanceKlass javax/swing/text/AbstractDocument$AbstractElement
instanceKlass javax/swing/tree/TreeNode
instanceKlass javax/swing/text/Element
instanceKlass javax/swing/text/StyleContext$SmallAttributeSet
instanceKlass javax/swing/text/StyleContext$NamedStyle
instanceKlass javax/swing/text/Style
instanceKlass javax/swing/text/SimpleAttributeSet$EmptyAttributeSet
instanceKlass javax/swing/text/SimpleAttributeSet
instanceKlass javax/swing/text/MutableAttributeSet
instanceKlass javax/swing/text/AttributeSet
instanceKlass javax/swing/text/StyleContext$FontKey
instanceKlass javax/swing/text/AttributeSet$ParagraphAttribute
instanceKlass javax/swing/text/AttributeSet$ColorAttribute
instanceKlass javax/swing/text/AttributeSet$FontAttribute
instanceKlass javax/swing/text/AttributeSet$CharacterAttribute
instanceKlass javax/swing/text/StyleConstants
instanceKlass javax/swing/text/StyleContext
instanceKlass javax/swing/text/AbstractDocument$AttributeContext
instanceKlass javax/swing/text/GapVector
instanceKlass javax/swing/text/AbstractDocument$Content
instanceKlass javax/swing/text/DefaultHighlighter$SafeDamager
instanceKlass javax/swing/text/LayeredHighlighter$LayerPainter
instanceKlass javax/swing/text/Highlighter$HighlightPainter
instanceKlass javax/swing/text/Highlighter$Highlight
instanceKlass javax/swing/text/LayeredHighlighter
instanceKlass javax/swing/text/Highlighter
instanceKlass javax/swing/text/DefaultCaret$Handler
instanceKlass java/awt/datatransfer/ClipboardOwner
instanceKlass javax/swing/text/Caret
instanceKlass javax/swing/plaf/synth/SynthTextFieldUI$Handler
instanceKlass javax/swing/plaf/basic/BasicTextUI$UpdateHandler
instanceKlass javax/swing/event/DocumentListener
instanceKlass javax/swing/text/View
instanceKlass javax/swing/text/Position$Bias
instanceKlass javax/swing/text/EditorKit
instanceKlass javax/swing/text/ViewFactory
instanceKlass javax/swing/text/JTextComponent$1
instanceKlass sun/swing/SwingAccessor$JTextComponentAccessor
instanceKlass javax/swing/plaf/basic/BasicComboBoxEditor
instanceKlass javax/swing/ComboBoxEditor
instanceKlass javax/swing/plaf/basic/BasicScrollPaneUI$Handler
instanceKlass de/javasoft/plaf/synthetica/StyleFactory$26
instanceKlass java/awt/event/ComponentAdapter
instanceKlass javax/swing/plaf/basic/BasicScrollBarUI$ScrollListener
instanceKlass javax/swing/plaf/basic/BasicScrollBarUI$Handler
instanceKlass javax/swing/plaf/basic/BasicScrollBarUI$ModelListener
instanceKlass javax/swing/DefaultBoundedRangeModel
instanceKlass javax/swing/BoundedRangeModel
instanceKlass javax/swing/JScrollBar$ModelListener
instanceKlass java/awt/Adjustable
instanceKlass java/awt/event/ContainerAdapter
instanceKlass javax/swing/ViewportLayout
instanceKlass javax/swing/ScrollPaneLayout
instanceKlass javax/swing/plaf/basic/BasicComboPopup$Handler
instanceKlass javax/swing/plaf/basic/BasicListUI$Handler
instanceKlass javax/swing/plaf/basic/DragRecognitionSupport$BeforeDrag
instanceKlass javax/swing/event/MouseInputListener
instanceKlass javax/swing/TransferHandler$TransferSupport
instanceKlass javax/swing/TransferHandler$DropHandler
instanceKlass java/awt/datatransfer/SystemFlavorMap$SoftCache
instanceKlass java/awt/datatransfer/SystemFlavorMap$$Lambda$178
instanceKlass java/awt/datatransfer/DataFlavor
instanceKlass java/io/Externalizable
instanceKlass sun/awt/datatransfer/DesktopDatatransferServiceImpl
instanceKlass sun/datatransfer/DataFlavorUtil$DefaultDesktopDatatransferService
instanceKlass sun/datatransfer/DesktopDatatransferService
instanceKlass sun/datatransfer/DataFlavorUtil
instanceKlass java/awt/datatransfer/SystemFlavorMap
instanceKlass java/awt/datatransfer/FlavorTable
instanceKlass java/awt/datatransfer/FlavorMap
instanceKlass java/awt/dnd/DropTargetContext$1
instanceKlass sun/awt/AWTAccessor$DropTargetContextAccessor
instanceKlass java/awt/dnd/DropTargetContext
instanceKlass java/awt/dnd/DropTarget
instanceKlass java/awt/dnd/DropTargetListener
instanceKlass javax/swing/BorderFactory
instanceKlass de/javasoft/plaf/synthetica/StyleFactory$9
instanceKlass de/javasoft/plaf/synthetica/StyleFactory$RepaintFocusListener
instanceKlass javax/swing/ListCellRenderer
instanceKlass sun/swing/UIAction
instanceKlass javax/swing/TransferHandler
instanceKlass javax/swing/DefaultListSelectionModel
instanceKlass javax/swing/ListSelectionModel
instanceKlass javax/swing/ScrollPaneConstants
instanceKlass de/javasoft/plaf/synthetica/StyleFactory$SyntheticaComboPopupBorder
instanceKlass java/awt/event/FocusAdapter
instanceKlass javax/swing/plaf/basic/BasicPopupMenuUI$MenuKeyboardHelper
instanceKlass javax/swing/MenuSelectionManager
instanceKlass javax/swing/plaf/basic/BasicPopupMenuUI$MouseGrabber
instanceKlass javax/swing/plaf/basic/BasicPopupMenuUI$BasicMenuKeyListener
instanceKlass javax/swing/event/MenuKeyListener
instanceKlass javax/swing/plaf/basic/BasicPopupMenuUI$BasicPopupMenuListener
instanceKlass de/javasoft/plaf/synthetica/StyleFactory$23
instanceKlass de/javasoft/plaf/synthetica/styles/PopupMenuStyle$1
instanceKlass javax/swing/BoxLayout
instanceKlass javax/swing/plaf/basic/BasicLookAndFeel$1
instanceKlass java/awt/Toolkit$SelectiveAWTEventListener
instanceKlass javax/swing/plaf/basic/BasicLookAndFeel$AWTEventHelper
instanceKlass javax/swing/DefaultSingleSelectionModel
instanceKlass javax/swing/SingleSelectionModel
instanceKlass javax/swing/plaf/basic/BasicComboPopup$EmptyListModelClass
instanceKlass javax/swing/plaf/basic/ComboPopup
instanceKlass de/javasoft/plaf/synthetica/StyleFactory$8
instanceKlass javax/swing/event/PopupMenuListener
instanceKlass javax/swing/AncestorNotifier
instanceKlass javax/swing/ClientPropertyKey$1
instanceKlass sun/awt/AWTAccessor$ClientPropertyKeyAccessor
instanceKlass javax/swing/JComboBox$1
instanceKlass javax/swing/AbstractListModel
instanceKlass javax/swing/MutableComboBoxModel
instanceKlass javax/swing/ComboBoxModel
instanceKlass javax/swing/ListModel
instanceKlass javax/swing/MenuElement
instanceKlass javax/swing/event/ListDataListener
instanceKlass java/beans/VetoableChangeListener
instanceKlass javax/swing/event/AncestorListener
instanceKlass javax/swing/plaf/basic/BasicButtonListener
instanceKlass de/javasoft/plaf/synthetica/StyleFactory$ComponentProperty
instanceKlass java/lang/reflect/AccessibleObject$$Lambda$177
instanceKlass de/javasoft/plaf/synthetica/SyntheticaStyleFactory
instanceKlass javax/swing/plaf/synth/SynthUI
instanceKlass javax/swing/plaf/synth/SynthConstants
instanceKlass javax/swing/AbstractButton$Handler
instanceKlass javax/swing/event/ChangeListener
instanceKlass javax/swing/DefaultButtonModel
instanceKlass javax/swing/ButtonModel
instanceKlass java/awt/ItemSelectable
instanceKlass de/javasoft/plaf/synthetica/SyntheticaInputDefaults
instanceKlass de/javasoft/plaf/synthetica/SyntheticaTitledBorder
instanceKlass javax/swing/plaf/BorderUIResource
instanceKlass de/javasoft/plaf/synthetica/ExtKeyEventProcessor
instanceKlass de/javasoft/plaf/synthetica/painter/ImagePainter
instanceKlass java/util/WeakHashMap$HashIterator
instanceKlass de/javasoft/plaf/synthetica/painter/SyntheticaComponentPainter
instanceKlass de/javasoft/plaf/synthetica/SyntheticaLookAndFeel$4
instanceKlass javax/swing/PopupFactory$1
instanceKlass sun/swing/SwingAccessor$PopupFactoryAccessor
instanceKlass javax/swing/PopupFactory
instanceKlass de/javasoft/plaf/synthetica/StyleFactory$ComponentPropertyStore
instanceKlass de/javasoft/plaf/synthetica/SyntheticaLookAndFeel$Version
instanceKlass sun/swing/ImageCache
instanceKlass sun/swing/CachedPainter
instanceKlass de/javasoft/synthetica/plain/addon/XMLProvider
instanceKlass de/javasoft/plaf/synthetica/AddonsXMLProvider
instanceKlass de/javasoft/plaf/synthetica/painter/Cacheable
instanceKlass de/javasoft/plaf/synthetica/SyntheticaState
instanceKlass de/javasoft/plaf/synthetica/SyntheticaIcon
instanceKlass javax/swing/plaf/synth/SynthIcon
instanceKlass de/javasoft/plaf/synthetica/Scalable
instanceKlass javax/swing/plaf/synth/ParsedSynthStyle$PainterInfo
instanceKlass sun/swing/plaf/synth/StyleAssociation
instanceKlass javax/swing/plaf/synth/ColorType
instanceKlass sun/swing/plaf/synth/DefaultSynthStyle$StateInfo
instanceKlass java/lang/Class$EnclosingMethodInfo
instanceKlass java/lang/annotation/Documented
instanceKlass java/lang/Deprecated
instanceKlass java/lang/module/ModuleDescriptor$Builder$$Lambda$176
instanceKlass java/lang/module/ModuleDescriptor$Builder
instanceKlass java/lang/reflect/Proxy$ProxyBuilder$$Lambda$175
instanceKlass java/lang/annotation/Target
instanceKlass java/lang/reflect/Proxy$ProxyBuilder$1
instanceKlass java/lang/reflect/ProxyGenerator$ExceptionTableEntry
instanceKlass java/lang/reflect/ProxyGenerator$PrimitiveTypeInfo
instanceKlass java/lang/reflect/ProxyGenerator$FieldInfo
instanceKlass java/lang/reflect/ProxyGenerator$ConstantPool$Entry
instanceKlass java/lang/reflect/ProxyGenerator$MethodInfo
instanceKlass java/lang/reflect/ProxyGenerator$ProxyMethod
instanceKlass java/lang/reflect/ProxyGenerator$ConstantPool
instanceKlass java/lang/reflect/ProxyGenerator
instanceKlass java/lang/reflect/Proxy$$Lambda$174
instanceKlass java/lang/reflect/Proxy$ProxyBuilder$$Lambda$173
instanceKlass java/lang/invoke/LambdaForm$BMH
instanceKlass java/util/stream/ForEachOps$ForEachOp
instanceKlass java/util/stream/ForEachOps
instanceKlass java/lang/reflect/Proxy$ProxyBuilder$$Lambda$172
instanceKlass java/lang/reflect/Proxy$ProxyBuilder$$Lambda$171
instanceKlass java/lang/reflect/Proxy$ProxyBuilder$$Lambda$170
instanceKlass java/lang/reflect/Proxy$ProxyBuilder$$Lambda$169
instanceKlass java/lang/invoke/LambdaForm$DMH
instanceKlass java/util/Spliterators$ArraySpliterator
instanceKlass java/util/stream/Collectors$$Lambda$168
instanceKlass java/util/stream/Collectors$$Lambda$167
instanceKlass java/util/stream/Collectors$$Lambda$166
instanceKlass java/lang/reflect/Proxy$ProxyBuilder$$Lambda$165
instanceKlass java/util/Collections$2
instanceKlass java/lang/reflect/Proxy$ProxyBuilder
instanceKlass java/lang/reflect/Proxy$$Lambda$164
instanceKlass java/lang/reflect/Proxy
instanceKlass sun/reflect/annotation/AnnotationInvocationHandler
instanceKlass java/lang/reflect/InvocationHandler
instanceKlass sun/reflect/annotation/AnnotationParser$1
instanceKlass sun/reflect/annotation/ExceptionProxy
instanceKlass java/lang/annotation/Inherited
instanceKlass java/lang/annotation/Retention
instanceKlass sun/reflect/annotation/AnnotationType$1
instanceKlass java/lang/reflect/GenericArrayType
instanceKlass sun/reflect/generics/visitor/Reifier
instanceKlass sun/reflect/generics/visitor/TypeTreeVisitor
instanceKlass sun/reflect/generics/factory/CoreReflectionFactory
instanceKlass sun/reflect/generics/factory/GenericsFactory
instanceKlass sun/reflect/generics/scope/AbstractScope
instanceKlass sun/reflect/generics/scope/Scope
instanceKlass sun/reflect/generics/tree/ClassTypeSignature
instanceKlass sun/reflect/generics/tree/SimpleClassTypeSignature
instanceKlass sun/reflect/generics/tree/FieldTypeSignature
instanceKlass sun/reflect/generics/tree/BaseType
instanceKlass sun/reflect/generics/tree/TypeSignature
instanceKlass sun/reflect/generics/tree/ReturnType
instanceKlass sun/reflect/generics/tree/TypeArgument
instanceKlass sun/reflect/generics/tree/TypeTree
instanceKlass sun/reflect/generics/tree/Tree
instanceKlass sun/reflect/generics/parser/SignatureParser
instanceKlass java/lang/reflect/AccessibleObject$$Lambda$163
instanceKlass sun/reflect/misc/Trampoline
instanceKlass sun/reflect/misc/MethodUtil$1
instanceKlass com/sun/beans/util/Cache$Ref
instanceKlass com/sun/beans/finder/FinderUtils
instanceKlass java/lang/reflect/AnnotatedType
instanceKlass java/lang/reflect/TypeVariable
instanceKlass javax/swing/event/RowSorterListener
instanceKlass javax/swing/event/CellEditorListener
instanceKlass javax/swing/event/ListSelectionListener
instanceKlass javax/swing/event/TableColumnModelListener
instanceKlass javax/swing/event/TableModelListener
instanceKlass javax/swing/Scrollable
instanceKlass javax/swing/plaf/synth/SynthContext
instanceKlass java/lang/PublicMethods
instanceKlass com/sun/beans/finder/Signature
instanceKlass com/sun/beans/finder/PrimitiveWrapperMap
instanceKlass com/sun/beans/util/Cache$CacheEntry
instanceKlass com/sun/beans/util/Cache
instanceKlass com/sun/beans/finder/AbstractFinder
instanceKlass java/beans/Statement$2
instanceKlass java/beans/Statement$1
instanceKlass java/beans/ExceptionListener
instanceKlass java/beans/Statement
instanceKlass com/sun/beans/finder/PrimitiveTypeMap
instanceKlass com/sun/beans/finder/ClassFinder
instanceKlass com/sun/beans/decoder/ValueObjectImpl
instanceKlass com/sun/beans/decoder/ValueObject
instanceKlass com/sun/beans/decoder/ElementHandler
instanceKlass javax/swing/plaf/synth/SynthPainter
instanceKlass javax/swing/plaf/synth/SynthGraphicsUtils
instanceKlass javax/swing/plaf/synth/SynthStyle
instanceKlass javax/swing/plaf/synth/Region
instanceKlass de/javasoft/plaf/synthetica/SyntheticaLookAndFeel$3
instanceKlass de/javasoft/util/IVersion
instanceKlass java/util/ResourceBundle$Control$1
instanceKlass java/util/stream/ReduceOps$Box
instanceKlass java/util/stream/ReduceOps$AccumulatingSink
instanceKlass java/util/stream/ReduceOps$ReduceOp
instanceKlass java/util/stream/ReduceOps
instanceKlass java/util/stream/Collectors$$Lambda$162
instanceKlass java/util/stream/Collectors$$Lambda$161
instanceKlass java/util/function/BinaryOperator
instanceKlass java/util/stream/Collectors$$Lambda$160
instanceKlass java/util/function/BiConsumer
instanceKlass java/lang/invoke/LambdaForm$DMH
instanceKlass java/util/stream/Collectors$$Lambda$159
instanceKlass java/util/stream/Collectors$CollectorImpl
instanceKlass java/util/stream/Collector
instanceKlass java/util/stream/Collectors
instanceKlass java/util/ResourceBundle$ResourceBundleControlProviderHolder$$Lambda$158
instanceKlass java/lang/invoke/LambdaForm$DMH
instanceKlass java/util/ServiceLoader$ProviderSpliterator
instanceKlass java/util/spi/ResourceBundleControlProvider
instanceKlass java/util/ResourceBundle$ResourceBundleControlProviderHolder$$Lambda$157
instanceKlass java/util/ResourceBundle$ResourceBundleControlProviderHolder
instanceKlass javax/swing/plaf/synth/SynthLookAndFeel$Handler
instanceKlass javax/swing/plaf/synth/SynthStyleFactory
instanceKlass sun/font/CMap
instanceKlass sun/font/T2KFontScaler$1
instanceKlass sun/font/FontScaler
instanceKlass sun/font/TrueTypeFont$DirectoryEntry
instanceKlass java/nio/DirectByteBuffer$Deallocator
instanceKlass sun/nio/ch/Util$BufferCache
instanceKlass sun/nio/ch/Util
instanceKlass sun/nio/ch/IOStatus
instanceKlass sun/nio/ch/NativeThread
instanceKlass java/nio/channels/spi/AbstractInterruptibleChannel$1
instanceKlass sun/font/StrikeCache$DisposableStrike
instanceKlass sun/font/FontStrikeDisposer
instanceKlass sun/java2d/Disposer$PollDisposable
instanceKlass sun/font/FontStrikeDesc
instanceKlass sun/font/FontDesignMetrics$MetricsKey
instanceKlass java/awt/FontMetrics
instanceKlass sun/swing/SwingUtilities2$KeyPair
instanceKlass sun/java2d/opengl/OGLGraphicsConfig
instanceKlass sun/java2d/pipe/hw/AccelGraphicsConfig
instanceKlass sun/java2d/pipe/hw/BufferedContextProvider
instanceKlass sun/awt/GlobalCursorManager$NativeUpdater
instanceKlass sun/awt/GlobalCursorManager
instanceKlass java/awt/SplashScreen
instanceKlass com/jidesoft/swing/JideSwingUtilities$10
instanceKlass com/jidesoft/swing/JideSwingUtilities
instanceKlass javax/swing/RepaintManager$2
instanceKlass sun/awt/NullComponentPeer
instanceKlass sun/awt/LightweightPeerHolder
instanceKlass java/awt/SystemColor$$Lambda$156
instanceKlass sun/awt/AWTAccessor$SystemColorAccessor
instanceKlass java/lang/invoke/LambdaForm$DMH
instanceKlass sun/awt/ModalExclude
instanceKlass java/awt/peer/LightweightPeer
instanceKlass sun/awt/im/ExecutableInputMethodManager$3
instanceKlass sun/awt/im/InputMethodLocator
instanceKlass sun/awt/windows/WInputMethodDescriptor
instanceKlass java/awt/im/spi/InputMethodDescriptor
instanceKlass sun/awt/im/InputMethodManager
instanceKlass java/lang/invoke/LambdaForm$BMH
instanceKlass java/lang/invoke/LambdaForm$BMH
instanceKlass java/lang/invoke/LambdaForm$BMH
instanceKlass java/lang/invoke/LambdaForm$BMH
instanceKlass java/lang/invoke/LambdaForm$BMH
instanceKlass java/lang/invoke/LambdaForm$BMH
instanceKlass java/lang/invoke/LambdaForm$BMH
instanceKlass java/lang/invoke/LambdaForm$BMH
instanceKlass java/lang/invoke/LambdaForm$BMH
instanceKlass java/lang/invoke/LambdaForm$BMH
instanceKlass java/lang/invoke/LambdaForm$BMH
instanceKlass sun/awt/FontConfiguration$2
instanceKlass sun/awt/Win32FontManager$2
instanceKlass sun/font/SunFontManager$3
instanceKlass sun/font/FontFamily
instanceKlass sun/font/CompositeFontDescriptor
instanceKlass java/lang/Short$ShortCache
instanceKlass sun/awt/FontDescriptor
instanceKlass sun/awt/FontConfiguration
instanceKlass sun/font/SunFontManager$FontRegistrationInfo
instanceKlass sun/font/SunFontManager$2
instanceKlass sun/font/TrueTypeFont$1
instanceKlass sun/font/TrueTypeFont$TTDisposerRecord
instanceKlass sun/font/Font2DHandle
instanceKlass sun/awt/Win32FontManager$1
instanceKlass sun/font/FontManagerFactory$1
instanceKlass sun/font/FontManagerFactory
instanceKlass sun/font/GlyphList
instanceKlass sun/font/StrikeCache$1
instanceKlass sun/font/StrikeCache
instanceKlass sun/font/FontStrike
instanceKlass sun/font/CharToGlyphMapper
instanceKlass sun/font/StrikeMetrics
instanceKlass sun/font/Font2D
instanceKlass sun/font/FontUtilities$1
instanceKlass sun/font/FontUtilities
instanceKlass sun/font/FontManagerNativeLibrary$1
instanceKlass sun/font/FontManagerNativeLibrary
instanceKlass sun/font/SunFontManager$1
instanceKlass sun/font/SunFontManager$T1Filter
instanceKlass sun/font/SunFontManager$TTFilter
instanceKlass java/io/FilenameFilter
instanceKlass sun/font/SunFontManager
instanceKlass sun/font/FontManagerForSGE
instanceKlass sun/font/FontManager
instanceKlass sun/java2d/FontSupport
instanceKlass sun/awt/NativeLibLoader$1
instanceKlass sun/awt/NativeLibLoader
instanceKlass sun/awt/PlatformFont
instanceKlass java/awt/peer/FontPeer
instanceKlass java/awt/SequencedEvent$1
instanceKlass sun/awt/AWTAccessor$SequencedEventAccessor
instanceKlass sun/awt/windows/WComponentPeer$2
instanceKlass sun/awt/windows/WColor
instanceKlass sun/java2d/StateTracker$2
instanceKlass sun/java2d/StateTracker$1
instanceKlass sun/java2d/StateTracker
instanceKlass sun/java2d/SurfaceDataProxy
instanceKlass sun/awt/image/SurfaceManager$FlushableCacheData
instanceKlass sun/java2d/windows/GDIRenderer
instanceKlass sun/java2d/ScreenUpdateManager
instanceKlass sun/awt/im/InputMethodWindow
instanceKlass sun/awt/ExtendedKeyCodes
instanceKlass sun/awt/RepaintArea
instanceKlass sun/awt/windows/WWindowPeer$GuiDisposedListener
instanceKlass sun/awt/windows/WWindowPeer$ActiveWindowListener
instanceKlass java/awt/peer/CanvasPeer
instanceKlass java/awt/peer/PanelPeer
instanceKlass java/awt/peer/FramePeer
instanceKlass java/awt/peer/WindowPeer
instanceKlass java/awt/peer/ContainerPeer
instanceKlass javax/swing/ActionMap
instanceKlass javax/swing/InputMap
instanceKlass javax/swing/LayoutComparator
instanceKlass javax/swing/RepaintManager$PaintManager
instanceKlass javax/swing/JRootPane$RootLayout
instanceKlass javax/swing/ArrayTable
instanceKlass java/awt/FlowLayout
instanceKlass java/awt/Window$WindowDisposerRecord
instanceKlass java/awt/BorderLayout
instanceKlass java/awt/LayoutManager2
instanceKlass sun/awt/image/SurfaceManager$ProxiedGraphicsConfig
instanceKlass java/awt/Frame$1
instanceKlass sun/awt/AWTAccessor$FrameAccessor
instanceKlass java/awt/Window$1
instanceKlass sun/awt/AWTAccessor$WindowAccessor
instanceKlass ui/utils/lnf/f
instanceKlass java/awt/AWTEventMulticaster
instanceKlass java/awt/event/HierarchyBoundsListener
instanceKlass java/awt/event/HierarchyListener
instanceKlass java/awt/event/InputMethodListener
instanceKlass java/awt/event/TextListener
instanceKlass java/awt/event/AdjustmentListener
instanceKlass java/awt/event/ItemListener
instanceKlass java/awt/event/WindowStateListener
instanceKlass java/awt/event/WindowFocusListener
instanceKlass java/awt/event/WindowListener
instanceKlass java/awt/event/FocusListener
instanceKlass java/awt/event/ContainerListener
instanceKlass java/awt/event/ComponentListener
instanceKlass ui/frmwork/str/c
instanceKlass javax/swing/plaf/basic/BasicHTML
instanceKlass javax/swing/plaf/metal/DefaultMetalTheme$FontDelegate$1
instanceKlass javax/swing/UIDefaults$1
instanceKlass com/sun/java/swing/SwingUtilities3
instanceKlass javax/swing/RepaintManager$ProcessingRunnable
instanceKlass java/util/StringJoiner
instanceKlass ui/frmwork/f/a
instanceKlass java/awt/Component$3
instanceKlass ui/frmwork/str/g
instanceKlass ui/frmwork/f/b
instanceKlass ui/utils/i/ae
instanceKlass javax/swing/ImageIcon$2
instanceKlass javax/swing/ImageIcon$1
instanceKlass javax/swing/ImageIcon
instanceKlass javax/swing/Icon
instanceKlass org/apache/batik/ext/awt/image/rendered/TileLRUMember
instanceKlass org/apache/batik/ext/awt/image/rendered/LRUCache$LRUObj
instanceKlass sun/java2d/pipe/AlphaPaintPipe$TileContext
instanceKlass org/apache/batik/ext/awt/MultipleGradientPaintContext
instanceKlass java/awt/PaintContext
instanceKlass java/awt/TexturePaint
instanceKlass java/awt/MultipleGradientPaint
instanceKlass org/apache/batik/ext/awt/image/CompositeRule
instanceKlass org/apache/batik/ext/awt/image/SVGComposite
instanceKlass java/util/Collections$UnmodifiableMap$UnmodifiableEntrySet$UnmodifiableEntry
instanceKlass java/util/Collections$UnmodifiableMap$UnmodifiableEntrySet$1
instanceKlass sun/java2d/cmm/lcms/LCMSImageLayout$1
instanceKlass sun/java2d/cmm/lcms/LCMSProfile$TagData
instanceKlass sun/java2d/cmm/lcms/LCMSProfile$TagCache
instanceKlass sun/java2d/cmm/Profile
instanceKlass sun/java2d/cmm/lcms/LCMSImageLayout
instanceKlass sun/java2d/cmm/lcms/LCMSTransform
instanceKlass sun/java2d/cmm/ColorTransform
instanceKlass sun/java2d/cmm/lcms/LCMS$1
instanceKlass sun/java2d/cmm/lcms/LCMS
instanceKlass sun/java2d/cmm/CMMServiceProvider
instanceKlass sun/java2d/cmm/PCMM
instanceKlass java/awt/color/ICC_Profile$3
instanceKlass java/awt/image/ColorConvertOp
instanceKlass java/awt/image/RasterOp
instanceKlass java/awt/image/BufferedImageOp
instanceKlass org/apache/batik/ext/awt/image/rendered/PadRed$ZeroRecter
instanceKlass java/util/ArraysSupport
instanceKlass org/apache/batik/ext/awt/image/rendered/RenderedImageCachableRed
instanceKlass org/apache/batik/ext/awt/image/renderable/PadRable
instanceKlass sun/java2d/pipe/ShapeSpanIterator
instanceKlass sun/java2d/pipe/SpanIterator
instanceKlass org/apache/batik/ext/awt/RenderingHintsKeyExt
instanceKlass org/apache/batik/ext/awt/image/rendered/TileBlock
instanceKlass org/apache/batik/ext/awt/image/PadMode
instanceKlass org/apache/batik/ext/awt/image/rendered/TileMap
instanceKlass org/apache/batik/ext/awt/image/rendered/TileStore
instanceKlass org/apache/batik/util/DoublyLinkedList$Node
instanceKlass org/apache/batik/util/DoublyLinkedList
instanceKlass org/apache/batik/ext/awt/image/rendered/LRUCache
instanceKlass org/apache/batik/ext/awt/image/rendered/TileCache
instanceKlass org/apache/batik/ext/awt/image/rendered/TileGenerator
instanceKlass org/apache/batik/ext/awt/image/GraphicsUtil
instanceKlass org/apache/batik/ext/awt/image/rendered/AbstractRed
instanceKlass org/apache/batik/ext/awt/image/rendered/CachableRed
instanceKlass sun/java2d/marlin/ArrayCacheConst
instanceKlass java/awt/geom/LineIterator
instanceKlass sun/java2d/marlin/Dasher$LengthIterator
instanceKlass sun/java2d/marlin/Dasher
instanceKlass sun/java2d/marlin/ByteArrayCache$Reference
instanceKlass sun/java2d/marlin/FloatArrayCache$Reference
instanceKlass sun/java2d/marlin/Stroker$PolyStack
instanceKlass sun/java2d/marlin/Stroker
instanceKlass sun/java2d/marlin/MarlinTileGenerator
instanceKlass sun/java2d/pipe/AATileGenerator
instanceKlass sun/java2d/marlin/Renderer
instanceKlass sun/java2d/marlin/IntArrayCache$Reference
instanceKlass sun/java2d/marlin/OffHeapArray$$Lambda$155
instanceKlass sun/java2d/marlin/OffHeapArray
instanceKlass sun/java2d/marlin/MarlinCache
instanceKlass sun/java2d/marlin/TransformingPathConsumer2D$DeltaTransformFilter
instanceKlass sun/java2d/marlin/TransformingPathConsumer2D$DeltaScaleFilter
instanceKlass sun/java2d/marlin/TransformingPathConsumer2D$Path2DWrapper
instanceKlass sun/java2d/marlin/TransformingPathConsumer2D
instanceKlass sun/java2d/marlin/MarlinRenderingEngine$NormalizingPathIterator
instanceKlass sun/java2d/marlin/ByteArrayCache
instanceKlass sun/java2d/marlin/FloatArrayCache
instanceKlass sun/java2d/marlin/IntArrayCache
instanceKlass sun/java2d/marlin/CollinearSimplifier
instanceKlass sun/awt/geom/PathConsumer2D
instanceKlass sun/java2d/marlin/Curve$BreakPtrIterator
instanceKlass sun/java2d/marlin/Curve
instanceKlass sun/java2d/ReentrantContext
instanceKlass java/awt/geom/AreaIterator
instanceKlass java/awt/image/renderable/RenderContext
instanceKlass org/apache/batik/ext/awt/geom/RectListManager$RectXComparator
instanceKlass org/apache/batik/ext/awt/geom/RectListManager
instanceKlass org/apache/batik/gvt/renderer/StaticRenderer
instanceKlass org/apache/batik/gvt/renderer/ImageRenderer
instanceKlass org/apache/batik/gvt/renderer/Renderer
instanceKlass org/apache/batik/gvt/renderer/ConcreteImageRendererFactory
instanceKlass org/apache/batik/gvt/renderer/ImageRendererFactory
instanceKlass org/apache/batik/gvt/renderer/RendererFactory
instanceKlass org/apache/batik/parser/AWTTransformProducer
instanceKlass org/apache/batik/parser/FragmentIdentifierHandler
instanceKlass org/apache/batik/gvt/filter/Mask
instanceKlass org/apache/batik/dom/util/XLinkSupport
instanceKlass org/apache/batik/ext/awt/MultipleGradientPaint$ColorSpaceEnum
instanceKlass org/apache/batik/ext/awt/MultipleGradientPaint$CycleMethodEnum
instanceKlass org/apache/batik/ext/awt/MultipleGradientPaint
instanceKlass org/apache/batik/bridge/AbstractSVGGradientElementBridge$Stop
instanceKlass java/awt/geom/Line2D
instanceKlass sun/awt/geom/Edge
instanceKlass java/util/Vector$1
instanceKlass sun/awt/geom/ChainEnd
instanceKlass sun/awt/geom/CurveLink
instanceKlass sun/awt/geom/AreaOp$1
instanceKlass sun/awt/geom/AreaOp
instanceKlass sun/awt/geom/Curve
instanceKlass org/w3c/dom/svg/SVGUseElement
instanceKlass java/awt/geom/Area
instanceKlass org/apache/batik/bridge/URIResolver
instanceKlass org/apache/batik/css/engine/value/ComputedValue
instanceKlass org/w3c/dom/svg/SVGPathSegCurvetoQuadraticRel
instanceKlass org/w3c/dom/svg/SVGPathSegCurvetoQuadraticAbs
instanceKlass org/apache/batik/dom/svg/AbstractSVGTransform
instanceKlass org/w3c/dom/svg/SVGTransform
instanceKlass org/apache/batik/dom/svg/AbstractSVGTransformList$TransformListBuilder
instanceKlass org/apache/batik/parser/DefaultTransformListHandler
instanceKlass org/apache/batik/parser/TransformListHandler
instanceKlass org/w3c/dom/svg/SVGTransformList
instanceKlass org/apache/batik/parser/AWTPolylineProducer
instanceKlass org/w3c/dom/svg/SVGPoint
instanceKlass org/apache/batik/dom/svg/AbstractSVGPointList$PointsListBuilder
instanceKlass org/apache/batik/parser/DefaultPointsHandler
instanceKlass org/apache/batik/parser/PointsHandler
instanceKlass org/w3c/dom/svg/SVGPointList
instanceKlass java/awt/geom/Path2D$Iterator
instanceKlass java/awt/geom/ArcIterator
instanceKlass org/w3c/dom/svg/SVGPathSegArcRel
instanceKlass org/w3c/dom/svg/SVGPathSegArcAbs
instanceKlass org/w3c/dom/svg/SVGPathSegCurvetoCubicRel
instanceKlass org/w3c/dom/svg/SVGPathSegCurvetoCubicAbs
instanceKlass org/w3c/dom/svg/SVGPathSegLinetoVerticalRel
instanceKlass org/w3c/dom/svg/SVGPathSegLinetoVerticalAbs
instanceKlass org/apache/batik/ext/awt/geom/ExtendedGeneralPath
instanceKlass org/apache/batik/ext/awt/geom/ExtendedShape
instanceKlass org/apache/batik/dom/svg/SVGAnimatedPathDataSupport
instanceKlass org/w3c/dom/svg/SVGPathSegLinetoHorizontalRel
instanceKlass org/w3c/dom/svg/SVGPathSegLinetoHorizontalAbs
instanceKlass org/apache/batik/dom/svg/AbstractSVGItem
instanceKlass org/apache/batik/dom/svg/SVGItem
instanceKlass org/w3c/dom/svg/SVGPathSegClosePath
instanceKlass org/w3c/dom/svg/SVGPathSegLinetoRel
instanceKlass org/w3c/dom/svg/SVGPathSegLinetoAbs
instanceKlass org/w3c/dom/svg/SVGPathSegMovetoRel
instanceKlass org/w3c/dom/svg/SVGPathSegMovetoAbs
instanceKlass org/w3c/dom/svg/SVGPathSeg
instanceKlass org/apache/batik/parser/DefaultPathHandler
instanceKlass org/apache/batik/dom/svg/AbstractSVGList$ListBuilder
instanceKlass org/apache/batik/dom/svg/ListHandler
instanceKlass org/apache/batik/dom/svg/AbstractSVGList
instanceKlass org/w3c/dom/svg/SVGPathSegList
instanceKlass org/apache/batik/parser/AWTPathProducer
instanceKlass org/apache/batik/parser/ShapeProducer
instanceKlass org/apache/batik/parser/PathHandler
instanceKlass org/apache/batik/gvt/CompositeShapePainter
instanceKlass org/apache/batik/gvt/StrokeShapePainter
instanceKlass org/apache/batik/gvt/FillShapePainter
instanceKlass org/apache/batik/gvt/ShapePainter
instanceKlass org/apache/batik/bridge/PaintServer
instanceKlass org/apache/batik/bridge/SVGSVGElementBridge$SVGSVGElementViewport
instanceKlass org/apache/batik/ext/awt/image/renderable/ClipRable
instanceKlass org/apache/batik/ext/awt/image/renderable/AbstractRable
instanceKlass org/apache/batik/ext/awt/image/renderable/PaintRable
instanceKlass org/apache/batik/gvt/filter/GraphicsNodeRable
instanceKlass org/apache/batik/ext/awt/image/renderable/Filter
instanceKlass java/awt/image/renderable/RenderableImage
instanceKlass java/awt/geom/RectIterator
instanceKlass java/awt/geom/PathIterator
instanceKlass org/apache/batik/parser/DefaultPreserveAspectRatioHandler
instanceKlass org/apache/batik/parser/PreserveAspectRatioHandler
instanceKlass org/apache/batik/dom/svg/AbstractSVGPreserveAspectRatio
instanceKlass org/w3c/dom/svg/SVGPreserveAspectRatio
instanceKlass org/apache/batik/parser/DefaultNumberListHandler
instanceKlass org/apache/batik/parser/NumberListHandler
instanceKlass org/apache/batik/dom/svg/SVGOMRect
instanceKlass org/w3c/dom/svg/SVGRect
instanceKlass org/apache/batik/bridge/ViewBox
instanceKlass org/apache/batik/css/dom/CSSOMStyleDeclaration
instanceKlass org/w3c/dom/css/CSSStyleDeclaration
instanceKlass org/apache/batik/css/engine/StyleDeclarationProvider
instanceKlass org/apache/batik/css/dom/CSSOMStyleDeclaration$ModificationHandler
instanceKlass org/apache/batik/css/dom/CSSOMStyleDeclaration$ValueProvider
instanceKlass org/apache/batik/css/engine/CSSEngine$1
instanceKlass org/apache/batik/css/engine/StyleMap
instanceKlass org/apache/batik/bridge/CSSUtilities
instanceKlass org/apache/batik/parser/UnitProcessor$UnitResolver
instanceKlass org/apache/batik/parser/DefaultLengthHandler
instanceKlass org/apache/batik/parser/LengthHandler
instanceKlass org/apache/batik/parser/DefaultErrorHandler
instanceKlass org/apache/batik/parser/ErrorHandler
instanceKlass org/apache/batik/parser/AbstractParser
instanceKlass org/apache/batik/parser/Parser
instanceKlass org/apache/batik/dom/svg/AbstractSVGLength$DefaultContext
instanceKlass org/apache/batik/dom/svg/AbstractSVGLength
instanceKlass org/w3c/dom/svg/SVGLength
instanceKlass org/apache/batik/bridge/UnitProcessor$DefaultContext
instanceKlass org/apache/batik/parser/UnitProcessor$Context
instanceKlass org/apache/batik/parser/UnitProcessor
instanceKlass org/apache/batik/bridge/SVGUtilities
instanceKlass org/apache/batik/gvt/AbstractGraphicsNode
instanceKlass org/apache/batik/gvt/GraphicsNode
instanceKlass org/apache/batik/bridge/SVGDocumentBridge
instanceKlass org/apache/batik/bridge/DocumentBridge
instanceKlass org/apache/batik/bridge/BridgeContext$CSSEngineUserAgentWrapper
instanceKlass org/apache/batik/css/engine/CSSEngineUserAgent
instanceKlass org/apache/batik/css/engine/StyleDeclaration
instanceKlass org/apache/batik/css/engine/StyleRule
instanceKlass org/apache/batik/css/engine/sac/AbstractElementSelector
instanceKlass org/apache/batik/css/engine/sac/ExtendedSelector
instanceKlass org/w3c/css/sac/ElementSelector
instanceKlass org/w3c/css/sac/SimpleSelector
instanceKlass org/w3c/css/sac/Selector
instanceKlass org/apache/batik/css/parser/CSSSelectorList
instanceKlass org/w3c/css/sac/SelectorList
instanceKlass org/apache/batik/css/parser/ScannerUtilities
instanceKlass org/apache/batik/util/io/AbstractCharDecoder
instanceKlass org/apache/batik/util/io/CharDecoder
instanceKlass org/apache/batik/util/io/StreamNormalizingReader$UTF16DecoderFactory
instanceKlass org/apache/batik/util/io/StreamNormalizingReader$UTF8DecoderFactory
instanceKlass org/apache/batik/util/io/StreamNormalizingReader$ISO_8859_1DecoderFactory
instanceKlass org/apache/batik/util/io/StreamNormalizingReader$ASCIIDecoderFactory
instanceKlass org/apache/batik/util/io/StreamNormalizingReader$CharDecoderFactory
instanceKlass org/apache/batik/css/parser/Scanner
instanceKlass org/apache/batik/css/engine/sac/CSSSelectorFactory
instanceKlass org/apache/batik/css/parser/CSSSACMediaList
instanceKlass org/w3c/css/sac/SACMediaList
instanceKlass org/apache/batik/css/engine/Rule
instanceKlass org/apache/batik/css/engine/StyleSheet
instanceKlass org/w3c/css/sac/InputSource
instanceKlass org/apache/batik/css/engine/StringIntMap$Entry
instanceKlass org/apache/batik/css/engine/StringIntMap
instanceKlass org/apache/batik/css/engine/sac/CSSConditionFactory
instanceKlass org/apache/batik/css/engine/CSSEngine$DocumentAdapter
instanceKlass org/apache/batik/css/engine/value/ShorthandManager$PropertyHandler
instanceKlass org/apache/batik/css/parser/CSSLexicalUnit
instanceKlass org/w3c/css/sac/LexicalUnit
instanceKlass org/apache/batik/css/engine/value/AbstractValue
instanceKlass org/apache/batik/css/engine/value/Value
instanceKlass org/apache/batik/css/engine/value/svg/SVGValueConstants
instanceKlass org/apache/batik/css/engine/value/ValueConstants
instanceKlass org/apache/batik/css/engine/value/StringMap$Entry
instanceKlass org/apache/batik/css/engine/value/StringMap
instanceKlass org/apache/batik/css/engine/value/AbstractValueFactory
instanceKlass org/apache/batik/css/engine/CSSEngineListener
instanceKlass org/apache/batik/css/engine/CSSEngine
instanceKlass org/apache/batik/css/engine/value/ShorthandManager
instanceKlass org/apache/batik/css/engine/value/ValueManager
instanceKlass org/apache/batik/css/parser/ExtendedParserWrapper
instanceKlass org/apache/batik/css/parser/DefaultErrorHandler
instanceKlass org/w3c/css/sac/ErrorHandler
instanceKlass org/apache/batik/css/parser/DefaultConditionFactory
instanceKlass org/w3c/css/sac/ConditionFactory
instanceKlass org/apache/batik/css/parser/DefaultSelectorFactory
instanceKlass org/w3c/css/sac/SelectorFactory
instanceKlass org/apache/batik/css/parser/DefaultDocumentHandler
instanceKlass org/w3c/css/sac/DocumentHandler
instanceKlass org/apache/batik/css/parser/Parser
instanceKlass org/apache/batik/css/parser/ExtendedParser
instanceKlass org/w3c/css/sac/Parser
instanceKlass org/apache/batik/dom/anim/AnimatableElement
instanceKlass org/apache/batik/dom/svg/SVGAnimationContext
instanceKlass org/w3c/dom/smil/ElementTimeControl
instanceKlass org/apache/batik/dom/svg/SVGTextContent
instanceKlass org/apache/batik/dom/svg/SVGSVGContext
instanceKlass org/apache/batik/dom/svg/SVGPathContext
instanceKlass org/apache/batik/bridge/MaskBridge
instanceKlass org/apache/batik/bridge/MarkerBridge
instanceKlass org/apache/batik/bridge/PaintBridge
instanceKlass org/apache/batik/ext/awt/image/spi/ImageTagRegistry
instanceKlass org/apache/batik/ext/awt/image/spi/ErrorConstants
instanceKlass org/apache/batik/ext/awt/image/spi/BrokenLinkProvider
instanceKlass org/apache/batik/bridge/FilterBridge
instanceKlass org/apache/batik/bridge/FilterPrimitiveBridge
instanceKlass org/apache/batik/bridge/GenericBridge
instanceKlass org/apache/batik/bridge/ClipBridge
instanceKlass org/apache/batik/bridge/AbstractSVGBridge
instanceKlass org/apache/batik/dom/svg/SVGAnimationTargetContext
instanceKlass org/apache/batik/bridge/GraphicsNodeBridge
instanceKlass org/apache/batik/bridge/Bridge
instanceKlass org/apache/batik/bridge/BridgeUpdateHandler
instanceKlass org/apache/batik/dom/svg/SVGContext
instanceKlass org/apache/batik/bridge/SVGBridgeExtension
instanceKlass org/apache/batik/bridge/BridgeExtension
instanceKlass org/apache/batik/bridge/GVTBuilder
instanceKlass org/apache/batik/bridge/UserAgentViewport
instanceKlass org/apache/batik/bridge/Viewport
instanceKlass org/apache/batik/util/SoftReferenceCache
instanceKlass java/awt/Cursor$CursorDisposer
instanceKlass java/awt/GraphicsDevice
instanceKlass java/awt/GraphicsConfiguration
instanceKlass sun/java2d/loops/GraphicsPrimitiveMgr$PrimitiveSpec
instanceKlass sun/java2d/loops/GraphicsPrimitiveMgr$2
instanceKlass sun/java2d/loops/GraphicsPrimitiveMgr$1
instanceKlass sun/java2d/loops/GeneralRenderer
instanceKlass sun/java2d/loops/CustomComponent
instanceKlass sun/java2d/pipe/ValidatePipe
instanceKlass java/awt/BasicStroke
instanceKlass java/awt/Stroke
instanceKlass java/awt/geom/Path2D
instanceKlass sun/java2d/loops/XORComposite
instanceKlass java/awt/Graphics
instanceKlass sun/awt/ConstrainableGraphics
instanceKlass sun/java2d/loops/GraphicsPrimitiveMgr
instanceKlass sun/java2d/loops/GraphicsPrimitive
instanceKlass sun/java2d/loops/CompositeType
instanceKlass sun/java2d/DefaultDisposerRecord
instanceKlass sun/java2d/loops/RenderLoops
instanceKlass sun/awt/image/BufImgSurfaceData$ICMColorData
instanceKlass java/awt/image/PixelGrabber
instanceKlass java/awt/image/FilteredImageSource
instanceKlass java/awt/image/ImageFilter
instanceKlass sun/awt/image/GifFrame
instanceKlass java/lang/invoke/LambdaForm$MH
instanceKlass java/lang/invoke/LambdaForm$DMH
instanceKlass sun/awt/image/ImageWatched$WeakLink$$Lambda$154
instanceKlass java/lang/invoke/LambdaForm$DMH
instanceKlass sun/awt/image/ImageDecoder
instanceKlass sun/awt/image/ImageFetcher$1
instanceKlass sun/awt/image/FetcherInfo
instanceKlass sun/awt/image/ImageConsumerQueue
instanceKlass sun/awt/image/ImageWatched$Link
instanceKlass sun/awt/image/ImageWatched
instanceKlass java/awt/image/ImageConsumer
instanceKlass java/awt/image/MultiResolutionImage
instanceKlass java/awt/MediaEntry
instanceKlass java/awt/MediaTracker
instanceKlass java/awt/ComponentOrientation
instanceKlass sun/awt/image/InputStreamImageSource
instanceKlass sun/awt/image/ImageFetchable
instanceKlass java/awt/image/ImageProducer
instanceKlass org/apache/batik/util/Platform
instanceKlass org/apache/batik/bridge/CursorManager
instanceKlass org/apache/batik/bridge/DocumentLoader
instanceKlass org/apache/batik/script/rhino/RhinoInterpreterFactory
instanceKlass org/apache/batik/script/InterpreterFactory
instanceKlass org/apache/batik/script/InterpreterPool
instanceKlass org/apache/batik/bridge/BridgeContext
instanceKlass org/apache/batik/css/engine/CSSContext
instanceKlass org/apache/batik/bridge/ErrorConstants
instanceKlass org/apache/batik/util/ParsedURLData
instanceKlass org/apache/batik/Version
instanceKlass org/apache/batik/util/AbstractParsedURLProtocolHandler
instanceKlass org/apache/batik/util/ParsedURLProtocolHandler
instanceKlass org/apache/batik/util/ParsedURL
instanceKlass org/apache/batik/dom/AbstractParentNode$ElementsByTagName
instanceKlass org/apache/batik/dom/AbstractParentNode$ElementsByTagNameNS
instanceKlass org/w3c/dom/svg/SVGLineElement
instanceKlass org/w3c/dom/svg/SVGPolygonElement
instanceKlass org/w3c/dom/svg/SVGAnimatedPoints
instanceKlass org/apache/batik/dom/svg/SVGPathSegConstants
instanceKlass org/w3c/dom/svg/SVGPathElement
instanceKlass org/w3c/dom/svg/SVGAnimatedPathData
instanceKlass org/w3c/dom/svg/SVGGElement
instanceKlass org/w3c/dom/svg/SVGTitleElement
instanceKlass org/w3c/dom/svg/SVGClipPathElement
instanceKlass org/w3c/dom/svg/SVGRectElement
instanceKlass org/w3c/dom/svg/SVGMaskElement
instanceKlass org/w3c/dom/svg/SVGAnimatedNumber
instanceKlass org/w3c/dom/svg/SVGStopElement
instanceKlass org/w3c/dom/svg/SVGAnimatedEnumeration
instanceKlass org/w3c/dom/svg/SVGLinearGradientElement
instanceKlass org/w3c/dom/svg/SVGGradientElement
instanceKlass org/w3c/dom/svg/SVGUnitTypes
instanceKlass org/w3c/dom/svg/SVGURIReference
instanceKlass org/apache/batik/dom/svg/SVGOMStyleElement$DOMCharacterDataModifiedListener
instanceKlass org/w3c/dom/events/EventListener
instanceKlass org/w3c/dom/stylesheets/LinkStyle
instanceKlass org/w3c/dom/svg/SVGStyleElement
instanceKlass org/apache/batik/css/engine/CSSStyleSheetNode
instanceKlass org/w3c/dom/svg/SVGAnimatedTransformList
instanceKlass org/apache/batik/dom/svg/SVGMotionAnimatableElement
instanceKlass org/w3c/dom/svg/SVGDefsElement
instanceKlass org/w3c/dom/svg/SVGTransformable
instanceKlass org/w3c/dom/svg/SVGMetadataElement
instanceKlass org/apache/batik/util/CleanerThread$ReferenceCleared
instanceKlass org/w3c/dom/svg/SVGAnimatedRect
instanceKlass org/w3c/dom/svg/SVGAnimatedPreserveAspectRatio
instanceKlass org/w3c/dom/svg/SVGAnimatedBoolean
instanceKlass org/w3c/dom/svg/SVGAnimatedLength
instanceKlass org/apache/batik/dom/svg/AbstractSVGAnimatedValue
instanceKlass org/apache/batik/dom/svg/AnimatedLiveAttributeValue
instanceKlass org/apache/batik/dom/svg/LiveAttributeValue
instanceKlass org/w3c/dom/svg/SVGAnimatedString
instanceKlass org/apache/batik/dom/AbstractParentNode$ChildNodes
instanceKlass org/apache/batik/dom/AbstractElement$Entry
instanceKlass org/apache/batik/dom/AbstractElement$NamedNodeHashMap
instanceKlass org/apache/batik/dom/svg/AttributeInitializer
instanceKlass org/apache/batik/dom/svg/TraitInformation
instanceKlass org/apache/batik/util/DoublyIndexedTable$Entry
instanceKlass org/apache/batik/util/DoublyIndexedTable
instanceKlass org/apache/batik/css/engine/CSSNavigableNode
instanceKlass org/apache/batik/dom/anim/AnimationTarget
instanceKlass org/apache/batik/dom/svg/ExtendedTraitAccess
instanceKlass org/apache/batik/dom/svg/TraitAccess
instanceKlass org/apache/batik/css/engine/CSSStylableElement
instanceKlass org/w3c/dom/svg/SVGSVGElement
instanceKlass org/w3c/dom/css/ViewCSS
instanceKlass org/w3c/dom/views/AbstractView
instanceKlass org/w3c/dom/svg/SVGZoomAndPan
instanceKlass org/w3c/dom/svg/SVGFitToViewBox
instanceKlass org/w3c/dom/svg/SVGLocatable
instanceKlass org/w3c/dom/svg/SVGStylable
instanceKlass org/w3c/dom/svg/SVGExternalResourcesRequired
instanceKlass org/w3c/dom/svg/SVGLangSpace
instanceKlass org/w3c/dom/svg/SVGTests
instanceKlass org/w3c/dom/svg/SVGElement
instanceKlass org/apache/batik/xml/XMLCharacters
instanceKlass org/apache/batik/dom/svg/SVGOMDocument$AnimAttrListener
instanceKlass org/apache/batik/dom/svg/AnimatedAttributeListener
instanceKlass org/apache/batik/dom/xbl/GenericXBLManager
instanceKlass org/apache/batik/dom/xbl/XBLManager
instanceKlass org/apache/batik/dom/AbstractNode$1
instanceKlass org/apache/batik/dom/AbstractNode
instanceKlass org/apache/batik/dom/xbl/XBLManagerData
instanceKlass org/apache/batik/dom/xbl/NodeXBL
instanceKlass org/apache/batik/dom/ExtendedNode
instanceKlass org/apache/batik/dom/events/NodeEventTarget
instanceKlass org/w3c/dom/xpath/XPathEvaluator
instanceKlass org/w3c/dom/views/DocumentView
instanceKlass org/w3c/dom/css/DocumentCSS
instanceKlass org/w3c/dom/stylesheets/DocumentStyle
instanceKlass org/apache/batik/dom/svg/IdContainer
instanceKlass org/apache/batik/css/engine/CSSNavigableDocument
instanceKlass org/apache/batik/util/SVGConstants
instanceKlass org/apache/batik/util/XMLConstants
instanceKlass org/apache/batik/util/CSSConstants
instanceKlass org/w3c/dom/svg/SVGDocument
instanceKlass org/apache/batik/dom/util/HashTableStack$Link
instanceKlass org/apache/batik/dom/util/HashTableStack
instanceKlass com/sun/org/apache/xerces/internal/parsers/AbstractSAXParser$LocatorProxy
instanceKlass org/xml/sax/ext/Locator2
instanceKlass com/sun/org/apache/xerces/internal/impl/ExternalSubsetResolver
instanceKlass com/sun/org/apache/xerces/internal/util/EntityResolverWrapper
instanceKlass org/xml/sax/ext/EntityResolver2
instanceKlass com/sun/org/apache/xerces/internal/parsers/AbstractSAXParser$AttributesProxy
instanceKlass org/xml/sax/ext/Attributes2
instanceKlass org/xml/sax/AttributeList
instanceKlass org/xml/sax/XMLReader
instanceKlass org/xml/sax/Parser
instanceKlass javax/xml/parsers/SAXParser
instanceKlass com/sun/org/apache/xerces/internal/xs/PSVIProvider
instanceKlass org/apache/batik/dom/svg/SVGDocumentFactory
instanceKlass org/apache/batik/dom/util/DocumentFactory
instanceKlass org/apache/batik/util/XMLResourceDescriptor
instanceKlass org/apache/batik/transcoder/TranscoderInput
instanceKlass java/util/LinkedList$ListItr
instanceKlass org/apache/batik/util/Service
instanceKlass org/apache/batik/dom/DomExtension
instanceKlass org/apache/batik/i18n/LocaleGroup
instanceKlass org/apache/batik/i18n/LocalizableSupport
instanceKlass org/apache/batik/dom/svg/SVGDOMImplementation$VkernElementFactory
instanceKlass org/apache/batik/dom/svg/SVGDOMImplementation$ViewElementFactory
instanceKlass org/apache/batik/dom/svg/SVGDOMImplementation$UseElementFactory
instanceKlass org/apache/batik/dom/svg/SVGDOMImplementation$TspanElementFactory
instanceKlass org/apache/batik/dom/svg/SVGDOMImplementation$TrefElementFactory
instanceKlass org/apache/batik/dom/svg/SVGDOMImplementation$TitleElementFactory
instanceKlass org/apache/batik/dom/svg/SVGDOMImplementation$TextPathElementFactory
instanceKlass org/apache/batik/dom/svg/SVGDOMImplementation$TextElementFactory
instanceKlass org/apache/batik/dom/svg/SVGDOMImplementation$SymbolElementFactory
instanceKlass org/apache/batik/dom/svg/SVGDOMImplementation$SwitchElementFactory
instanceKlass org/apache/batik/dom/svg/SVGDOMImplementation$SvgElementFactory
instanceKlass org/apache/batik/dom/svg/SVGDOMImplementation$StyleElementFactory
instanceKlass org/apache/batik/dom/svg/SVGDOMImplementation$StopElementFactory
instanceKlass org/apache/batik/dom/svg/SVGDOMImplementation$ScriptElementFactory
instanceKlass org/apache/batik/dom/svg/SVGDOMImplementation$SetElementFactory
instanceKlass org/apache/batik/dom/svg/SVGDOMImplementation$RectElementFactory
instanceKlass org/apache/batik/dom/svg/SVGDOMImplementation$RadialGradientElementFactory
instanceKlass org/apache/batik/dom/svg/SVGDOMImplementation$PolylineElementFactory
instanceKlass org/apache/batik/dom/svg/SVGDOMImplementation$PolygonElementFactory
instanceKlass org/apache/batik/dom/svg/SVGDOMImplementation$PatternElementFactory
instanceKlass org/apache/batik/dom/svg/SVGDOMImplementation$PathElementFactory
instanceKlass org/apache/batik/dom/svg/SVGDOMImplementation$MpathElementFactory
instanceKlass org/apache/batik/dom/svg/SVGDOMImplementation$MissingGlyphElementFactory
instanceKlass org/apache/batik/dom/svg/SVGDOMImplementation$MetadataElementFactory
instanceKlass org/apache/batik/dom/svg/SVGDOMImplementation$MaskElementFactory
instanceKlass org/apache/batik/dom/svg/SVGDOMImplementation$MarkerElementFactory
instanceKlass org/apache/batik/dom/svg/SVGDOMImplementation$LinearGradientElementFactory
instanceKlass org/apache/batik/dom/svg/SVGDOMImplementation$LineElementFactory
instanceKlass org/apache/batik/dom/svg/SVGDOMImplementation$ImageElementFactory
instanceKlass org/apache/batik/dom/svg/SVGDOMImplementation$HkernElementFactory
instanceKlass org/apache/batik/dom/svg/SVGDOMImplementation$GlyphRefElementFactory
instanceKlass org/apache/batik/dom/svg/SVGDOMImplementation$GlyphElementFactory
instanceKlass org/apache/batik/dom/svg/SVGDOMImplementation$GElementFactory
instanceKlass org/apache/batik/dom/svg/SVGDOMImplementation$ForeignObjectElementFactory
instanceKlass org/apache/batik/dom/svg/SVGDOMImplementation$FontFaceUriElementFactory
instanceKlass org/apache/batik/dom/svg/SVGDOMImplementation$FontFaceSrcElementFactory
instanceKlass org/apache/batik/dom/svg/SVGDOMImplementation$FontFaceNameElementFactory
instanceKlass org/apache/batik/dom/svg/SVGDOMImplementation$FontFaceFormatElementFactory
instanceKlass org/apache/batik/dom/svg/SVGDOMImplementation$FontFaceElementFactory
instanceKlass org/apache/batik/dom/svg/SVGDOMImplementation$FontElementFactory
instanceKlass org/apache/batik/dom/svg/SVGDOMImplementation$FilterElementFactory
instanceKlass org/apache/batik/dom/svg/SVGDOMImplementation$FeTurbulenceElementFactory
instanceKlass org/apache/batik/dom/svg/SVGDOMImplementation$FeTileElementFactory
instanceKlass org/apache/batik/dom/svg/SVGDOMImplementation$FeSpotLightElementFactory
instanceKlass org/apache/batik/dom/svg/SVGDOMImplementation$FeSpecularLightingElementFactory
instanceKlass org/apache/batik/dom/svg/SVGDOMImplementation$FePointLightElementFactory
instanceKlass org/apache/batik/dom/svg/SVGDOMImplementation$FeOffsetElementFactory
instanceKlass org/apache/batik/dom/svg/SVGDOMImplementation$FeMorphologyElementFactory
instanceKlass org/apache/batik/dom/svg/SVGDOMImplementation$FeMergeNodeElementFactory
instanceKlass org/apache/batik/dom/svg/SVGDOMImplementation$FeMergeElementFactory
instanceKlass org/apache/batik/dom/svg/SVGDOMImplementation$FeImageElementFactory
instanceKlass org/apache/batik/dom/svg/SVGDOMImplementation$FeGaussianBlurElementFactory
instanceKlass org/apache/batik/dom/svg/SVGDOMImplementation$FeFuncBElementFactory
instanceKlass org/apache/batik/dom/svg/SVGDOMImplementation$FeFuncGElementFactory
instanceKlass org/apache/batik/dom/svg/SVGDOMImplementation$FeFuncRElementFactory
instanceKlass org/apache/batik/dom/svg/SVGDOMImplementation$FeFuncAElementFactory
instanceKlass org/apache/batik/dom/svg/SVGDOMImplementation$FeFloodElementFactory
instanceKlass org/apache/batik/dom/svg/SVGDOMImplementation$FeDistantLightElementFactory
instanceKlass org/apache/batik/dom/svg/SVGDOMImplementation$FeDisplacementMapElementFactory
instanceKlass org/apache/batik/dom/svg/SVGDOMImplementation$FeDiffuseLightingElementFactory
instanceKlass org/apache/batik/dom/svg/SVGDOMImplementation$FeConvolveMatrixElementFactory
instanceKlass org/apache/batik/dom/svg/SVGDOMImplementation$FeCompositeElementFactory
instanceKlass org/apache/batik/dom/svg/SVGDOMImplementation$FeComponentTransferElementFactory
instanceKlass org/apache/batik/dom/svg/SVGDOMImplementation$FeColorMatrixElementFactory
instanceKlass org/apache/batik/dom/svg/SVGDOMImplementation$FeBlendElementFactory
instanceKlass org/apache/batik/dom/svg/SVGDOMImplementation$EllipseElementFactory
instanceKlass org/apache/batik/dom/svg/SVGDOMImplementation$DescElementFactory
instanceKlass org/apache/batik/dom/svg/SVGDOMImplementation$DefsElementFactory
instanceKlass org/apache/batik/dom/svg/SVGDOMImplementation$DefinitionSrcElementFactory
instanceKlass org/apache/batik/dom/svg/SVGDOMImplementation$CursorElementFactory
instanceKlass org/apache/batik/dom/svg/SVGDOMImplementation$ColorProfileElementFactory
instanceKlass org/apache/batik/dom/svg/SVGDOMImplementation$ClipPathElementFactory
instanceKlass org/apache/batik/dom/svg/SVGDOMImplementation$CircleElementFactory
instanceKlass org/apache/batik/dom/svg/SVGDOMImplementation$AnimateTransformElementFactory
instanceKlass org/apache/batik/dom/svg/SVGDOMImplementation$AnimateMotionElementFactory
instanceKlass org/apache/batik/dom/svg/SVGDOMImplementation$AnimateColorElementFactory
instanceKlass org/apache/batik/dom/svg/SVGDOMImplementation$AnimateElementFactory
instanceKlass org/apache/batik/dom/svg/SVGDOMImplementation$AltGlyphItemElementFactory
instanceKlass org/apache/batik/dom/svg/SVGDOMImplementation$AltGlyphDefElementFactory
instanceKlass org/apache/batik/dom/svg/SVGDOMImplementation$AltGlyphElementFactory
instanceKlass org/apache/batik/dom/svg/SVGDOMImplementation$AElementFactory
instanceKlass org/apache/batik/dom/ExtensibleDOMImplementation$ElementFactory
instanceKlass org/apache/batik/dom/util/HashTable$Entry
instanceKlass org/apache/batik/dom/util/HashTable
instanceKlass org/apache/batik/dom/AbstractDOMImplementation
instanceKlass org/apache/batik/i18n/Localizable
instanceKlass org/apache/batik/dom/StyleSheetFactory
instanceKlass org/w3c/dom/css/DOMImplementationCSS
instanceKlass org/apache/batik/dom/util/CSSStyleDeclarationFactory
instanceKlass org/apache/batik/util/SVGFeatureStrings
instanceKlass org/apache/batik/bridge/UserAgentAdapter
instanceKlass org/apache/batik/bridge/UserAgent
instanceKlass org/apache/batik/transcoder/TranscodingHints$Key
instanceKlass org/apache/batik/transcoder/DefaultErrorHandler
instanceKlass org/apache/batik/transcoder/ErrorHandler
instanceKlass org/apache/batik/transcoder/TranscoderSupport
instanceKlass org/apache/batik/transcoder/Transcoder
instanceKlass ui/d/l
instanceKlass com/sun/imageio/plugins/common/ReaderUtil
instanceKlass java/awt/image/BufferedImage$1
instanceKlass java/awt/image/WritableRenderedImage
instanceKlass sun/awt/image/NativeLibLoader$1
instanceKlass sun/awt/image/NativeLibLoader
instanceKlass java/awt/geom/RectangularShape
instanceKlass java/awt/Shape
instanceKlass sun/java2d/cmm/CMSManager
instanceKlass java/awt/image/SampleModel
instanceKlass java/awt/image/Raster
instanceKlass java/awt/image/DataBuffer$1
instanceKlass sun/awt/image/SunWritableRaster$DataStealer
instanceKlass java/awt/image/DataBuffer
instanceKlass com/sun/imageio/plugins/png/PNGImageDataEnumeration
instanceKlass javax/imageio/IIOParam
instanceKlass javax/imageio/metadata/IIOMetadata
instanceKlass javax/imageio/ImageIO$ImageReaderIterator
instanceKlass javax/imageio/spi/FilterIterator
instanceKlass javax/imageio/ImageIO$CanDecodeInputFilter
instanceKlass javax/imageio/spi/ServiceRegistry$Filter
instanceKlass javax/imageio/stream/FileCacheImageInputStream$StreamDisposerRecord
instanceKlass com/sun/imageio/stream/StreamCloser$$Lambda$153
instanceKlass com/sun/imageio/stream/StreamCloser$1
instanceKlass com/sun/imageio/stream/StreamCloser$CloseAction
instanceKlass com/sun/imageio/stream/StreamCloser
instanceKlass sun/nio/fs/WindowsChannelFactory$2
instanceKlass java/util/RegularEnumSet$EnumSetIterator
instanceKlass sun/nio/fs/WindowsSecurityDescriptor
instanceKlass sun/nio/fs/WindowsPath$1
instanceKlass sun/security/provider/AbstractDrbg$NonceProvider
instanceKlass sun/security/provider/AbstractDrbg$SeederHolder$$Lambda$152
instanceKlass java/lang/invoke/LambdaForm$DMH
instanceKlass java/lang/invoke/LambdaForm$DMH
instanceKlass sun/nio/cs/StringUTF16
instanceKlass sun/nio/fs/BasicFileAttributesHolder
instanceKlass sun/nio/fs/WindowsDirectoryStream$WindowsDirectoryIterator
instanceKlass sun/nio/fs/WindowsDirectoryStream
instanceKlass java/nio/file/DirectoryStream
instanceKlass java/nio/file/Files$AcceptAllFilter
instanceKlass java/nio/file/DirectoryStream$Filter
instanceKlass java/net/NetworkInterface$2
instanceKlass java/net/DefaultInterface
instanceKlass java/net/Inet6Address$Inet6AddressHolder
instanceKlass java/net/InetAddress$CachedLocalHost
instanceKlass java/net/InetAddress$PlatformNameService
instanceKlass java/net/InetAddress$NameService
instanceKlass java/net/Inet6AddressImpl
instanceKlass java/net/InetAddressImpl
instanceKlass java/net/InetAddressImplFactory
instanceKlass java/util/concurrent/ConcurrentSkipListMap$Node
instanceKlass java/util/concurrent/ConcurrentSkipListMap$Index
instanceKlass java/util/concurrent/ConcurrentNavigableMap
instanceKlass java/net/InetAddress$InetAddressHolder
instanceKlass java/net/InetAddress$2
instanceKlass jdk/internal/misc/JavaNetInetAddressAccess
instanceKlass java/net/InetAddress$1
instanceKlass java/net/InetAddress
instanceKlass java/net/InterfaceAddress
instanceKlass java/net/NetworkInterface$1
instanceKlass java/net/NetworkInterface
instanceKlass sun/security/provider/ByteArrayAccess
instanceKlass sun/security/provider/SeedGenerator$1
instanceKlass sun/security/util/MessageDigestSpi2
instanceKlass java/security/MessageDigestSpi
instanceKlass sun/security/provider/SeedGenerator
instanceKlass sun/security/provider/AbstractDrbg$SeederHolder
instanceKlass java/security/DrbgParameters$NextBytes
instanceKlass sun/security/jca/GetInstance$Instance
instanceKlass sun/security/provider/AbstractDrbg$$Lambda$151
instanceKlass sun/security/provider/EntropySource
instanceKlass java/lang/invoke/LambdaForm$DMH
instanceKlass java/lang/invoke/LambdaForm$DMH
instanceKlass sun/security/provider/AbstractDrbg
instanceKlass java/security/DrbgParameters$Instantiation
instanceKlass java/security/DrbgParameters
instanceKlass sun/security/provider/MoreDrbgParameters
instanceKlass sun/security/provider/DRBG$$Lambda$150
instanceKlass java/security/SecureRandomParameters
instanceKlass sun/security/jca/GetInstance
instanceKlass java/security/SecureRandomSpi
instanceKlass java/security/Provider$UString
instanceKlass java/security/Provider$Service
instanceKlass sun/security/provider/NativePRNG$NonBlocking
instanceKlass sun/security/provider/NativePRNG$Blocking
instanceKlass sun/security/provider/NativePRNG
instanceKlass sun/security/provider/SunEntries$1
instanceKlass sun/security/provider/SunEntries
instanceKlass sun/security/jca/ProviderList$2
instanceKlass java/security/Provider$EngineDescription
instanceKlass java/security/Provider$ServiceKey
instanceKlass sun/security/jca/ProviderConfig
instanceKlass sun/security/jca/ProviderList
instanceKlass sun/security/jca/Providers
instanceKlass java/nio/file/TempFileHelper
instanceKlass javax/imageio/stream/ImageInputStreamImpl
instanceKlass javax/imageio/ImageIO$CacheInfo
instanceKlass javax/imageio/spi/PartialOrderIterator
instanceKlass sun/net/www/protocol/jar/JarFileFactory
instanceKlass sun/net/www/protocol/jar/URLJarFile$URLJarFileCloseController
instanceKlass java/awt/image/RenderedImage
instanceKlass javax/imageio/ImageTypeSpecifier
instanceKlass javax/imageio/ImageWriter
instanceKlass javax/imageio/ImageTranscoder
instanceKlass javax/imageio/metadata/IIOMetadataFormat
instanceKlass javax/imageio/ImageReader
instanceKlass javax/imageio/spi/IIORegistry$1
instanceKlass com/sun/imageio/plugins/jpeg/JPEG
instanceKlass javax/imageio/stream/ImageOutputStream
instanceKlass javax/imageio/spi/DigraphNode
instanceKlass javax/imageio/stream/ImageInputStream
instanceKlass javax/imageio/spi/SubRegistry
instanceKlass javax/imageio/spi/IIOServiceProvider
instanceKlass javax/imageio/spi/RegisterableService
instanceKlass javax/imageio/spi/ServiceRegistry
instanceKlass javax/imageio/ImageIO
instanceKlass java/lang/invoke/LambdaForm$BMH
instanceKlass java/lang/invoke/LambdaForm$BMH
instanceKlass java/lang/invoke/LambdaForm$DMH
instanceKlass java/lang/invoke/LambdaForm$BMH
instanceKlass java/lang/invoke/LambdaForm$BMH
instanceKlass java/lang/invoke/LambdaForm$BMH
instanceKlass java/lang/invoke/LambdaForm$BMH
instanceKlass java/lang/invoke/LambdaForm$BMH
instanceKlass java/lang/invoke/LambdaForm$BMH
instanceKlass java/lang/invoke/LambdaForm$BMH
instanceKlass java/lang/invoke/LambdaForm$BMH
instanceKlass java/lang/invoke/LambdaForm$BMH
instanceKlass java/lang/invoke/LambdaForm$BMH
instanceKlass java/lang/invoke/LambdaForm$BMH
instanceKlass java/lang/invoke/LambdaForm$BMH
instanceKlass java/lang/invoke/LambdaForm$BMH
instanceKlass java/lang/invoke/LambdaForm$BMH
instanceKlass java/lang/invoke/LambdaForm$BMH
instanceKlass java/lang/invoke/LambdaForm$BMH
instanceKlass ui/d/o
instanceKlass ui/PlanAhead$$Lambda$149
instanceKlass com/sun/org/apache/xml/internal/serializer/WriterChain
instanceKlass javax/swing/Timer$1
instanceKlass java/util/Date
instanceKlass com/sun/org/apache/xalan/internal/utils/SecuritySupport$8
instanceKlass com/sun/org/apache/xml/internal/serializer/utils/Messages
instanceKlass com/sun/org/apache/xml/internal/serializer/utils/Utils
instanceKlass com/sun/org/apache/xml/internal/serializer/dom3/NamespaceSupport
instanceKlass com/sun/org/apache/xml/internal/serializer/dom3/DOM3TreeWalker
instanceKlass com/sun/org/apache/xml/internal/serializer/dom3/DOM3SerializerImpl
instanceKlass com/sun/org/apache/xml/internal/serializer/DOM3Serializer
instanceKlass com/sun/org/apache/xerces/internal/dom/DOMOutputImpl
instanceKlass org/w3c/dom/ls/LSOutput
instanceKlass com/sun/org/apache/xml/internal/serializer/NamespaceMappings$MappingRecord
instanceKlass com/sun/org/apache/xml/internal/serializer/NamespaceMappings
instanceKlass jdk/internal/reflect/ClassDefiner$1
instanceKlass jdk/internal/reflect/ClassDefiner
instanceKlass jdk/internal/reflect/MethodAccessorGenerator$1
instanceKlass jdk/internal/reflect/Label$PatchInfo
instanceKlass jdk/internal/reflect/Label
instanceKlass jdk/internal/reflect/UTF8
instanceKlass jdk/internal/reflect/ClassFileAssembler
instanceKlass jdk/internal/reflect/ByteVectorImpl
instanceKlass jdk/internal/reflect/ByteVector
instanceKlass jdk/internal/reflect/ByteVectorFactory
instanceKlass jdk/internal/reflect/AccessorGenerator
instanceKlass jdk/internal/reflect/ClassFileConstants
instanceKlass java/nio/charset/Charset$1
instanceKlass java/nio/charset/Charset$2
instanceKlass sun/nio/cs/SingleByte
instanceKlass com/sun/org/apache/xalan/internal/utils/SecuritySupport$7
instanceKlass com/sun/org/apache/xalan/internal/utils/SecuritySupport$5
instanceKlass com/sun/org/apache/xml/internal/serializer/Encodings$EncodingInfos
instanceKlass com/sun/org/apache/xml/internal/serializer/Encodings
instanceKlass com/sun/org/apache/xml/internal/serializer/ToStream$CharacterBuffer
instanceKlass com/sun/org/apache/xml/internal/serializer/EncodingInfo
instanceKlass com/sun/org/apache/xml/internal/serializer/ToStream$BoolStack
instanceKlass com/sun/org/apache/xml/internal/serializer/ElemContext
instanceKlass org/xml/sax/helpers/AttributesImpl
instanceKlass org/xml/sax/Attributes
instanceKlass com/sun/org/apache/xml/internal/serializer/CharInfo$CharKey
instanceKlass sun/util/ResourceBundleEnumeration
instanceKlass com/sun/org/apache/xml/internal/serializer/CharInfo
instanceKlass com/sun/org/apache/xml/internal/serializer/SerializerBase
instanceKlass com/sun/org/apache/xml/internal/serializer/SerializerConstants
instanceKlass com/sun/org/apache/xml/internal/serializer/SerializationHandler
instanceKlass com/sun/org/apache/xml/internal/serializer/Serializer
instanceKlass com/sun/org/apache/xml/internal/serializer/DOMSerializer
instanceKlass org/xml/sax/ext/DeclHandler
instanceKlass com/sun/org/apache/xml/internal/serializer/XSLOutputAttributes
instanceKlass com/sun/org/apache/xml/internal/serializer/ExtendedLexicalHandler
instanceKlass org/xml/sax/ext/LexicalHandler
instanceKlass com/sun/org/apache/xml/internal/serializer/ExtendedContentHandler
instanceKlass com/sun/org/apache/xalan/internal/utils/SecuritySupport$4
instanceKlass com/sun/org/apache/xalan/internal/utils/SecuritySupport
instanceKlass com/sun/org/apache/xml/internal/serializer/OutputPropertiesFactory$1
instanceKlass com/sun/org/apache/xml/internal/serializer/OutputPropertiesFactory
instanceKlass com/sun/org/apache/xml/internal/serializer/dom3/LSSerializerImpl
instanceKlass org/w3c/dom/ls/LSSerializer
instanceKlass org/w3c/dom/DOMConfiguration
instanceKlass com/sun/org/apache/xerces/internal/dom/CoreDOMImplementationImpl
instanceKlass org/w3c/dom/ls/DOMImplementationLS
instanceKlass org/w3c/dom/DOMImplementation
instanceKlass com/sun/org/apache/xerces/internal/dom/DOMImplementationSourceImpl
instanceKlass org/w3c/dom/DOMImplementationSource
instanceKlass org/w3c/dom/bootstrap/DOMImplementationRegistry$4
instanceKlass org/w3c/dom/bootstrap/DOMImplementationRegistry$3
instanceKlass org/w3c/dom/bootstrap/DOMImplementationRegistry$2
instanceKlass org/w3c/dom/bootstrap/DOMImplementationRegistry
instanceKlass com/jidesoft/swing/XMLSerializer15
instanceKlass java/util/LinkedHashMap$LinkedHashIterator
instanceKlass ui/frmwork/aS
instanceKlass java/text/DigitList$1
instanceKlass ui/frmwork/bb
instanceKlass jdk/internal/math/FDBigInteger
instanceKlass java/text/DontCareFieldPosition$1
instanceKlass java/text/Format$FieldDelegate
instanceKlass ui/frmwork/xhubcmdi
instanceKlass ui/utils/bd
instanceKlass com/sun/org/apache/xpath/internal/axes/NodeSequence$IteratorCache
instanceKlass com/sun/org/apache/xml/internal/dtm/ref/DTMNodeListBase
instanceKlass com/sun/org/apache/xml/internal/dtm/DTMAxisTraverser
instanceKlass com/sun/org/apache/xml/internal/dtm/Axis
instanceKlass com/sun/org/apache/xpath/internal/objects/Comparator
instanceKlass com/sun/org/apache/xml/internal/dtm/ref/dom2dtm/DOM2DTMdefaultNamespaceDeclarationNode
instanceKlass org/xml/sax/helpers/LocatorImpl
instanceKlass org/xml/sax/Locator
instanceKlass com/sun/org/apache/xml/internal/utils/TreeWalker
instanceKlass com/sun/org/apache/xml/internal/utils/SuballocatedIntVector
instanceKlass com/sun/org/apache/xml/internal/dtm/ref/DTMDefaultBase
instanceKlass javax/xml/transform/dom/DOMSource
instanceKlass javax/xml/transform/Source
instanceKlass com/sun/org/apache/xml/internal/dtm/ref/DTMNodeProxy
instanceKlass org/w3c/dom/DocumentFragment
instanceKlass org/w3c/dom/Comment
instanceKlass org/w3c/dom/ProcessingInstruction
instanceKlass com/sun/org/apache/xml/internal/dtm/ref/ExpandedNameTable$HashEntry
instanceKlass com/sun/org/apache/xml/internal/dtm/ref/ExtendedType
instanceKlass com/sun/org/apache/xml/internal/dtm/ref/ExpandedNameTable
instanceKlass org/xml/sax/helpers/DefaultHandler
instanceKlass org/xml/sax/ContentHandler
instanceKlass org/xml/sax/DTDHandler
instanceKlass org/xml/sax/EntityResolver
instanceKlass com/sun/org/apache/xml/internal/dtm/DTM
instanceKlass com/sun/org/apache/xml/internal/utils/XMLStringFactory
instanceKlass com/sun/org/apache/xpath/internal/XPathContext$XPathExpressionContext
instanceKlass com/sun/org/apache/xalan/internal/extensions/ExpressionContext
instanceKlass com/sun/org/apache/xml/internal/utils/NodeVector
instanceKlass com/sun/org/apache/xpath/internal/SourceTreeManager
instanceKlass com/sun/org/apache/xpath/internal/VariableStack
instanceKlass com/sun/org/apache/xml/internal/utils/IntVector
instanceKlass com/sun/org/apache/xml/internal/dtm/DTMManager
instanceKlass javax/xml/namespace/QName$1
instanceKlass javax/xml/namespace/QName
instanceKlass javax/xml/xpath/XPathConstants
instanceKlass javax/xml/xpath/XPathExpression
instanceKlass com/sun/org/apache/xpath/internal/axes/IteratorPool
instanceKlass com/sun/org/apache/xpath/internal/axes/SubContextList
instanceKlass com/sun/org/apache/xpath/internal/axes/PathComponent
instanceKlass com/sun/org/apache/xml/internal/dtm/DTMIterator
instanceKlass com/sun/org/apache/xpath/internal/axes/WalkerFactory
instanceKlass com/sun/org/apache/xpath/internal/compiler/OpMapVector
instanceKlass com/sun/org/apache/xpath/internal/compiler/Lexer
instanceKlass com/sun/org/apache/xml/internal/utils/ObjectVector
instanceKlass com/sun/org/apache/xpath/internal/compiler/OpMap
instanceKlass com/sun/org/apache/xpath/internal/compiler/XPathParser
instanceKlass com/sun/org/apache/xml/internal/utils/DefaultErrorHandler
instanceKlass javax/xml/transform/ErrorListener
instanceKlass com/sun/org/apache/xpath/internal/Expression
instanceKlass com/sun/org/apache/xpath/internal/XPathVisitable
instanceKlass com/sun/org/apache/xpath/internal/ExpressionNode
instanceKlass javax/xml/transform/SourceLocator
instanceKlass com/sun/org/apache/xpath/internal/compiler/FunctionTable
instanceKlass com/sun/org/apache/xpath/internal/XPath
instanceKlass com/sun/org/apache/xpath/internal/ExpressionOwner
instanceKlass com/sun/org/apache/xpath/internal/jaxp/XPathImplUtil
instanceKlass javax/xml/xpath/XPath
instanceKlass javax/xml/xpath/XPathFactoryFinder$$Lambda$148
instanceKlass jdk/xml/internal/JdkXmlFeatures
instanceKlass javax/xml/xpath/XPathFactoryFinder$$Lambda$147
instanceKlass javax/xml/xpath/XPathFactoryFinder$2
instanceKlass javax/xml/xpath/XPathFactoryFinder$$Lambda$146
instanceKlass javax/xml/xpath/SecuritySupport$5
instanceKlass javax/xml/xpath/XPathFactoryFinder$$Lambda$145
instanceKlass javax/xml/xpath/XPathFactoryFinder$$Lambda$144
instanceKlass javax/xml/xpath/SecuritySupport$2
instanceKlass javax/xml/xpath/XPathFactoryFinder
instanceKlass javax/xml/xpath/SecuritySupport$1
instanceKlass javax/xml/xpath/SecuritySupport
instanceKlass javax/xml/xpath/XPathFactory
instanceKlass ui/frmwork/aV
instanceKlass ui/frmwork/aT
instanceKlass java/awt/TrayIcon
instanceKlass java/awt/MenuComponent
instanceKlass java/awt/EventQueue$3
instanceKlass sun/awt/dnd/SunDragSourceContextPeer
instanceKlass java/awt/dnd/peer/DragSourceContextPeer
instanceKlass java/awt/ModalEventFilter
instanceKlass java/awt/EventDispatchThread$HierarchyEventFilter
instanceKlass java/awt/EventFilter
instanceKlass java/awt/EventDispatchThread$1
instanceKlass java/awt/Conditional
instanceKlass sun/awt/EventQueueItem
instanceKlass java/awt/EventQueue$5
instanceKlass java/awt/event/InvocationEvent$1
instanceKlass sun/awt/AWTAccessor$InvocationEventAccessor
instanceKlass java/awt/ActiveEvent
instanceKlass java/awt/EventQueue$1AWTInvocationLock
instanceKlass ui/frmwork/aO$$Lambda$143
instanceKlass ui/frmwork/b/a
instanceKlass ui/i
instanceKlass ui/frmwork/z
instanceKlass ui/frmwork/y
instanceKlass ui/frmwork/x
instanceKlass ui/frmwork/w
instanceKlass ui/data/msgmgr/messagemanageri
instanceKlass java/lang/invoke/LambdaForm$MH
instanceKlass java/lang/invoke/LambdaForm$BMH
instanceKlass java/lang/invoke/LambdaForm$BMH
instanceKlass java/lang/invoke/LambdaForm$BMH
instanceKlass java/lang/invoke/LambdaForm$BMH
instanceKlass java/lang/invoke/LambdaForm$BMH
instanceKlass java/lang/invoke/LambdaForm$BMH
instanceKlass java/lang/invoke/LambdaForm$BMH
instanceKlass java/lang/invoke/LambdaForm$BMH
instanceKlass java/lang/invoke/LambdaForm$BMH
instanceKlass java/lang/invoke/LambdaForm$BMH
instanceKlass java/lang/invoke/LambdaForm$BMH
instanceKlass java/lang/invoke/LambdaForm$BMH
instanceKlass java/lang/invoke/LambdaForm$BMH
instanceKlass java/lang/invoke/LambdaForm$BMH
instanceKlass java/lang/invoke/LambdaForm$BMH
instanceKlass java/lang/invoke/LambdaForm$BMH
instanceKlass java/lang/invoke/LambdaForm$BMH
instanceKlass ui/utils/d/c
instanceKlass ui/frmwork/d/g
instanceKlass ui/utils/d/h
instanceKlass ui/frmwork/d/f
instanceKlass ui/cS
instanceKlass ui/frmwork/str/a
instanceKlass ui/frmwork/str/robot/n
instanceKlass ui/frmwork/driveri
instanceKlass ui/frmwork/b/l
instanceKlass java/lang/Long$LongCache
instanceKlass ui/frmwork/HTclEventBroker
instanceKlass ui/cJ
instanceKlass ui/cI
instanceKlass ui/b/f/aj
instanceKlass ui/b/f/ai
instanceKlass ui/cH
instanceKlass ui/cG
instanceKlass ui/cL
instanceKlass ui/cK
instanceKlass ui/project/projecti
instanceKlass ui/utils/o/d/h
instanceKlass ui/utils/l
instanceKlass sun/nio/ch/NativeDispatcher
instanceKlass sun/nio/ch/NativeThreadSet
instanceKlass sun/nio/ch/IOUtil$1
instanceKlass sun/nio/ch/IOUtil
instanceKlass java/nio/file/attribute/FileAttribute
instanceKlass java/nio/channels/spi/AbstractInterruptibleChannel
instanceKlass java/nio/channels/InterruptibleChannel
instanceKlass java/nio/channels/ScatteringByteChannel
instanceKlass java/nio/channels/GatheringByteChannel
instanceKlass java/nio/channels/SeekableByteChannel
instanceKlass java/nio/channels/ByteChannel
instanceKlass java/nio/channels/WritableByteChannel
instanceKlass java/nio/channels/ReadableByteChannel
instanceKlass java/nio/channels/Channel
instanceKlass sun/nio/fs/WindowsChannelFactory$Flags
instanceKlass sun/nio/fs/WindowsChannelFactory$1
instanceKlass sun/nio/fs/WindowsChannelFactory
instanceKlass sun/nio/fs/WindowsFileSystemProvider$1
instanceKlass java/lang/StrictMath
instanceKlass sun/nio/cs/ext/ExtendedCharsets$1
instanceKlass ui/utils/o/d/g
instanceKlass ui/utils/o/d/a
instanceKlass ui/frmwork/aW
instanceKlass java/util/TimSort
instanceKlass ui/frmwork/aP
instanceKlass java/nio/charset/Charset$ExtendedProviderHolder$1
instanceKlass java/nio/charset/Charset$ExtendedProviderHolder
instanceKlass ui/utils/j
instanceKlass java/lang/invoke/LambdaForm$BMH
instanceKlass java/lang/invoke/LambdaForm$BMH
instanceKlass java/lang/invoke/LambdaForm$BMH
instanceKlass java/lang/invoke/LambdaForm$BMH
instanceKlass java/lang/invoke/LambdaForm$BMH
instanceKlass java/lang/invoke/LambdaForm$BMH
instanceKlass java/lang/invoke/LambdaForm$BMH
instanceKlass java/lang/invoke/LambdaForm$BMH
instanceKlass java/lang/invoke/LambdaForm$BMH
instanceKlass ui/f/a/d
instanceKlass sun/font/AttributeValues$1
instanceKlass java/awt/event/MouseMotionAdapter
instanceKlass javax/swing/ToolTipManager$stillInsideTimerAction
instanceKlass javax/swing/ToolTipManager$outsideTimerAction
instanceKlass javax/swing/ToolTipManager$insideTimerAction
instanceKlass java/awt/event/MouseAdapter
instanceKlass java/awt/event/MouseWheelListener
instanceKlass java/awt/event/MouseListener
instanceKlass java/awt/event/MouseMotionListener
instanceKlass java/lang/invoke/LambdaForm$BMH
instanceKlass java/util/Random
instanceKlass sun/util/locale/provider/JRELocaleProviderAdapter$$Lambda$142
instanceKlass java/text/DecimalFormatSymbols
instanceKlass sun/util/locale/provider/JRELocaleProviderAdapter$$Lambda$141
instanceKlass java/text/DigitList
instanceKlass java/text/FieldPosition
instanceKlass java/text/Format
instanceKlass ui/utils/k
instanceKlass ui/utils/b/a/a
instanceKlass com/sun/org/apache/xerces/internal/dom/CharacterDataImpl$1
instanceKlass org/w3c/dom/Text
instanceKlass org/w3c/dom/CharacterData
instanceKlass org/w3c/dom/Attr
instanceKlass com/sun/org/apache/xerces/internal/dom/NamedNodeMapImpl
instanceKlass org/w3c/dom/NamedNodeMap
instanceKlass sun/awt/AppContext$PostShutdownEventRunnable
instanceKlass com/jidesoft/swing/PersistenceUtils
instanceKlass com/sun/org/apache/xerces/internal/impl/Constants$ArrayEnumeration
instanceKlass com/sun/org/apache/xerces/internal/impl/Constants
instanceKlass com/sun/org/apache/xerces/internal/dom/DeferredDocumentImpl$RefCount
instanceKlass com/sun/org/apache/xerces/internal/dom/NodeListCache
instanceKlass org/w3c/dom/TypeInfo
instanceKlass org/w3c/dom/ElementTraversal
instanceKlass org/w3c/dom/Element
instanceKlass org/w3c/dom/DocumentType
instanceKlass com/sun/org/apache/xerces/internal/dom/NodeImpl
instanceKlass org/w3c/dom/events/EventTarget
instanceKlass org/w3c/dom/NodeList
instanceKlass org/w3c/dom/Document
instanceKlass org/w3c/dom/ranges/DocumentRange
instanceKlass org/w3c/dom/events/DocumentEvent
instanceKlass org/w3c/dom/traversal/DocumentTraversal
instanceKlass com/sun/org/apache/xerces/internal/dom/DeferredNode
instanceKlass org/w3c/dom/Node
instanceKlass com/sun/org/apache/xerces/internal/util/XMLSymbols
instanceKlass com/sun/org/apache/xerces/internal/util/XMLChar
instanceKlass com/sun/xml/internal/stream/Entity
instanceKlass com/sun/xml/internal/stream/util/BufferAllocator
instanceKlass com/sun/xml/internal/stream/util/ThreadLocalBufferAllocator
instanceKlass sun/net/DefaultProgressMeteringPolicy
instanceKlass sun/net/ProgressMeteringPolicy
instanceKlass sun/net/ProgressMonitor
instanceKlass com/sun/org/apache/xerces/internal/util/URI
instanceKlass com/sun/org/apache/xerces/internal/utils/XMLLimitAnalyzer
instanceKlass com/sun/org/apache/xerces/internal/xni/parser/XMLInputSource
instanceKlass org/xml/sax/InputSource
instanceKlass com/sun/org/apache/xerces/internal/util/ErrorHandlerWrapper
instanceKlass com/sun/org/apache/xerces/internal/xni/parser/XMLErrorHandler
instanceKlass ui/frmwork/bd
instanceKlass org/xml/sax/ErrorHandler
instanceKlass com/sun/org/apache/xerces/internal/utils/XMLSecurityPropertyManager
instanceKlass com/sun/org/apache/xerces/internal/util/FeatureState
instanceKlass com/sun/org/apache/xerces/internal/util/PropertyState
instanceKlass com/sun/org/apache/xerces/internal/impl/msg/XMLMessageFormatter
instanceKlass com/sun/org/apache/xerces/internal/util/MessageFormatter
instanceKlass com/sun/org/apache/xerces/internal/impl/XMLVersionDetector
instanceKlass com/sun/org/apache/xerces/internal/impl/validation/ValidationManager
instanceKlass com/sun/org/apache/xerces/internal/impl/dv/dtd/NMTOKENDatatypeValidator
instanceKlass com/sun/org/apache/xerces/internal/impl/dv/dtd/NOTATIONDatatypeValidator
instanceKlass com/sun/org/apache/xerces/internal/impl/dv/dtd/ENTITYDatatypeValidator
instanceKlass com/sun/org/apache/xerces/internal/impl/dv/dtd/ListDatatypeValidator
instanceKlass com/sun/org/apache/xerces/internal/impl/dv/dtd/IDREFDatatypeValidator
instanceKlass com/sun/org/apache/xerces/internal/impl/dv/dtd/IDDatatypeValidator
instanceKlass com/sun/org/apache/xerces/internal/impl/dv/dtd/StringDatatypeValidator
instanceKlass com/sun/org/apache/xerces/internal/impl/dv/DatatypeValidator
instanceKlass com/sun/org/apache/xerces/internal/impl/dv/DTDDVFactory
instanceKlass com/sun/org/apache/xerces/internal/impl/dtd/DTDGrammarBucket
instanceKlass com/sun/org/apache/xerces/internal/impl/dtd/XMLAttributeDecl
instanceKlass com/sun/org/apache/xerces/internal/impl/dtd/XMLSimpleType
instanceKlass com/sun/org/apache/xerces/internal/impl/dtd/XMLElementDecl
instanceKlass com/sun/org/apache/xerces/internal/impl/validation/ValidationState
instanceKlass com/sun/org/apache/xerces/internal/impl/dv/ValidationContext
instanceKlass com/sun/org/apache/xerces/internal/impl/dtd/XMLDTDValidator
instanceKlass com/sun/org/apache/xerces/internal/impl/RevalidationHandler
instanceKlass com/sun/org/apache/xerces/internal/impl/dtd/XMLDTDValidatorFilter
instanceKlass com/sun/org/apache/xerces/internal/xni/parser/XMLDocumentFilter
instanceKlass com/sun/org/apache/xerces/internal/impl/dtd/XMLEntityDecl
instanceKlass com/sun/org/apache/xerces/internal/impl/dtd/XMLDTDProcessor
instanceKlass com/sun/org/apache/xerces/internal/xni/parser/XMLDTDContentModelFilter
instanceKlass com/sun/org/apache/xerces/internal/xni/parser/XMLDTDFilter
instanceKlass com/sun/org/apache/xerces/internal/xni/parser/XMLDTDScanner
instanceKlass com/sun/org/apache/xerces/internal/xni/parser/XMLDTDContentModelSource
instanceKlass com/sun/org/apache/xerces/internal/xni/parser/XMLDTDSource
instanceKlass com/sun/org/apache/xerces/internal/xni/grammars/XMLDTDDescription
instanceKlass com/sun/org/apache/xerces/internal/xni/grammars/XMLGrammarDescription
instanceKlass com/sun/org/apache/xerces/internal/impl/XMLDocumentScannerImpl$TrailingMiscDriver
instanceKlass com/sun/org/apache/xerces/internal/impl/XMLDocumentScannerImpl$PrologDriver
instanceKlass com/sun/org/apache/xerces/internal/impl/XMLDocumentScannerImpl$XMLDeclDriver
instanceKlass com/sun/org/apache/xerces/internal/util/NamespaceSupport
instanceKlass com/sun/org/apache/xerces/internal/xni/NamespaceContext
instanceKlass com/sun/org/apache/xerces/internal/util/XMLAttributesImpl$Attribute
instanceKlass com/sun/org/apache/xerces/internal/util/XMLAttributesImpl
instanceKlass com/sun/org/apache/xerces/internal/xni/XMLAttributes
instanceKlass com/sun/org/apache/xerces/internal/impl/XMLDocumentFragmentScannerImpl$FragmentContentDriver
instanceKlass com/sun/org/apache/xerces/internal/impl/XMLDocumentFragmentScannerImpl$Driver
instanceKlass com/sun/org/apache/xerces/internal/impl/XMLDocumentFragmentScannerImpl$ElementStack2
instanceKlass com/sun/org/apache/xerces/internal/xni/QName
instanceKlass com/sun/org/apache/xerces/internal/impl/XMLDocumentFragmentScannerImpl$ElementStack
instanceKlass com/sun/org/apache/xerces/internal/xni/XMLString
instanceKlass com/sun/org/apache/xerces/internal/impl/XMLScanner
instanceKlass com/sun/xml/internal/stream/XMLBufferListener
instanceKlass com/sun/org/apache/xerces/internal/impl/XMLEntityHandler
instanceKlass com/sun/org/apache/xerces/internal/xni/parser/XMLDocumentScanner
instanceKlass com/sun/org/apache/xerces/internal/xni/parser/XMLDocumentSource
instanceKlass com/sun/org/apache/xerces/internal/impl/XMLErrorReporter
instanceKlass com/sun/org/apache/xerces/internal/impl/XMLEntityScanner
instanceKlass com/sun/org/apache/xerces/internal/xni/XMLLocator
instanceKlass com/sun/xml/internal/stream/XMLEntityStorage
instanceKlass com/sun/org/apache/xerces/internal/utils/SecuritySupport$$Lambda$140
instanceKlass com/sun/org/apache/xerces/internal/utils/SecuritySupport$$Lambda$139
instanceKlass com/sun/org/apache/xerces/internal/utils/SecuritySupport
instanceKlass com/sun/org/apache/xerces/internal/utils/XMLSecurityManager
instanceKlass com/sun/org/apache/xerces/internal/impl/XMLEntityManager$CharacterBuffer
instanceKlass com/sun/org/apache/xerces/internal/impl/XMLEntityManager$CharacterBufferPool
instanceKlass com/sun/org/apache/xerces/internal/util/AugmentationsImpl$AugmentationsItemsContainer
instanceKlass com/sun/org/apache/xerces/internal/util/AugmentationsImpl
instanceKlass com/sun/org/apache/xerces/internal/xni/Augmentations
instanceKlass com/sun/org/apache/xerces/internal/util/XMLResourceIdentifierImpl
instanceKlass com/sun/org/apache/xerces/internal/xni/XMLResourceIdentifier
instanceKlass com/sun/org/apache/xerces/internal/impl/XMLEntityManager
instanceKlass com/sun/org/apache/xerces/internal/xni/parser/XMLEntityResolver
instanceKlass com/sun/org/apache/xerces/internal/xni/parser/XMLComponent
instanceKlass com/sun/org/apache/xerces/internal/util/SymbolTable$Entry
instanceKlass com/sun/org/apache/xerces/internal/util/SymbolTable
instanceKlass javax/xml/parsers/SAXParserFactory
instanceKlass jdk/xml/internal/SecuritySupport$$Lambda$138
instanceKlass jdk/xml/internal/SecuritySupport$$Lambda$137
instanceKlass jdk/xml/internal/SecuritySupport
instanceKlass jdk/xml/internal/JdkXmlUtils
instanceKlass com/sun/org/apache/xerces/internal/util/ParserConfigurationSettings
instanceKlass com/sun/org/apache/xerces/internal/parsers/XML11Configurable
instanceKlass com/sun/org/apache/xerces/internal/xni/parser/XMLPullParserConfiguration
instanceKlass com/sun/org/apache/xerces/internal/xni/parser/XMLParserConfiguration
instanceKlass com/sun/org/apache/xerces/internal/xni/parser/XMLComponentManager
instanceKlass com/sun/org/apache/xerces/internal/parsers/XMLParser
instanceKlass com/sun/org/apache/xerces/internal/xni/XMLDTDContentModelHandler
instanceKlass com/sun/org/apache/xerces/internal/xni/XMLDTDHandler
instanceKlass com/sun/org/apache/xerces/internal/xni/XMLDocumentHandler
instanceKlass javax/xml/parsers/DocumentBuilder
instanceKlass com/sun/org/apache/xerces/internal/jaxp/JAXPConstants
instanceKlass javax/xml/parsers/FactoryFinder$$Lambda$136
instanceKlass javax/xml/parsers/SecuritySupport$1
instanceKlass javax/xml/parsers/FactoryFinder$$Lambda$135
instanceKlass javax/xml/parsers/FactoryFinder$1
instanceKlass javax/xml/parsers/SecuritySupport$4
instanceKlass javax/xml/parsers/FactoryFinder$$Lambda$134
instanceKlass javax/xml/parsers/SecuritySupport$2
instanceKlass javax/xml/parsers/SecuritySupport
instanceKlass javax/xml/parsers/FactoryFinder
instanceKlass javax/xml/parsers/DocumentBuilderFactory
instanceKlass java/lang/invoke/LambdaForm$BMH
instanceKlass java/lang/invoke/LambdaForm$DMH
instanceKlass java/lang/invoke/LambdaForm$BMH
instanceKlass java/lang/invoke/LambdaForm$DMH
instanceKlass java/lang/invoke/LambdaForm$BMH
instanceKlass java/lang/invoke/LambdaForm$DMH
instanceKlass java/lang/invoke/LambdaForm$BMH
instanceKlass java/lang/invoke/LambdaForm$DMH
instanceKlass java/lang/invoke/LambdaForm$BMH
instanceKlass java/lang/invoke/LambdaForm$BMH
instanceKlass java/lang/invoke/LambdaForm$BMH
instanceKlass java/lang/invoke/LambdaForm$BMH
instanceKlass java/lang/invoke/LambdaForm$BMH
instanceKlass java/lang/invoke/LambdaForm$BMH
instanceKlass java/lang/invoke/LambdaForm$BMH
instanceKlass java/lang/invoke/LambdaForm$BMH
instanceKlass java/lang/invoke/LambdaForm$BMH
instanceKlass java/lang/invoke/LambdaForm$BMH
instanceKlass java/lang/invoke/LambdaForm$BMH
instanceKlass java/lang/invoke/LambdaForm$BMH
instanceKlass java/lang/invoke/LambdaForm$BMH
instanceKlass java/lang/invoke/LambdaForm$BMH
instanceKlass java/lang/invoke/LambdaForm$BMH
instanceKlass java/lang/invoke/LambdaForm$BMH
instanceKlass java/lang/invoke/LambdaForm$BMH
instanceKlass java/lang/invoke/LambdaForm$BMH
instanceKlass java/lang/invoke/LambdaForm$BMH
instanceKlass java/lang/invoke/LambdaForm$BMH
instanceKlass ui/frmwork/a
instanceKlass ui/data/nocutils/nocutilsi
instanceKlass java/io/RandomAccessFile$1
instanceKlass ui/data/o/d/T
instanceKlass ui/data/o/d/cp
instanceKlass ui/data/o/d/bT
instanceKlass ui/data/o/d/dv
instanceKlass ui/data/o/e/j
instanceKlass ui/data/o/e/i
instanceKlass java/lang/invoke/LambdaForm$BMH
instanceKlass java/lang/invoke/LambdaForm$BMH
instanceKlass java/lang/invoke/LambdaForm$BMH
instanceKlass java/lang/invoke/LambdaForm$BMH
instanceKlass java/lang/invoke/LambdaForm$BMH
instanceKlass java/lang/invoke/LambdaForm$BMH
instanceKlass java/lang/invoke/LambdaForm$BMH
instanceKlass java/lang/invoke/LambdaForm$BMH
instanceKlass java/lang/invoke/LambdaForm$BMH
instanceKlass java/lang/invoke/LambdaForm$BMH
instanceKlass java/lang/invoke/LambdaForm$BMH
instanceKlass java/lang/invoke/LambdaForm$BMH
instanceKlass java/lang/invoke/LambdaForm$BMH
instanceKlass java/lang/invoke/LambdaForm$BMH
instanceKlass ui/data/o/b/b/a/b
instanceKlass ui/data/o/e/b
instanceKlass ui/data/o/d/dx
instanceKlass ui/data/o/d/L
instanceKlass ui/data/o/d/dt
instanceKlass ui/data/o/d/bh
instanceKlass ui/data/o/d/bl
instanceKlass ui/data/o/e/e
instanceKlass ui/data/o/d/g
instanceKlass com/google/protobuf/Internal$EnumLiteMap
instanceKlass com/google/protobuf/ProtocolMessageEnum
instanceKlass com/google/protobuf/Internal$EnumLite
instanceKlass com/google/protobuf/WireFormat
instanceKlass com/google/protobuf/UnknownFieldSet$Builder
instanceKlass com/google/protobuf/MessageLite$Builder
instanceKlass com/google/protobuf/ByteString$ArraysByteArrayCopier
instanceKlass com/google/protobuf/ByteString$ByteArrayCopier
instanceKlass com/google/protobuf/CodedInputStream
instanceKlass com/google/protobuf/Internal
instanceKlass com/google/protobuf/ByteString
instanceKlass com/google/protobuf/ExtensionRegistry$ExtensionInfo
instanceKlass com/google/protobuf/Descriptors$GenericDescriptor
instanceKlass com/google/protobuf/FieldSet$FieldDescriptorLite
instanceKlass com/google/protobuf/ExtensionRegistryFactory
instanceKlass com/google/protobuf/ExtensionLite
instanceKlass com/google/protobuf/ExtensionRegistryLite
instanceKlass com/google/protobuf/AbstractParser
instanceKlass com/google/protobuf/Parser
instanceKlass com/google/protobuf/UnknownFieldSet
instanceKlass com/google/protobuf/AbstractMessageLite
instanceKlass com/google/protobuf/Message
instanceKlass com/google/protobuf/MessageLite
instanceKlass ui/data/o/d/aD
instanceKlass com/google/protobuf/MessageOrBuilder
instanceKlass com/google/protobuf/MessageLiteOrBuilder
instanceKlass java/util/zip/ZipFile$ZipEntryIterator
instanceKlass ui/data/o/e/c
instanceKlass ui/data/device/part
instanceKlass ui/data/device/D
instanceKlass ui/data/license/license
instanceKlass ui/views/o/f/f
instanceKlass ui/frmwork/aZ
instanceKlass ui/frmwork/ba
instanceKlass com/jidesoft/search/FindResultIntepreter
instanceKlass com/jidesoft/editor/caret/CaretListener
instanceKlass com/jidesoft/editor/selection/SelectionListener
instanceKlass jdk/internal/math/FloatingDecimal$ASCIIToBinaryBuffer
instanceKlass jdk/internal/math/FloatingDecimal$PreparedASCIIToBinaryBuffer
instanceKlass jdk/internal/math/FloatingDecimal$ASCIIToBinaryConverter
instanceKlass jdk/internal/math/FloatingDecimal$BinaryToASCIIBuffer
instanceKlass jdk/internal/math/FloatingDecimal$ExceptionalBinaryToASCIIBuffer
instanceKlass jdk/internal/math/FloatingDecimal$BinaryToASCIIConverter
instanceKlass jdk/internal/math/FloatingDecimal
instanceKlass java/util/regex/IntHashSet
instanceKlass java/util/regex/Matcher
instanceKlass java/util/regex/MatchResult
instanceKlass java/util/regex/Pattern$$Lambda$133
instanceKlass java/util/regex/Pattern$CharPredicate$$Lambda$132
instanceKlass java/util/regex/Pattern$$Lambda$131
instanceKlass java/util/regex/CharPredicates$$Lambda$130
instanceKlass com/jidesoft/utils/SystemInfo$JavaVersion
instanceKlass com/jidesoft/utils/SecurityUtils
instanceKlass com/jidesoft/utils/SystemInfo
instanceKlass java/lang/invoke/LambdaForm$BMH
instanceKlass java/lang/invoke/LambdaForm$BMH
instanceKlass java/lang/invoke/LambdaForm$BMH
instanceKlass java/lang/invoke/LambdaForm$BMH
instanceKlass java/lang/invoke/LambdaForm$DMH
instanceKlass java/lang/invoke/LambdaForm$BMH
instanceKlass java/lang/invoke/LambdaForm$DMH
instanceKlass java/lang/invoke/LambdaForm$BMH
instanceKlass java/lang/invoke/LambdaForm$BMH
instanceKlass java/lang/invoke/LambdaForm$BMH
instanceKlass java/lang/invoke/LambdaForm$BMH
instanceKlass java/lang/invoke/LambdaForm$BMH
instanceKlass java/lang/invoke/LambdaForm$BMH
instanceKlass java/lang/invoke/LambdaForm$BMH
instanceKlass java/lang/invoke/LambdaForm$BMH
instanceKlass java/lang/invoke/LambdaForm$BMH
instanceKlass java/lang/invoke/LambdaForm$BMH
instanceKlass java/util/TreeMap$PrivateEntryIterator
instanceKlass java/util/NavigableSet
instanceKlass java/util/SortedSet
instanceKlass java/util/Vector$Itr
instanceKlass java/awt/event/KeyEvent$1
instanceKlass sun/awt/AWTAccessor$KeyEventAccessor
instanceKlass java/awt/VKCollection
instanceKlass java/lang/invoke/LambdaForm$BMH
instanceKlass java/lang/invoke/LambdaForm$BMH
instanceKlass java/lang/invoke/LambdaForm$BMH
instanceKlass java/lang/invoke/LambdaForm$BMH
instanceKlass java/lang/invoke/LambdaForm$BMH
instanceKlass java/lang/invoke/LambdaForm$BMH
instanceKlass java/lang/invoke/LambdaForm$BMH
instanceKlass java/lang/invoke/LambdaForm$BMH
instanceKlass java/lang/invoke/LambdaForm$BMH
instanceKlass java/lang/invoke/LambdaForm$BMH
instanceKlass com/jidesoft/shortcut/Shortcut
instanceKlass com/jidesoft/shortcut/ShortcutSchema
instanceKlass javax/swing/RootPaneContainer
instanceKlass javax/accessibility/Accessible
instanceKlass javax/swing/WindowConstants
instanceKlass com/jidesoft/shortcut/ShortcutSchemaManager
instanceKlass com/jidesoft/editor/action/InputHandler$NonRepeatable
instanceKlass com/jidesoft/editor/action/InputHandler$NonRecordable
instanceKlass javax/swing/AbstractAction
instanceKlass javax/swing/Action
instanceKlass java/awt/event/KeyAdapter
instanceKlass java/awt/event/KeyListener
instanceKlass com/jidesoft/editor/SyntaxStyle
instanceKlass com/jidesoft/editor/EffectStyle
instanceKlass com/jidesoft/editor/FontStyle
instanceKlass com/jidesoft/editor/ColorStyle
instanceKlass com/jidesoft/editor/Style
instanceKlass com/jidesoft/editor/SyntaxStyleSchema
instanceKlass ui/views/V/a/cP
instanceKlass javax/swing/text/AbstractDocument
instanceKlass javax/swing/text/Document
instanceKlass com/jidesoft/editor/LineBreak
instanceKlass com/jidesoft/editor/DefaultCodeEditorSettings
instanceKlass com/jidesoft/editor/CodeEditorSettings
instanceKlass javax/swing/plaf/ComponentUI
instanceKlass java/awt/Cursor$1
instanceKlass sun/awt/AWTAccessor$CursorAccessor
instanceKlass java/awt/Cursor
instanceKlass ui/utils/o/ag
instanceKlass ui/frmwork/aX
instanceKlass com/jidesoft/plaf/UIDefaultsLookup
instanceKlass java/awt/geom/Point2D
instanceKlass java/awt/GradientPaint
instanceKlass ui/utils/b/a/c
instanceKlass java/awt/AlphaComposite
instanceKlass java/awt/Composite
instanceKlass ui/utils/o/d/b
instanceKlass ui/frmwork/bc
instanceKlass ui/frmwork/bj
instanceKlass ui/frmwork/aO
instanceKlass ui/utils/g
instanceKlass ui/data/device/devmodeli
instanceKlass ui/data/common/types
instanceKlass ui/frmwork/b/i
instanceKlass java/time/Duration
instanceKlass java/time/temporal/TemporalAmount
instanceKlass java/time/temporal/TemporalUnit
instanceKlass java/util/concurrent/TimeUnit$1
instanceKlass ui/frmwork/tcltasksi
instanceKlass ui/frmwork/b/j
instanceKlass javax/swing/TimerQueue$DelayedTimer
instanceKlass java/util/concurrent/Delayed
instanceKlass javax/swing/TimerQueue$$Lambda$129
instanceKlass java/util/concurrent/BlockingQueue
instanceKlass javax/swing/TimerQueue
instanceKlass ui/utils/C
instanceKlass java/awt/event/ActionListener
instanceKlass javax/swing/Timer$DoPostEvent
instanceKlass javax/swing/Timer
instanceKlass ui/data/common/M
instanceKlass ui/data/common/l
instanceKlass ui/data/common/utils
instanceKlass ui/frmwork/i/a
instanceKlass ui/utils/e/d
instanceKlass ui/frmwork/x11i
instanceKlass ui/cP
instanceKlass ui/c/b/a/c
instanceKlass ui/c/b/a/f
instanceKlass ui/frmwork/b/c
instanceKlass ui/utils/ai
instanceKlass ui/utils/z
instanceKlass ui/utils/p/a/a
instanceKlass ui/data/common/parami
instanceKlass ui/data/common/K
instanceKlass java/lang/ClassLoaderHelper
instanceKlass java/util/regex/Pattern$BmpCharPredicate$$Lambda$128
instanceKlass java/lang/invoke/LambdaForm$BMH
instanceKlass java/util/regex/CharPredicates$$Lambda$127
instanceKlass java/util/regex/CharPredicates$$Lambda$126
instanceKlass java/util/regex/CharPredicates
instanceKlass java/util/regex/Pattern$$Lambda$125
instanceKlass java/util/regex/Pattern$BitClass$$Lambda$124
instanceKlass java/util/regex/Pattern$BmpCharPredicate
instanceKlass java/util/regex/Pattern$CharPredicate
instanceKlass java/lang/invoke/LambdaForm$BMH
instanceKlass java/lang/invoke/LambdaForm$DMH
instanceKlass java/lang/invoke/LambdaForm$BMH
instanceKlass java/lang/invoke/LambdaForm$DMH
instanceKlass java/lang/invoke/LambdaForm$BMH
instanceKlass java/lang/invoke/LambdaForm$BMH
instanceKlass java/lang/invoke/LambdaForm$BMH
instanceKlass java/lang/invoke/LambdaForm$BMH
instanceKlass java/lang/invoke/LambdaForm$BMH
instanceKlass java/lang/invoke/LambdaForm$BMH
instanceKlass java/lang/invoke/LambdaForm$BMH
instanceKlass java/lang/invoke/LambdaForm$BMH
instanceKlass java/lang/invoke/LambdaForm$BMH
instanceKlass java/lang/invoke/LambdaForm$BMH
instanceKlass java/lang/invoke/LambdaForm$BMH
instanceKlass java/lang/invoke/LambdaForm$BMH
instanceKlass java/lang/invoke/LambdaForm$BMH
instanceKlass java/lang/invoke/LambdaForm$BMH
instanceKlass ui/utils/aQ
instanceKlass java/math/MutableBigInteger
instanceKlass com/jidesoft/utils/Q
instanceKlass sun/util/calendar/CalendarUtils
instanceKlass sun/util/calendar/CalendarDate
instanceKlass sun/util/resources/Bundles$2
instanceKlass sun/util/resources/Bundles$CacheKeyReference
instanceKlass sun/util/resources/LocaleData$LocaleDataResourceBundleProvider
instanceKlass java/util/spi/ResourceBundleProvider
instanceKlass sun/util/resources/Bundles$CacheKey
instanceKlass sun/util/resources/Bundles
instanceKlass sun/util/resources/LocaleData$LocaleDataStrategy
instanceKlass sun/util/resources/Bundles$Strategy
instanceKlass sun/util/resources/LocaleData$1
instanceKlass sun/util/locale/provider/JRELocaleProviderAdapter$$Lambda$123
instanceKlass sun/util/locale/provider/CalendarDataUtility$CalendarWeekParameterGetter
instanceKlass sun/util/locale/provider/LocaleServiceProviderPool$LocalizedObjectGetter
instanceKlass sun/util/locale/provider/LocaleServiceProviderPool
instanceKlass sun/util/locale/provider/CalendarDataUtility
instanceKlass sun/util/calendar/CalendarSystem
instanceKlass java/util/Calendar$Builder
instanceKlass sun/util/locale/provider/AvailableLanguageTags
instanceKlass sun/util/locale/provider/JRELocaleProviderAdapter$$Lambda$122
instanceKlass sun/util/resources/cldr/provider/CLDRLocaleDataMetaInfo
instanceKlass sun/net/www/protocol/jrt/JavaRuntimeURLConnection$$Lambda$121
instanceKlass jdk/internal/module/ModulePatcher$PatchedModuleReader
instanceKlass sun/util/cldr/CLDRLocaleProviderAdapter$1
instanceKlass sun/util/locale/InternalLocaleBuilder$CaseInsensitiveChar
instanceKlass sun/util/locale/InternalLocaleBuilder
instanceKlass sun/util/locale/StringTokenIterator
instanceKlass sun/util/locale/ParseStatus
instanceKlass sun/util/cldr/CLDRBaseLocaleDataMetaInfo
instanceKlass sun/util/locale/provider/LocaleDataMetaInfo
instanceKlass sun/util/locale/provider/LocaleProviderAdapter$1
instanceKlass sun/util/resources/LocaleData
instanceKlass sun/util/locale/provider/LocaleResources
instanceKlass sun/util/locale/LanguageTag
instanceKlass sun/util/locale/provider/ResourceBundleBasedAdapter
instanceKlass sun/util/locale/provider/LocaleProviderAdapter
instanceKlass java/util/spi/LocaleServiceProvider
instanceKlass java/util/Locale$1
instanceKlass java/util/zip/Checksum$1
instanceKlass java/util/zip/CRC32
instanceKlass java/util/zip/Checksum
instanceKlass sun/util/calendar/ZoneInfoFile$ZoneOffsetTransitionRule
instanceKlass sun/util/calendar/ZoneInfoFile$1
instanceKlass sun/util/calendar/ZoneInfoFile
instanceKlass java/util/TimeZone
instanceKlass java/util/Calendar
instanceKlass java/util/logging/Logger$SystemLoggerHelper$1
instanceKlass java/util/logging/Logger$SystemLoggerHelper
instanceKlass java/util/logging/LogManager$4
instanceKlass jdk/internal/logger/DefaultLoggerFinder$1
instanceKlass jdk/internal/logger/BootstrapLogger$BootstrapExecutors
instanceKlass jdk/internal/logger/LoggerFinderLoader
instanceKlass java/lang/System$LoggerFinder$$Lambda$120
instanceKlass java/util/stream/Streams$AbstractStreamBuilderImpl
instanceKlass java/util/stream/Stream$Builder
instanceKlass java/util/stream/Sink$ChainedReference
instanceKlass java/util/stream/FindOps$$Lambda$119
instanceKlass java/lang/invoke/LambdaForm$DMH
instanceKlass java/util/stream/FindOps$FindSink
instanceKlass java/util/stream/TerminalSink
instanceKlass java/util/stream/Sink
instanceKlass java/util/stream/FindOps$$Lambda$118
instanceKlass java/util/stream/FindOps$FindOp
instanceKlass java/util/stream/TerminalOp
instanceKlass java/util/stream/FindOps
instanceKlass java/util/logging/Level$KnownLevel$$Lambda$117
instanceKlass java/util/ArrayList$ArrayListSpliterator
instanceKlass java/util/logging/Level$$Lambda$116
instanceKlass java/util/Hashtable$Enumerator
instanceKlass java/util/Collections$3
instanceKlass java/util/logging/LogManager$LoggerContext$1
instanceKlass java/util/logging/LogManager$VisitedLoggers
instanceKlass java/util/function/Predicate
instanceKlass java/util/logging/LogManager$2
instanceKlass java/util/logging/LogManager$LoggingProviderAccess
instanceKlass java/util/logging/LogManager$LogNode
instanceKlass java/util/logging/LogManager$LoggerContext
instanceKlass java/util/logging/LogManager$1
instanceKlass java/util/logging/LogManager
instanceKlass java/util/logging/Logger$ConfigurationData
instanceKlass java/util/logging/Logger$LoggerBundle
instanceKlass java/util/logging/Level
instanceKlass java/util/logging/Handler
instanceKlass java/util/logging/Logger
instanceKlass com/jidesoft/utils/Lm
instanceKlass com/jidesoft/utils/ProductNames
instanceKlass sun/security/util/DisabledAlgorithmConstraints$1
instanceKlass sun/security/util/DisabledAlgorithmConstraints$Constraint
instanceKlass sun/security/util/DisabledAlgorithmConstraints$Constraints
instanceKlass java/io/FileInputStream$1
instanceKlass java/util/Properties$LineReader
instanceKlass java/security/Security$1
instanceKlass java/security/Security
instanceKlass sun/security/util/AbstractAlgorithmConstraints$1
instanceKlass java/util/regex/Pattern$TreeInfo
instanceKlass java/util/regex/ASCII
instanceKlass java/util/regex/Pattern$Node
instanceKlass java/util/regex/Pattern
instanceKlass sun/security/util/AlgorithmDecomposer
instanceKlass sun/security/util/AbstractAlgorithmConstraints
instanceKlass java/security/AlgorithmConstraints
instanceKlass sun/security/util/SignatureFileVerifier
instanceKlass ui/utils/m
instanceKlass javax/swing/JComponent$2
instanceKlass javax/swing/JComponent$1
instanceKlass sun/swing/SwingAccessor$JComponentAccessor
instanceKlass java/awt/Container$1
instanceKlass sun/awt/AWTAccessor$ContainerAccessor
instanceKlass java/awt/LightweightDispatcher
instanceKlass java/awt/event/AWTEventListener
instanceKlass java/awt/LayoutManager
instanceKlass javax/swing/TransferHandler$HasGetTransferHandler
instanceKlass javax/swing/UIManager$2
instanceKlass sun/awt/KeyboardFocusManagerPeerImpl
instanceKlass java/awt/peer/KeyboardFocusManagerPeer
instanceKlass javax/swing/KeyStroke$1
instanceKlass sun/swing/SwingAccessor$KeyStrokeAccessor
instanceKlass java/awt/AWTKeyStroke
instanceKlass java/awt/FocusTraversalPolicy
instanceKlass java/awt/DefaultKeyboardFocusManager$1
instanceKlass sun/awt/AWTAccessor$DefaultKeyboardFocusManagerAccessor
instanceKlass java/awt/KeyboardFocusManager$1
instanceKlass sun/awt/AWTAccessor$KeyboardFocusManagerAccessor
instanceKlass java/awt/KeyboardFocusManager
instanceKlass java/awt/KeyEventPostProcessor
instanceKlass java/awt/KeyEventDispatcher
instanceKlass sun/awt/PaintEventDispatcher
instanceKlass javax/swing/RepaintManager$1
instanceKlass sun/swing/SwingAccessor$RepaintManagerAccessor
instanceKlass javax/swing/RepaintManager$DisplayChangedHandler
instanceKlass javax/swing/RepaintManager
instanceKlass javax/swing/plaf/metal/OceanTheme$6
instanceKlass javax/swing/plaf/metal/OceanTheme$5
instanceKlass javax/swing/plaf/metal/OceanTheme$4
instanceKlass javax/swing/plaf/metal/OceanTheme$3
instanceKlass javax/swing/plaf/metal/OceanTheme$2
instanceKlass javax/swing/plaf/metal/OceanTheme$1
instanceKlass javax/swing/plaf/metal/OceanTheme$$Lambda$115
instanceKlass java/util/EventListenerProxy
instanceKlass sun/java2d/SunGraphicsEnvironment$1
instanceKlass sun/awt/SunDisplayChanger
instanceKlass sun/java2d/SurfaceManagerFactory
instanceKlass sun/java2d/windows/WindowsFlags$1
instanceKlass sun/java2d/windows/WindowsFlags
instanceKlass javax/swing/plaf/metal/MetalLookAndFeel$$Lambda$114
instanceKlass javax/swing/plaf/metal/MetalLookAndFeel$$Lambda$113
instanceKlass javax/swing/plaf/metal/MetalLookAndFeel$$Lambda$112
instanceKlass javax/swing/plaf/metal/MetalLookAndFeel$$Lambda$111
instanceKlass javax/swing/plaf/metal/MetalLookAndFeel$$Lambda$110
instanceKlass javax/swing/plaf/metal/MetalLookAndFeel$$Lambda$109
instanceKlass javax/swing/plaf/metal/MetalLookAndFeel$$Lambda$108
instanceKlass javax/swing/plaf/metal/MetalLookAndFeel$$Lambda$107
instanceKlass javax/swing/plaf/metal/MetalLookAndFeel$$Lambda$106
instanceKlass javax/swing/plaf/metal/MetalLookAndFeel$$Lambda$105
instanceKlass javax/swing/plaf/metal/MetalLookAndFeel$$Lambda$104
instanceKlass javax/swing/plaf/metal/MetalLookAndFeel$$Lambda$103
instanceKlass javax/swing/plaf/metal/MetalLookAndFeel$$Lambda$102
instanceKlass javax/swing/plaf/metal/MetalLookAndFeel$$Lambda$101
instanceKlass javax/swing/plaf/metal/MetalLookAndFeel$$Lambda$100
instanceKlass javax/swing/plaf/metal/MetalLookAndFeel$$Lambda$99
instanceKlass javax/swing/plaf/metal/MetalLookAndFeel$$Lambda$98
instanceKlass javax/swing/plaf/metal/MetalLookAndFeel$$Lambda$97
instanceKlass javax/swing/plaf/metal/MetalLookAndFeel$$Lambda$96
instanceKlass javax/swing/plaf/metal/MetalLookAndFeel$$Lambda$95
instanceKlass javax/swing/plaf/metal/MetalLookAndFeel$$Lambda$94
instanceKlass javax/swing/plaf/metal/MetalLookAndFeel$$Lambda$93
instanceKlass javax/swing/plaf/metal/MetalLookAndFeel$$Lambda$92
instanceKlass javax/swing/plaf/metal/MetalLookAndFeel$$Lambda$91
instanceKlass javax/swing/plaf/metal/MetalLookAndFeel$$Lambda$90
instanceKlass javax/swing/plaf/metal/MetalLookAndFeel$$Lambda$89
instanceKlass javax/swing/plaf/metal/MetalLookAndFeel$$Lambda$88
instanceKlass javax/swing/plaf/metal/MetalLookAndFeel$$Lambda$87
instanceKlass javax/swing/plaf/metal/MetalLookAndFeel$$Lambda$86
instanceKlass javax/swing/plaf/metal/MetalLookAndFeel$$Lambda$85
instanceKlass javax/swing/plaf/metal/MetalLookAndFeel$$Lambda$84
instanceKlass javax/swing/plaf/metal/MetalLookAndFeel$$Lambda$83
instanceKlass javax/swing/plaf/metal/MetalLookAndFeel$$Lambda$82
instanceKlass javax/swing/plaf/metal/MetalLookAndFeel$$Lambda$81
instanceKlass javax/swing/plaf/metal/MetalLookAndFeel$$Lambda$80
instanceKlass javax/swing/plaf/metal/MetalLookAndFeel$$Lambda$79
instanceKlass javax/swing/plaf/metal/MetalLookAndFeel$$Lambda$78
instanceKlass javax/swing/plaf/metal/MetalLookAndFeel$$Lambda$77
instanceKlass javax/swing/plaf/metal/MetalLookAndFeel$$Lambda$76
instanceKlass javax/swing/plaf/metal/MetalLookAndFeel$$Lambda$75
instanceKlass javax/swing/plaf/metal/MetalLookAndFeel$$Lambda$74
instanceKlass javax/swing/plaf/metal/MetalLookAndFeel$$Lambda$73
instanceKlass javax/swing/plaf/metal/MetalLookAndFeel$FontActiveValue
instanceKlass javax/swing/plaf/metal/MetalLookAndFeel$$Lambda$72
instanceKlass javax/swing/plaf/metal/MetalLookAndFeel$$Lambda$71
instanceKlass javax/swing/plaf/metal/MetalLookAndFeel$$Lambda$70
instanceKlass javax/swing/plaf/metal/MetalLookAndFeel$$Lambda$69
instanceKlass javax/swing/plaf/metal/MetalLookAndFeel$$Lambda$68
instanceKlass javax/swing/plaf/metal/MetalLookAndFeel$$Lambda$67
instanceKlass javax/swing/plaf/metal/MetalLookAndFeel$$Lambda$66
instanceKlass javax/swing/plaf/metal/MetalLookAndFeel$$Lambda$65
instanceKlass javax/swing/plaf/metal/MetalLookAndFeel$$Lambda$64
instanceKlass javax/swing/plaf/metal/MetalLookAndFeel$$Lambda$63
instanceKlass javax/swing/plaf/metal/MetalLookAndFeel$$Lambda$62
instanceKlass javax/swing/plaf/metal/MetalLookAndFeel$$Lambda$61
instanceKlass javax/swing/plaf/metal/MetalLookAndFeel$$Lambda$60
instanceKlass javax/swing/plaf/metal/MetalLookAndFeel$$Lambda$59
instanceKlass javax/swing/plaf/metal/MetalLookAndFeel$$Lambda$58
instanceKlass javax/swing/plaf/metal/MetalLookAndFeel$$Lambda$57
instanceKlass java/lang/Character$CharacterCache
instanceKlass javax/swing/plaf/basic/BasicLookAndFeel$$Lambda$56
instanceKlass javax/swing/plaf/basic/BasicLookAndFeel$$Lambda$55
instanceKlass javax/swing/plaf/basic/BasicLookAndFeel$$Lambda$54
instanceKlass javax/swing/plaf/basic/BasicLookAndFeel$$Lambda$53
instanceKlass javax/swing/plaf/basic/BasicLookAndFeel$$Lambda$52
instanceKlass javax/swing/plaf/basic/BasicLookAndFeel$$Lambda$51
instanceKlass javax/swing/UIDefaults$LazyInputMap
instanceKlass javax/swing/plaf/basic/BasicLookAndFeel$$Lambda$50
instanceKlass javax/swing/plaf/basic/BasicLookAndFeel$$Lambda$49
instanceKlass javax/swing/plaf/basic/BasicLookAndFeel$$Lambda$48
instanceKlass javax/swing/plaf/basic/BasicLookAndFeel$$Lambda$47
instanceKlass javax/swing/plaf/basic/BasicLookAndFeel$$Lambda$46
instanceKlass javax/swing/plaf/basic/BasicLookAndFeel$$Lambda$45
instanceKlass javax/swing/plaf/basic/BasicLookAndFeel$$Lambda$44
instanceKlass java/awt/geom/Dimension2D
instanceKlass javax/swing/plaf/basic/BasicLookAndFeel$$Lambda$43
instanceKlass javax/swing/plaf/basic/BasicLookAndFeel$$Lambda$42
instanceKlass javax/swing/plaf/basic/BasicLookAndFeel$$Lambda$41
instanceKlass javax/swing/plaf/basic/BasicLookAndFeel$$Lambda$40
instanceKlass javax/swing/plaf/basic/BasicLookAndFeel$$Lambda$39
instanceKlass javax/swing/plaf/basic/BasicLookAndFeel$$Lambda$38
instanceKlass javax/swing/plaf/basic/BasicLookAndFeel$$Lambda$37
instanceKlass javax/swing/plaf/basic/BasicLookAndFeel$$Lambda$36
instanceKlass javax/swing/plaf/basic/BasicLookAndFeel$2
instanceKlass javax/swing/plaf/basic/BasicLookAndFeel$$Lambda$35
instanceKlass java/lang/invoke/LambdaForm$MH
instanceKlass java/lang/invoke/LambdaForm$DMH
instanceKlass java/lang/invoke/LambdaForm$DMH
instanceKlass sun/swing/SwingUtilities2$$Lambda$34
instanceKlass java/lang/invoke/LambdaForm$DMH
instanceKlass javax/swing/plaf/basic/BasicLookAndFeel$$Lambda$33
instanceKlass javax/swing/plaf/basic/BasicLookAndFeel$$Lambda$32
instanceKlass javax/swing/plaf/basic/BasicLookAndFeel$$Lambda$31
instanceKlass java/lang/invoke/LambdaForm$MH
instanceKlass javax/swing/plaf/basic/BasicLookAndFeel$$Lambda$30
instanceKlass javax/swing/border/AbstractBorder
instanceKlass javax/swing/border/Border
instanceKlass javax/swing/plaf/basic/BasicLookAndFeel$$Lambda$29
instanceKlass javax/swing/plaf/basic/BasicLookAndFeel$$Lambda$28
instanceKlass javax/swing/plaf/basic/BasicLookAndFeel$$Lambda$27
instanceKlass javax/swing/plaf/basic/BasicLookAndFeel$$Lambda$26
instanceKlass javax/swing/plaf/basic/BasicLookAndFeel$$Lambda$25
instanceKlass javax/swing/plaf/basic/BasicLookAndFeel$$Lambda$24
instanceKlass javax/swing/UIDefaults$ActiveValue
instanceKlass javax/swing/plaf/basic/BasicLookAndFeel$$Lambda$23
instanceKlass javax/swing/plaf/basic/BasicLookAndFeel$$Lambda$22
instanceKlass javax/swing/plaf/basic/BasicLookAndFeel$$Lambda$21
instanceKlass javax/swing/plaf/basic/BasicLookAndFeel$$Lambda$20
instanceKlass javax/swing/plaf/basic/BasicLookAndFeel$$Lambda$19
instanceKlass javax/swing/UIDefaults$LazyValue
instanceKlass javax/swing/plaf/metal/DefaultMetalTheme$FontDelegate
instanceKlass javax/swing/plaf/UIResource
instanceKlass javax/swing/plaf/metal/MetalTheme
instanceKlass sun/swing/DefaultLookup
instanceKlass javax/swing/LookAndFeel
instanceKlass javax/swing/UIManager$1
instanceKlass sun/swing/SwingAccessor
instanceKlass javax/swing/UIDefaults$$Lambda$18
instanceKlass sun/swing/SwingAccessor$UIDefaultsAccessor
instanceKlass javax/swing/UIManager$LAFState
instanceKlass javax/swing/SwingUtilities
instanceKlass javax/swing/SwingConstants
instanceKlass sun/swing/SwingUtilities2$LSBCacheEntry
instanceKlass sun/swing/StringUIClientPropertyKey
instanceKlass javax/swing/UIClientPropertyKey
instanceKlass java/awt/font/FontRenderContext
instanceKlass sun/swing/SwingUtilities2
instanceKlass java/util/IdentityHashMap$IdentityHashMapIterator
instanceKlass sun/awt/PostEventQueue
instanceKlass sun/awt/MostRecentKeyValue
instanceKlass java/lang/invoke/LambdaForm$BMH
instanceKlass java/lang/invoke/LambdaForm$BMH
instanceKlass java/lang/invoke/LambdaForm$BMH
instanceKlass java/lang/invoke/LambdaForm$BMH
instanceKlass java/lang/invoke/LambdaForm$BMH
instanceKlass java/lang/invoke/LambdaForm$BMH
instanceKlass java/awt/Queue
instanceKlass java/awt/EventQueue$2
instanceKlass sun/awt/AWTAccessor$EventQueueAccessor
instanceKlass java/awt/EventQueue$1
instanceKlass java/awt/EventQueue
instanceKlass sun/awt/AppContext$1
instanceKlass sun/awt/AppContext$2
instanceKlass sun/awt/AppContext$3
instanceKlass sun/awt/AppContext$6
instanceKlass jdk/internal/misc/JavaAWTAccess
instanceKlass sun/awt/AppContext$GetAppContextLock
instanceKlass sun/awt/AppContext
instanceKlass java/awt/Toolkit$DesktopPropertyChangeSupport$1
instanceKlass java/util/ComparableTimSort
instanceKlass java/util/Arrays$LegacyMergeSort
instanceKlass sun/awt/SunHints$Value
instanceKlass java/lang/invoke/LambdaForm$BMH
instanceKlass java/lang/invoke/LambdaForm$BMH
instanceKlass java/lang/invoke/LambdaForm$BMH
instanceKlass java/lang/invoke/LambdaForm$BMH
instanceKlass java/lang/invoke/LambdaForm$BMH
instanceKlass java/lang/invoke/LambdaForm$BMH
instanceKlass java/lang/invoke/LambdaForm$BMH
instanceKlass java/lang/invoke/LambdaForm$BMH
instanceKlass java/lang/invoke/LambdaForm$BMH
instanceKlass java/lang/invoke/LambdaForm$BMH
instanceKlass java/lang/invoke/LambdaForm$BMH
instanceKlass java/lang/invoke/LambdaForm$BMH
instanceKlass java/lang/invoke/LambdaForm$BMH
instanceKlass java/lang/invoke/LambdaForm$BMH
instanceKlass java/lang/invoke/LambdaForm$BMH
instanceKlass java/lang/invoke/LambdaForm$BMH
instanceKlass java/lang/invoke/LambdaForm$BMH
instanceKlass java/awt/RenderingHints$Key
instanceKlass sun/awt/SunHints
instanceKlass java/awt/RenderingHints
instanceKlass sun/awt/windows/WDesktopProperties$WinPlaySound
instanceKlass java/awt/Color
instanceKlass java/awt/Paint
instanceKlass java/lang/invoke/LambdaForm$BMH
instanceKlass java/lang/invoke/LambdaForm$BMH
instanceKlass java/lang/invoke/LambdaForm$BMH
instanceKlass java/lang/invoke/LambdaForm$BMH
instanceKlass java/lang/invoke/LambdaForm$BMH
instanceKlass java/lang/invoke/LambdaForm$BMH
instanceKlass java/lang/invoke/LambdaForm$BMH
instanceKlass java/lang/invoke/LambdaForm$BMH
instanceKlass java/lang/invoke/LambdaForm$BMH
instanceKlass java/lang/invoke/LambdaForm$BMH
instanceKlass java/lang/invoke/LambdaForm$BMH
instanceKlass java/lang/invoke/LambdaForm$BMH
instanceKlass java/util/concurrent/locks/ReentrantReadWriteLock$WriteLock
instanceKlass java/util/concurrent/locks/ReentrantReadWriteLock$ReadLock
instanceKlass java/util/concurrent/locks/ReentrantReadWriteLock
instanceKlass java/util/concurrent/locks/ReadWriteLock
instanceKlass sun/awt/windows/ThemeReader
instanceKlass sun/awt/windows/WDesktopProperties
instanceKlass java/lang/invoke/LambdaForm$BMH
instanceKlass java/lang/invoke/LambdaForm$DMH
instanceKlass java/lang/invoke/LambdaForm$BMH
instanceKlass java/lang/invoke/LambdaForm$DMH
instanceKlass java/lang/invoke/LambdaForm$BMH
instanceKlass java/lang/invoke/LambdaForm$BMH
instanceKlass java/lang/invoke/LambdaForm$BMH
instanceKlass java/lang/invoke/LambdaForm$BMH
instanceKlass java/lang/invoke/LambdaForm$BMH
instanceKlass java/lang/Shutdown$Lock
instanceKlass java/lang/Shutdown
instanceKlass java/lang/ApplicationShutdownHooks$1
instanceKlass java/lang/ApplicationShutdownHooks
instanceKlass sun/awt/windows/WToolkit$$Lambda$17
instanceKlass java/lang/invoke/LambdaForm$DMH
instanceKlass sun/awt/windows/WToolkit$$Lambda$16
instanceKlass sun/awt/windows/WToolkit$$Lambda$15
instanceKlass sun/awt/windows/WToolkit$$Lambda$14
instanceKlass sun/awt/AWTAutoShutdown$$Lambda$13
instanceKlass sun/awt/AWTAutoShutdown
instanceKlass sun/awt/util/ThreadGroupUtils
instanceKlass sun/java2d/Disposer$$Lambda$12
instanceKlass sun/java2d/Disposer$1
instanceKlass sun/java2d/Disposer
instanceKlass sun/awt/windows/WToolkit$ToolkitDisposer
instanceKlass sun/java2d/DisposerRecord
instanceKlass java/lang/invoke/LambdaForm$MH
instanceKlass java/lang/invoke/LambdaForm$BMH
instanceKlass java/lang/invoke/LambdaForm$BMH
instanceKlass java/lang/invoke/LambdaForm$BMH
instanceKlass java/lang/invoke/LambdaForm$BMH
instanceKlass java/lang/invoke/LambdaForm$BMH
instanceKlass java/lang/invoke/LambdaForm$BMH
instanceKlass java/lang/invoke/LambdaForm$BMH
instanceKlass java/lang/invoke/LambdaForm$BMH
instanceKlass java/lang/invoke/LambdaForm$BMH
instanceKlass java/lang/invoke/LambdaForm$BMH
instanceKlass java/lang/invoke/LambdaForm$BMH
instanceKlass java/lang/invoke/LambdaForm$BMH
instanceKlass java/lang/invoke/LambdaForm$BMH
instanceKlass sun/awt/util/PerformanceLogger$TimeData
instanceKlass sun/awt/util/PerformanceLogger
instanceKlass sun/awt/SunToolkit$ModalityListenerList
instanceKlass sun/awt/ModalityListener
instanceKlass java/beans/PropertyChangeListener
instanceKlass java/beans/ChangeListenerMap
instanceKlass java/beans/PropertyChangeSupport
instanceKlass sun/awt/windows/WToolkit$2
instanceKlass sun/util/logging/PlatformLogger$ConfigurableBridge$LoggerConfiguration
instanceKlass jdk/internal/logger/BootstrapLogger$RedirectedLoggers
instanceKlass javax/swing/event/EventListenerList
instanceKlass sun/awt/windows/WDesktopPeer
instanceKlass java/awt/peer/DesktopPeer
instanceKlass java/awt/Component$DummyRequestFocusController
instanceKlass sun/awt/RequestFocusController
instanceKlass java/awt/Component$1
instanceKlass sun/awt/AWTAccessor$ComponentAccessor
instanceKlass java/awt/font/JavaAWTFontAccessImpl
instanceKlass jdk/internal/misc/JavaAWTFontAccess
instanceKlass java/text/AttributedCharacterIterator$Attribute
instanceKlass sun/font/AttributeValues
instanceKlass java/awt/geom/AffineTransform
instanceKlass sun/font/FontAccess
instanceKlass java/awt/Font
instanceKlass sun/awt/windows/WObjectPeer
instanceKlass java/awt/dnd/peer/DropTargetPeer
instanceKlass java/awt/peer/ComponentPeer
instanceKlass java/awt/event/InputEvent$1
instanceKlass sun/awt/AWTAccessor$InputEventAccessor
instanceKlass java/awt/event/NativeLibLoader$1
instanceKlass java/awt/event/NativeLibLoader
instanceKlass java/awt/AWTEvent$1
instanceKlass sun/awt/AWTAccessor$AWTEventAccessor
instanceKlass java/util/EventObject
instanceKlass java/awt/Component$AWTTreeLock
instanceKlass java/awt/Component
instanceKlass java/awt/MenuContainer
instanceKlass java/awt/image/ImageObserver
instanceKlass sun/awt/DisplayChangedListener
instanceKlass java/util/EventListener
instanceKlass sun/awt/image/SurfaceManager
instanceKlass sun/awt/image/SurfaceManager$ImageAccessor
instanceKlass java/awt/ImageCapabilities
instanceKlass java/awt/Image
instanceKlass sun/java2d/DestSurfaceProvider
instanceKlass sun/java2d/loops/RenderCache$Entry
instanceKlass sun/java2d/loops/RenderCache
instanceKlass sun/java2d/pipe/DrawImage
instanceKlass sun/java2d/pipe/GeneralCompositePipe
instanceKlass sun/java2d/pipe/SpanShapeRenderer
instanceKlass sun/java2d/pipe/AlphaPaintPipe
instanceKlass sun/java2d/pipe/AAShapePipe
instanceKlass sun/java2d/pipe/RegionIterator
instanceKlass sun/java2d/pipe/Region
instanceKlass sun/java2d/pipe/SpanClipRenderer
instanceKlass sun/java2d/pipe/PixelToShapeConverter
instanceKlass sun/java2d/pipe/AlphaColorPipe
instanceKlass sun/java2d/pipe/CompositePipe
instanceKlass sun/java2d/pipe/GlyphListPipe
instanceKlass sun/java2d/pipe/OutlineTextRenderer
instanceKlass java/util/concurrent/ConcurrentLinkedQueue$Node
instanceKlass sun/java2d/ReentrantContextProvider
instanceKlass sun/java2d/marlin/FloatMath
instanceKlass sun/java2d/marlin/MarlinProperties
instanceKlass sun/java2d/marlin/MarlinConst
instanceKlass sun/java2d/pipe/RenderingEngine
instanceKlass sun/java2d/pipe/LoopPipe
instanceKlass sun/java2d/pipe/LoopBasedPipe
instanceKlass sun/java2d/pipe/ParallelogramPipe
instanceKlass sun/java2d/pipe/NullPipe
instanceKlass sun/java2d/pipe/DrawImagePipe
instanceKlass sun/java2d/pipe/TextPipe
instanceKlass sun/java2d/pipe/ShapeDrawPipe
instanceKlass sun/java2d/pipe/PixelFillPipe
instanceKlass sun/java2d/pipe/PixelDrawPipe
instanceKlass sun/java2d/StateTrackableDelegate$2
instanceKlass sun/java2d/StateTrackableDelegate
instanceKlass java/awt/color/ICC_Profile$1
instanceKlass sun/java2d/cmm/ProfileActivator
instanceKlass sun/java2d/cmm/ProfileDeferralMgr
instanceKlass java/awt/color/ICC_Profile
instanceKlass java/awt/color/ColorSpace
instanceKlass java/awt/image/ColorModel$1
instanceKlass java/awt/image/ColorModel
instanceKlass sun/awt/image/PixelConverter
instanceKlass sun/java2d/loops/SurfaceType
instanceKlass sun/java2d/SurfaceData
instanceKlass sun/java2d/Surface
instanceKlass sun/java2d/StateTrackable
instanceKlass sun/java2d/DisposerTarget
instanceKlass java/awt/Transparency
instanceKlass sun/awt/windows/WToolkit$1
instanceKlass jdk/internal/logger/LazyLoggers$LazyLoggerAccessor
instanceKlass jdk/internal/logger/LazyLoggers$LoggerAccessor
instanceKlass jdk/internal/logger/AbstractLoggerWrapper
instanceKlass java/util/ServiceLoader$ProviderImpl
instanceKlass java/util/ServiceLoader$Provider
instanceKlass java/util/ServiceLoader$1
instanceKlass sun/util/logging/internal/LoggingProviderImpl$LogManagerAccess
instanceKlass java/util/concurrent/CopyOnWriteArrayList$COWIterator
instanceKlass java/io/Reader
instanceKlass jdk/internal/loader/URLClassPath$1
instanceKlass java/lang/CompoundEnumeration
instanceKlass jdk/internal/loader/BuiltinClassLoader$1
instanceKlass java/util/Collections$EmptyEnumeration
instanceKlass jdk/internal/jimage/ImageLocation
instanceKlass jdk/internal/loader/BuiltinClassLoader$2
instanceKlass jdk/internal/loader/AbstractClassLoaderValue$Memoizer
instanceKlass java/util/ServiceLoader$3
instanceKlass java/util/ServiceLoader$2
instanceKlass java/util/ServiceLoader$LazyClassPathLookupIterator
instanceKlass java/util/Spliterators$1Adapter
instanceKlass java/util/function/Consumer
instanceKlass sun/reflect/annotation/AnnotationParser
instanceKlass java/lang/Class$3
instanceKlass java/lang/PublicMethods$Key
instanceKlass java/lang/PublicMethods$MethodList
instanceKlass java/util/EnumMap$1
instanceKlass java/util/stream/StreamOpFlag$MaskBuilder
instanceKlass java/util/stream/PipelineHelper
instanceKlass java/util/stream/StreamSupport
instanceKlass java/util/Spliterator$OfDouble
instanceKlass java/util/Spliterator$OfLong
instanceKlass java/util/Spliterator$OfInt
instanceKlass java/util/Spliterator$OfPrimitive
instanceKlass java/util/Spliterators$EmptySpliterator
instanceKlass java/util/Spliterator
instanceKlass java/util/Spliterators
instanceKlass java/util/stream/Stream
instanceKlass java/util/stream/BaseStream
instanceKlass java/util/ServiceLoader$ModuleServicesLookupIterator
instanceKlass java/util/ServiceLoader
instanceKlass java/lang/System$LoggerFinder
instanceKlass jdk/internal/logger/BootstrapLogger$DetectBackend$1
instanceKlass jdk/internal/logger/BootstrapLogger$DetectBackend
instanceKlass jdk/internal/logger/BootstrapLogger
instanceKlass sun/util/logging/PlatformLogger$ConfigurableBridge
instanceKlass sun/util/logging/PlatformLogger$Bridge
instanceKlass java/lang/System$Logger
instanceKlass jdk/internal/logger/LazyLoggers$LazyLoggerFactories
instanceKlass jdk/internal/logger/LazyLoggers$1
instanceKlass jdk/internal/logger/LazyLoggers
instanceKlass sun/util/logging/PlatformLogger
instanceKlass java/util/Collections$SynchronizedMap
instanceKlass sun/awt/WeakIdentityHashMap
instanceKlass java/util/concurrent/locks/AbstractQueuedSynchronizer$ConditionObject
instanceKlass java/util/concurrent/locks/Condition
instanceKlass java/util/concurrent/locks/AbstractQueuedSynchronizer$Node
instanceKlass java/util/concurrent/locks/AbstractOwnableSynchronizer
instanceKlass sun/awt/KeyboardFocusManagerPeerProvider
instanceKlass sun/awt/InputMethodSupport
instanceKlass sun/awt/ComponentFactory
instanceKlass java/awt/Toolkit$2
instanceKlass java/awt/GraphicsEnvironment$$Lambda$11
instanceKlass java/awt/GraphicsEnvironment
instanceKlass java/awt/Insets
instanceKlass java/lang/invoke/LambdaForm$BMH
instanceKlass java/lang/invoke/LambdaForm$DMH
instanceKlass java/lang/invoke/LambdaForm$BMH
instanceKlass java/lang/invoke/LambdaForm$DMH
instanceKlass java/lang/invoke/LambdaForm$BMH
instanceKlass java/lang/invoke/LambdaForm$DMH
instanceKlass java/lang/invoke/LambdaForm$BMH
instanceKlass java/lang/invoke/LambdaForm$DMH
instanceKlass java/lang/invoke/LambdaForm$BMH
instanceKlass java/lang/invoke/LambdaForm$DMH
instanceKlass java/lang/invoke/LambdaForm$BMH
instanceKlass java/lang/invoke/LambdaForm$DMH
instanceKlass java/lang/invoke/LambdaForm$BMH
instanceKlass java/lang/invoke/LambdaForm$DMH
instanceKlass java/lang/invoke/LambdaForm$BMH
instanceKlass java/lang/invoke/LambdaForm$DMH
instanceKlass java/lang/invoke/LambdaForm$BMH
instanceKlass java/lang/invoke/LambdaForm$BMH
instanceKlass java/lang/invoke/LambdaForm$BMH
instanceKlass java/lang/invoke/LambdaForm$BMH
instanceKlass java/lang/invoke/LambdaForm$BMH
instanceKlass java/lang/invoke/LambdaForm$BMH
instanceKlass java/lang/invoke/LambdaForm$BMH
instanceKlass java/lang/invoke/LambdaForm$BMH
instanceKlass java/lang/invoke/LambdaForm$BMH
instanceKlass java/lang/invoke/LambdaForm$BMH
instanceKlass java/lang/invoke/LambdaForm$BMH
instanceKlass java/lang/invoke/LambdaForm$BMH
instanceKlass java/lang/invoke/LambdaForm$BMH
instanceKlass java/lang/invoke/LambdaForm$BMH
instanceKlass java/lang/invoke/LambdaForm$BMH
instanceKlass java/lang/invoke/LambdaForm$BMH
instanceKlass java/lang/invoke/LambdaForm$BMH
instanceKlass java/lang/invoke/LambdaForm$BMH
instanceKlass java/lang/invoke/LambdaForm$BMH
instanceKlass java/lang/invoke/LambdaForm$BMH
instanceKlass java/lang/invoke/LambdaForm$BMH
instanceKlass java/lang/invoke/LambdaForm$BMH
instanceKlass java/lang/invoke/LambdaForm$BMH
instanceKlass java/lang/invoke/LambdaForm$BMH
instanceKlass java/lang/invoke/LambdaForm$BMH
instanceKlass java/lang/invoke/LambdaForm$BMH
instanceKlass java/lang/invoke/LambdaForm$BMH
instanceKlass java/lang/invoke/LambdaForm$BMH
instanceKlass java/lang/invoke/LambdaForm$BMH
instanceKlass java/lang/invoke/LambdaForm$BMH
instanceKlass java/lang/invoke/LambdaForm$BMH
instanceKlass java/lang/invoke/LambdaForm$BMH
instanceKlass java/lang/invoke/LambdaForm$BMH
instanceKlass java/lang/invoke/LambdaForm$BMH
instanceKlass java/lang/invoke/LambdaForm$BMH
instanceKlass java/lang/invoke/LambdaForm$BMH
instanceKlass java/lang/invoke/LambdaForm$BMH
instanceKlass java/awt/Toolkit$1
instanceKlass java/awt/Toolkit$3
instanceKlass jdk/internal/module/SystemModuleFinder$ImageModuleReader$$Lambda$10
instanceKlass jdk/internal/jimage/decompressor/Decompressor
instanceKlass jdk/internal/jimage/ImageStringsReader
instanceKlass jdk/internal/jimage/ImageStrings
instanceKlass jdk/internal/jimage/ImageHeader
instanceKlass jdk/internal/jimage/NativeImageBuffer$1
instanceKlass jdk/internal/jimage/NativeImageBuffer
instanceKlass jdk/internal/jimage/BasicImageReader$1
instanceKlass jdk/internal/jimage/BasicImageReader
instanceKlass jdk/internal/jimage/ImageReader
instanceKlass jdk/internal/jimage/ImageReaderFactory$1
instanceKlass jdk/internal/jimage/ImageReaderFactory
instanceKlass jdk/internal/module/SystemModuleFinder$SystemImage
instanceKlass jdk/internal/module/SystemModuleFinder$ImageModuleReader
instanceKlass jdk/internal/loader/BuiltinClassLoader$$Lambda$9
instanceKlass java/lang/module/ModuleReader
instanceKlass jdk/internal/module/Checks
instanceKlass jdk/internal/module/Resources
instanceKlass java/lang/invoke/LambdaForm$MH
instanceKlass java/util/ResourceBundle$ResourceBundleProviderHelper$$Lambda$8
instanceKlass java/util/ResourceBundle$ResourceBundleProviderHelper$$Lambda$7
instanceKlass java/lang/Class$$Lambda$6
instanceKlass java/security/AccessController$1
instanceKlass sun/security/action/GetBooleanAction
instanceKlass sun/security/util/SecurityConstants
instanceKlass java/lang/invoke/LambdaForm$MH
instanceKlass java/util/ResourceBundle$ResourceBundleProviderHelper$$Lambda$5
instanceKlass java/util/ResourceBundle$ResourceBundleProviderHelper
instanceKlass java/util/ResourceBundle$3
instanceKlass java/util/LinkedList$Node
instanceKlass java/util/ResourceBundle$CacheKeyReference
instanceKlass java/util/ResourceBundle$CacheKey
instanceKlass java/util/ResourceBundle$$Lambda$4
instanceKlass java/util/ResourceBundle$Control
instanceKlass java/util/ResourceBundle$1
instanceKlass jdk/internal/misc/JavaUtilResourceBundleAccess
instanceKlass java/util/ResourceBundle
instanceKlass java/awt/Toolkit$5
instanceKlass sun/awt/AWTAccessor
instanceKlass java/awt/Toolkit$4
instanceKlass sun/awt/AWTAccessor$ToolkitAccessor
instanceKlass java/awt/Toolkit
instanceKlass sun/awt/OSInfo$1
instanceKlass java/lang/invoke/LambdaForm$MH
instanceKlass java/lang/invoke/LambdaForm$BMH
instanceKlass sun/invoke/util/ValueConversions$WrapperCache
instanceKlass java/lang/invoke/LambdaForm$BMH
instanceKlass java/lang/invoke/MethodHandles$1
instanceKlass java/lang/Byte$ByteCache
instanceKlass java/lang/invoke/LambdaForm$BMH
instanceKlass java/lang/invoke/LambdaForm$BMH
instanceKlass java/lang/invoke/LambdaForm$BMH
instanceKlass java/lang/invoke/LambdaForm$BMH
instanceKlass java/lang/invoke/LambdaForm$BMH
instanceKlass java/lang/invoke/LambdaForm$BMH
instanceKlass java/lang/invoke/LambdaForm$BMH
instanceKlass java/lang/invoke/LambdaForm$BMH
instanceKlass java/lang/invoke/LambdaForm$BMH
instanceKlass java/lang/invoke/LambdaForm$BMH
instanceKlass java/lang/invoke/LambdaForm$BMH
instanceKlass java/lang/invoke/LambdaForm$BMH
instanceKlass java/lang/invoke/LambdaForm$BMH
instanceKlass java/lang/invoke/LambdaForm$BMH
instanceKlass java/lang/invoke/LambdaForm$BMH
instanceKlass java/lang/ClassValue$Version
instanceKlass java/lang/ClassValue$Identity
instanceKlass java/lang/ClassValue
instanceKlass java/lang/invoke/StringConcatFactory$Stringifiers
instanceKlass java/lang/StringConcatHelper
instanceKlass java/lang/invoke/StringConcatFactory$MethodHandleInlineCopyStrategy$3
instanceKlass java/lang/invoke/StringConcatFactory$MethodHandleInlineCopyStrategy$2
instanceKlass java/lang/invoke/StringConcatFactory$MethodHandleInlineCopyStrategy$1
instanceKlass java/lang/invoke/StringConcatFactory$MethodHandleInlineCopyStrategy
instanceKlass java/lang/invoke/StringConcatFactory$RecipeElement
instanceKlass java/lang/invoke/StringConcatFactory$Recipe
instanceKlass java/lang/invoke/StringConcatFactory$1
instanceKlass java/lang/invoke/LambdaForm$BMH
instanceKlass java/lang/invoke/LambdaForm$BMH
instanceKlass java/lang/invoke/StringConcatFactory
instanceKlass sun/awt/OSInfo$WindowsVersion
instanceKlass sun/awt/OSInfo
instanceKlass javax/swing/UIManager$LookAndFeelInfo
instanceKlass javax/swing/UIManager
instanceKlass ui/PlanAhead
instanceKlass ui/frmwork/b/k
instanceKlass ui/frmwork/b/b
instanceKlass java/security/SecureClassLoader$DebugHolder
instanceKlass java/io/FilePermissionCollection$1
instanceKlass java/security/Permissions$1
instanceKlass sun/security/util/FilePermCompat
instanceKlass java/io/FilePermission$1
instanceKlass jdk/internal/misc/JavaIOFilePermissionAccess
instanceKlass sun/net/www/MessageHeader
instanceKlass java/net/URLConnection
instanceKlass java/security/PermissionCollection
instanceKlass java/security/SecureClassLoader$1
instanceKlass java/security/SecureClassLoader$CodeSourceKey
instanceKlass sun/nio/ByteBuffered
instanceKlass sun/security/util/ManifestEntryVerifier
instanceKlass java/lang/Package$VersionInfo
instanceKlass java/lang/NamedPackage
instanceKlass jdk/internal/loader/Resource
instanceKlass java/util/StringTokenizer
instanceKlass java/util/jar/JarVerifier$3
instanceKlass java/util/Enumeration
instanceKlass java/security/CodeSigner
instanceKlass sun/security/util/Debug
instanceKlass java/util/jar/JarVerifier
instanceKlass java/util/jar/Attributes$Name
instanceKlass java/util/jar/Attributes
instanceKlass java/util/zip/ZStreamRef
instanceKlass java/util/zip/Inflater
instanceKlass java/util/zip/ZipEntry
instanceKlass jdk/internal/util/jar/JarIndex
instanceKlass jdk/internal/perf/PerfCounter$CoreCounters
instanceKlass java/util/zip/ZipUtils
instanceKlass java/util/zip/ZipFile$Source$End
instanceKlass java/lang/invoke/VarHandleGuards
instanceKlass java/lang/invoke/VarHandle$TypesAndInvokers
instanceKlass java/lang/invoke/VarForm
instanceKlass jdk/internal/util/Preconditions$1
instanceKlass java/lang/invoke/VarHandle$1
instanceKlass java/lang/invoke/VarHandles
instanceKlass java/util/concurrent/atomic/AtomicBoolean
instanceKlass java/io/RandomAccessFile$2
instanceKlass jdk/internal/misc/JavaIORandomAccessFileAccess
instanceKlass java/io/RandomAccessFile
instanceKlass java/io/DataInput
instanceKlass java/io/DataOutput
instanceKlass java/nio/file/attribute/FileTime
instanceKlass java/nio/file/FileSystems$DefaultFileSystemHolder$1
instanceKlass java/nio/file/FileSystems$DefaultFileSystemHolder
instanceKlass java/util/zip/ZipFile$Source$Key
instanceKlass java/util/zip/ZipFile$Source
instanceKlass java/util/zip/ZipCoder
instanceKlass java/nio/charset/StandardCharsets
instanceKlass java/lang/Runtime$Version
instanceKlass java/util/jar/JavaUtilJarAccessImpl
instanceKlass jdk/internal/misc/JavaUtilJarAccess
instanceKlass java/util/BitSet
instanceKlass jdk/internal/loader/FileURLMapper
instanceKlass jdk/internal/loader/URLClassPath$JarLoader$1
instanceKlass java/util/zip/ZipFile$1
instanceKlass jdk/internal/misc/JavaUtilZipFileAccess
instanceKlass java/util/zip/ZipFile
instanceKlass java/util/zip/ZipConstants
instanceKlass jdk/internal/loader/URLClassPath$Loader
instanceKlass jdk/internal/loader/URLClassPath$3
instanceKlass sun/net/util/URLUtil
instanceKlass java/io/FileOutputStream$1
instanceKlass sun/usagetracker/UsageTrackerClient$2
instanceKlass java/util/TreeMap$Entry
instanceKlass java/lang/ProcessEnvironment$CheckedEntry
instanceKlass java/lang/ProcessEnvironment$CheckedEntrySet$1
instanceKlass java/util/NavigableMap
instanceKlass java/util/SortedMap
instanceKlass java/lang/ProcessEnvironment$EntryComparator
instanceKlass java/lang/ProcessEnvironment$NameComparator
instanceKlass sun/usagetracker/UsageTrackerClient$1
instanceKlass sun/usagetracker/UsageTrackerClient$3
instanceKlass sun/usagetracker/UsageTrackerClient
instanceKlass jdk/internal/vm/PostVMInitHook
instanceKlass jdk/internal/module/IllegalAccessLogger
instanceKlass jdk/internal/module/ModuleBootstrap$2
instanceKlass jdk/internal/module/IllegalAccessLogger$Builder
instanceKlass java/lang/invoke/LambdaForm$MH
instanceKlass java/lang/WeakPairMap$$Lambda$3
instanceKlass jdk/internal/org/objectweb/asm/FieldVisitor
instanceKlass java/lang/Module$$Lambda$2
instanceKlass java/util/function/BiFunction
instanceKlass java/lang/WeakPairMap$Pair$Lookup
instanceKlass java/lang/WeakPairMap$Pair
instanceKlass java/util/ArrayList$SubList$1
instanceKlass java/util/ListIterator
instanceKlass java/lang/invoke/LambdaForm$MH
instanceKlass java/lang/invoke/LambdaForm$MH
instanceKlass sun/invoke/util/Wrapper$1
instanceKlass java/lang/invoke/InnerClassLambdaMetafactory$1
instanceKlass jdk/internal/module/ModuleBootstrap$$Lambda$1
instanceKlass java/lang/invoke/InfoFromMemberName
instanceKlass java/lang/invoke/MethodHandleInfo
instanceKlass java/lang/invoke/AbstractValidatingLambdaMetafactory
instanceKlass java/lang/invoke/LambdaForm$BMH
instanceKlass java/lang/invoke/LambdaForm$BMH
instanceKlass java/lang/invoke/LambdaForm$BMH
instanceKlass java/lang/invoke/LambdaForm$BMH
instanceKlass java/lang/invoke/InvokerBytecodeGenerator$CpPatch
instanceKlass jdk/internal/org/objectweb/asm/AnnotationVisitor
instanceKlass jdk/internal/org/objectweb/asm/Frame
instanceKlass jdk/internal/org/objectweb/asm/Label
instanceKlass jdk/internal/org/objectweb/asm/Type
instanceKlass jdk/internal/org/objectweb/asm/MethodVisitor
instanceKlass jdk/internal/org/objectweb/asm/Item
instanceKlass jdk/internal/org/objectweb/asm/ByteVector
instanceKlass jdk/internal/org/objectweb/asm/ClassVisitor
instanceKlass jdk/internal/reflect/UnsafeFieldAccessorFactory
instanceKlass java/lang/invoke/BoundMethodHandle$Factory$1
instanceKlass java/lang/invoke/BoundMethodHandle$SpeciesData$1
instanceKlass java/lang/invoke/LambdaFormBuffer
instanceKlass java/lang/invoke/LambdaFormEditor
instanceKlass java/lang/invoke/DelegatingMethodHandle$Holder
instanceKlass java/lang/invoke/DirectMethodHandle$1
instanceKlass sun/invoke/util/BytecodeDescriptor
instanceKlass java/lang/invoke/BoundMethodHandle$Factory
instanceKlass java/lang/invoke/BoundMethodHandle$SpeciesData
instanceKlass sun/invoke/util/VerifyType
instanceKlass java/lang/invoke/MethodHandleImpl$1
instanceKlass jdk/internal/misc/JavaLangInvokeAccess
instanceKlass java/lang/invoke/MethodHandleImpl$LoopClauses
instanceKlass sun/invoke/empty/Empty
instanceKlass java/lang/invoke/Invokers$Holder
instanceKlass java/lang/invoke/VarHandle$AccessDescriptor
instanceKlass java/lang/invoke/InvokerBytecodeGenerator$2
instanceKlass java/lang/invoke/InvokerBytecodeGenerator
instanceKlass java/lang/invoke/LambdaForm$Holder
instanceKlass java/lang/invoke/Invokers
instanceKlass java/lang/invoke/MethodHandleImpl
instanceKlass sun/invoke/util/ValueConversions
instanceKlass java/lang/invoke/DirectMethodHandle$Holder
instanceKlass java/lang/invoke/LambdaForm$Name
instanceKlass java/lang/invoke/LambdaForm$NamedFunction
instanceKlass sun/invoke/util/Wrapper$Format
instanceKlass sun/invoke/util/VerifyAccess
instanceKlass java/lang/invoke/MemberName$Factory
instanceKlass java/lang/invoke/MethodHandles
instanceKlass java/lang/invoke/MethodTypeForm
instanceKlass java/lang/Void
instanceKlass java/lang/invoke/MethodType$ConcurrentWeakInternSet
instanceKlass java/lang/invoke/MethodHandles$Lookup
instanceKlass java/lang/invoke/LambdaMetafactory
instanceKlass java/lang/ModuleLayer$Controller
instanceKlass jdk/internal/module/ServicesCatalog$ServiceProvider
instanceKlass java/util/concurrent/CopyOnWriteArrayList
instanceKlass java/util/Collections$UnmodifiableCollection$1
instanceKlass jdk/internal/module/ModuleLoaderMap$Mapper
instanceKlass jdk/internal/module/ModuleLoaderMap
instanceKlass java/util/ArrayList$Itr
instanceKlass java/lang/module/ResolvedModule
instanceKlass java/lang/ModuleLayer
instanceKlass java/util/HashMap$HashIterator
instanceKlass java/util/Deque
instanceKlass java/util/Queue
instanceKlass jdk/internal/util/Preconditions
instanceKlass java/util/AbstractList$Itr
instanceKlass java/lang/module/ModuleFinder$2
instanceKlass java/lang/module/Resolver
instanceKlass java/lang/module/Configuration
instanceKlass java/util/Collections$1
instanceKlass java/util/ImmutableCollections$Set2$1
instanceKlass java/util/Collections$EmptyIterator
instanceKlass java/util/ImmutableCollections$SetN$1
instanceKlass jdk/internal/loader/BuiltinClassLoader$LoadedModule
instanceKlass java/lang/ClassLoader$ParallelLoaders
instanceKlass java/net/URLStreamHandler
instanceKlass sun/util/locale/LocaleUtils
instanceKlass java/util/Locale$LocaleKey
instanceKlass sun/util/locale/BaseLocale$Key
instanceKlass sun/util/locale/BaseLocale
instanceKlass sun/util/locale/LocaleObjectCache
instanceKlass java/util/Locale
instanceKlass sun/nio/fs/WindowsLinkSupport
instanceKlass java/net/URL$3
instanceKlass jdk/internal/misc/JavaNetURLAccess
instanceKlass java/net/URL$DefaultFactory
instanceKlass java/net/URLStreamHandlerFactory
instanceKlass jdk/internal/loader/URLClassPath
instanceKlass jdk/internal/loader/AbstractClassLoaderValue
instanceKlass jdk/internal/module/ServicesCatalog
instanceKlass jdk/internal/loader/BootLoader
instanceKlass java/util/Optional
instanceKlass jdk/internal/module/ModuleBootstrap$PerfCounters
instanceKlass jdk/internal/module/SystemModuleFinder$2
instanceKlass jdk/internal/module/ModuleHashes$HashSupplier
instanceKlass java/util/KeyValueHolder
instanceKlass jdk/internal/module/SystemModuleFinder$1
instanceKlass java/util/function/Supplier
instanceKlass java/lang/module/ModuleReference
instanceKlass jdk/internal/module/ModuleResolution
instanceKlass java/util/Collections$UnmodifiableMap
instanceKlass jdk/internal/module/ModuleHashes$Builder
instanceKlass jdk/internal/module/ModuleHashes
instanceKlass jdk/internal/module/ModuleTarget
instanceKlass java/lang/module/ModuleDescriptor$Version
instanceKlass java/lang/module/ModuleDescriptor$Provides
instanceKlass java/lang/module/ModuleDescriptor$Opens
instanceKlass java/lang/module/ModuleDescriptor$Exports
instanceKlass java/lang/module/ModuleDescriptor$Requires
instanceKlass jdk/internal/module/Builder
instanceKlass jdk/internal/module/SystemModules
instanceKlass sun/nio/ch/DirectBuffer
instanceKlass jdk/internal/perf/Perf
instanceKlass jdk/internal/perf/Perf$GetPerfAction
instanceKlass jdk/internal/perf/PerfCounter
instanceKlass jdk/internal/module/SystemModuleFinder
instanceKlass sun/nio/fs/WindowsNativeDispatcher$CompletionStatus
instanceKlass sun/nio/fs/WindowsNativeDispatcher$AclInformation
instanceKlass sun/nio/fs/WindowsNativeDispatcher$Account
instanceKlass sun/nio/fs/WindowsNativeDispatcher$DiskFreeSpace
instanceKlass sun/nio/fs/WindowsNativeDispatcher$VolumeInformation
instanceKlass sun/nio/fs/WindowsNativeDispatcher$FirstStream
instanceKlass sun/nio/fs/WindowsNativeDispatcher$FirstFile
instanceKlass sun/nio/fs/WindowsNativeDispatcher$1
instanceKlass sun/nio/fs/WindowsNativeDispatcher
instanceKlass sun/nio/fs/NativeBuffer$Deallocator
instanceKlass jdk/internal/misc/InnocuousThread$1
instanceKlass sun/nio/ch/Interruptible
instanceKlass java/security/Principal
instanceKlass java/security/ProtectionDomain$Key
instanceKlass java/security/ProtectionDomain$1
instanceKlass jdk/internal/misc/JavaSecurityProtectionDomainAccess
instanceKlass java/security/ProtectionDomain$JavaSecurityAccessImpl
instanceKlass jdk/internal/misc/JavaSecurityAccess
instanceKlass jdk/internal/ref/CleanerFactory$1$1
instanceKlass java/lang/ref/Cleaner$Cleanable
instanceKlass jdk/internal/ref/CleanerImpl
instanceKlass java/lang/ref/Cleaner$1
instanceKlass java/util/function/Function
instanceKlass java/lang/ref/Cleaner
instanceKlass jdk/internal/ref/CleanerFactory$1
instanceKlass java/util/concurrent/ThreadFactory
instanceKlass jdk/internal/ref/CleanerFactory
instanceKlass sun/nio/fs/NativeBuffer
instanceKlass sun/nio/fs/NativeBuffers
instanceKlass sun/nio/fs/WindowsFileAttributes
instanceKlass java/nio/file/attribute/DosFileAttributes
instanceKlass sun/nio/fs/AbstractBasicFileAttributeView
instanceKlass sun/nio/fs/DynamicFileAttributeView
instanceKlass sun/nio/fs/WindowsFileAttributeViews
instanceKlass sun/nio/fs/Util
instanceKlass java/nio/file/attribute/BasicFileAttributeView
instanceKlass java/nio/file/attribute/FileAttributeView
instanceKlass java/nio/file/attribute/AttributeView
instanceKlass java/nio/file/attribute/BasicFileAttributes
instanceKlass java/nio/file/Files
instanceKlass java/nio/file/CopyOption
instanceKlass java/nio/file/OpenOption
instanceKlass sun/nio/fs/WindowsPath
instanceKlass java/net/URI$Parser
instanceKlass java/net/URI$1
instanceKlass jdk/internal/misc/JavaNetUriAccess
instanceKlass java/net/URI
instanceKlass java/nio/file/FileSystems$BuiltinFileSystemHolder
instanceKlass sun/nio/fs/WindowsPathParser$Result
instanceKlass sun/nio/fs/WindowsPathParser
instanceKlass java/util/Collections$UnmodifiableCollection
instanceKlass java/util/Arrays$ArrayItr
instanceKlass java/nio/file/FileSystem
instanceKlass java/nio/file/spi/FileSystemProvider
instanceKlass sun/nio/fs/DefaultFileSystemProvider
instanceKlass java/nio/file/FileSystems
instanceKlass java/nio/file/Paths
instanceKlass java/lang/module/ModuleFinder
instanceKlass java/lang/module/ModuleDescriptor$1
instanceKlass jdk/internal/misc/JavaLangModuleAccess
instanceKlass java/lang/module/ModuleDescriptor
instanceKlass jdk/internal/module/ModulePatcher
instanceKlass jdk/internal/module/ModuleBootstrap
instanceKlass java/lang/CharacterData
instanceKlass java/lang/invoke/MethodHandleStatics
instanceKlass java/lang/System$2
instanceKlass jdk/internal/misc/JavaLangAccess
instanceKlass sun/io/Win32ErrorMode
instanceKlass jdk/internal/misc/OSEnvironment
instanceKlass java/lang/Integer$IntegerCache
instanceKlass jdk/internal/misc/Signal$NativeHandler
instanceKlass java/util/Hashtable$Entry
instanceKlass jdk/internal/misc/Signal
instanceKlass java/lang/Terminator$1
instanceKlass jdk/internal/misc/Signal$Handler
instanceKlass java/lang/Terminator
instanceKlass java/lang/ClassLoader$NativeLibrary
instanceKlass java/io/ExpiringCache$Entry
instanceKlass java/lang/ClassLoader$2
instanceKlass java/lang/StringCoding$StringEncoder
instanceKlass java/nio/file/Path
instanceKlass java/nio/file/Watchable
instanceKlass java/lang/Enum
instanceKlass sun/security/action/GetPropertyAction
instanceKlass java/io/ExpiringCache
instanceKlass java/io/FileSystem
instanceKlass java/io/DefaultFileSystem
instanceKlass java/nio/charset/CoderResult$Cache
instanceKlass java/nio/charset/CoderResult
instanceKlass java/lang/Readable
instanceKlass java/nio/Bits$1
instanceKlass jdk/internal/misc/JavaNioAccess
instanceKlass java/nio/ByteOrder
instanceKlass java/nio/Bits
instanceKlass java/nio/charset/CharsetEncoder
instanceKlass sun/nio/cs/ArrayEncoder
instanceKlass java/io/Writer
instanceKlass sun/reflect/misc/ReflectUtil
instanceKlass java/util/concurrent/atomic/AtomicReferenceFieldUpdater$AtomicReferenceFieldUpdaterImpl$1
instanceKlass java/security/PrivilegedExceptionAction
instanceKlass java/util/concurrent/atomic/AtomicReferenceFieldUpdater
instanceKlass java/io/OutputStream
instanceKlass java/io/Flushable
instanceKlass java/io/FileDescriptor$1
instanceKlass jdk/internal/misc/JavaIOFileDescriptorAccess
instanceKlass java/io/FileDescriptor
instanceKlass java/lang/VersionProps
instanceKlass java/util/ImmutableCollections
instanceKlass java/util/concurrent/ConcurrentHashMap$MapEntry
instanceKlass java/util/concurrent/ConcurrentHashMap$Traverser
instanceKlass java/util/Iterator
instanceKlass java/lang/reflect/Array
instanceKlass java/util/Collections$SynchronizedCollection
instanceKlass java/util/Collections
instanceKlass java/util/Properties$EntrySet
instanceKlass java/lang/StringCoding$Result
instanceKlass java/nio/charset/CodingErrorAction
instanceKlass java/nio/charset/CharsetDecoder
instanceKlass sun/nio/cs/ArrayDecoder
instanceKlass sun/nio/cs/DelegatableDecoder
instanceKlass sun/nio/cs/DoubleByte
instanceKlass java/lang/StringCoding$StringDecoder
instanceKlass java/lang/ThreadLocal$ThreadLocalMap
instanceKlass java/lang/StringCoding
instanceKlass java/lang/Class$1
instanceKlass sun/nio/cs/HistoricallyNamedCharset
instanceKlass java/lang/StringUTF16
instanceKlass java/lang/ThreadLocal
instanceKlass java/nio/charset/spi/CharsetProvider
instanceKlass java/nio/charset/Charset
instanceKlass jdk/internal/misc/VM
instanceKlass java/util/concurrent/locks/LockSupport
instanceKlass java/lang/reflect/ReflectAccess
instanceKlass jdk/internal/reflect/LangReflectAccess
instanceKlass java/lang/reflect/Modifier
instanceKlass java/util/HashMap$Node
instanceKlass jdk/internal/reflect/Reflection
instanceKlass java/util/concurrent/ConcurrentHashMap$CollectionView
instanceKlass java/util/concurrent/ConcurrentHashMap$CounterCell
instanceKlass java/util/concurrent/ConcurrentHashMap$Node
instanceKlass java/util/Map$Entry
instanceKlass sun/reflect/annotation/AnnotationType
instanceKlass java/lang/Class$AnnotationData
instanceKlass sun/reflect/generics/repository/AbstractRepository
instanceKlass jdk/internal/reflect/ReflectionFactory
instanceKlass java/util/RandomAccess
instanceKlass java/util/List
instanceKlass java/security/cert/Certificate
instanceKlass jdk/internal/reflect/ReflectionFactory$GetReflectionFactoryAction
instanceKlass java/security/PrivilegedAction
instanceKlass java/lang/Class$Atomic
instanceKlass jdk/internal/misc/SharedSecrets
instanceKlass java/lang/ref/Reference$1
instanceKlass jdk/internal/misc/JavaLangRefAccess
instanceKlass java/lang/ref/ReferenceQueue$Lock
instanceKlass java/lang/ref/ReferenceQueue
instanceKlass java/lang/Class$ReflectionData
instanceKlass java/lang/Math
instanceKlass java/util/Arrays
instanceKlass java/util/concurrent/locks/ReentrantLock
instanceKlass java/util/concurrent/locks/Lock
instanceKlass java/lang/Runtime
instanceKlass java/util/AbstractMap
instanceKlass java/util/concurrent/ConcurrentMap
instanceKlass java/lang/WeakPairMap
instanceKlass java/util/Objects
instanceKlass java/util/AbstractCollection
instanceKlass java/util/Set
instanceKlass java/util/Collection
instanceKlass java/lang/Iterable
instanceKlass java/security/AccessController
instanceKlass java/lang/StringLatin1
instanceKlass java/security/Permission
instanceKlass java/security/Guard
instanceKlass java/lang/String$CaseInsensitiveComparator
instanceKlass java/util/Comparator
instanceKlass java/io/ObjectStreamField
instanceKlass jdk/internal/loader/ClassLoaders
instanceKlass java/lang/Number
instanceKlass java/lang/Character
instanceKlass java/lang/Boolean
instanceKlass java/lang/LiveStackFrame
instanceKlass java/lang/StackFrameInfo
instanceKlass java/lang/StackWalker$StackFrame
instanceKlass java/lang/StackStreamFactory$AbstractStackWalker
instanceKlass java/lang/StackWalker
instanceKlass java/nio/Buffer
instanceKlass java/lang/StackTraceElement
instanceKlass sun/net/www/ParseUtil
instanceKlass java/security/CodeSource
instanceKlass java/util/jar/Manifest
instanceKlass java/net/URL
instanceKlass java/io/File
instanceKlass java/io/InputStream
instanceKlass java/io/Closeable
instanceKlass java/lang/AutoCloseable
instanceKlass jdk/internal/module/Modules
instanceKlass jdk/internal/misc/Unsafe
instanceKlass java/lang/AbstractStringBuilder
instanceKlass java/lang/Appendable
instanceKlass java/lang/invoke/MethodHandleNatives$CallSiteContext
instanceKlass java/lang/invoke/CallSite
instanceKlass java/lang/invoke/MethodType
instanceKlass java/lang/invoke/LambdaForm
instanceKlass java/lang/invoke/MethodHandleNatives
instanceKlass java/lang/invoke/MemberName
instanceKlass java/lang/invoke/VarHandle
instanceKlass java/lang/invoke/MethodHandle
instanceKlass jdk/internal/reflect/CallerSensitive
instanceKlass java/lang/annotation/Annotation
instanceKlass jdk/internal/reflect/FieldAccessor
instanceKlass jdk/internal/reflect/ConstantPool
instanceKlass jdk/internal/reflect/ConstructorAccessor
instanceKlass jdk/internal/reflect/MethodAccessor
instanceKlass jdk/internal/reflect/MagicAccessorImpl
instanceKlass java/lang/reflect/Parameter
instanceKlass java/lang/reflect/Member
instanceKlass java/lang/reflect/AccessibleObject
instanceKlass java/lang/Module
instanceKlass java/util/Dictionary
instanceKlass java/util/Map
instanceKlass java/lang/ThreadGroup
instanceKlass java/lang/Thread$UncaughtExceptionHandler
instanceKlass java/lang/Thread
instanceKlass java/lang/Runnable
instanceKlass java/lang/ref/Reference
instanceKlass java/security/AccessControlContext
instanceKlass java/security/ProtectionDomain
instanceKlass java/lang/SecurityManager
instanceKlass java/lang/Throwable
instanceKlass java/lang/System
instanceKlass java/lang/ClassLoader
instanceKlass java/lang/Cloneable
instanceKlass java/lang/Class
instanceKlass java/lang/reflect/Type
instanceKlass java/lang/reflect/GenericDeclaration
instanceKlass java/lang/reflect/AnnotatedElement
instanceKlass java/lang/String
instanceKlass java/lang/CharSequence
instanceKlass java/lang/Comparable
instanceKlass java/io/Serializable
ciInstanceKlass java/lang/Object 1 1 81 1 7 1 1 1 1 1 1 1 1 1 1 1 1 1 100 1 1 1 7 12 10 12 10 1 7 1 12 10 1 1 12 10 1 8 12 10 1 7 1 1 12 10 12 10 1 1 1 1 1 7 1 1 100 1 8 1 12 10 3 1 8 12 10 1 1 100 1 1 1 1 12 10 1 1 1 1 1 1 1
ciInstanceKlass java/io/Serializable 1 0 5 1 100 1 100
ciInstanceKlass java/lang/String 1 1 699 1 7 1 1 7 1 100 1 100 1 7 1 100 1 7 1 1 7 1 7 1 1 100 1 7 1 1 100 1 7 1 100 1 1 100 1 100 1 1 1 1 1 1 1 1 1 1 5 0 1 1 1 1 1 1 1 1 3 1 3 1 1 12 10 1 8 12 9 12 9 1 1 12 9 1 1 12 10 1 1 1 12 10 1 1 12 10 1 1 100 12 9 1 1 12 10 10 1 1 1 1 100 1 7 1 1 12 10 1 1 12 10 1 1 12 10 1 12 10 1 1 100 1 100 1 8 12 10 1 1 12 10 9 9 1 1 8 1 100 1 12 10 1 12 10 1 12 10 1 12 10 1 12 10 1 1 7 1 1 12 10 10 1 1 12 10 1 1 1 1 12 10 1 1 1 1 1 12 10 1 12 10 10 1 1 1 1 12 10 1 12 10 1 12 10 1 100 1 12 10 1 12 10 1 1 1 100 10 12 10 1 1 100 1 12 10 1 1 1 12 10 1 12 10 10 1 1 1 100 1 1 12 10 1 12 10 10 1 10 1 1 12 10 1 1 12 10 1 1 12 10 1 1 1 12 10 10 1 1 1 12 10 1 1 1 100 10 1 12 10 1 12 10 1 12 10 12 10 1 100 12 10 11 12 11 1 12 10 1 1 1 1 12 10 1 1 1 12 10 10 1 12 10 1 12 10 1 12 9 1 7 1 1 12 11 1 1 12 10 10 12 10 1 1 12 10 10 1 12 10 1 12 10 1 1 12 10 1 1 1 12 10 10 1 12 10 12 10 10 1 12 10 12 10 10 12 10 10 1 12 10 1 1 12 10 1 12 10 10 12 10 12 10 12 10 12 10 10 1 12 10 1 1 1 1 12 10 10 1 1 1 12 10 1 1 1 1 12 10 1 7 1 1 12 10 1 12 10 1 12 10 1 1 1 12 10 10 1 1 7 1 12 10 1 11 12 10 1 1 1 1 12 10 1 1 12 10 1 7 12 10 1 12 10 1 1 7 1 12 10 1 100 10 1 7 10 1 1 12 10 1 12 10 12 10 10 1 1 1 8 10 12 10 3 3 1 7 10 1 12 10 1 12 10 1 1 12 10 1 1 12 10 1 7 1 1 12 11 1 7 1 12 10 1 12 10 1 1 1 100 1 12 10 1 100 1 12 10 10 1 1 100 1 1 12 11 1 100 1 12 11 1 1 12 11 1 1 1 12 10 10 1 7 1 1 12 10 12 10 1 12 10 10 12 10 1 1 12 10 10 1 1 12 10 10 1 100 1 1 12 10 1 10 1 1 1 1 12 10 10 1 100 1 1 1 7 10 1 12 10 10 1 1 12 10 1 1 1 8 10 1 12 10 1 12 10 1 1 1 8 1 8 1 1 1 12 10 1 12 10 10 1 7 12 10 1 1 7 12 10 1 1 7 12 10 1 1 100 12 10 1 1 1 12 10 1 100 1 1 12 10 12 10 10 12 10 10 1 8 1 12 10 1 8 10 1 1 8 1 8 1 8 1 8 1 8 1 12 10 1 1 1 1 7 12 9 1 12 10 1 1 1 1 1 1 1 1 1
staticfield java/lang/String COMPACT_STRINGS Z 1
staticfield java/lang/String serialPersistentFields [Ljava/io/ObjectStreamField; 0 [Ljava/io/ObjectStreamField;
staticfield java/lang/String CASE_INSENSITIVE_ORDER Ljava/util/Comparator; java/lang/String$CaseInsensitiveComparator
ciInstanceKlass java/lang/Class 1 1 1273 1 7 1 1 7 1 100 1 100 1 100 1 100 1 100 1 1 7 1 1 7 1 1 100 1 1 7 1 100 1 7 1 100 1 100 1 1 7 1 7 1 1 100 1 7 1 1 7 1 7 1 1 100 1 100 1 1 1 3 1 3 1 3 1 1 1 1 1 1 1 1 1 1 1 1 1 1 1 1 1 1 1 1 1 1 1 1 1 1 1 5 0 1 1 1 1 1 1 1 1 1 1 1 1 1 1 1 1 1 1 1 1 12 10 12 9 12 9 1 1 1 7 10 1 1 12 10 1 8 1 12 10 1 8 1 8 1 7 1 1 12 10 1 12 10 12 10 1 10 1 12 10 1 1 12 10 1 1 12 10 1 7 1 12 10 1 12 10 1 12 10 1 12 10 1 8 1 12 10 1 8 1 8 1 1 12 10 1 7 1 8 1 8 1 8 1 12 10 1 100 1 100 1 12 11 1 1 12 10 10 1 8 1 1 1 7 1 1 7 1 12 10 1 7 1 1 12 10 1 1 12 10 1 1 7 1 1 12 10 1 100 1 1 12 10 1 7 1 1 12 9 1 100 1 1 12 10 1 1 7 1 1 12 10 1 1 12 10 1 7 1 1 12 10 15 1 16 1 7 1 12 10 15 16 1 1 12 18 1 7 1 1 12 10 1 12 10 1 100 1 7 10 1 1 7 1 7 1 1 1 1 7 1 100 1 1 12 10 12 9 1 8 1 12 10 1 1 12 10 1 1 12 10 1 1 12 10 1 12 10 10 1 1 12 10 12 9 1 7 10 1 1 12 10 7 1 12 10 1 100 1 1 12 10 1 1 12 10 1 1 12 10 1 1 1 1 1 1 12 9 1 12 10 1 1 12 10 1 12 10 12 9 1 1 12 10 1 100 10 1 1 1 12 10 12 10 1 1 1 1 12 10 10 1 100 1 12 9 1 8 1 1 12 10 1 1 12 10 1 12 10 1 1 1 12 10 1 12 10 1 12 10 1 12 9 7 1 12 10 1 1 12 10 1 12 10 1 100 1 1 1 1 1 1 1 7 1 1 12 10 1 12 10 1 12 10 1 1 12 10 1 100 1 1 12 10 1 12 10 1 1 12 10 1 12 10 1 12 10 1 1 12 10 1 100 1 7 10 10 1 12 10 1 1 12 10 1 1 12 10 12 10 10 1 1 12 10 1 100 1 8 10 1 12 10 12 10 1 100 1 12 11 1 100 1 12 10 1 12 10 1 1 1 12 10 1 100 1 12 10 10 1 1 12 10 1 7 1 8 1 1 12 10 1 1 12 10 1 8 1 12 10 1 12 10 12 10 1 100 1 12 10 1 12 10 10 1 8 1 1 12 10 1 1 1 12 10 1 12 10 1 12 10 1 1 12 10 1 1 1 1 12 10 1 1 12 10 1 1 1 12 10 1 1 12 10 1 1 1 1 12 10 1 1 1 7 1 12 10 10 1 7 1 1 12 10 1 1 1 12 10 1 1 12 10 10 1 1 1 1 12 10 1 1 1 12 10 1 1 1 1 1 12 10 1 1 1 12 10 1 1 1 7 10 1 100 1 100 12 10 12 11 1 1 1 1 100 1 1 12 10 1 12 10 1 7 1 1 12 10 1 1 12 10 10 1 1 12 10 1 100 10 1 1 12 10 1 100 1 1 12 10 1 100 1 100 1 12 10 12 10 1 1 10 1 12 10 12 10 1 12 10 1 12 10 1 100 1 1 12 10 1 100 1 12 11 1 12 10 1 12 10 1 1 1 12 9 1 12 10 12 9 1 7 10 1 1 12 9 12 10 1 7 1 12 10 1 1 12 9 1 100 1 1 12 10 12 10 1 12 10 1 100 1 12 10 1 12 10 12 10 1 1 12 10 1 8 1 12 10 1 1 12 10 12 9 12 9 1 7 1 12 10 1 12 9 1 1 12 10 1 12 10 1 12 10 1 1 12 10 1 1 100 1 12 10 1 100 1 12 10 12 9 12 10 1 12 9 1 12 10 1 1 1 1 1 12 10 1 1 1 1 12 9 1 12 9 100 1 12 10 1 1 12 10 1 12 9 1 100 10 1 1 12 10 11 1 12 11 1 1 12 11 1 100 11 1 12 9 1 12 9 1 12 10 1 12 9 1 12 9 1 12 10 1 1 12 10 1 12 9 10 1 1 12 10 10 1 1 12 10 12 10 10 12 10 12 9 1 1 12 10 1 12 10 1 1 12 10 1 12 10 8 10 1 8 1 8 1 8 1 8 1 100 1 1 12 10 1 1 12 9 1 12 9 12 10 1 7 12 9 10 1 1 12 10 10 12 9 1 8 12 10 1 12 10 1 1 12 10 1 100 1 12 9 1 100 1 8 10 1 7 10 12 10 1 1 12 11 1 12 10 1 100 1 1 12 10 10 1 8 1 8 1 1 1 1 1 12 10 1 12 9 12 11 1 100 1 12 11 1 1 1 12 9 1 100 1 1 12 10 1 1 1 100 1 12 10 1 1 1 1 12 10 1 12 9 9 1 1 12 10 1 1 12 10 12 10 12 10 1 1 12 10 1 12 11 1 1 12 11 1 100 1 12 11 1 12 11 1 12 11 1 100 1 1 12 10 1 12 10 1 100 11 1 100 1 1 12 10 1 12 10 10 1 12 11 1 1 12 11 1 12 10 1 1 1 12 10 1 1 12 9 1 1 1 1 100 1 12 9 12 10 1 100 1 1 12 10 1 1 1 1 12 10 1 1 1 1 12 10 1 7 12 9 1 1 1 1 1 1 1 1 1 1 1 1 1 1 1 1 1 1 1 1 1 1 1 1 1 1 1 1 1 1 1 1 1 1 1 1 1 1 1 1 1 1 1 1 1 1 1
staticfield java/lang/Class EMPTY_CLASS_ARRAY [Ljava/lang/Class; 0 [Ljava/lang/Class;
staticfield java/lang/Class serialPersistentFields [Ljava/io/ObjectStreamField; 0 [Ljava/io/ObjectStreamField;
ciInstanceKlass java/lang/Cloneable 1 0 5 1 100 1 100
instanceKlass jdk/internal/reflect/DelegatingClassLoader
instanceKlass java/security/SecureClassLoader
ciInstanceKlass java/lang/ClassLoader 1 1 1043 1 7 1 7 1 7 1 1 7 1 1 7 1 100 1 100 1 100 1 1 1 1 1 1 1 1 1 1 1 1 1 1 1 1 1 1 1 1 1 1 1 1 1 1 1 1 1 1 1 1 1 1 1 1 1 1 1 1 1 1 1 1 1 1 1 1 12 9 1 7 1 1 12 10 1 1 12 9 1 7 1 1 12 10 1 7 1 1 12 10 1 1 12 10 12 9 1 1 12 10 1 100 12 10 1 1 1 12 10 1 7 1 1 12 10 1 100 1 8 1 12 10 1 7 1 1 12 10 1 100 12 10 1 10 10 1 7 1 7 7 1 12 10 1 12 10 12 9 10 12 9 12 9 12 9 12 9 12 9 12 9 1 7 1 12 10 12 9 1 1 12 10 1 1 12 10 12 9 12 9 12 9 1 100 1 7 10 1 12 10 12 10 1 1 12 10 1 1 1 1 1 100 1 12 10 1 1 12 10 1 12 10 1 1 12 10 1 7 1 12 10 1 12 10 1 100 1 1 12 10 1 1 12 10 1 12 10 1 12 10 1 12 10 1 12 10 1 12 10 1 100 1 12 10 1 12 10 1 12 10 1 12 10 1 1 1 100 1 12 10 1 1 12 10 1 100 12 10 10 1 1 12 10 1 12 10 1 100 1 12 10 1 7 1 1 12 10 10 1 1 1 100 1 1 1 1 12 10 1 1 1 1 1 12 10 1 100 1 100 10 1 8 1 1 12 10 1 12 10 10 1 8 1 12 10 1 12 10 1 100 1 8 1 1 12 10 10 1 1 12 10 1 1 12 10 1 1 1 1 12 10 1 7 10 1 1 12 10 12 10 1 1 12 10 1 1 12 10 12 10 12 10 1 1 12 10 12 10 1 1 7 1 1 12 10 1 12 10 1 12 10 1 1 12 10 1 12 10 1 12 10 1 12 10 1 1 12 10 1 12 10 1 12 10 1 1 12 10 1 8 1 7 11 12 9 1 12 11 1 1 12 10 1 8 1 8 1 7 1 1 12 10 1 100 10 1 1 12 10 1 12 10 1 12 10 1 1 1 100 1 12 10 1 1 7 1 12 10 12 10 1 7 10 1 1 1 7 12 10 1 100 1 12 10 10 1 7 1 12 10 1 1 1 7 1 1 12 10 15 1 16 1 1 12 10 15 1 16 1 12 18 1 100 1 1 12 10 1 100 1 1 12 10 1 1 1 7 1 12 10 1 1 12 10 1 12 10 1 1 1 1 1 1 1 12 10 1 100 1 12 10 1 1 1 12 10 1 1 1 7 1 12 10 1 12 10 1 8 1 100 10 1 12 10 12 9 1 8 1 7 1 12 10 1 12 10 1 1 100 1 8 1 12 10 1 100 1 8 10 1 8 1 1 12 10 1 1 12 10 1 1 12 10 1 100 1 1 12 10 1 100 1 12 10 1 1 1 1 12 10 1 1 1 12 10 12 10 12 10 1 100 1 1 12 9 1 1 12 10 1 1 1 12 10 1 12 10 1 12 10 1 12 10 1 8 1 12 10 1 7 16 1 1 12 10 15 1 16 1 1 12 18 1 1 12 10 1 1 12 10 1 12 10 1 1 12 10 1 1 1 8 1 12 10 1 1 1 12 10 1 16 1 1 12 10 15 16 1 12 18 1 100 1 1 12 11 1 100 1 1 12 10 12 10 10 1 1 1 12 11 10 1 12 10 15 18 1 1 12 10 1 100 12 11 16 1 1 12 10 15 16 1 12 18 1 1 12 11 1 1 1 1 12 10 1 7 1 1 12 9 1 100 1 12 10 1 12 10 100 1 8 1 1 12 10 12 9 1 8 12 10 12 9 1 8 10 1 1 12 10 1 100 1 8 10 12 10 1 12 10 1 8 1 8 1 12 10 1 12 10 1 7 1 1 12 10 1 8 1 8 1 10 12 10 1 12 10 1 12 10 12 9 1 12 10 1 12 10 9 10 12 9 1 12 10 1 8 1 8 12 9 1 7 10 10 1 1 12 10 1 8 12 10 1 12 10 1 1 12 10 1 12 10 1 12 9 1 1 1 1 12 10 1 1 1 12 10 1 1 100 1 1 12 10 1 1 1 100 10 1 1 12 10 12 10 1 1 12 10 1 100 12 9 1 1 12 9 12 9 1 12 9 1 12 9 1 1 12 9 8 1 1 12 10 1 100 1 7 1 1 12 10 1 1 12 10 1 1 12 10 10 1 1 12 10 12 10 1 1 12 11 1 100 1 1 12 10 1 100 1 12 10 1 1 1 1 1 12 10 12 10 10 1 1 1 1 1 1 1 1 1 1 1 1 1 1 1 1 1 1 1 1 1 1 1 1 1 1 1 1 1 1
staticfield java/lang/ClassLoader nocerts [Ljava/security/cert/Certificate; 0 [Ljava/security/cert/Certificate;
staticfield java/lang/ClassLoader $assertionsDisabled Z 1
ciInstanceKlass java/lang/System 1 1 565 1 7 1 100 1 100 1 1 100 1 1 7 1 100 1 100 1 100 1 1 1 1 1 1 1 1 1 1 1 1 1 1 1 1 1 1 1 12 10 1 1 1 12 10 1 12 10 1 1 1 12 10 1 1 12 10 1 1 12 9 1 7 1 1 12 10 1 100 12 11 1 100 1 100 1 1 1 100 1 100 1 1 12 10 12 10 1 1 12 10 1 100 1 8 1 12 10 1 100 1 1 12 10 1 1 1 100 1 8 1 12 10 1 12 10 8 1 1 12 10 1 100 1 1 12 10 12 10 1 100 1 1 12 10 12 9 1 1 1 1 1 1 1 1 1 1 1 1 1 12 10 12 9 1 12 9 1 1 1 7 10 12 10 1 1 1 12 10 1 12 10 12 10 1 12 10 1 1 100 1 8 1 12 10 1 12 10 1 7 1 1 1 12 10 1 100 1 8 10 1 8 1 1 12 10 1 100 1 8 10 1 1 100 10 1 8 1 1 12 10 1 12 10 1 7 12 10 1 1 8 12 10 1 1 1 1 100 1 12 10 1 7 1 12 10 1 100 1 8 10 1 1 12 10 1 100 1 12 10 1 1 100 1 100 1 1 12 10 15 1 16 1 1 12 10 15 1 16 1 1 12 18 1 100 1 1 12 9 1 12 10 1 1 12 10 1 1 12 10 1 1 1 7 1 1 12 10 12 10 1 12 10 1 12 10 1 1 1 1 1 1 3 12 10 1 1 1 12 10 1 1 12 10 1 1 1 1 100 1 7 1 7 1 12 10 1 12 10 1 12 10 1 1 1 7 1 1 12 10 1 100 1 8 10 12 9 12 9 1 12 10 1 12 10 1 12 10 1 1 12 10 1 100 1 8 1 12 10 1 1 12 10 1 8 1 1 12 10 1 8 1 7 1 12 10 1 7 1 7 1 12 9 1 12 10 1 7 12 9 10 12 9 1 7 12 10 1 8 12 10 1 8 1 8 12 10 1 7 1 12 10 1 12 10 1 7 1 1 12 10 1 1 12 10 1 7 1 1 12 10 1 12 10 12 10 1 1 1 100 1 7 1 1 12 10 12 9 1 8 12 10 1 1 8 10 1 1 12 10 1 8 10 12 10 1 7 1 12 10 1 1 12 10 1 1 12 10 1 1 12 10 1 12 10 1 100 1 1 12 10 1 100 10 1 8 10 10 1 12 10 1 1 12 10 1 8 1 12 10 1 12 10 1 1 12 10 10 1 12 10 1 12 10 12 9 1 1 1 1 1 1 1 1 1
staticfield java/lang/System in Ljava/io/InputStream; java/io/BufferedInputStream
staticfield java/lang/System out Ljava/io/PrintStream; java/io/PrintStream
staticfield java/lang/System err Ljava/io/PrintStream; java/io/PrintStream
instanceKlass java/lang/Exception
instanceKlass java/lang/Error
ciInstanceKlass java/lang/Throwable 1 1 324 1 7 1 7 1 100 1 100 1 7 1 1 100 1 1 7 1 1 100 1 1 1 5 0 1 1 1 1 1 1 1 1 1 1 1 1 1 1 1 1 1 8 1 1 8 1 1 8 1 1 8 1 1 1 1 1 1 12 10 12 9 12 9 12 9 12 9 12 9 1 1 12 10 1 12 9 1 1 1 1 12 10 1 100 1 1 1 12 10 1 1 1 1 100 1 7 10 1 8 1 1 12 10 1 8 1 100 1 12 10 10 12 10 1 100 1 8 10 1 1 12 10 1 7 1 12 10 12 10 1 8 1 1 100 1 1 12 9 1 12 10 12 10 1 12 10 1 7 10 1 7 1 1 12 10 1 7 1 1 12 11 1 1 12 10 1 1 12 10 1 1 12 10 7 1 8 1 12 10 1 1 12 10 100 1 8 1 1 12 10 12 10 1 8 12 9 1 100 1 12 10 1 100 10 1 12 11 1 8 1 8 1 7 1 12 10 1 8 1 12 10 1 8 1 12 10 12 9 1 12 10 1 1 12 10 12 9 1 1 12 10 1 1 1 100 1 8 12 10 1 1 1 100 1 100 1 100 1 12 10 1 100 1 1 12 11 1 100 1 12 10 1 1 12 11 1 100 1 12 11 1 12 11 10 11 1 1 12 9 1 8 1 1 1 12 9 1 100 1 12 10 1 12 9 1 1 12 11 1 1 12 10 1 1 12 10 1 1 1 1 1 1 1
staticfield java/lang/Throwable UNASSIGNED_STACK [Ljava/lang/StackTraceElement; 0 [Ljava/lang/StackTraceElement;
staticfield java/lang/Throwable SUPPRESSED_SENTINEL Ljava/util/List; java/util/Collections$EmptyList
staticfield java/lang/Throwable EMPTY_THROWABLE_ARRAY [Ljava/lang/Throwable; 0 [Ljava/lang/Throwable;
staticfield java/lang/Throwable $assertionsDisabled Z 1
instanceKlass java/lang/VirtualMachineError
instanceKlass java/lang/LinkageError
instanceKlass java/lang/ThreadDeath
ciInstanceKlass java/lang/Error 1 1 27 1 100 1 7 1 1 5 0 1 1 12 10 1 12 10 1 12 10 1 12 10 1 12 10 1 1
ciInstanceKlass java/lang/ThreadDeath 0 0 15 1 100 1 100 1 1 5 0 1 1 12 10 1 1
instanceKlass javax/swing/tree/ExpandVetoException
instanceKlass ui/utils/e
instanceKlass java/security/GeneralSecurityException
instanceKlass javax/swing/text/BadLocationException
instanceKlass java/beans/PropertyVetoException
instanceKlass java/awt/AWTException
instanceKlass java/awt/datatransfer/UnsupportedFlavorException
instanceKlass java/lang/CloneNotSupportedException
instanceKlass javax/help/InvalidHelpSetContextException
instanceKlass java/text/ParseException
instanceKlass java/lang/InterruptedException
instanceKlass javax/swing/UnsupportedLookAndFeelException
instanceKlass java/awt/FontFormatException
instanceKlass java/net/URISyntaxException
instanceKlass java/security/PrivilegedActionException
instanceKlass java/io/IOException
instanceKlass java/lang/ReflectiveOperationException
instanceKlass java/lang/RuntimeException
ciInstanceKlass java/lang/Exception 1 1 27 1 100 1 7 1 1 5 0 1 1 12 10 1 12 10 1 12 10 1 12 10 1 12 10 1 1
instanceKlass java/lang/UnsupportedOperationException
instanceKlass java/util/MissingResourceException
instanceKlass java/lang/SecurityException
instanceKlass com/sun/beans/finder/SignatureException
instanceKlass java/lang/IllegalStateException
instanceKlass java/lang/invoke/WrongMethodTypeException
instanceKlass java/lang/IllegalArgumentException
instanceKlass java/lang/ArithmeticException
instanceKlass java/lang/NullPointerException
instanceKlass java/lang/IllegalMonitorStateException
instanceKlass java/lang/ArrayStoreException
instanceKlass java/lang/ClassCastException
ciInstanceKlass java/lang/RuntimeException 1 1 27 1 100 1 7 1 1 5 0 1 1 12 10 1 12 10 1 12 10 1 12 10 1 12 10 1 1
ciInstanceKlass java/lang/SecurityManager 0 0 579 1 100 1 100 1 100 1 100 1 100 1 100 1 1 100 1 1 100 1 100 1 1 1 1 1 1 1 3 1 1 1 1 1 1 1 1 1 1 1 1 1 1 1 1 1 100 1 100 1 1 12 9 1 1 12 10 1 12 9 1 1 12 10 12 9 1 100 1 1 12 10 1 100 1 8 1 12 10 1 100 1 1 1 1 1 12 10 12 10 1 100 1 1 1 12 10 1 100 1 1 1 1 1 12 10 1 1 12 10 1 12 10 1 1 1 100 1 1 12 10 10 1 1 100 10 10 1 1 1 12 9 1 1 1 100 1 1 12 10 1 12 10 1 100 1 12 10 1 1 1 100 1 8 10 12 9 1 12 9 1 1 8 1 12 9 1 1 1 100 10 1 8 1 1 12 10 1 12 10 1 1 12 10 1 1 100 10 1 12 10 1 100 1 8 1 12 10 1 8 1 1 8 1 8 1 1 1 8 1 8 1 8 1 12 10 1 1 8 1 8 1 1 8 1 1 1 8 1 8 1 100 1 12 10 1 1 12 10 1 8 1 100 1 8 10 1 8 1 8 1 1 1 8 1 8 1 1 8 1 1 1 100 1 12 10 1 8 1 1 1 1 100 1 8 1 8 10 1 1 1 1 1 8 1 1 8 1 1 1 1 1 8 1 12 10 1 100 1 8 10 1 12 10 100 1 12 10 1 12 10 1 12 10 1 1 1 100 1 1 12 10 1 12 10 1 100 1 12 10 1 100 1 1 12 11 1 100 1 1 12 10 15 1 16 1 100 1 1 12 10 15 1 16 1 1 12 18 1 100 1 1 12 11 16 1 1 12 10 15 1 16 1 1 12 18 1 1 12 11 1 12 10 15 16 18 1 100 11 15 1 16 18 1 12 11 1 16 1 12 10 15 16 1 12 18 1 1 12 11 1 12 9 12 9 12 9 12 9 1 100 1 12 10 1 12 10 1 12 10 1 1 12 10 15 16 1 12 18 1 12 10 15 1 16 18 1 100 1 12 10 1 12 11 15 1 12 18 1 12 10 1 1 12 10 15 16 18 10 15 1 16 18 1 1 8 1 12 10 12 9 1 100 1 12 11 1 8 1 12 10 1 1 12 10 12 10 12 9 1 12 10 1 1 12 10 1 1 8 10 12 9 1 8 1 1 8 1 1 1 1 8 12 10 1 12 10 1 100 1 12 9 1 1 100 10 1 12 10 10 1 100 1 1 12 9 1 1 12 11 1 12 10 1 12 11 1 12 10 1 100 10 1 1 12 10 12 10 1 1 1 1 1 1 1 1 1 1 1
ciInstanceKlass java/security/ProtectionDomain 1 1 299 1 7 1 7 1 100 1 1 100 1 1 100 1 1 7 1 1 7 1 1 100 1 7 1 1 1 1 1 1 1 1 1 1 1 1 1 1 1 1 1 12 10 12 9 10 12 9 12 9 12 9 1 7 1 12 10 1 7 1 12 9 1 100 12 9 1 7 12 9 12 9 1 1 100 100 1 1 12 10 1 1 1 1 1 1 1 1 1 1 1 1 1 100 1 1 12 10 1 12 10 12 10 1 12 9 1 100 1 12 9 1 1 12 10 10 1 100 1 100 1 1 12 10 1 1 100 1 1 12 9 1 1 1 8 1 100 1 8 1 12 10 1 7 10 1 100 1 12 10 1 1 12 10 1 8 11 1 8 12 10 1 8 1 8 1 12 10 1 12 10 1 12 10 12 10 1 8 1 12 10 1 8 1 8 1 100 1 100 1 1 12 10 1 100 1 1 12 10 12 10 1 12 9 1 1 12 10 1 12 10 1 100 1 1 12 10 10 1 100 1 12 10 1 1 12 10 1 100 1 100 1 12 11 1 12 11 1 1 12 11 1 100 1 12 10 10 1 1 12 11 1 1 12 11 1 12 10 1 12 10 1 100 1 12 10 1 12 11 12 10 1 1 8 1 8 1 7 1 1 12 10 1 12 10 1 7 1 1 12 10 10 1 1 12 10 1 1 1
staticfield java/security/ProtectionDomain filePermCompatInPD Z 0
ciInstanceKlass java/security/AccessControlContext 1 1 310 1 7 1 7 1 100 1 1 1 1 1 1 1 1 1 1 1 1 1 1 1 1 1 1 1 1 12 9 12 9 1 100 1 1 12 10 1 8 1 100 1 1 12 10 1 1 1 12 10 12 9 12 9 12 9 7 1 1 12 10 1 100 1 12 10 1 100 1 1 12 11 1 12 11 1 12 11 1 1 12 11 1 7 1 1 12 11 1 1 12 10 1 7 1 1 12 10 1 100 1 1 12 9 1 100 1 1 12 10 1 100 1 100 1 1 12 11 10 1 7 1 100 1 8 1 12 10 1 1 12 10 1 7 1 7 1 1 12 10 12 9 12 9 12 9 12 9 12 9 12 9 1 12 9 1 1 1 1 1 1 7 1 1 12 10 1 1 12 9 1 12 10 1 100 12 10 1 8 1 1 12 10 1 1 12 10 1 100 1 1 12 10 1 100 10 1 1 12 10 1 100 1 1 12 10 10 1 8 1 100 1 12 10 1 8 1 100 1 12 10 1 8 1 8 1 12 10 1 8 1 12 10 1 8 1 12 10 1 12 10 1 1 12 10 1 8 1 8 1 12 10 1 1 12 10 1 12 10 1 8 1 12 10 1 12 10 10 1 1 8 1 1 12 10 1 1 12 10 1 1 12 10 1 1 12 10 1 12 10 1 12 10 1 12 10 1 1 12 10 10 10 1 12 10 1 1 1 1 1
instanceKlass sun/reflect/misc/MethodUtil
instanceKlass jdk/internal/loader/BuiltinClassLoader
ciInstanceKlass java/security/SecureClassLoader 1 1 103 1 7 1 7 1 7 1 1 100 1 1 7 1 1 1 1 1 1 1 12 10 1 7 1 12 10 12 9 1 7 1 1 12 10 1 100 1 1 12 10 12 9 12 10 1 12 10 1 100 1 1 1 1 12 10 1 12 10 1 1 12 10 1 1 1 12 10 1 7 10 1 12 10 1 12 10 1 7 1 1 12 11 1 7 1 100 1 8 1 12 10 1 1 1 12 10 1 1 1 1 1 1
instanceKlass java/lang/reflect/InvocationTargetException
instanceKlass java/lang/IllegalAccessException
instanceKlass java/lang/NoSuchFieldException
instanceKlass java/lang/NoSuchMethodException
instanceKlass java/lang/InstantiationException
instanceKlass java/lang/ClassNotFoundException
ciInstanceKlass java/lang/ReflectiveOperationException 1 1 24 1 100 1 7 1 1 5 0 1 1 12 10 1 12 10 1 12 10 1 12 10 1 1
ciInstanceKlass java/lang/ClassNotFoundException 1 1 29 1 100 1 7 1 1 5 0 1 1 1 1 1 100 1 12 10 1 1 12 10 12 9 1 1 1 1 1
instanceKlass java/lang/IncompatibleClassChangeError
instanceKlass java/lang/BootstrapMethodError
instanceKlass java/lang/NoClassDefFoundError
ciInstanceKlass java/lang/LinkageError 1 1 21 1 100 1 7 1 1 5 0 1 1 12 10 1 12 10 1 12 10 1 1
ciInstanceKlass java/lang/NoClassDefFoundError 0 0 18 1 100 1 100 1 1 5 0 1 1 12 10 1 12 10 1 1
ciInstanceKlass java/lang/ClassCastException 1 1 18 1 100 1 100 1 1 5 0 1 1 12 10 1 12 10 1 1
ciInstanceKlass java/lang/ArrayStoreException 1 1 18 1 100 1 100 1 1 5 0 1 1 12 10 1 12 10 1 1
instanceKlass java/lang/InternalError
instanceKlass java/lang/StackOverflowError
instanceKlass java/lang/OutOfMemoryError
ciInstanceKlass java/lang/VirtualMachineError 1 1 24 1 100 1 100 1 1 5 0 1 1 12 10 1 12 10 1 12 10 1 12 10 1 1
ciInstanceKlass java/lang/OutOfMemoryError 1 1 18 1 100 1 100 1 1 5 0 1 1 12 10 1 12 10 1 1
ciInstanceKlass java/lang/StackOverflowError 1 1 18 1 100 1 100 1 1 5 0 1 1 12 10 1 12 10 1 1
ciInstanceKlass java/lang/IllegalMonitorStateException 1 1 18 1 100 1 100 1 1 5 0 1 1 12 10 1 12 10 1 1
instanceKlass java/lang/ref/PhantomReference
instanceKlass java/lang/ref/FinalReference
instanceKlass java/lang/ref/WeakReference
instanceKlass java/lang/ref/SoftReference
ciInstanceKlass java/lang/ref/Reference 1 1 150 1 7 1 1 7 1 100 1 1 7 1 1 7 1 1 1 1 1 1 1 1 1 1 1 1 1 1 1 1 1 1 1 1 12 10 12 9 12 10 12 9 1 100 12 9 1 7 1 12 10 1 12 10 12 9 1 7 1 12 9 1 1 12 10 1 1 100 12 10 1 12 10 1 1 1 12 9 1 1 1 12 9 1 12 9 1 1 1 12 10 12 10 1 1 1 12 10 1 12 10 1 1 7 1 1 12 10 1 1 12 10 1 7 1 12 10 1 8 1 12 10 1 1 12 10 1 1 12 10 1 12 10 10 1 7 1 1 12 10 1 1 1 1 1 1 1 1 1 1
staticfield java/lang/ref/Reference processPendingLock Ljava/lang/Object; java/lang/Object
instanceKlass com/jidesoft/swing/GradientCacheEntry
instanceKlass sun/security/util/MemoryCache$SoftCacheEntry
instanceKlass sun/awt/SoftCache$ValueCell
instanceKlass com/sun/beans/util/Cache$Kind$Soft
instanceKlass sun/font/FontDesignMetrics$KeyReference
instanceKlass sun/font/StrikeCache$SoftDisposerRef
instanceKlass org/apache/batik/util/CleanerThread$SoftReferenceCleared
instanceKlass sun/util/locale/provider/LocaleResources$ResourceReference
instanceKlass sun/util/resources/Bundles$BundleReference
instanceKlass java/util/ResourceBundle$BundleReference
instanceKlass java/lang/invoke/LambdaFormEditor$Transform
instanceKlass sun/util/locale/LocaleObjectCache$CacheEntry
instanceKlass jdk/internal/ref/SoftCleanable
ciInstanceKlass java/lang/ref/SoftReference 1 1 32 1 7 1 1 7 1 1 1 1 1 12 10 12 9 12 9 1 12 10 1 1 12 10 1 100 1 1 1 1 1 1
instanceKlass com/jidesoft/plaf/synthetica/AnimationThreadFactory$AnimationThread$WeakComponent
instanceKlass ui/utils/lnf/e
instanceKlass de/javasoft/plaf/synthetica/painter/AnimationThreadFactory$AnimationThread$WeakComponent
instanceKlass sun/awt/WeakIdentityHashMap$WeakKey
instanceKlass com/jidesoft/plaf/ExtWindowsDesktopProperty$WeakPCL
instanceKlass com/jidesoft/plaf/WindowsDesktopProperty$WeakPCL
instanceKlass java/beans/WeakIdentityMap$Entry
instanceKlass javax/swing/text/DefaultStyledDocument$AbstractChangeHandler$DocReference
instanceKlass javax/swing/ActionPropertyChangeListener$OwnedWeakReference
instanceKlass javax/swing/text/GapContent$MarkData
instanceKlass javax/swing/plaf/synth/SynthLookAndFeel$AATextListener
instanceKlass sun/java2d/ReentrantContextProvider$HardReference
instanceKlass sun/awt/image/ImageWatched$AccWeakReference
instanceKlass java/util/logging/LogManager$LoggerWeakRef
instanceKlass java/util/logging/Level$KnownLevel
instanceKlass javax/swing/plaf/metal/MetalLookAndFeel$AATextListener
instanceKlass java/util/ResourceBundle$KeyElementReference
instanceKlass java/lang/ClassValue$Entry
instanceKlass java/lang/WeakPairMap$WeakRefPeer
instanceKlass java/lang/invoke/MethodType$ConcurrentWeakInternSet$WeakEntry
instanceKlass java/util/WeakHashMap$Entry
instanceKlass jdk/internal/ref/WeakCleanable
instanceKlass java/lang/ThreadLocal$ThreadLocalMap$Entry
ciInstanceKlass java/lang/ref/WeakReference 1 1 17 1 100 1 1 7 1 1 12 10 1 12 10 1 1 1 1
instanceKlass java/lang/ref/Finalizer
ciInstanceKlass java/lang/ref/FinalReference 1 1 22 1 100 1 1 7 1 1 12 10 1 1 1 100 1 8 1 12 10 1 1 1
instanceKlass jdk/internal/ref/PhantomCleanable
instanceKlass jdk/internal/ref/Cleaner
ciInstanceKlass java/lang/ref/PhantomReference 1 1 16 1 100 1 1 7 1 1 1 1 12 10 1 1 1 1
ciInstanceKlass java/lang/ref/Finalizer 1 1 148 1 7 1 1 7 1 7 1 1 100 1 7 1 7 1 1 1 1 1 1 1 1 1 1 1 12 9 1 1 12 9 12 9 12 9 1 7 1 100 1 1 1 12 9 1 12 10 12 10 1 1 1 12 10 1 1 12 10 12 10 1 1 12 10 1 7 1 7 1 12 11 1 12 10 1 1 12 10 1 7 1 1 12 10 1 1 7 1 1 12 10 12 10 12 10 1 10 1 1 1 12 10 1 1 1 1 1 1 1 1 7 10 10 1 7 1 1 12 10 1 1 12 10 1 7 1 12 10 1 12 10 1 1 12 10 1 1 12 10 1 12 10 1 1 1 1 1
staticfield java/lang/ref/Finalizer lock Ljava/lang/Object; java/lang/Object
instanceKlass com/jidesoft/plaf/synthetica/AnimationThreadFactory$AnimationThread
instanceKlass ui/utils/lnf/b
instanceKlass ui/utils/d/f
instanceKlass java/util/TimerThread
instanceKlass com/jidesoft/utils/PortingUtils$1
instanceKlass de/javasoft/plaf/synthetica/painter/AnimationThreadFactory$AnimationThread
instanceKlass org/apache/batik/ext/awt/image/codec/png/PNGRegistryEntry$1
instanceKlass de/javasoft/plaf/synthetica/StyleFactory$ComponentPropertyStore$1
instanceKlass sun/awt/image/ImageFetcher
instanceKlass org/apache/batik/util/CleanerThread
instanceKlass org/apache/batik/util/HaltingThread
instanceKlass java/awt/EventDispatchThread
instanceKlass ui/cQ
instanceKlass ui/frmwork/aR
instanceKlass de/javasoft/plaf/synthetica/SyntheticaLookAndFeel$1
instanceKlass java/util/logging/LogManager$Cleaner
instanceKlass jdk/internal/misc/InnocuousThread
instanceKlass java/lang/ref/Finalizer$FinalizerThread
instanceKlass java/lang/ref/Reference$ReferenceHandler
ciInstanceKlass java/lang/Thread 1 1 543 1 7 1 7 1 7 1 100 1 1 100 1 1 100 1 1 100 1 1 100 1 100 1 7 1 1 1 1 1 1 1 1 1 1 1 1 1 1 1 1 1 1 1 1 1 1 1 1 1 1 1 1 1 1 1 1 1 1 1 1 3 1 3 1 3 1 1 1 1 1 1 1 1 1 1 1 1 1 1 1 1 1 12 9 1 1 12 9 1 1 12 9 12 9 1 100 1 100 1 1 1 1 1 1 1 100 1 1 100 1 8 1 1 12 10 3 1 8 3 12 10 1 1 1 1 12 10 1 100 1 8 10 12 9 12 10 1 7 1 1 12 10 1 100 1 1 12 10 10 1 7 1 12 10 1 1 12 10 1 1 12 10 12 9 1 1 12 10 1 12 10 12 9 1 1 12 10 12 9 1 12 10 12 9 1 1 12 10 12 9 1 7 1 1 12 10 1 100 1 100 12 9 12 9 1 1 12 10 12 9 1 1 12 10 12 9 12 10 12 9 1 1 1 100 12 10 10 12 9 12 9 1 7 10 1 8 1 1 12 10 12 10 1 12 10 1 1 12 10 12 10 1 1 1 1 1 1 1 1 12 9 1 100 10 1 1 12 10 1 12 10 1 12 10 1 12 11 1 1 12 10 12 9 1 1 1 1 10 1 100 1 12 9 1 12 10 1 100 10 1 1 12 10 1 1 1 100 10 1 1 12 10 12 11 1 1 1 12 10 1 1 1 100 10 1 1 1 12 10 1 12 10 10 1 12 10 1 12 10 1 1 12 10 1 1 12 10 1 1 12 10 1 1 1 12 10 12 10 1 12 10 12 10 1 1 7 1 8 10 1 12 10 1 1 12 10 1 8 12 10 1 8 10 1 8 1 8 1 1 100 1 12 10 1 100 1 1 12 10 1 1 1 7 8 10 1 1 1 1 1 12 9 12 9 1 1 12 10 1 100 100 10 12 10 1 1 1 12 9 1 1 12 10 1 100 12 10 1 100 1 100 1 1 12 11 1 1 12 9 1 1 12 9 1 1 12 10 1 12 10 1 100 1 1 12 11 1 100 1 12 10 1 1 12 10 1 12 11 1 12 10 1 12 10 1 1 12 10 1 1 1 1 100 1 1 12 10 1 1 8 12 9 1 1 1 1 1 12 10 1 1 12 11 1 100 1 1 12 10 1 12 11 1 100 1 12 10 1 7 1 8 1 1 1 1 1 1 1 1 1 1 1
staticfield java/lang/Thread EMPTY_STACK_TRACE [Ljava/lang/StackTraceElement; 0 [Ljava/lang/StackTraceElement;
staticfield java/lang/Thread SUBCLASS_IMPLEMENTATION_PERMISSION Ljava/lang/RuntimePermission; java/lang/RuntimePermission
ciInstanceKlass java/lang/ThreadGroup 1 1 259 1 7 1 7 1 100 1 7 1 1 1 1 1 1 1 1 1 1 1 1 1 1 1 1 1 1 1 12 10 12 9 1 8 12 9 12 9 12 9 1 1 1 12 10 1 1 12 10 1 12 10 1 1 12 10 1 12 10 12 9 1 1 12 10 1 12 10 1 1 1 1 1 1 1 1 12 9 1 1 1 1 1 100 1 1 12 10 12 9 12 9 1 7 1 1 12 10 100 1 100 12 10 1 1 1 7 1 1 12 10 1 100 12 10 1 12 9 12 10 1 1 1 12 10 1 12 9 1 12 10 1 12 10 1 1 12 10 1 1 1 12 10 1 1 1 1 1 1 12 10 12 10 1 12 10 10 1 12 10 1 12 10 10 1 1 100 10 12 10 1 12 10 1 12 10 1 1 7 1 12 10 1 1 1 1 12 9 1 12 10 1 100 1 8 1 12 10 1 1 12 10 1 1 12 10 1 1 12 10 11 1 100 1 12 9 1 100 10 1 8 1 1 12 10 12 10 1 8 1 12 10 1 1 12 10 1 1 1 12 10 1 100 10 1 8 10 1 8 1 12 10 1 8 1 1 1 1 1
ciInstanceKlass java/util/Map 1 1 187 1 7 1 1 7 1 7 1 1 100 1 100 1 1 7 1 1 100 1 1 1 1 1 1 1 1 1 1 1 1 1 1 1 1 1 1 1 1 1 1 1 1 1 12 11 12 11 1 1 1 100 1 100 1 12 10 12 11 1 100 1 1 12 11 1 100 1 12 11 1 1 12 11 1 12 11 1 12 11 1 100 1 100 1 1 12 10 1 1 12 11 1 1 1 100 1 12 11 1 12 11 1 12 11 1 12 10 12 11 1 1 1 1 1 100 12 11 1 1 1 1 1 1 1 1 1 12 10 1 12 10 1 1 12 10 1 1 1 1 1 1 1 1 1 1 1 1 100 1 100 1 1 1 7 10 1 1 1 1 1 1 1 1 1 1 1 1 1 1 1 1 1 1 1 1 1 1 1 1 1 1 1 1 1 1 1
instanceKlass java/util/Hashtable
ciInstanceKlass java/util/Dictionary 1 1 28 1 100 1 1 7 1 1 12 10 1 1 1 1 1 1 1 1 1 1 1 1 1 1 1 1 1 1
instanceKlass javax/swing/UIDefaults
instanceKlass java/util/Properties
ciInstanceKlass java/util/Hashtable 1 1 427 1 7 1 1 7 1 7 1 100 1 100 1 100 1 7 1 1 7 1 1 100 1 1 7 1 1 7 1 1 7 1 1 1 1 1 1 1 1 1 1 1 5 0 1 3 1 1 1 1 1 1 1 1 1 3 1 3 1 3 1 1 1 12 10 12 9 1 100 1 7 10 1 8 1 1 12 10 1 12 10 1 1 12 10 1 12 10 1 7 1 1 12 10 1 8 1 12 10 12 9 12 9 4 1 7 1 1 12 10 12 9 1 4 12 10 1 1 1 12 11 1 1 12 10 1 12 10 1 12 9 1 1 1 1 1 1 12 10 1 1 1 1 100 10 100 1 1 12 9 1 7 1 12 10 1 1 12 9 1 12 10 1 1 12 10 3 1 12 9 1 12 9 1 1 1 1 1 12 10 1 12 10 1 1 12 10 1 1 12 11 1 7 1 1 12 11 1 7 1 12 11 1 12 11 1 12 11 1 12 11 12 10 1 1 1 1 12 10 12 10 12 9 12 9 12 9 1 100 10 1 100 1 12 10 10 1 8 10 1 12 10 1 8 10 1 100 1 8 1 7 1 12 10 1 12 10 1 1 1 12 10 1 12 10 1 1 12 10 10 1 10 1 1 12 10 1 100 12 11 12 11 10 1 10 1 1 1 100 1 12 10 1 100 1 1 12 11 1 100 10 1 1 1 100 1 12 11 1 1 1 1 1 1 1 100 12 11 1 1 1 12 10 1 1 1 1 1 100 1 12 10 1 100 1 12 10 1 12 10 1 100 1 12 10 1 1 1 1 1 100 1 12 10 1 100 1 12 10 1 100 10 1 12 10 1 8 12 10 1 100 1 1 12 10 1 100 1 100 1 1 12 11 12 10 1 1 12 10 10 1 1 12 10 1 1 1 1 1 1 1 1 1 1 1 1 1 1 1 1 1 1 1 1 1 1 1 1 1 1 1 1 1 1 1 1 1
instanceKlass java/security/Provider
ciInstanceKlass java/util/Properties 1 1 495 1 7 1 1 7 1 100 1 7 1 1 7 1 1 7 1 7 1 1 100 1 7 1 1 1 5 0 1 1 1 1 1 1 1 1 1 1 12 10 1 100 1 12 10 1 12 10 12 9 12 9 1 1 1 1 12 10 1 1 1 100 1 8 1 7 1 1 12 10 1 12 10 1 1 12 10 1 1 8 1 12 10 100 1 1 12 10 1 12 9 1 1 12 10 3 1 100 1 8 1 12 10 1 7 1 12 10 1 1 1 12 10 1 100 10 1 1 12 10 1 1 12 10 1 12 10 1 1 12 10 1 1 1 8 1 100 1 12 10 1 1 12 10 1 12 10 1 12 10 1 1 1 1 12 10 1 1 12 10 1 100 1 1 12 10 1 100 1 8 12 10 12 10 12 10 1 12 10 1 100 10 10 1 1 12 10 1 7 1 1 12 11 1 100 1 7 1 1 12 11 1 1 12 11 1 12 11 1 12 11 12 10 1 8 1 100 1 12 10 1 1 100 1 12 10 1 100 10 12 10 1 100 1 12 10 1 1 8 1 12 10 1 12 10 1 1 1 12 10 12 10 1 1 1 10 1 1 12 10 1 12 10 1 1 7 10 1 12 10 1 12 11 1 7 1 1 12 10 1 1 1 8 1 100 1 12 10 11 1 8 1 1 100 10 11 12 9 1 12 10 1 12 10 1 12 10 1 1 12 10 1 1 1 12 10 1 1 12 10 1 12 10 1 12 10 10 1 12 10 1 12 10 1 12 10 10 1 1 12 10 1 1 12 10 10 1 12 10 1 12 10 1 12 10 1 12 10 1 1 12 10 1 1 12 10 1 12 10 1 12 10 1 1 12 10 12 10 1 1 12 10 1 1 12 10 1 12 10 1 1 12 10 1 1 1 1 12 10 12 10 1 1 1 100 10 1 100 1 12 11 4 11 1 1 12 10 1 100 1 12 10 1 12 11 1 1 12 10 1 1 1 100 1 100 1 12 10 1 12 10 1 100 1 8 1 12 10 10 1 100 1 1 12 10 1 100 6 0 1 1 12 10 1 100 1 1 12 11 1 12 10 1 1 1 1 1 1 1 1 1 1 1 1 1 1 1 1 1 1 1 1 1 1 1
staticfield java/util/Properties hexDigit [C 16
ciInstanceKlass java/lang/Module 1 1 809 1 7 1 7 1 100 1 100 1 100 1 100 1 1 7 1 7 1 1 7 1 1 7 1 1 7 1 100 1 1 100 1 100 1 1 1 1 1 1 1 1 1 1 1 1 1 1 1 1 1 1 1 1 1 1 1 1 1 1 1 1 1 1 1 1 1 1 1 1 12 10 12 9 1 12 10 12 9 12 9 12 9 1 1 12 10 1 1 12 10 1 7 1 1 12 10 1 7 1 1 12 10 1 1 12 10 1 7 1 7 1 1 12 11 1 7 1 1 12 10 1 1 1 1 1 1 1 7 1 1 12 10 1 100 1 1 12 9 1 100 1 1 12 10 1 1 1 1 12 10 1 7 1 8 1 1 12 10 1 12 10 1 1 1 12 10 12 9 1 12 11 12 9 1 7 1 1 12 10 12 9 1 1 1 1 7 1 1 12 10 1 1 12 10 1 100 1 100 10 1 1 12 10 1 8 1 12 10 12 10 1 12 10 1 1 12 10 1 1 1 12 10 1 1 12 10 1 7 1 1 12 9 1 1 12 10 1 1 1 1 12 10 1 12 9 1 12 10 1 12 10 1 12 10 12 9 1 7 1 12 11 1 1 12 10 12 9 12 9 1 12 10 1 12 10 1 1 1 1 1 100 1 8 10 1 1 12 10 1 12 10 1 8 1 1 1 1 1 1 12 10 1 1 1 100 1 1 12 10 1 1 12 10 1 12 10 1 8 1 8 1 1 12 10 1 12 10 1 1 12 10 1 7 1 1 12 10 15 16 1 1 12 10 15 16 1 1 12 18 1 1 12 10 1 12 11 1 12 9 12 11 1 1 7 1 12 10 1 100 1 8 10 1 7 10 1 12 10 1 7 1 12 11 1 1 12 11 12 9 1 12 11 1 1 1 12 10 1 1 12 10 12 9 1 12 10 1 7 12 10 1 1 7 1 12 10 1 7 10 1 100 16 1 100 10 15 1 16 1 12 18 1 1 12 11 1 100 1 1 12 10 1 1 12 11 1 1 1 7 10 1 7 1 12 10 1 1 12 11 1 7 1 7 10 12 11 1 7 1 12 10 1 8 1 1 12 10 1 7 12 10 1 12 10 1 7 1 1 12 10 12 10 12 9 1 100 10 1 7 1 1 12 10 12 10 1 1 12 10 1 1 12 10 1 7 11 1 1 12 10 1 12 11 1 1 12 10 1 1 12 10 1 7 1 12 10 1 12 10 11 1 12 10 1 12 10 1 12 10 16 1 1 12 10 15 1 16 1 1 12 18 1 1 12 11 1 12 11 1 1 12 10 15 1 16 1 12 18 1 12 10 12 10 1 12 10 1 12 10 1 12 10 1 12 10 1 12 10 12 9 1 12 10 10 10 10 1 12 10 1 1 12 10 1 12 10 1 1 12 10 1 12 10 12 9 16 1 12 10 15 16 1 1 12 18 1 100 1 1 12 10 1 100 1 100 1 8 1 1 12 10 1 12 10 1 100 1 12 10 1 1 12 10 1 100 1 100 1 8 1 100 1 12 10 3 1 12 10 1 100 1 12 10 1 1 12 10 1 1 12 10 1 12 10 1 1 12 10 1 100 1 100 1 100 12 10 1 100 1 8 1 12 10 1 1 12 10 1 7 1 12 10 1 1 12 10 12 10 12 10 1 1 12 10 1 100 10 1 1 12 10 1 100 1 1 12 10 1 8 1 1 12 10 1 100 1 12 10 1 8 1 12 10 1 8 1 12 10 12 10 12 10 1 8 10 1 7 10 1 1 12 10 12 10 1 1 12 11 10 1 1 1 1 1 1 1 1 1 1 1 1 1 1 1 1 1 1 1
staticfield java/lang/Module ALL_UNNAMED_MODULE Ljava/lang/Module; java/lang/Module
staticfield java/lang/Module ALL_UNNAMED_MODULE_SET Ljava/util/Set; java/util/ImmutableCollections$Set1
staticfield java/lang/Module EVERYONE_MODULE Ljava/lang/Module; java/lang/Module
staticfield java/lang/Module EVERYONE_SET Ljava/util/Set; java/util/ImmutableCollections$Set1
staticfield java/lang/Module reflectivelyReads Ljava/lang/WeakPairMap; java/lang/WeakPairMap
staticfield java/lang/Module reflectivelyExports Ljava/lang/WeakPairMap; java/lang/WeakPairMap
staticfield java/lang/Module reflectivelyUses Ljava/lang/WeakPairMap; java/lang/WeakPairMap
staticfield java/lang/Module $assertionsDisabled Z 1
instanceKlass java/lang/reflect/Executable
instanceKlass java/lang/reflect/Field
ciInstanceKlass java/lang/reflect/AccessibleObject 1 1 353 1 7 1 7 1 7 1 7 1 7 1 1 100 1 100 1 1 1 1 1 1 1 1 1 1 1 1 1 1 7 1 1 12 10 12 9 1 100 1 12 10 1 1 1 12 10 1 7 1 1 12 10 1 100 1 1 12 10 1 7 1 1 12 10 1 1 12 10 1 12 9 1 1 1 100 1 1 12 10 1 12 11 1 100 1 12 10 1 1 1 12 10 1 7 1 12 10 1 1 12 10 1 7 1 1 12 10 1 100 1 7 10 10 1 7 1 1 12 10 1 1 12 10 1 12 10 1 12 10 1 12 10 1 1 12 10 1 12 10 1 12 10 1 8 1 100 1 12 10 1 1 12 10 1 8 1 12 10 1 12 10 1 8 1 8 1 8 1 8 1 8 1 8 1 100 1 12 10 1 12 10 1 1 12 9 1 1 12 10 1 12 10 1 7 1 1 12 10 1 7 1 1 12 10 15 16 1 12 10 15 16 1 1 12 18 1 12 10 12 10 10 1 1 1 1 1 11 1 100 1 100 1 8 10 1 12 10 1 1 12 10 1 8 1 12 10 1 8 1 1 12 10 10 1 1 1 100 1 8 1 12 10 1 12 11 1 1 1 1 1 12 10 1 12 10 1 12 10 1 1 1 100 1 1 12 10 10 12 9 1 100 1 12 10 1 12 10 12 9 1 100 1 12 10 1 8 1 100 1 1 12 10 1 8 1 1 12 10 12 9 1 1 7 1 8 10 10 1 7 1 1 12 10 12 9 1 1 1 1 1 1 1 1 1 1 1 1 1 1 1 1 1
staticfield java/lang/reflect/AccessibleObject ACCESS_PERMISSION Ljava/security/Permission; java/lang/reflect/ReflectPermission
staticfield java/lang/reflect/AccessibleObject reflectionFactory Ljdk/internal/reflect/ReflectionFactory; jdk/internal/reflect/ReflectionFactory
ciInstanceKlass java/lang/reflect/Field 1 1 390 1 7 1 7 1 100 1 100 1 100 1 1 1 1 1 1 1 1 1 1 1 1 1 1 1 1 1 1 1 1 1 1 1 1 1 12 9 1 1 1 1 12 10 1 100 1 1 12 10 1 100 1 12 10 1 1 12 9 12 10 12 10 1 100 1 12 10 1 1 1 12 10 12 9 12 9 12 9 12 9 12 9 12 9 1 1 12 9 1 100 1 8 1 12 10 12 10 12 9 12 9 1 1 1 1 12 10 1 7 1 12 10 1 1 12 10 1 1 12 10 1 12 10 1 1 1 1 1 12 10 1 1 7 1 12 10 1 1 1 12 10 12 10 12 10 1 1 12 10 1 1 100 10 1 100 12 10 1 1 100 10 1 8 1 12 10 1 1 12 10 1 8 12 10 1 12 10 1 8 1 1 8 1 10 1 100 11 1 1 1 100 1 1 1 12 9 1 1 12 10 1 1 12 10 1 7 12 11 1 12 11 1 1 12 11 1 1 12 11 1 1 12 11 1 1 12 11 1 1 12 11 1 1 12 11 1 1 12 11 1 1 12 11 1 1 12 11 1 1 12 11 1 1 12 11 1 1 12 11 1 1 12 11 1 1 12 11 1 1 12 11 1 1 12 11 1 12 10 1 100 1 12 10 1 12 10 1 1 12 10 12 10 1 1 12 9 1 7 1 1 12 10 1 1 12 10 1 1 1 100 1 12 10 1 12 10 1 100 11 1 12 10 1 100 1 1 1 100 1 1 12 10 1 1 1 100 1 1 12 10 12 9 1 100 1 1 12 10 1 100 1 1 12 11 1 1 12 10 1 100 1 1 1 1 12 10 1 1 12 9 1 100 1 1 12 10 1 1 1 1 1 1 1 1 1 1 1 1 1
ciInstanceKlass java/lang/reflect/Parameter 0 0 207 1 100 1 100 1 100 1 1 1 1 1 1 1 1 1 1 1 1 1 1 1 1 1 1 12 10 12 9 12 9 12 9 12 9 1 1 12 10 1 1 12 10 1 1 1 100 1 12 10 1 1 1 100 10 1 1 12 10 1 100 1 12 11 1 12 10 1 100 1 12 10 1 1 12 10 1 12 10 1 100 1 12 10 1 8 1 8 1 1 12 10 1 12 10 12 10 1 1 1 8 10 1 8 1 12 10 1 12 9 1 1 12 10 1 1 12 9 1 1 12 10 1 100 1 1 1 1 12 10 1 1 1 12 10 1 12 10 10 1 12 10 1 1 1 100 1 1 12 10 1 12 10 1 100 1 12 11 1 12 10 1 100 1 1 1 100 1 1 12 10 1 1 1 1 12 10 1 12 10 1 12 10 1 12 10 12 9 1 100 10 1 100 1 12 11 1 1 12 11 1 1 1 1 1 1 1
instanceKlass java/lang/reflect/Constructor
instanceKlass java/lang/reflect/Method
ciInstanceKlass java/lang/reflect/Executable 1 1 394 1 7 1 7 1 100 1 100 1 100 1 100 1 1 1 1 1 1 1 1 1 1 12 10 1 1 1 1 1 1 1 1 1 1 1 1 1 7 1 1 12 10 1 1 12 10 1 7 1 1 12 11 1 7 1 12 10 1 1 1 1 12 10 1 7 1 1 12 10 1 100 1 1 12 10 1 12 10 1 8 1 1 1 100 10 12 10 1 1 12 10 1 100 1 8 1 12 10 1 100 1 7 1 1 12 10 1 1 12 10 12 10 1 8 1 8 1 12 10 10 1 8 1 12 10 1 8 1 1 1 1 12 10 1 8 1 100 1 100 11 1 12 10 1 1 12 10 1 100 1 100 11 1 12 10 1 8 1 8 1 100 1 1 12 10 1 12 10 1 1 1 1 1 1 100 10 12 10 12 10 1 100 12 10 12 10 1 12 10 1 1 12 10 100 1 100 1 12 10 1 12 10 1 12 10 1 1 12 10 1 12 10 1 8 1 12 10 1 12 10 1 1 3 1 100 1 8 1 12 10 1 12 10 10 1 12 10 1 1 12 10 1 8 1 8 1 8 1 100 12 9 1 12 10 1 8 12 9 12 10 12 10 1 1 12 10 1 12 10 12 10 1 1 12 10 1 1 1 1 1 100 12 10 1 1 12 10 1 100 1 100 1 1 12 10 1 7 1 1 1 7 1 1 12 10 1 12 10 1 7 1 12 11 1 12 10 1 1 1 100 1 1 12 10 1 1 1 1 12 10 12 9 12 10 1 100 12 10 1 1 12 10 1 100 1 1 1 1 1 1 12 9 1 100 1 1 12 10 1 1 12 10 1 12 9 1 1 12 10 1 12 9 1 1 12 10 1 1 12 9 1 1 1 1 1 1 1 1 1 1 1 1 1
ciInstanceKlass java/lang/reflect/Method 1 1 402 1 7 1 7 1 1 1 1 1 1 1 1 1 1 1 1 1 1 1 1 1 1 1 1 1 1 1 1 1 1 12 9 1 1 1 100 1 1 12 10 1 100 1 12 10 1 1 12 9 12 10 12 10 1 100 1 12 10 1 1 1 12 10 12 9 12 9 12 9 12 9 12 9 12 9 12 9 12 9 12 9 12 9 1 1 12 9 1 100 1 8 1 12 10 12 10 12 9 1 1 8 1 1 1 1 7 1 12 10 1 7 1 1 12 10 1 1 12 10 1 1 12 10 1 12 10 1 1 1 1 1 1 1 1 1 1 1 1 12 10 12 10 1 100 1 1 1 12 10 12 10 1 1 1 7 1 1 12 10 1 1 1 12 10 1 1 12 10 1 1 12 10 12 10 1 7 12 10 1 1 12 10 1 1 7 10 1 7 12 10 1 1 7 1 12 10 1 12 10 1 1 12 10 1 1 1 12 10 1 100 1 1 12 10 1 12 10 1 1 8 10 1 100 1 8 1 12 10 12 10 1 1 12 10 1 12 10 12 10 1 1 1 12 10 1 12 10 1 100 11 1 1 1 100 1 100 1 1 1 1 12 9 1 1 12 10 1 100 1 12 10 1 1 12 10 1 1 12 10 1 7 12 11 1 12 10 1 12 10 1 12 10 1 12 10 1 12 10 1 1 12 9 1 7 1 1 12 10 1 1 12 10 1 1 7 1 1 12 10 1 7 1 1 12 10 1 7 1 1 12 10 1 7 1 1 12 11 1 7 1 1 12 10 1 7 1 100 1 100 1 12 10 1 1 12 10 1 12 10 1 100 10 1 8 10 1 1 12 10 1 1 12 10 1 1 1 1 12 10 1 1 1 1 12 10 1 1 1 8 1 1 1 1 1 1 1 1 1 1 1 1
ciInstanceKlass java/lang/reflect/Constructor 1 1 375 1 7 1 1 7 1 100 1 100 1 1 1 1 1 1 1 1 1 1 1 1 1 1 1 1 1 1 1 1 1 1 1 1 1 1 100 1 1 12 10 1 100 1 12 10 1 1 12 9 1 1 12 10 12 10 1 100 1 12 10 1 1 12 9 1 1 1 12 10 12 9 12 9 12 9 12 9 12 9 12 9 12 9 12 9 1 1 1 100 1 8 1 12 10 12 10 12 9 1 1 1 1 7 1 12 10 1 7 1 1 12 10 1 1 12 10 1 1 12 10 1 12 10 1 7 1 100 1 8 10 1 1 1 1 1 1 12 10 12 10 1 1 1 1 12 10 12 10 1 100 1 1 1 7 1 1 12 10 1 1 1 12 10 1 1 12 10 1 1 1 1 12 10 1 1 7 12 10 1 1 100 1 12 10 1 1 12 10 1 1 1 12 10 1 100 1 1 12 10 1 1 8 10 1 12 10 1 100 1 8 1 12 10 12 10 1 1 12 10 1 12 10 12 10 1 1 1 12 10 1 12 10 1 1 1 100 1 100 1 100 1 1 1 12 9 1 1 12 10 12 10 1 8 1 1 12 10 1 7 12 11 1 12 10 1 12 10 1 12 10 1 1 12 9 1 7 1 1 12 10 1 1 12 10 1 1 1 1 1 12 10 1 1 12 10 1 1 1 1 12 10 1 1 1 12 10 1 12 10 1 12 10 1 12 10 1 100 1 8 10 1 1 1 1 12 10 1 1 12 10 10 1 1 12 10 1 12 10 1 100 1 1 12 10 1 100 1 1 12 11 1 1 12 9 1 100 1 1 12 10 1 1 1 1 1 1 1 1 1 1 1 1 1 1
instanceKlass jdk/internal/reflect/FieldAccessorImpl
instanceKlass jdk/internal/reflect/ConstructorAccessorImpl
instanceKlass jdk/internal/reflect/MethodAccessorImpl
ciInstanceKlass jdk/internal/reflect/MagicAccessorImpl 1 1 10 1 100 1 7 1 1 12 10 1
instanceKlass jdk/internal/reflect/GeneratedMethodAccessor22
instanceKlass jdk/internal/reflect/GeneratedMethodAccessor21
instanceKlass jdk/internal/reflect/GeneratedMethodAccessor20
instanceKlass jdk/internal/reflect/GeneratedMethodAccessor19
instanceKlass jdk/internal/reflect/GeneratedMethodAccessor18
instanceKlass jdk/internal/reflect/GeneratedMethodAccessor17
instanceKlass jdk/internal/reflect/GeneratedMethodAccessor16
instanceKlass jdk/internal/reflect/GeneratedMethodAccessor15
instanceKlass jdk/internal/reflect/GeneratedMethodAccessor14
instanceKlass jdk/internal/reflect/GeneratedMethodAccessor13
instanceKlass jdk/internal/reflect/GeneratedMethodAccessor12
instanceKlass jdk/internal/reflect/GeneratedMethodAccessor11
instanceKlass jdk/internal/reflect/GeneratedMethodAccessor10
instanceKlass jdk/internal/reflect/GeneratedMethodAccessor9
instanceKlass jdk/internal/reflect/GeneratedMethodAccessor8
instanceKlass jdk/internal/reflect/GeneratedMethodAccessor7
instanceKlass jdk/internal/reflect/GeneratedMethodAccessor6
instanceKlass jdk/internal/reflect/GeneratedMethodAccessor5
instanceKlass jdk/internal/reflect/GeneratedMethodAccessor4
instanceKlass jdk/internal/reflect/GeneratedMethodAccessor3
instanceKlass jdk/internal/reflect/GeneratedMethodAccessor2
instanceKlass jdk/internal/reflect/GeneratedMethodAccessor1
instanceKlass jdk/internal/reflect/DelegatingMethodAccessorImpl
instanceKlass jdk/internal/reflect/NativeMethodAccessorImpl
ciInstanceKlass jdk/internal/reflect/MethodAccessorImpl 1 1 19 1 100 1 7 1 100 1 1 12 10 1 1 1 100 1 100 1 1
instanceKlass jdk/internal/reflect/GeneratedConstructorAccessor9
instanceKlass jdk/internal/reflect/GeneratedConstructorAccessor8
instanceKlass jdk/internal/reflect/GeneratedConstructorAccessor7
instanceKlass jdk/internal/reflect/GeneratedConstructorAccessor6
instanceKlass jdk/internal/reflect/GeneratedConstructorAccessor5
instanceKlass jdk/internal/reflect/GeneratedConstructorAccessor4
instanceKlass jdk/internal/reflect/GeneratedConstructorAccessor3
instanceKlass jdk/internal/reflect/GeneratedConstructorAccessor2
instanceKlass jdk/internal/reflect/BootstrapConstructorAccessorImpl
instanceKlass jdk/internal/reflect/GeneratedConstructorAccessor1
instanceKlass jdk/internal/reflect/DelegatingConstructorAccessorImpl
instanceKlass jdk/internal/reflect/NativeConstructorAccessorImpl
ciInstanceKlass jdk/internal/reflect/ConstructorAccessorImpl 1 1 21 1 100 1 7 1 100 1 1 12 10 1 1 1 100 1 100 1 100 1 1
ciInstanceKlass jdk/internal/reflect/DelegatingClassLoader 1 1 10 1 100 1 7 1 1 12 10 1
ciInstanceKlass jdk/internal/reflect/ConstantPool 1 1 129 1 7 1 100 1 100 1 1 1 1 1 12 10 1 1 12 9 1 1 12 10 1 1 1 1 12 10 1 1 12 10 1 1 1 1 12 10 1 1 1 1 12 10 1 1 12 10 1 1 1 1 12 10 1 1 12 10 1 1 1 1 12 10 1 1 12 10 1 1 12 10 1 1 12 10 1 1 1 1 12 10 1 1 1 1 12 10 1 1 1 1 12 10 1 1 1 1 12 10 1 1 12 10 1 1 1 1 12 10 1 1 12 10 1 1 7 8 1 7 1 1 12 10 1 1 1 1 1
instanceKlass jdk/internal/reflect/UnsafeFieldAccessorImpl
ciInstanceKlass jdk/internal/reflect/FieldAccessorImpl 1 1 53 1 100 1 7 1 100 1 1 12 10 1 1 1 100 1 1 1 1 1 1 1 1 1 1 1 1 1 1 1 1 1 1 1 100 1 1 1 1 1 1 1 1 1 1 1 1 1 1 1 1 1 1
instanceKlass jdk/internal/reflect/UnsafeObjectFieldAccessorImpl
instanceKlass jdk/internal/reflect/UnsafeStaticFieldAccessorImpl
ciInstanceKlass jdk/internal/reflect/UnsafeFieldAccessorImpl 1 1 226 1 7 1 7 1 1 1 1 1 1 1 1 1 1 1 12 10 12 9 1 7 1 1 12 10 1 7 1 1 12 10 12 9 1 7 1 1 12 10 12 9 1 12 10 12 10 12 9 1 1 1 1 12 10 1 7 1 12 10 1 7 1 1 12 10 1 12 10 1 1 1 100 10 1 12 10 1 1 12 10 1 8 10 1 12 10 1 1 1 100 1 8 1 12 10 1 8 12 10 1 8 1 12 10 1 1 1 100 1 1 12 10 10 1 8 1 100 12 10 1 1 8 1 100 1 12 10 1 1 8 1 100 1 12 10 1 1 8 1 100 1 12 10 1 1 8 1 100 1 12 10 1 1 8 1 100 1 12 10 1 1 8 1 100 1 12 10 1 1 8 1 100 1 12 10 1 1 8 1 100 1 12 10 1 1 12 10 1 1 1 1 1 1 1 1 8 1 8 1 8 1 8 1 8 1 8 1 12 10 1 8 1 8 1 8 12 10 1 1 1 12 10 1 1 1
staticfield jdk/internal/reflect/UnsafeFieldAccessorImpl unsafe Ljdk/internal/misc/Unsafe; jdk/internal/misc/Unsafe
instanceKlass jdk/internal/reflect/UnsafeQualifiedStaticFieldAccessorImpl
instanceKlass jdk/internal/reflect/UnsafeStaticObjectFieldAccessorImpl
ciInstanceKlass jdk/internal/reflect/UnsafeStaticFieldAccessorImpl 1 1 35 1 7 1 7 1 1 1 1 12 10 1 1 12 9 1 7 1 1 12 10 12 9 1 1 1 7 8 1 7 1 1 12 10 1
ciInstanceKlass jdk/internal/reflect/CallerSensitive 1 1 15 1 100 1 100 1 100 1 1 1 1 1 1 1 1
instanceKlass java/lang/invoke/DelegatingMethodHandle
instanceKlass java/lang/invoke/BoundMethodHandle
instanceKlass java/lang/invoke/DirectMethodHandle
ciInstanceKlass java/lang/invoke/MethodHandle 1 1 450 1 7 1 7 1 100 1 1 7 1 7 1 1 1 1 1 1 1 1 1 1 1 1 1 1 12 9 1 1 1 12 10 1 7 1 1 12 10 1 7 1 7 1 1 12 10 12 9 1 12 10 1 1 1 100 1 1 1 1 1 1 1 1 1 1 1 12 10 1 1 12 10 1 100 1 1 12 10 1 1 12 10 1 12 10 1 1 100 1 1 12 11 12 10 1 12 10 1 12 10 12 9 1 1 12 10 1 100 1 100 10 1 8 1 1 12 10 1 12 10 1 8 1 1 12 10 1 12 10 1 1 12 10 1 1 12 10 1 1 12 10 1 12 10 1 1 12 10 1 1 12 10 1 7 1 1 12 10 1 7 1 1 12 10 1 7 1 1 12 10 1 1 12 10 1 1 12 10 1 8 1 7 1 1 12 10 1 8 1 1 12 10 1 1 12 10 1 1 12 10 1 12 10 1 8 1 1 12 10 1 8 1 12 10 1 8 1 100 1 1 12 10 12 9 1 100 10 1 100 1 1 12 9 1 100 9 1 8 1 1 1 1 12 10 1 1 12 10 1 12 10 1 1 12 10 1 12 10 1 1 12 10 1 12 10 1 12 10 1 1 12 10 1 12 10 1 1 12 10 1 1 12 10 1 8 1 1 12 10 1 8 1 12 10 1 1 12 10 1 1 1 12 10 1 12 10 1 1 12 10 1 12 9 1 8 1 12 10 1 12 10 1 8 1 12 10 1 1 12 10 10 1 1 1 100 1 100 1 7 1 12 10 12 10 1 8 1 1 12 10 1 1 1 1 12 10 9 1 12 10 1 100 1 1 12 10 1 12 10 1 1 1 1 1 1 1 12 9 1 1 1 1 12 10 12 10 1 1 1 8 1 1 1 1 12 9 1 1 12 9 12 9 1 7 1 1 12 10 1 12 10 1 1 12 10 12 10 1 1 100 1 12 10 8 1 1 12 10 1 1 12 10 1 12 10 1 1 1 1 1 1 1 1 1 1 1 1 1 1
staticfield java/lang/invoke/MethodHandle FORM_OFFSET J 20
staticfield java/lang/invoke/MethodHandle $assertionsDisabled Z 1
instanceKlass java/lang/invoke/DirectMethodHandle$Constructor
instanceKlass java/lang/invoke/DirectMethodHandle$Special
instanceKlass java/lang/invoke/DirectMethodHandle$Accessor
instanceKlass java/lang/invoke/DirectMethodHandle$Interface
ciInstanceKlass java/lang/invoke/DirectMethodHandle 1 1 842 1 7 1 7 1 7 1 7 1 1 100 1 1 7 1 1 7 1 1 7 1 1 7 1 1 100 1 1 7 1 7 1 1 7 1 7 1 1 7 1 1 7 1 1 100 1 7 1 1 1 1 1 1 1 3 1 3 1 3 1 3 1 3 1 3 1 3 1 1 3 1 1 3 1 3 1 1 1 1 1 1 1 1 1 1 1 1 1 1 1 1 1 1 1 1 1 1 1 12 10 1 1 12 10 1 100 1 12 10 1 7 1 1 12 10 1 7 1 12 10 1 12 10 1 12 10 1 7 1 1 12 10 1 1 12 10 1 1 12 10 1 12 10 1 1 12 10 1 1 12 10 1 12 10 12 9 1 100 10 12 9 1 1 1 12 10 1 12 10 1 1 12 10 1 12 10 1 12 10 1 12 10 1 1 12 10 1 12 10 1 1 12 10 1 1 12 10 1 12 10 1 12 10 12 10 1 12 10 1 1 12 10 1 1 12 10 1 12 10 1 12 10 1 12 10 1 12 10 1 1 12 10 12 10 8 1 100 1 1 12 10 1 12 10 1 12 10 1 1 12 10 1 12 10 1 7 1 1 12 9 1 12 10 1 1 1 7 1 1 12 10 1 1 1 12 10 1 1 7 10 1 8 1 1 12 10 1 12 10 1 12 10 10 1 1 12 10 1 12 10 1 12 10 1 12 10 1 1 12 10 1 12 10 1 1 12 10 1 12 10 1 1 12 10 10 1 7 1 1 12 10 1 1 12 10 1 7 1 1 12 10 1 12 10 1 1 12 10 1 100 1 8 1 1 12 9 1 8 1 12 9 1 12 9 1 8 1 12 9 1 8 1 12 9 1 12 9 1 8 1 12 10 1 1 12 10 12 9 1 7 1 1 12 10 1 7 1 1 12 10 1 1 12 10 1 12 10 1 1 12 10 1 100 12 9 1 12 10 12 9 12 9 12 9 1 1 12 10 1 7 1 1 12 10 12 9 1 7 1 1 12 10 1 12 10 1 1 12 9 1 8 1 1 12 10 1 1 12 10 1 12 10 1 12 10 1 12 9 12 9 1 12 9 1 7 1 1 12 10 1 1 1 12 10 1 7 1 7 1 7 1 1 12 9 1 7 12 10 1 1 12 10 1 12 10 1 1 12 10 1 1 12 9 1 1 12 10 1 100 1 12 10 1 100 1 1 12 10 1 12 10 1 1 12 9 1 1 7 1 12 9 12 10 1 1 12 9 1 1 100 1 12 10 1 1 1 1 12 10 1 1 1 12 10 1 1 12 10 1 12 10 1 12 10 1 1 1 1 1 12 10 1 7 1 1 12 10 1 12 10 1 7 1 12 10 12 9 1 12 10 1 12 10 1 12 10 12 10 12 10 12 9 1 1 12 10 1 1 1 1 12 9 1 12 9 1 12 9 1 12 9 1 12 9 1 12 9 1 12 9 1 12 9 1 12 9 1 12 9 1 12 9 1 12 9 1 12 9 1 12 9 1 12 9 1 12 9 1 12 9 1 12 9 1 12 9 1 12 9 1 12 9 1 12 9 1 12 9 1 12 9 1 12 9 1 12 9 1 12 9 1 12 9 1 12 9 1 12 9 1 12 9 1 12 9 1 12 9 1 12 9 1 12 9 1 12 9 1 12 9 1 8 1 1 12 9 12 9 1 12 10 12 10 1 7 9 1 12 10 1 12 9 12 10 1 12 10 12 9 12 9 12 9 12 9 12 9 12 9 12 9 10 1 8 1 8 1 8 1 8 1 12 10 12 10 1 1 12 10 1 1 12 10 8 1 1 12 10 1 12 10 8 8 8 8 8 8 8 8 8 8 1 1 12 10 1 12 10 1 12 10 1 8 10 1 100 1 1 12 10 1 1 1 1 1 1 1 1 1 1 1
staticfield java/lang/invoke/DirectMethodHandle IMPL_NAMES Ljava/lang/invoke/MemberName$Factory; java/lang/invoke/MemberName$Factory
staticfield java/lang/invoke/DirectMethodHandle FT_UNCHECKED_REF I 8
staticfield java/lang/invoke/DirectMethodHandle ACCESSOR_FORMS [Ljava/lang/invoke/LambdaForm; 132 [Ljava/lang/invoke/LambdaForm;
staticfield java/lang/invoke/DirectMethodHandle ALL_WRAPPERS [Lsun/invoke/util/Wrapper; 10 [Lsun/invoke/util/Wrapper;
staticfield java/lang/invoke/DirectMethodHandle NF_internalMemberName Ljava/lang/invoke/LambdaForm$NamedFunction; java/lang/invoke/LambdaForm$NamedFunction
staticfield java/lang/invoke/DirectMethodHandle NF_internalMemberNameEnsureInit Ljava/lang/invoke/LambdaForm$NamedFunction; java/lang/invoke/LambdaForm$NamedFunction
staticfield java/lang/invoke/DirectMethodHandle NF_ensureInitialized Ljava/lang/invoke/LambdaForm$NamedFunction; java/lang/invoke/LambdaForm$NamedFunction
staticfield java/lang/invoke/DirectMethodHandle NF_fieldOffset Ljava/lang/invoke/LambdaForm$NamedFunction; java/lang/invoke/LambdaForm$NamedFunction
staticfield java/lang/invoke/DirectMethodHandle NF_checkBase Ljava/lang/invoke/LambdaForm$NamedFunction; java/lang/invoke/LambdaForm$NamedFunction
staticfield java/lang/invoke/DirectMethodHandle NF_staticBase Ljava/lang/invoke/LambdaForm$NamedFunction; java/lang/invoke/LambdaForm$NamedFunction
staticfield java/lang/invoke/DirectMethodHandle NF_staticOffset Ljava/lang/invoke/LambdaForm$NamedFunction; java/lang/invoke/LambdaForm$NamedFunction
staticfield java/lang/invoke/DirectMethodHandle NF_checkCast Ljava/lang/invoke/LambdaForm$NamedFunction; java/lang/invoke/LambdaForm$NamedFunction
staticfield java/lang/invoke/DirectMethodHandle NF_allocateInstance Ljava/lang/invoke/LambdaForm$NamedFunction; java/lang/invoke/LambdaForm$NamedFunction
staticfield java/lang/invoke/DirectMethodHandle NF_constructorMethod Ljava/lang/invoke/LambdaForm$NamedFunction; java/lang/invoke/LambdaForm$NamedFunction
staticfield java/lang/invoke/DirectMethodHandle NF_UNSAFE Ljava/lang/invoke/LambdaForm$NamedFunction; java/lang/invoke/LambdaForm$NamedFunction
staticfield java/lang/invoke/DirectMethodHandle NF_checkReceiver Ljava/lang/invoke/LambdaForm$NamedFunction; java/lang/invoke/LambdaForm$NamedFunction
staticfield java/lang/invoke/DirectMethodHandle $assertionsDisabled Z 1
instanceKlass java/lang/invoke/VarHandleObjects$FieldInstanceReadOnly
instanceKlass java/lang/invoke/VarHandleInts$FieldInstanceReadOnly
ciInstanceKlass java/lang/invoke/VarHandle 1 1 286 1 7 1 7 1 100 1 100 1 1 100 1 1 100 1 1 100 1 1 7 1 100 1 100 1 1 1 1 1 1 1 1 1 1 1 1 1 1 1 1 12 10 12 9 1 1 1 100 10 1 1 1 1 1 1 1 1 1 1 1 1 1 1 1 1 1 1 1 1 1 1 1 1 1 1 1 1 1 1 1 1 1 1 1 1 1 1 1 1 12 9 1 1 12 10 1 100 1 1 12 10 1 1 12 10 1 1 1 12 9 1 12 10 1 1 12 10 1 1 12 9 1 1 12 9 1 12 10 1 12 10 1 1 10 1 1 12 10 1 1 1 1 12 10 1 1 12 10 1 100 1 100 1 1 12 10 1 12 9 10 1 1 12 9 1 12 10 1 1 12 10 1 7 1 1 12 10 1 100 1 12 10 1 100 1 1 12 10 1 1 12 9 1 1 12 10 12 9 1 1 12 10 1 12 10 1 12 10 1 100 10 1 1 7 1 1 12 9 12 9 1 7 1 1 12 10 1 12 10 1 1 12 10 1 1 12 10 1 12 10 1 12 10 1 1 100 1 1 12 10 10 1 7 1 1 12 10 12 9 8 1 1 12 10 1 1 12 10 1 1 12 10 1 7 1 1 12 10 1 1 1 1 1 1 1
staticfield java/lang/invoke/VarHandle AIOOBE_SUPPLIER Ljava/util/function/BiFunction; jdk/internal/util/Preconditions$1
staticfield java/lang/invoke/VarHandle VFORM_OFFSET J 12
staticfield java/lang/invoke/VarHandle $assertionsDisabled Z 1
ciInstanceKlass java/lang/invoke/MemberName 1 1 679 1 7 1 7 1 100 1 100 1 7 1 1 100 1 7 1 1 100 1 7 1 1 100 1 100 1 1 1 1 1 1 1 1 1 1 1 1 3 1 3 1 3 1 3 1 3 1 3 1 1 8 1 3 1 3 1 3 1 3 1 3 1 3 1 3 1 3 1 3 1 3 1 3 1 1 1 1 12 9 1 1 1 7 12 10 1 1 12 9 1 1 12 10 1 1 1 1 12 10 1 12 10 1 12 10 1 12 10 1 7 1 1 12 10 1 12 10 1 100 1 12 9 1 12 10 1 100 1 7 12 10 1 8 1 1 12 10 1 12 10 1 12 10 1 12 10 12 9 1 8 1 100 1 1 12 10 1 7 10 1 1 12 10 1 7 1 7 1 12 10 12 9 1 100 1 8 1 12 10 1 100 1 12 10 1 12 10 1 1 12 10 1 12 10 1 12 10 1 1 12 10 1 1 1 12 10 1 1 12 10 1 8 1 8 1 8 1 1 1 1 100 1 1 12 10 1 12 10 1 1 12 9 1 1 12 10 1 12 10 1 12 10 10 1 1 12 10 1 12 10 1 12 10 1 12 10 1 12 10 8 1 1 12 10 1 12 10 1 8 1 100 9 8 1 100 9 1 1 12 10 1 1 1 8 1 1 12 10 1 12 10 12 10 1 1 12 10 1 1 12 10 1 100 1 1 12 10 1 12 10 1 8 1 12 10 1 12 10 1 8 1 1 1 12 10 1 1 1 12 10 1 1 1 100 1 1 12 10 12 10 1 8 1 8 1 1 12 10 1 100 1 1 12 10 1 7 12 10 1 12 10 1 12 10 1 12 10 1 12 10 1 10 1 12 10 1 12 10 1 12 10 1 3 12 10 1 1 12 10 1 1 1 1 1 12 10 1 7 1 1 12 10 1 1 12 10 1 1 12 9 1 1 12 10 1 1 3 1 1 12 10 10 1 7 1 1 12 10 1 12 10 1 7 10 10 12 10 12 10 10 12 10 12 10 12 10 12 10 1 100 10 10 12 10 1 100 10 10 12 10 1 1 1 12 10 10 1 1 12 10 1 1 100 10 1 1 12 10 1 7 10 12 10 1 12 10 1 12 10 1 1 10 1 12 10 1 1 12 10 1 1 1 12 10 1 12 10 1 12 10 1 100 12 10 1 1 12 10 1 1 100 1 8 10 1 7 1 12 10 12 10 1 1 12 10 1 12 10 1 12 10 1 1 1 8 1 8 1 8 1 8 1 12 10 1 1 1 12 10 1 1 12 10 1 8 1 8 1 12 10 1 8 10 1 12 10 1 12 10 1 8 1 8 10 1 12 10 1 1 1 8 1 1 12 10 1 8 1 12 10 1 1 12 10 1 12 10 1 100 1 8 1 8 1 8 1 7 10 1 1 8 1 8 1 8 1 8 1 12 10 1 100 1 100 1 100 10 1 100 10 1 100 1 1 12 10 1 1 1 1 12 9 1 12 10 1 12 10 1 1 12 10 1 1 1 1 1 1 1 1 1 1 1 1 1 1 1 1
staticfield java/lang/invoke/MemberName $assertionsDisabled Z 1
ciInstanceKlass java/lang/invoke/MethodHandleNatives 1 1 541 1 7 1 7 1 100 1 1 100 1 1 7 1 7 1 1 7 1 1 7 1 100 1 1 7 1 1 7 1 7 1 1 1 1 1 12 10 1 1 1 1 1 1 1 100 1 100 1 1 1 1 1 1 1 1 1 1 1 1 1 1 1 1 1 1 12 9 12 10 1 100 10 1 1 12 10 12 10 1 1 1 1 12 10 1 1 1 1 8 1 8 1 8 1 8 1 8 1 8 1 8 1 8 1 8 1 8 1 1 1 1 1 100 1 100 1 100 12 10 1 7 1 7 1 1 12 10 1 100 1 1 12 10 1 7 10 1 1 12 10 1 8 1 12 10 1 8 1 1 12 10 1 8 1 1 12 10 1 100 1 1 12 9 1 8 1 100 1 1 12 10 1 100 12 10 1 100 1 8 1 1 1 7 10 1 12 10 1 7 1 7 1 12 9 1 1 12 10 1 12 10 1 7 1 1 12 10 1 7 1 1 12 10 1 7 1 1 12 10 1 12 10 1 100 1 1 12 10 1 100 1 1 12 10 1 12 9 1 8 1 12 10 1 8 1 12 10 1 8 1 8 1 8 1 8 1 1 1 1 12 10 1 1 1 12 10 1 12 10 1 100 1 1 12 10 1 1 12 10 1 12 10 1 12 10 1 12 10 1 8 1 8 10 1 1 12 10 1 1 12 10 1 8 1 100 1 1 12 10 1 8 1 8 1 100 1 1 12 10 1 1 12 10 1 1 12 10 1 1 12 9 1 12 9 1 1 12 9 1 12 10 1 1 12 10 1 1 12 10 1 1 12 10 1 1 12 10 1 1 12 10 10 1 12 10 1 12 9 1 7 1 8 1 1 12 10 1 12 10 1 1 12 10 1 1 12 10 1 1 12 10 1 12 10 1 12 10 1 1 12 10 1 1 12 10 1 12 10 1 7 1 1 12 10 1 1 12 10 1 100 1 8 10 1 1 1 100 1 1 12 9 1 1 12 10 1 12 10 1 1 12 10 1 100 1 100 10 10 1 1 12 10 10 1 100 10 10 1 100 10 1 100 10 1 12 10 1 12 10 1 1 12 10 1 1 1 12 10 12 10 1 12 10 1 12 10 10 1 12 10 1 8 1 8 1 100 1 12 10 1 100 1 12 10 1 12 10 1 1 12 10 1 12 10 1 12 10 1 1 12 10 12 10 10 12 10 1 1 1 1 1 1 1 1 1 1 1 1 1 1
staticfield java/lang/invoke/MethodHandleNatives $assertionsDisabled Z 1
ciInstanceKlass java/lang/invoke/LambdaForm 1 1 947 1 7 1 7 1 100 1 7 1 1 100 1 1 100 1 1 7 1 1 7 1 1 7 1 1 7 1 1 7 1 7 1 1 100 1 7 1 1 100 1 100 1 1 7 1 7 1 1 1 1 1 1 1 1 1 1 1 1 1 1 1 1 1 1 1 1 1 3 1 3 1 1 1 1 1 3 1 1 1 1 1 1 1 1 1 1 1 1 1 1 1 1 1 1 12 9 1 12 10 1 1 1 12 10 12 9 12 9 1 1 12 10 1 100 10 1 7 7 1 100 12 9 1 1 12 10 12 9 1 1 12 10 12 9 1 1 12 10 12 9 12 9 12 9 12 9 1 1 12 10 1 12 10 1 1 1 1 1 1 1 12 10 12 10 1 1 100 1 1 12 10 1 100 1 1 12 10 1 1 7 1 12 10 1 1 12 10 1 100 1 1 12 9 1 1 12 10 1 8 1 1 12 10 1 12 10 1 1 12 10 1 1 12 10 1 1 12 10 1 7 10 1 1 12 10 1 8 1 12 10 1 12 10 1 1 12 10 1 1 12 10 1 1 12 10 1 12 10 1 1 12 10 1 1 12 9 1 12 9 12 9 1 1 12 10 1 12 10 1 1 12 10 1 100 1 1 12 10 1 100 1 1 12 10 1 12 10 1 1 12 10 1 100 1 12 10 1 12 10 10 1 12 10 1 1 12 10 1 1 12 10 1 100 1 1 12 10 1 12 10 1 8 1 12 10 1 12 10 1 8 1 8 1 1 12 9 12 9 12 9 1 1 1 1 12 10 1 12 10 1 12 9 1 1 12 10 1 7 1 1 12 10 1 1 12 10 1 12 10 1 12 10 1 1 12 10 100 1 12 9 1 12 10 1 8 1 8 1 8 1 8 1 8 1 8 1 8 1 8 1 1 1 1 12 10 1 1 1 12 9 1 1 1 1 7 1 100 12 10 1 12 9 12 10 1 12 10 12 10 1 12 10 1 1 12 10 1 1 1 1 12 10 1 12 10 1 12 10 1 1 12 10 1 1 8 1 1 12 10 1 12 10 1 1 12 10 10 1 1 1 1 8 12 10 1 1 8 1 1 8 1 1 12 10 12 9 12 10 1 1 12 10 1 100 1 1 12 10 12 10 1 1 12 10 1 1 12 10 1 1 12 9 1 8 1 100 1 1 12 10 1 100 1 100 1 12 10 12 10 10 1 1 12 10 12 9 8 1 1 12 10 12 10 1 12 10 1 7 1 12 9 1 1 12 9 1 8 1 100 1 12 10 1 1 12 10 10 1 1 12 10 1 1 1 8 1 8 1 8 12 10 1 12 10 1 1 12 10 1 8 1 8 1 1 12 9 1 12 10 1 1 12 10 1 8 1 8 1 8 1 100 1 8 1 100 1 8 1 100 1 8 1 12 10 1 8 1 1 9 1 7 1 1 12 10 1 12 10 1 1 12 9 1 12 10 10 1 12 10 1 12 10 1 12 10 1 1 1 1 1 12 10 1 12 10 1 1 12 10 1 1 12 10 1 1 12 10 1 8 1 12 10 1 12 10 1 1 12 9 1 12 10 1 8 1 8 1 8 1 8 1 8 1 8 1 8 1 8 1 8 1 8 1 12 10 12 10 1 12 10 1 8 1 8 1 8 1 12 10 1 8 1 12 10 1 8 1 8 1 8 1 8 1 8 1 12 10 1 12 10 1 1 12 10 1 1 1 7 1 1 12 10 1 1 12 10 1 1 100 1 12 10 1 12 10 1 1 12 10 1 1 1 12 10 12 9 1 8 12 10 1 1 12 9 1 1 12 10 1 12 9 1 12 9 12 9 1 100 1 7 1 12 10 1 1 12 10 1 8 1 12 10 12 9 1 1 12 10 1 8 1 100 1 12 10 1 12 9 1 12 10 1 12 9 12 10 1 12 10 1 100 1 1 12 10 1 12 10 1 12 9 1 1 12 10 1 12 10 1 12 10 1 12 9 12 9 1 12 10 10 1 1 1 1 1 1 1 1 1 1 1 1 1 1 1 1 1 1 1 1 12 10 9 1 12 10 1 12 9 7 1 1 12 9 100 1 1 12 10 1 12 9 1 12 10 10 1 1 12 9 1 7 1 1 12 10 9 1 1 1 1 1 1 1 1 1
staticfield java/lang/invoke/LambdaForm COMPILE_THRESHOLD I 0
staticfield java/lang/invoke/LambdaForm INTERNED_ARGUMENTS [[Ljava/lang/invoke/LambdaForm$Name; 5 [[Ljava/lang/invoke/LambdaForm$Name;
staticfield java/lang/invoke/LambdaForm IMPL_NAMES Ljava/lang/invoke/MemberName$Factory; java/lang/invoke/MemberName$Factory
staticfield java/lang/invoke/LambdaForm LF_identity [Ljava/lang/invoke/LambdaForm; 6 [Ljava/lang/invoke/LambdaForm;
staticfield java/lang/invoke/LambdaForm LF_zero [Ljava/lang/invoke/LambdaForm; 6 [Ljava/lang/invoke/LambdaForm;
staticfield java/lang/invoke/LambdaForm NF_identity [Ljava/lang/invoke/LambdaForm$NamedFunction; 6 [Ljava/lang/invoke/LambdaForm$NamedFunction;
staticfield java/lang/invoke/LambdaForm NF_zero [Ljava/lang/invoke/LambdaForm$NamedFunction; 6 [Ljava/lang/invoke/LambdaForm$NamedFunction;
staticfield java/lang/invoke/LambdaForm DEBUG_NAME_COUNTERS Ljava/util/HashMap; null
staticfield java/lang/invoke/LambdaForm TRACE_INTERPRETER Z 0
staticfield java/lang/invoke/LambdaForm $assertionsDisabled Z 1
ciInstanceKlass java/lang/invoke/MethodType 1 1 592 1 7 1 7 1 100 1 7 1 1 100 1 1 1 5 0 1 1 1 1 1 1 1 1 1 1 1 1 1 1 1 1 1 3 1 3 1 3 1 1 1 1 1 1 1 1 1 1 1 1 1 12 10 1 1 12 10 1 1 12 10 12 9 1 7 7 1 7 1 1 12 10 12 9 1 1 12 9 1 1 1 1 1 7 1 1 12 10 1 1 7 1 12 9 1 8 1 100 1 1 12 10 12 10 1 7 9 1 7 9 1 1 12 10 1 100 10 1 8 1 1 12 10 1 12 10 1 1 12 10 1 1 1 100 1 8 1 12 10 1 100 10 1 12 10 1 1 1 1 12 10 1 1 1 12 10 1 7 1 1 12 11 12 9 1 1 12 11 1 1 7 1 1 12 10 1 1 1 12 9 12 10 1 12 10 12 10 1 7 1 1 12 10 1 12 10 1 1 12 9 1 1 12 10 1 7 1 12 10 1 1 1 1 12 10 1 1 12 10 1 1 1 1 12 10 12 10 1 12 10 1 1 12 10 1 1 1 12 10 12 10 1 1 12 10 1 1 1 8 1 8 1 1 12 10 1 1 12 9 1 100 10 1 1 12 10 12 10 1 12 10 1 12 10 1 12 10 12 10 1 1 12 10 1 8 1 1 1 12 10 1 100 1 1 12 10 12 10 1 12 10 1 12 10 1 1 1 12 10 1 1 12 10 1 12 10 1 1 7 1 12 10 10 1 1 1 12 10 1 12 10 12 9 1 1 12 10 1 1 1 1 12 10 1 1 12 10 1 1 1 1 1 12 10 1 12 10 1 12 10 1 100 1 8 1 8 1 8 1 12 10 1 12 10 1 12 10 10 1 1 1 1 12 11 12 11 1 1 1 100 1 1 12 10 12 9 1 12 10 1 1 12 10 1 12 10 1 1 12 10 1 12 10 1 12 10 1 100 1 1 12 10 1 1 12 10 1 12 10 1 12 10 1 12 10 10 1 12 9 1 7 1 12 10 1 1 1 12 10 1 12 10 1 1 1 100 1 100 1 100 1 1 12 10 1 7 1 12 10 1 1 12 10 1 12 10 1 8 1 7 1 1 12 10 1 1 12 11 1 12 9 1 1 12 10 1 1 1 12 10 1 1 1 100 1 100 1 12 10 1 12 10 12 10 1 1 1 100 1 100 1 12 10 12 10 1 1 12 10 1 1 12 9 1 1 12 10 1 100 1 1 12 10 1 12 10 1 1 1 12 10 10 1 7 12 9 1 1 1 1 1 1 1 1 1 1 1 1 1 1 1 1 1 1 1 1 1 1 1 1 1 1 1 1 1 1 1 1 1 1 1
staticfield java/lang/invoke/MethodType internTable Ljava/lang/invoke/MethodType$ConcurrentWeakInternSet; java/lang/invoke/MethodType$ConcurrentWeakInternSet
staticfield java/lang/invoke/MethodType NO_PTYPES [Ljava/lang/Class; 0 [Ljava/lang/Class;
staticfield java/lang/invoke/MethodType objectOnlyTypes [Ljava/lang/invoke/MethodType; 20 [Ljava/lang/invoke/MethodType;
staticfield java/lang/invoke/MethodType serialPersistentFields [Ljava/io/ObjectStreamField; 0 [Ljava/io/ObjectStreamField;
staticfield java/lang/invoke/MethodType $assertionsDisabled Z 1
ciInstanceKlass java/lang/BootstrapMethodError 0 0 35 1 100 1 100 1 1 5 0 1 1 12 10 1 12 10 1 12 10 1 1 100 1 1 12 10 1 100 1 1 12 10 1 1 1
instanceKlass java/lang/invoke/VolatileCallSite
instanceKlass java/lang/invoke/MutableCallSite
instanceKlass java/lang/invoke/ConstantCallSite
ciInstanceKlass java/lang/invoke/CallSite 1 1 333 1 7 1 7 1 7 1 100 1 1 7 1 100 1 1 1 1 1 1 1 1 1 1 1 1 1 1 1 12 10 1 1 12 10 12 9 1 1 12 10 12 9 1 1 7 1 1 12 10 1 1 100 12 10 1 100 1 1 12 10 1 1 12 10 1 1 1 1 7 1 1 12 10 1 1 12 10 1 100 1 100 10 1 100 1 1 12 10 1 1 12 10 1 8 1 12 10 1 1 12 10 1 12 10 1 1 1 12 10 1 1 12 10 10 1 12 10 1 1 12 10 1 100 12 9 1 1 12 9 8 1 1 12 10 1 1 12 10 1 100 1 1 12 10 1 12 9 1 8 1 7 1 12 10 1 12 10 1 100 1 8 10 1 12 10 1 1 12 10 1 100 1 1 12 10 12 10 1 12 10 1 1 12 10 1 1 12 10 1 1 1 100 12 9 1 1 12 9 8 1 7 1 1 12 10 1 100 1 1 12 10 12 9 1 100 10 1 1 1 12 10 1 12 10 1 1 12 10 1 1 12 10 1 1 1 100 1 1 12 10 1 1 12 10 1 1 12 10 1 1 12 10 1 1 12 10 1 12 10 1 1 12 10 1 12 10 1 12 10 1 12 10 1 12 10 1 12 10 1 100 1 8 10 1 1 12 10 1 1 12 10 1 100 1 12 10 1 1 12 10 1 100 1 8 10 12 10 1 8 1 12 10 1 7 1 1 12 10 1 12 10 1 1 12 10 1 1 1 1 1 1 1
staticfield java/lang/invoke/CallSite $assertionsDisabled Z 1
ciInstanceKlass java/lang/invoke/MethodHandleNatives$CallSiteContext 1 1 39 1 7 1 7 1 100 1 7 1 1 100 1 7 1 1 1 12 10 1 1 10 1 7 1 1 12 10 1 1 12 10 1 1 1 12 10 1 1
ciInstanceKlass java/lang/invoke/ConstantCallSite 1 1 39 1 7 1 7 1 1 1 1 12 10 12 9 1 1 100 12 10 1 1 1 100 1 12 10 1 1 12 9 1 1 100 10 1 12 10 1 1 1
ciInstanceKlass java/lang/invoke/MutableCallSite 0 0 56 1 100 1 100 1 1 1 1 12 10 1 12 10 1 1 1 1 12 9 1 1 1 12 10 1 12 10 1 1 12 10 1 1 12 9 1 100 1 1 12 10 1 100 1 100 1 1 12 10 1 1 12 10 1 1
ciInstanceKlass java/lang/invoke/VolatileCallSite 0 0 30 1 100 1 100 1 1 12 10 1 12 10 1 1 1 12 10 1 1 1 12 10 1 12 10 1 1 12 10 1
instanceKlass java/lang/StringBuilder
instanceKlass java/lang/StringBuffer
ciInstanceKlass java/lang/AbstractStringBuilder 1 1 445 1 7 1 7 1 100 1 7 1 100 1 100 1 1 100 1 7 1 1 100 1 7 1 1 100 1 100 1 100 1 1 1 1 1 1 1 1 3 1 1 12 10 1 1 7 1 1 12 9 12 9 12 9 1 1 12 10 1 1 12 9 1 1 1 12 10 1 1 12 10 1 7 1 1 12 10 1 12 10 3 1 100 10 1 1 1 12 10 1 12 10 1 1 1 100 12 10 1 1 12 10 10 1 1 1 1 12 10 1 12 10 1 100 1 1 12 10 1 1 1 12 10 1 1 1 100 10 1 12 10 1 1 7 1 12 10 1 1 1 1 12 10 1 12 10 1 12 10 10 1 1 1 1 12 10 12 10 1 12 10 1 1 1 1 12 10 1 12 10 1 1 12 10 12 10 1 1 12 10 1 1 12 10 10 1 1 12 10 1 1 12 10 1 11 1 12 10 1 1 12 10 1 8 1 1 12 10 1 1 12 10 1 1 1 12 10 1 1 1 7 1 12 10 1 12 10 1 12 10 1 1 7 1 12 10 1 12 10 1 12 10 1 1 100 1 1 12 10 1 1 12 10 1 1 1 12 10 1 1 12 10 12 10 1 1 12 10 12 10 1 1 1 1 1 1 12 10 1 1 1 1 12 10 10 1 7 1 1 12 10 1 1 1 12 10 1 12 10 1 1 12 10 1 1 1 12 10 1 12 10 1 1 12 10 1 12 10 1 1 12 10 1 1 12 10 1 1 12 10 1 1 1 12 10 1 12 10 1 12 10 12 10 1 1 12 10 1 1 1 1 1 100 1 1 12 10 15 1 16 1 1 12 10 15 16 1 1 12 18 1 100 1 1 12 10 1 1 12 10 15 18 1 1 1 1 1 12 10 1 12 10 1 1 12 10 12 11 1 12 10 12 10 10 1 100 1 100 10 1 8 1 12 10 1 12 10 1 8 1 8 12 10 1 12 10 10 1 1 100 1 1 12 10 1 12 10 10 10 1 1 1 1 1 1
ciInstanceKlass java/lang/StringBuffer 1 1 401 1 7 1 7 1 100 1 100 1 100 1 100 1 1 100 1 100 1 1 1 1 1 5 0 1 1 1 1 1 1 12 10 1 1 7 1 1 12 10 1 1 12 10 1 11 10 1 12 10 1 1 12 9 1 12 10 1 12 10 1 12 10 1 12 9 12 10 1 1 12 10 1 1 12 10 1 12 10 1 1 12 10 1 12 10 1 1 12 10 1 1 12 10 1 1 1 12 10 1 12 10 1 1 12 10 1 1 12 10 1 12 10 1 1 12 10 1 1 12 10 1 1 12 10 1 1 12 10 1 1 12 10 1 1 12 10 1 12 10 1 1 12 10 1 1 12 10 1 1 12 10 1 1 1 12 10 1 12 10 1 1 1 12 10 1 1 1 12 10 1 1 10 1 1 1 12 10 1 1 12 10 1 1 1 12 10 1 1 12 10 1 1 12 10 1 1 12 10 1 1 12 10 12 10 1 1 12 10 1 1 12 10 1 1 12 10 1 1 12 10 1 12 10 1 12 10 10 1 1 1 12 10 1 1 1 1 12 10 1 1 12 9 1 7 1 1 12 10 1 7 10 12 10 1 1 1 100 1 1 12 10 10 1 12 10 1 7 10 8 1 1 12 10 8 1 12 10 1 8 1 12 10 1 12 10 1 1 1 100 1 1 12 10 1 1 12 10 1 1 12 10 12 10 1 1 12 10 1 1 12 10 1 12 10 12 10 12 10 12 10 12 10 12 10 12 10 12 10 12 10 12 10 12 10 12 10 1 12 10 12 10 12 10 12 10 12 10 12 10 12 10 12 10 12 10 12 10 12 10 12 10 12 10 12 10 12 10 12 10 12 10 1 12 10 1 1 1 1 1 7 1 12 10 1 7 1 1 12 9 1 7 9 12 9 1 1 1 1 1 1
staticfield java/lang/StringBuffer serialPersistentFields [Ljava/io/ObjectStreamField; 3 [Ljava/io/ObjectStreamField;
ciInstanceKlass java/lang/StringBuilder 1 1 353 1 7 1 7 1 100 1 100 1 1 5 0 1 1 1 1 12 10 1 1 7 1 1 12 10 1 1 12 10 1 11 10 1 12 10 1 1 1 12 10 1 12 10 1 1 12 10 1 12 10 1 1 12 10 1 1 12 10 1 1 12 10 1 1 12 10 1 1 12 10 1 1 12 10 1 1 12 10 1 1 12 10 1 1 12 10 1 12 10 1 1 1 12 10 1 12 10 1 1 1 12 10 1 1 1 12 10 1 1 12 10 1 1 12 10 1 1 12 10 1 1 12 10 1 1 12 10 1 1 12 10 1 1 12 10 12 10 1 1 12 10 1 1 12 10 1 1 12 10 1 1 12 10 1 12 10 1 12 10 12 10 1 1 1 12 10 1 1 1 1 12 10 1 1 12 9 1 1 12 9 1 7 1 1 12 10 1 7 10 1 1 1 100 1 100 1 12 10 1 12 10 1 12 10 1 1 12 10 1 100 10 1 12 10 1 1 1 100 1 100 1 12 10 1 12 10 1 12 10 1 1 12 10 1 1 12 10 1 12 10 12 10 12 10 12 10 12 10 12 10 12 10 12 10 12 10 12 10 12 10 12 10 12 10 12 10 1 1 12 10 1 1 12 10 1 12 10 12 10 12 10 12 10 12 10 12 10 12 10 12 10 12 10 12 10 12 10 12 10 12 10 12 10 12 10 1 12 10 1 1 12 10 1 12 10 1 1 12 10 1 12 10 1 1 12 10 1 12 10 1 1 12 10 1 12 10 1 12 10 1 12 10 10 10 1 1 1 1 1 1 1 1
ciInstanceKlass jdk/internal/misc/Unsafe 1 1 1078 1 7 1 7 1 1 1 1 3 1 1 1 1 1 1 1 1 1 1 1 1 1 1 1 1 1 1 1 1 1 1 1 1 1 12 10 1 1 12 9 1 1 1 1 1 1 1 1 1 1 1 1 1 1 1 1 1 1 1 1 1 1 1 1 1 1 1 1 1 1 1 1 1 1 1 1 1 1 1 12 9 12 10 1 7 1 1 12 10 12 10 1 12 10 12 10 1 1 1 12 10 1 12 10 1 12 10 1 12 10 1 12 10 1 12 10 1 1 1 1 1 12 10 1 12 10 1 12 10 1 12 10 12 10 12 10 1 1 1 100 10 1 1 1 1 12 10 12 10 1 5 0 1 1 1 12 10 12 10 1 1 1 7 1 1 12 10 1 1 12 10 1 12 10 1 12 10 12 10 1 1 12 10 1 12 10 1 100 10 12 10 1 1 1 12 10 1 12 10 1 12 10 1 1 1 12 10 1 12 10 1 12 10 12 10 1 1 1 12 10 1 12 10 1 12 10 1 1 1 12 10 1 12 10 5 0 5 0 5 0 1 12 10 1 12 10 1 12 10 1 1 1 100 10 1 12 10 1 1 12 10 1 1 1 12 10 1 1 1 12 10 1 1 12 10 1 1 1 12 10 1 1 12 10 1 1 1 1 1 1 100 10 1 12 10 1 1 1 12 10 1 12 10 1 1 1 100 1 1 1 8 1 12 10 1 8 1 8 1 12 10 1 7 1 1 12 9 1 100 9 1 7 9 1 7 9 9 1 100 9 1 7 9 1 100 9 1 1 1 1 1 1 1 12 10 1 1 12 10 1 1 1 1 1 1 1 1 12 10 1 1 12 10 1 1 1 1 1 5 0 5 0 12 9 1 12 10 12 10 1 1 12 10 1 12 10 1 12 10 1 1 1 1 1 1 1 8 3 1 1 12 10 1 12 10 1 12 10 1 1 1 1 1 1 1 1 1 1 12 10 1 1 12 10 1 12 10 1 12 10 1 1 12 10 1 12 10 1 12 10 1 1 1 1 1 1 12 10 1 12 10 1 12 10 1 12 10 1 1 12 10 1 12 10 1 12 10 1 1 1 1 12 10 1 1 1 1 12 10 1 12 10 1 12 10 1 12 10 1 12 10 1 12 10 1 1 1 1 1 12 10 1 1 12 10 1 1 1 1 12 10 1 12 10 1 1 12 10 1 1 12 10 1 1 12 10 1 1 12 10 1 1 12 10 1 1 12 10 1 1 1 1 1 1 1 1 1 1 1 1 1 1 1 1 1 1 12 10 1 12 10 1 12 10 1 12 10 1 12 10 1 1 12 10 1 12 10 1 12 10 1 12 10 1 12 10 1 12 10 1 12 10 1 12 10 1 12 10 1 12 10 1 12 10 1 12 10 1 1 1 1 1 1 1 1 1 1 1 1 1 1 1 1 1 1 1 1 1 1 1 1 1 12 10 1 1 1 1 12 10 1 1 1 1 12 10 1 1 1 1 12 10 1 1 1 1 12 10 1 1 12 10 1 12 10 1 12 10 1 1 1 1 1 1 1 1 1 1 1 1 1 1 1 1 12 10 1 12 10 12 10 1 12 10 12 10 1 1 1 1 1 12 10 1 12 10 1 12 10 1 1 1 1 12 10 1 12 10 1 12 10 1 12 10 1 12 10 1 12 10 1 12 10 1 12 10 1 12 10 1 1 12 10 1 1 12 10 1 1 12 10 1 1 12 10 1 1 12 10 1 1 12 10 1 1 12 10 1 1 12 10 1 1 12 10 1 1 12 10 1 1 12 10 1 1 12 10 1 1 12 10 1 1 12 10 1 1 12 10 1 1 12 10 1 1 12 10 1 1 12 10 1 1 1 1 1 1 1 1 1 1 1 1 1 1 1 1 1 1 1 1 1 1 12 10 1 12 10 1 1 100 10 1 12 9 1 5 0 1 1 12 10 5 0 1 12 10 5 0 1 12 10 1 12 10 1 1 12 10 1 1 1 12 10 1 12 10 1 12 10 1 12 10 1 1 1 12 10 1 12 10 1 12 10 1 1 12 10 1 12 10 1 1 1 12 10 1 12 10 1 12 10 1 12 10 1 1 1 12 10 1 12 10 1 12 10 1 1 1 12 10 1 12 10 1 1 12 10 1 1 1 12 10 12 10 1 12 10 10 1 1 12 10 1 12 10 1 1 1 12 10 12 10 12 10 5 0 5 0 5 0 1 1 12 10 1 12 10 1 12 10 12 10 1 1 1 1 12 10 10 1 7 12 10 12 9 1 7 12 9 1 7 12 9 1 7 12 9 1 7 12 9 1 7 12 9 1 7 12 9 1 7 12 9 1 7 12 9 12 10 12 9 12 9 12 9 12 9 12 9 12 9 12 9 12 9 12 9 12 10 12 10 12 10 1 1 1 1 1 1 1 1 1 1 1 1 1
staticfield jdk/internal/misc/Unsafe theUnsafe Ljdk/internal/misc/Unsafe; jdk/internal/misc/Unsafe
staticfield jdk/internal/misc/Unsafe ARRAY_BOOLEAN_BASE_OFFSET I 16
staticfield jdk/internal/misc/Unsafe ARRAY_BYTE_BASE_OFFSET I 16
staticfield jdk/internal/misc/Unsafe ARRAY_SHORT_BASE_OFFSET I 16
staticfield jdk/internal/misc/Unsafe ARRAY_CHAR_BASE_OFFSET I 16
staticfield jdk/internal/misc/Unsafe ARRAY_INT_BASE_OFFSET I 16
staticfield jdk/internal/misc/Unsafe ARRAY_LONG_BASE_OFFSET I 16
staticfield jdk/internal/misc/Unsafe ARRAY_FLOAT_BASE_OFFSET I 16
staticfield jdk/internal/misc/Unsafe ARRAY_DOUBLE_BASE_OFFSET I 16
staticfield jdk/internal/misc/Unsafe ARRAY_OBJECT_BASE_OFFSET I 16
staticfield jdk/internal/misc/Unsafe ARRAY_BOOLEAN_INDEX_SCALE I 1
staticfield jdk/internal/misc/Unsafe ARRAY_BYTE_INDEX_SCALE I 1
staticfield jdk/internal/misc/Unsafe ARRAY_SHORT_INDEX_SCALE I 2
staticfield jdk/internal/misc/Unsafe ARRAY_CHAR_INDEX_SCALE I 2
staticfield jdk/internal/misc/Unsafe ARRAY_INT_INDEX_SCALE I 4
staticfield jdk/internal/misc/Unsafe ARRAY_LONG_INDEX_SCALE I 8
staticfield jdk/internal/misc/Unsafe ARRAY_FLOAT_INDEX_SCALE I 4
staticfield jdk/internal/misc/Unsafe ARRAY_DOUBLE_INDEX_SCALE I 8
staticfield jdk/internal/misc/Unsafe ARRAY_OBJECT_INDEX_SCALE I 4
staticfield jdk/internal/misc/Unsafe ADDRESS_SIZE I 8
staticfield jdk/internal/misc/Unsafe BE Z 0
staticfield jdk/internal/misc/Unsafe unalignedAccess Z 1
ciInstanceKlass jdk/internal/module/Modules 1 1 422 1 7 1 100 1 100 1 100 1 1 100 1 1 100 1 100 1 1 1 1 1 1 1 1 1 12 10 1 1 12 9 1 7 12 11 1 1 12 11 1 1 12 11 1 1 12 11 1 1 12 11 1 12 11 1 12 11 1 1 12 11 1 1 1 100 1 1 12 10 1 100 1 1 12 10 1 100 1 1 12 10 15 1 16 1 1 12 10 15 16 1 1 12 18 1 100 1 1 12 10 1 100 1 100 1 12 10 1 7 1 100 1 100 1 100 1 1 12 10 1 100 1 12 10 1 12 10 1 12 11 1 1 1 12 10 10 1 12 10 10 1 1 12 9 1 12 10 1 1 12 10 1 100 1 12 10 1 100 1 100 1 1 12 11 1 100 1 1 12 10 1 100 1 12 11 1 1 12 10 1 100 1 1 12 10 1 100 1 1 12 10 1 1 12 10 1 1 12 10 1 1 12 11 16 1 1 12 10 15 1 16 1 1 12 18 1 100 1 12 11 1 100 1 1 12 10 1 100 1 1 12 11 1 100 1 100 1 1 12 11 1 100 1 1 12 11 1 12 11 1 1 12 10 1 12 10 1 16 1 12 10 15 1 16 1 1 12 18 1 1 12 11 1 16 1 1 12 10 15 1 16 1 1 12 18 1 1 12 11 1 12 10 10 15 1 16 18 1 1 12 10 15 1 16 18 1 1 12 10 12 9 1 100 1 1 12 11 1 100 10 1 12 11 1 1 12 11 1 1 12 11 10 1 100 1 1 12 10 1 100 1 12 10 1 12 10 12 11 1 12 10 1 100 10 1 1 12 10 15 16 1 12 18 1 1 12 10 1 100 1 8 1 12 10 1 12 10 1 1 12 10 15 16 1 12 18 11 12 11 1 12 10 10 10 1 1 12 10 15 1 12 18 10 10 1 1 12 10 1 7 1 1 12 10 1 1 1 1 1 1 1
staticfield jdk/internal/module/Modules JLA Ljdk/internal/misc/JavaLangAccess; java/lang/System$2
staticfield jdk/internal/module/Modules $assertionsDisabled Z 1
instanceKlass java/util/jar/JarVerifier$VerifierStream
instanceKlass org/apache/batik/util/Base64DecodeStream
instanceKlass com/sun/imageio/plugins/common/InputStreamAdapter
instanceKlass java/io/SequenceInputStream
instanceKlass com/sun/org/apache/xerces/internal/impl/XMLEntityManager$RewindableInputStream
instanceKlass sun/java2d/cmm/ProfileDeferralInfo
instanceKlass java/util/zip/ZipFile$ZipFileInputStream
instanceKlass java/io/FilterInputStream
instanceKlass java/io/FileInputStream
instanceKlass java/io/ByteArrayInputStream
ciInstanceKlass java/io/InputStream 1 1 95 1 7 1 7 1 100 1 1 3 1 3 1 3 1 1 12 10 1 1 1 100 1 1 12 10 1 100 10 1 100 10 12 10 1 1 1 100 1 100 1 8 1 12 10 1 7 1 1 12 10 1 1 7 1 1 12 10 1 1 5 0 1 100 1 1 12 10 1 1 1 1 1 1 8 10 1 1 1 1 1 8 1 12 10 1 100 1 1 12 10 1 1 1 1
instanceKlass sun/security/util/DerInputBuffer
ciInstanceKlass java/io/ByteArrayInputStream 1 1 59 1 7 1 7 1 1 1 1 1 1 1 1 1 12 10 12 9 12 9 12 9 12 9 1 1 7 1 1 12 10 1 1 1 1 100 10 1 100 10 1 7 1 1 12 10 1 1 1 1 1 1 1 1 1 100 1 1 1
ciInstanceKlass java/io/File 1 1 578 1 7 1 1 7 1 100 1 100 1 100 1 1 7 1 1 100 1 100 1 1 1 1 1 1 1 1 1 1 1 1 1 1 1 1 1 1 1 1 5 0 1 1 1 1 1 1 12 9 12 9 1 7 1 1 12 10 1 12 9 1 12 9 1 1 12 9 1 1 1 12 10 1 12 9 1 100 10 1 8 1 1 12 10 12 9 1 7 1 1 12 10 1 1 100 10 1 1 12 10 1 12 10 1 1 1 12 10 1 1 1 7 1 12 10 1 100 1 8 12 10 1 12 10 1 8 1 12 10 1 8 1 1 12 10 1 8 1 12 10 1 8 1 12 10 1 8 1 12 10 1 8 1 12 10 1 8 1 12 10 12 9 1 1 12 10 1 1 12 10 1 1 12 10 1 1 12 10 1 12 10 1 1 12 10 12 10 1 12 10 1 1 12 10 1 12 10 1 1 100 12 10 1 8 10 1 12 10 1 12 10 1 1 1 8 1 12 10 1 7 10 1 1 12 10 1 12 10 1 12 10 1 1 1 100 1 10 1 100 1 12 10 12 10 1 12 10 1 1 1 100 12 10 10 1 8 1 12 10 1 100 1 12 10 1 1 7 1 1 12 10 1 100 1 12 10 1 1 12 10 1 1 12 10 1 1 1 12 10 1 1 1 1 1 1 12 10 1 12 10 1 1 12 10 1 1 12 10 12 10 1 1 100 1 12 10 1 1 1 12 10 1 12 10 1 7 1 7 10 1 7 1 7 1 1 12 11 12 11 1 12 11 1 1 12 11 1 1 1 100 12 10 1 10 10 10 1 1 100 12 11 1 1 12 10 1 12 10 12 10 12 10 12 10 12 10 1 1 1 12 10 1 1 1 8 1 1 12 10 1 12 10 1 1 1 1 12 10 1 12 10 1 12 10 1 12 10 1 1 12 10 1 12 10 1 1 100 1 8 10 1 1 12 10 1 1 12 10 1 1 1 1 1 100 1 8 1 8 1 8 1 12 10 1 12 10 1 8 10 1 12 10 1 1 1 12 10 12 10 1 12 10 1 1 1 100 1 12 10 1 1 12 10 1 1 1 100 1 1 12 10 8 1 1 12 10 1 1 12 10 12 9 12 9 1 7 1 1 12 10 12 9 1 1 12 10 1 1 12 9 1 7 1 1 12 10 1 7 1 12 10 1 100 1 100 1 1 1 1 1 100 1 7 1 12 10 1 7 1 12 10 1 12 10 1 12 10 12 9 1 12 10 12 9 12 9 1 1 12 10 1 1 12 10 1 1 12 10 8 1 1 1 1 1 1 1 1
staticfield java/io/File fs Ljava/io/FileSystem; java/io/WinNTFileSystem
staticfield java/io/File separatorChar C 92
staticfield java/io/File separator Ljava/lang/String; "\"
staticfield java/io/File pathSeparatorChar C 59
staticfield java/io/File pathSeparator Ljava/lang/String; ";"
staticfield java/io/File PATH_OFFSET J 16
staticfield java/io/File PREFIX_LENGTH_OFFSET J 12
staticfield java/io/File UNSAFE Ljdk/internal/misc/Unsafe; jdk/internal/misc/Unsafe
staticfield java/io/File $assertionsDisabled Z 1
ciInstanceKlass java/net/URL 1 1 638 1 7 1 7 1 100 1 7 1 1 7 1 100 1 100 1 100 1 100 1 1 100 1 100 1 1 1 1 8 1 1 5 0 1 1 8 1 1 1 1 1 1 1 1 1 1 1 1 1 1 1 1 1 1 1 1 1 1 1 1 1 1 1 1 1 1 1 1 1 7 1 12 10 1 12 10 1 12 10 12 9 12 9 1 100 1 1 12 10 1 1 12 10 1 7 1 7 1 7 1 1 12 9 1 1 12 10 12 9 1 1 12 10 1 8 1 1 12 10 1 7 10 1 1 12 10 1 8 1 1 12 10 12 9 1 8 1 12 10 1 12 10 1 8 12 9 1 1 12 10 12 9 1 12 10 1 12 10 12 9 12 9 1 8 12 9 1 1 12 10 1 8 12 9 1 12 10 1 12 10 1 100 1 1 12 10 1 1 12 10 1 8 1 1 12 10 1 12 10 1 12 10 1 8 12 9 1 8 1 12 10 1 1 12 10 1 12 10 1 1 12 10 1 1 1 7 1 1 12 10 1 100 1 8 10 1 12 10 1 8 1 1 12 10 1 12 10 1 12 10 1 12 10 1 12 10 1 12 10 1 8 1 12 10 10 1 7 1 1 12 10 1 12 10 1 100 1 1 12 9 1 100 1 1 12 10 1 1 12 9 1 100 1 1 1 1 1 1 12 10 1 1 1 1 12 10 1 12 10 1 1 12 10 1 12 10 1 12 10 1 1 1 100 10 10 1 1 1 100 1 12 10 1 1 8 1 1 12 9 1 100 1 1 12 10 1 1 12 10 1 1 12 9 1 1 12 10 1 100 1 12 10 1 12 10 10 1 1 12 10 1 1 12 10 1 100 1 12 10 1 12 10 1 1 12 10 1 7 1 12 10 1 1 12 10 1 12 10 1 1 12 9 12 9 1 100 1 8 10 1 12 10 12 9 1 7 1 12 10 1 7 1 1 100 1 7 1 1 12 10 1 8 1 1 12 10 1 100 1 12 10 1 8 1 8 1 100 1 1 12 10 1 100 1 1 12 10 1 12 10 1 12 10 1 1 10 1 12 9 1 7 1 12 10 1 8 1 12 10 10 1 100 1 1 12 10 1 1 12 10 1 12 10 12 10 1 7 1 12 10 1 12 11 1 8 12 10 12 10 12 9 1 1 12 10 1 1 1 100 1 12 10 1 1 1 1 12 10 8 1 12 10 10 8 8 1 12 10 8 8 8 8 1 100 1 12 10 12 9 1 1 100 12 10 1 1 12 10 1 12 10 1 12 10 1 1 12 10 1 1 12 10 10 10 12 10 12 10 12 10 1 12 10 1 100 1 12 10 10 1 12 10 1 8 10 10 1 1 12 10 1 12 10 1 1 12 10 10 10 1 7 1 12 10 1 7 1 1 12 9 12 9 10 1 7 1 1 12 10 1 1 1 1 1 1 1 1
staticfield java/net/URL defaultFactory Ljava/net/URLStreamHandlerFactory; java/net/URL$DefaultFactory
staticfield java/net/URL streamHandlerLock Ljava/lang/Object; java/lang/Object
staticfield java/net/URL serialPersistentFields [Ljava/io/ObjectStreamField; 7 [Ljava/io/ObjectStreamField;
ciInstanceKlass java/util/jar/Manifest 1 1 229 1 7 1 7 1 100 1 7 1 1 100 1 7 1 1 1 1 1 1 1 1 12 10 1 7 10 12 9 1 7 10 12 9 1 1 100 1 12 10 1 1 1 12 10 1 1 12 10 1 1 12 10 11 1 1 1 1 12 11 1 12 10 11 1 1 1 100 12 10 1 1 12 10 1 1 12 11 1 100 1 1 12 11 1 100 1 1 12 11 1 1 12 11 1 100 1 8 1 12 10 1 12 11 1 7 1 8 1 1 12 10 1 12 10 1 1 12 10 1 8 1 1 12 10 1 1 12 10 1 12 10 1 12 11 12 10 1 100 1 12 10 1 1 12 10 1 8 1 1 12 10 12 10 1 12 10 1 100 1 100 1 1 12 10 1 8 10 1 1 12 10 1 8 1 1 12 10 1 7 1 1 12 10 1 12 10 12 10 1 12 10 1 1 12 11 1 12 10 1 7 1 1 12 10 1 100 1 1 12 10 1 1 12 10 11 1 12 10 11 1 12 10 1 1 1 1 1 1
instanceKlass jdk/internal/loader/ClassLoaders$BootClassLoader
instanceKlass jdk/internal/loader/ClassLoaders$PlatformClassLoader
instanceKlass jdk/internal/loader/ClassLoaders$AppClassLoader
ciInstanceKlass jdk/internal/loader/BuiltinClassLoader 1 1 687 1 7 1 7 1 100 1 1 7 1 1 100 1 100 1 7 1 7 1 100 1 7 1 1 7 1 100 1 1 7 1 7 1 1 100 1 100 1 1 1 1 1 1 1 1 1 1 1 1 1 1 1 1 1 1 1 1 7 1 1 12 10 1 7 1 7 1 7 1 12 10 12 9 12 9 1 7 1 12 10 12 9 12 9 1 1 1 1 1 7 1 1 12 10 1 1 12 10 1 7 1 1 12 11 1 100 1 100 10 1 1 12 10 1 8 1 12 10 1 12 10 1 12 10 1 1 12 10 1 7 1 1 12 11 1 7 1 12 11 1 1 12 11 12 9 1 8 1 8 1 1 12 10 1 7 1 12 10 12 9 1 1 1 1 12 11 1 1 1 100 1 12 10 1 7 1 1 12 10 1 1 12 10 1 1 1 7 1 1 12 10 12 10 1 1 12 10 1 7 1 1 12 10 1 7 1 1 12 11 1 7 1 12 10 1 7 1 1 12 10 1 12 10 10 1 8 1 1 12 10 10 1 8 1 1 12 10 1 1 12 10 1 7 1 12 11 1 12 11 1 1 1 7 10 1 1 12 11 11 1 12 10 1 12 10 1 100 1 7 12 10 1 12 10 1 12 10 1 7 1 1 12 10 1 1 12 10 1 100 1 100 1 12 11 1 100 1 12 10 1 1 12 10 1 100 1 12 10 1 12 10 1 7 1 1 12 10 15 16 1 12 10 15 16 1 1 12 18 1 12 10 1 12 10 1 12 10 15 1 16 18 1 100 1 7 1 12 10 1 1 1 7 10 1 1 12 10 1 1 12 10 1 7 1 12 10 1 1 12 10 12 9 1 100 10 1 1 1 12 10 1 1 12 10 1 12 10 1 100 12 10 1 1 12 10 1 100 1 1 12 10 1 1 12 10 1 12 10 1 1 12 10 1 12 10 15 1 16 1 12 18 1 1 12 10 1 12 10 1 1 12 10 1 12 10 1 7 1 12 10 1 12 10 1 1 12 10 1 12 10 1 7 1 12 11 1 12 10 1 7 1 100 1 12 10 1 12 10 1 1 12 11 1 1 12 10 1 1 12 10 1 1 12 10 1 1 12 10 1 12 10 1 12 10 1 12 10 1 7 1 12 10 1 8 1 1 12 10 1 12 10 1 12 10 1 100 1 8 1 8 10 1 12 10 1 8 1 8 1 7 1 1 12 10 1 1 12 9 1 1 12 10 1 12 9 1 12 9 1 12 9 1 12 9 1 12 9 1 12 9 1 1 12 10 1 8 1 12 10 1 1 12 10 1 12 10 1 7 1 1 12 10 1 7 1 1 12 10 1 7 1 7 1 12 10 1 7 1 1 12 9 1 8 8 1 12 10 1 12 10 16 1 12 10 15 16 1 1 12 18 1 1 12 11 1 12 10 1 12 10 12 10 1 12 10 1 12 10 1 12 10 1 12 10 10 1 1 1 1 1 1 1 1 1 1 1 12 10 1 12 10 1 8 1 7 1 1 12 9 1 12 10 1 1 1 1 1 1 1 1 1 1 1 1 1 1
staticfield jdk/internal/loader/BuiltinClassLoader packageToModule Ljava/util/Map; java/util/concurrent/ConcurrentHashMap
staticfield jdk/internal/loader/BuiltinClassLoader $assertionsDisabled Z 1
ciInstanceKlass jdk/internal/loader/ClassLoaders$AppClassLoader 1 1 104 1 7 1 7 1 100 1 100 1 1 1 1 1 1 1 8 1 12 10 12 9 1 1 1 100 1 7 1 1 12 10 1 100 1 1 12 10 1 1 12 10 1 100 1 1 12 10 12 10 1 1 12 10 1 7 1 8 12 10 1 7 1 1 12 10 1 1 1 12 10 1 1 1 1 12 10 1 100 1 12 11 1 1 12 10 1 1 1 7 1 1 12 10 1 100 12 10 1 1 1 1 1 1
ciInstanceKlass jdk/internal/loader/ClassLoaders$PlatformClassLoader 1 1 44 1 100 1 7 1 100 1 100 1 1 1 1 1 8 1 12 10 1 1 1 1 12 10 1 100 1 12 11 1 1 1 7 1 1 12 10 1 100 12 10 1 1 1
ciInstanceKlass java/security/CodeSource 1 1 332 1 7 1 7 1 100 1 1 5 0 1 1 1 1 1 1 1 1 1 1 1 1 1 1 1 12 10 12 9 12 9 12 9 12 9 1 7 1 1 12 10 12 9 1 100 7 1 1 12 10 1 7 10 1 1 12 10 1 1 12 10 1 1 12 10 1 1 1 1 1 1 1 7 10 1 7 1 1 12 10 1 7 1 12 10 1 1 12 10 1 12 10 1 100 1 1 12 10 1 1 1 1 12 10 1 1 1 12 10 10 10 1 12 10 1 100 1 1 12 10 1 12 10 1 12 10 1 12 10 1 8 1 12 10 1 12 10 1 1 12 10 1 12 10 1 8 1 1 12 10 10 1 100 10 1 1 12 10 1 8 1 12 10 1 12 10 1 12 10 1 8 1 8 12 9 1 100 1 8 1 12 10 1 12 10 1 8 1 12 10 1 8 1 8 1 8 1 1 1 100 1 100 1 100 1 12 10 1 1 12 10 1 12 10 1 1 12 10 1 1 12 10 1 1 12 10 1 12 10 12 10 1 12 10 1 1 1 100 1 100 1 100 1 12 10 1 12 10 1 100 12 10 1 100 10 1 8 1 12 10 1 12 10 1 1 12 10 1 100 1 1 12 10 1 8 1 8 10 1 1 12 10 1 100 1 1 12 10 1 100 12 10 1 1 12 10 1 12 11 1 100 10 1 12 10 11 12 10 1 8 1 100 1 12 10 1 1 12 10 1 12 10 1 1 12 11 11 1 1 1 1
ciInstanceKlass sun/net/www/ParseUtil 1 1 514 1 7 1 7 1 1 1 1 1 1 1 5 0 1 1 1 1 1 1 1 1 1 1 1 1 1 1 1 1 1 5 0 1 1 1 1 1 1 1 1 1 1 1 1 1 1 1 1 1 1 1 12 10 1 1 1 12 10 1 100 1 1 12 9 1 12 10 1 1 12 10 1 7 1 1 12 10 1 1 12 10 12 9 1 7 1 1 12 10 1 1 12 10 1 100 1 1 12 10 100 1 1 12 10 3 1 12 10 1 100 1 1 12 10 1 1 1 100 1 1 12 10 1 1 100 1 1 12 10 1 7 1 12 10 1 100 1 1 12 10 1 100 1 12 10 1 8 1 100 1 1 12 10 1 100 1 1 12 9 1 100 1 1 12 10 1 12 10 12 9 1 100 10 1 1 12 10 1 1 12 10 12 10 1 1 12 10 1 100 10 1 12 10 1 12 10 1 1 12 10 1 12 10 1 100 1 1 12 10 1 8 1 12 10 1 1 12 10 12 10 1 1 12 10 1 12 10 10 1 1 8 12 10 1 1 12 10 10 1 1 12 10 1 12 10 1 8 1 8 1 1 12 10 1 8 1 1 1 100 1 12 10 12 10 1 8 1 12 10 1 12 10 1 100 1 8 1 8 1 12 10 1 1 1 100 1 12 10 1 12 10 1 12 10 1 12 10 1 12 10 1 8 1 1 12 10 1 100 1 12 10 1 12 10 10 1 100 10 1 12 10 1 12 10 1 1 12 10 1 1 12 10 10 1 8 12 9 12 9 1 1 12 10 1 1 12 10 12 9 12 9 1 8 12 9 12 9 1 8 1 8 1 12 10 12 9 12 9 12 9 12 9 1 1 12 10 1 1 12 10 1 12 10 1 1 12 10 1 1 12 10 1 12 10 1 1 12 10 12 9 12 9 1 100 1 1 12 10 1 1 12 10 1 100 1 1 12 10 1 12 10 1 12 10 12 9 1 8 1 12 10 1 1 1 7 1 12 10 1 12 10 1 1 1 1 7 1 12 10 10 1 12 10 12 10 12 9 12 10 12 9 12 9 12 9 12 9 12 9 1 8 12 10 12 9 12 10 12 9 12 9 12 9 1 8 12 9 12 9 1 8 12 9 12 9 1 8 12 9 12 9 1 8 1 8 1 8 1 8 1 1 1 1
staticfield sun/net/www/ParseUtil hexDigits [C 16
staticfield sun/net/www/ParseUtil L_DIGIT J 287948901175001088
staticfield sun/net/www/ParseUtil L_HEX J 287948901175001088
staticfield sun/net/www/ParseUtil H_HEX J 541165879422
staticfield sun/net/www/ParseUtil H_UPALPHA J 134217726
staticfield sun/net/www/ParseUtil H_LOWALPHA J 576460743713488896
staticfield sun/net/www/ParseUtil H_ALPHA J 576460743847706622
staticfield sun/net/www/ParseUtil L_ALPHANUM J 287948901175001088
staticfield sun/net/www/ParseUtil H_ALPHANUM J 576460743847706622
staticfield sun/net/www/ParseUtil L_MARK J 113808043409408
staticfield sun/net/www/ParseUtil H_MARK J 4611686020574871552
staticfield sun/net/www/ParseUtil L_UNRESERVED J 288062709218410496
staticfield sun/net/www/ParseUtil H_UNRESERVED J 5188146764422578174
staticfield sun/net/www/ParseUtil L_RESERVED J -6052670429821140992
staticfield sun/net/www/ParseUtil H_RESERVED J 671088641
staticfield sun/net/www/ParseUtil L_DASH J 35184372088832
staticfield sun/net/www/ParseUtil H_DASH J 0
staticfield sun/net/www/ParseUtil L_URIC J -5764607720602730495
staticfield sun/net/www/ParseUtil H_URIC J 5188146765093666815
staticfield sun/net/www/ParseUtil L_PCHAR J 2882162826460266497
staticfield sun/net/www/ParseUtil H_PCHAR J 5188146764422578175
staticfield sun/net/www/ParseUtil L_PATH J 3458764316252045313
staticfield sun/net/www/ParseUtil H_PATH J 5188146764422578175
staticfield sun/net/www/ParseUtil L_USERINFO J 3458623578763689985
staticfield sun/net/www/ParseUtil H_USERINFO J 5188146764422578174
staticfield sun/net/www/ParseUtil L_REG_NAME J 3458623578763689985
staticfield sun/net/www/ParseUtil H_REG_NAME J 5188146764422578175
staticfield sun/net/www/ParseUtil L_SERVER J 3458623578763689985
staticfield sun/net/www/ParseUtil H_SERVER J 5188146765093666815
staticfield sun/net/www/ParseUtil $assertionsDisabled Z 1
ciInstanceKlass java/lang/StackTraceElement 1 1 197 1 7 1 7 1 100 1 7 1 1 1 1 1 1 1 1 1 1 1 1 1 1 1 1 3 1 3 1 1 5 0 1 1 1 12 10 1 12 10 12 9 12 9 12 9 12 9 1 8 1 100 1 1 12 10 1 7 12 9 1 8 12 9 12 9 12 9 1 1 1 1 1 1 1 1 1 1 1 1 1 8 1 12 10 1 12 10 1 7 10 1 1 12 10 1 8 12 10 1 12 10 1 8 1 8 1 8 12 10 1 8 1 8 1 12 10 1 8 1 8 1 1 1 12 10 12 10 1 12 10 1 12 10 1 12 9 1 7 1 1 12 10 1 1 12 10 1 7 1 100 1 7 1 1 12 10 1 100 1 7 1 12 10 1 7 1 1 12 10 1 12 10 1 12 10 1 1 1 100 10 1 1 12 10 12 10 1 1 1 12 10 1 1 1 1 1
instanceKlass java/nio/ShortBuffer
instanceKlass java/nio/IntBuffer
instanceKlass java/nio/LongBuffer
instanceKlass java/nio/CharBuffer
instanceKlass java/nio/ByteBuffer
ciInstanceKlass java/nio/Buffer 1 1 150 1 7 1 7 1 1 3 1 1 1 1 1 1 1 1 1 1 1 12 10 12 9 12 9 1 1 12 10 12 9 1 12 10 12 10 1 100 1 100 10 1 8 1 1 12 10 1 12 10 1 8 1 8 1 1 12 10 1 12 10 1 1 1 8 12 9 1 100 1 8 1 12 10 1 8 1 8 1 12 9 1 12 10 1 8 1 100 1 8 1 8 1 12 10 1 8 1 8 1 8 1 1 1 100 10 1 1 1 1 1 1 1 1 1 1 1 1 1 1 1 1 100 10 1 1 1 100 10 1 1 1 100 10 1 1 1 1 1 1 1 1 7 1 12 10 1 1 1 1
staticfield java/nio/Buffer $assertionsDisabled Z 1
ciInstanceKlass java/lang/StackWalker 0 0 233 1 100 1 100 1 100 1 1 100 1 1 100 1 1 100 1 100 1 1 100 1 1 100 1 100 1 1 1 1 1 1 1 1 1 1 1 1 1 1 1 12 9 1 1 100 1 1 12 10 1 100 1 1 12 10 1 12 10 1 100 1 1 12 11 1 1 12 10 1 1 12 10 1 1 12 10 1 1 100 1 8 1 12 10 1 12 10 1 12 10 1 12 10 12 9 12 9 12 9 1 100 1 1 12 10 1 1 12 9 1 1 12 11 1 100 1 8 10 1 100 1 12 10 12 9 1 1 12 10 1 1 1 1 1 12 10 1 12 10 1 1 1 100 1 1 12 10 15 16 1 1 12 10 15 1 16 1 1 12 18 1 1 1 100 1 8 10 1 1 12 10 1 12 10 1 1 1 1 1 1 1 12 9 1 1 12 10 1 100 10 1 8 1 1 12 10 1 12 10 1 8 1 1 12 10 10 1 100 12 11 1 1 1 12 10 1 1 1 1 1 1 1 1 1 1 1 1 1 1 1 1 1
ciInstanceKlass java/lang/StackStreamFactory$AbstractStackWalker 1 0 285 1 100 1 1 100 1 100 1 100 1 1 1 100 1 1 100 1 100 1 1 100 1 1 1 1 1 1 1 1 1 1 1 1 1 1 1 3 1 12 10 1 12 10 1 100 1 1 12 10 12 9 1 1 12 10 12 9 12 9 12 9 12 9 1 1 12 9 1 1 12 10 1 1 12 10 1 1 1 1 1 1 1 12 9 1 12 10 12 10 1 1 12 9 1 100 1 1 12 9 1 100 10 1 8 1 1 12 10 1 12 10 1 8 1 1 12 10 1 100 1 1 12 10 1 1 1 100 1 8 1 12 10 1 8 12 10 1 1 12 9 1 12 10 12 9 1 8 5 0 1 8 1 8 1 1 1 1 12 9 12 10 1 12 10 12 10 1 100 1 1 12 9 1 1 1 12 10 1 12 10 1 12 10 1 12 10 12 10 1 1 12 10 1 8 1 12 10 1 12 10 1 100 1 12 10 1 1 1 1 12 10 1 8 1 100 1 1 12 10 1 1 12 10 1 1 12 10 12 10 12 10 1 100 1 1 12 10 1 12 9 1 8 1 12 10 1 12 10 1 1 12 10 12 10 12 10 1 12 10 1 1 12 10 1 1 12 10 1 1 12 10 1 12 10 1 8 1 1 1 1 1 1 1 1
instanceKlass java/lang/LiveStackFrameInfo
ciInstanceKlass java/lang/StackFrameInfo 0 0 113 1 100 1 100 1 100 1 100 1 1 100 1 1 1 1 1 1 1 1 1 1 1 1 1 1 1 1 1 12 10 12 9 12 9 12 9 12 9 1 100 1 1 12 11 12 9 1 1 1 1 100 1 12 10 1 1 1 12 9 1 1 12 10 1 1 12 11 1 1 1 1 12 10 1 1 1 12 10 1 100 12 10 1 12 10 1 1 12 11 1 12 10 12 9 1 1 12 10 1 100 1 1 100 1 1 12 10 1 1 1 1 1
ciInstanceKlass java/lang/LiveStackFrameInfo 0 0 84 1 100 1 100 1 100 1 100 1 1 100 1 1 100 1 1 1 1 1 3 1 3 1 1 1 1 1 1 12 10 12 9 12 9 12 9 12 9 12 9 1 1 1 1 1 1 1 100 12 10 1 12 10 1 8 1 1 12 10 1 8 1 8 1 8 10 1 1 1 12 10 1 1 12 10 1 1 1 100 1 1 1 1
ciInstanceKlass java/lang/Boolean 1 1 113 1 7 1 1 7 1 100 1 100 1 1 1 1 1 1 1 1 1 1 5 0 1 1 1 1 1 1 12 10 12 9 1 1 1 12 10 12 10 1 8 1 7 1 12 10 1 1 1 1 1 12 9 12 9 1 1 1 1 8 1 1 1 1 12 10 1 1 12 10 1 1 100 1 100 1 7 1 1 12 10 1 100 1 1 1 1 12 10 1 1 1 1 1 12 10 1 1 8 1 7 1 1 12 10 12 9 1 1 1 1 1 1
staticfield java/lang/Boolean TRUE Ljava/lang/Boolean; java/lang/Boolean
staticfield java/lang/Boolean FALSE Ljava/lang/Boolean; java/lang/Boolean
staticfield java/lang/Boolean TYPE Ljava/lang/Class; java/lang/Class
ciInstanceKlass java/lang/Character 1 1 493 1 7 1 1 7 1 100 1 100 1 7 1 1 100 1 1 100 1 1 100 1 1 1 3 1 3 1 1 3 1 3 1 1 1 1 1 1 3 1 1 3 1 3 1 3 1 3 1 3 1 3 1 3 1 3 1 3 1 3 1 3 1 3 1 3 1 3 1 3 1 3 1 3 1 3 1 3 1 3 1 3 1 3 1 3 1 3 1 3 1 3 1 3 1 3 1 1 1 1 1 1 1 1 1 1 1 1 1 1 1 1 1 1 1 3 1 1 1 1 1 1 3 1 3 1 3 1 3 1 1 1 3 1 1 3 1 1 1 5 0 1 1 1 1 1 1 1 1 1 1 12 10 12 9 1 1 1 1 1 12 9 12 10 1 1 1 1 1 12 10 1 1 12 10 1 1 1 7 1 12 10 1 12 10 1 1 1 1 3 1 1 1 3 1 1 1 12 10 12 10 1 1 1 1 3 1 1 1 7 1 1 12 11 1 12 11 12 10 1 1 1 12 10 1 100 10 1 1 12 10 1 3 1 1 1 12 10 12 10 1 1 12 10 1 100 10 1 12 10 12 10 1 1 1 12 10 1 1 1 12 10 1 12 10 1 12 10 1 7 1 1 12 10 1 12 10 1 12 10 1 12 10 1 12 10 1 12 10 1 12 10 1 12 10 1 12 10 1 1 1 12 10 1 1 12 10 1 1 12 10 1 12 10 12 10 10 12 10 10 1 12 10 10 1 12 10 10 1 12 10 10 1 1 12 10 10 1 12 10 10 1 12 10 10 1 1 1 12 10 10 1 12 10 10 1 5 0 1 12 10 1 12 10 10 1 12 10 10 1 1 1 1 1 12 10 10 1 12 10 10 1 1 1 12 10 1 12 9 1 100 10 12 10 1 12 10 1 3 1 1 1 100 1 1 12 10 12 10 1 12 10 1 100 10 12 10 1 1 12 10 1 1 12 10 1 8 1 100 1 12 10 1 100 1 1 12 9 1 12 10 10 1 1 1 100 1 12 10 1 12 10 1 12 10 10 1 1 12 10 10 12 10 1 8 1 12 10 1 12 10 1 1 7 1 1 12 10 1 8 1 1 12 10 12 9 1 1 1 1 1 1 1
staticfield java/lang/Character TYPE Ljava/lang/Class; java/lang/Class
staticfield java/lang/Character $assertionsDisabled Z 1
instanceKlass ui/utils/y
instanceKlass java/math/BigDecimal
instanceKlass java/math/BigInteger
instanceKlass java/util/concurrent/atomic/AtomicLong
instanceKlass java/util/concurrent/atomic/AtomicInteger
instanceKlass java/lang/Long
instanceKlass java/lang/Integer
instanceKlass java/lang/Short
instanceKlass java/lang/Byte
instanceKlass java/lang/Double
instanceKlass java/lang/Float
ciInstanceKlass java/lang/Number 1 1 31 1 100 1 7 1 100 1 1 5 0 1 1 12 10 1 1 1 1 1 1 1 1 1 1 12 10 1 1 1 1
ciInstanceKlass java/lang/Float 1 1 170 1 7 1 1 7 1 100 1 1 4 1 4 1 4 1 4 1 4 1 4 1 1 3 1 3 1 3 1 3 1 1 1 1 1 1 5 0 1 1 1 7 1 12 10 1 1 100 1 1 12 10 1 1 12 10 1 100 1 12 10 1 8 1 8 1 100 1 1 12 10 1 1 1 100 1 1 12 10 1 1 12 10 1 1 10 1 1 1 1 1 1 1 1 12 10 12 9 1 1 1 12 10 12 10 1 12 10 1 1 1 1 1 1 1 1 1 1 1 1 1 1 12 10 1 12 10 1 1 1 12 10 3 1 1 1 1 1 1 12 10 1 1 1 12 10 1 12 10 1 12 10 1 1 8 1 7 1 1 12 10 12 9 1 1 1 1 1 1 1
staticfield java/lang/Float TYPE Ljava/lang/Class; java/lang/Class
ciInstanceKlass java/lang/Double 1 1 224 1 7 1 1 7 1 100 1 1 6 0 1 6 0 1 6 0 1 6 0 1 6 0 1 6 0 1 1 3 1 3 1 3 1 3 1 1 1 1 1 1 5 0 1 1 1 7 1 12 10 1 1 1 12 10 12 10 1 100 1 1 12 10 1 7 1 1 12 10 6 0 1 8 1 1 12 10 1 8 1 1 12 10 1 8 1 1 12 10 5 0 5 0 1 8 1 8 1 100 1 100 1 12 10 1 1 12 10 1 8 1 1 12 10 1 8 1 8 1 8 1 1 12 10 1 12 10 1 1 12 10 1 12 10 1 12 10 1 1 1 100 1 1 12 10 1 12 10 1 1 10 1 1 1 1 1 1 12 10 12 9 1 1 12 10 12 10 1 1 1 1 1 1 1 1 1 1 1 1 1 12 10 1 12 10 5 0 1 1 1 1 1 1 12 10 1 1 12 10 1 12 10 1 12 10 1 1 8 1 7 1 1 12 10 12 9 1 1 1 1 1 1 1
staticfield java/lang/Double TYPE Ljava/lang/Class; java/lang/Class
ciInstanceKlass java/lang/Byte 1 1 159 1 7 1 1 7 1 100 1 7 1 1 1 3 1 3 1 1 1 1 1 1 3 1 3 1 1 5 0 1 1 1 100 1 12 10 1 1 1 1 1 12 9 1 1 1 100 1 1 12 10 1 100 1 1 12 10 1 8 1 1 12 10 1 8 1 12 10 1 12 10 1 12 10 1 12 10 1 12 10 1 12 10 1 1 12 10 1 1 12 10 1 8 1 8 1 1 1 1 10 12 9 1 1 1 1 1 1 1 1 1 1 1 12 10 1 1 12 10 1 1 12 10 1 1 1 1 12 10 1 1 12 10 1 1 5 0 1 12 10 1 1 8 1 7 1 1 12 10 12 9 1 1 1 1 1 1 1 1
staticfield java/lang/Byte TYPE Ljava/lang/Class; java/lang/Class
ciInstanceKlass java/lang/Short 1 1 165 1 7 1 1 7 1 100 1 7 1 1 1 3 1 3 1 1 1 1 1 1 3 1 3 1 1 5 0 1 1 1 100 1 12 10 1 1 1 100 1 1 12 10 1 100 1 1 12 10 1 8 1 1 12 10 1 8 1 12 10 1 12 10 1 12 10 1 12 10 1 1 1 12 10 1 12 10 1 1 1 12 9 1 12 10 1 1 12 10 1 1 12 10 1 8 1 8 1 1 1 10 12 9 1 1 1 1 1 1 1 1 1 1 1 12 10 1 1 12 10 1 1 12 10 1 1 1 1 12 10 1 1 12 10 1 1 3 3 1 1 5 0 1 12 10 1 1 8 1 7 1 1 12 10 12 9 1 1 1 1 1 1 1 1
staticfield java/lang/Short TYPE Ljava/lang/Class; java/lang/Class
ciInstanceKlass java/lang/Integer 1 1 357 1 7 1 1 7 1 100 1 7 1 1 1 3 1 3 1 1 1 1 1 1 1 1 1 1 1 1 3 1 3 1 1 5 0 1 1 1 12 10 1 7 1 1 12 9 100 12 9 1 100 1 1 12 10 1 12 10 1 100 1 1 12 10 10 1 1 1 12 10 1 100 1 12 10 1 1 12 10 1 1 1 1 12 10 1 7 1 1 12 10 1 1 12 10 1 1 12 10 1 12 10 1 1 1 12 10 1 1 12 10 10 1 12 10 12 9 12 9 1 1 1 100 1 8 1 12 10 1 100 1 12 10 1 8 1 1 12 10 1 12 10 1 8 1 12 10 1 8 1 1 12 10 3 1 1 12 10 1 1 12 10 1 7 1 1 12 10 1 1 7 1 1 12 10 1 7 11 1 100 10 11 1 1 12 10 1 8 1 12 10 1 1 8 1 100 1 1 12 10 1 1 12 10 5 0 1 8 12 10 1 12 10 12 10 1 1 1 12 10 1 1 12 9 1 1 12 9 1 12 10 1 1 1 10 12 9 1 1 1 1 1 1 1 1 1 1 1 1 12 10 1 1 12 10 1 1 12 10 1 100 1 100 1 100 1 1 12 10 1 100 1 12 10 1 8 1 8 1 1 12 10 1 8 1 8 1 8 1 8 1 8 1 8 1 12 10 12 10 1 1 1 12 10 1 5 0 1 1 1 1 1 1 3 3 3 1 1 1 1 12 10 1 3 1 1 12 10 1 12 10 1 1 8 1 7 1 1 12 10 12 9 3 3 3 3 3 12 9 1 1 1 1 1 1 1 1
staticfield java/lang/Integer TYPE Ljava/lang/Class; java/lang/Class
staticfield java/lang/Integer digits [C 36
staticfield java/lang/Integer DigitTens [B 100
staticfield java/lang/Integer DigitOnes [B 100
staticfield java/lang/Integer sizeTable [I 10
ciInstanceKlass java/lang/Long 1 1 409 1 7 1 1 7 1 100 1 7 1 1 1 5 0 1 5 0 1 1 1 1 1 1 3 1 3 1 5 0 1 1 1 12 10 1 7 1 1 12 9 1 100 1 7 1 1 12 9 1 100 1 1 12 10 1 12 10 1 100 1 1 12 10 10 1 12 10 1 12 10 1 12 10 1 12 10 5 0 5 0 1 7 1 1 12 10 1 1 12 10 1 12 10 1 12 10 1 12 10 1 1 12 10 1 100 1 12 10 1 12 10 1 1 12 10 1 1 12 10 1 1 12 10 1 1 12 10 1 7 1 1 12 10 1 1 12 10 1 12 10 1 12 10 1 1 1 12 10 1 1 12 10 10 12 10 5 0 5 0 1 12 9 1 12 9 5 0 1 1 1 100 1 8 1 12 10 1 8 1 12 10 1 8 1 8 1 1 12 10 5 0 1 1 12 10 1 1 12 10 1 7 1 1 12 10 1 1 100 1 1 12 10 1 100 11 1 100 10 11 1 1 12 10 1 8 1 12 10 1 1 8 1 100 1 1 12 10 12 10 1 8 1 8 1 1 12 11 1 12 10 12 10 1 1 12 10 1 1 5 0 5 0 1 1 12 9 1 12 10 1 1 8 1 8 1 1 12 10 1 8 1 8 1 8 1 8 1 8 1 8 1 12 10 12 10 1 1 12 10 1 1 1 10 12 9 1 1 1 1 1 1 1 1 1 1 12 10 1 1 1 1 12 10 1 1 100 1 100 1 100 1 1 12 10 1 100 12 10 1 1 1 1 12 10 1 1 1 12 10 1 12 10 10 1 1 12 10 1 1 1 1 1 5 0 5 0 5 0 1 1 1 1 1 12 10 1 5 0 5 0 1 12 10 1 12 10 1 12 10 1 1 8 1 7 1 1 12 10 12 9 1 1 1 1 1 1 1 1
staticfield java/lang/Long TYPE Ljava/lang/Class; java/lang/Class
ciInstanceKlass jdk/internal/loader/ClassLoaders 1 1 159 1 7 1 100 1 7 1 1 7 1 1 7 1 1 1 1 1 1 1 1 1 1 1 12 10 1 1 12 9 1 1 12 9 1 12 9 1 1 1 7 1 7 1 12 10 1 1 12 10 1 7 1 1 12 9 1 7 1 1 12 10 1 1 12 10 1 1 12 10 1 1 12 10 1 12 10 1 100 1 100 1 7 1 1 12 10 1 7 1 7 1 1 12 11 1 1 12 11 1 1 12 10 1 7 1 1 12 10 1 100 1 1 12 9 1 1 1 7 1 12 10 1 8 1 7 1 1 12 10 1 1 12 10 12 10 1 8 1 7 1 12 10 1 8 1 8 1 12 10 1 12 10 1 12 10 1 1 1
staticfield jdk/internal/loader/ClassLoaders JLA Ljdk/internal/misc/JavaLangAccess; java/lang/System$2
staticfield jdk/internal/loader/ClassLoaders BOOT_LOADER Ljdk/internal/loader/ClassLoaders$BootClassLoader; jdk/internal/loader/ClassLoaders$BootClassLoader
staticfield jdk/internal/loader/ClassLoaders PLATFORM_LOADER Ljdk/internal/loader/ClassLoaders$PlatformClassLoader; jdk/internal/loader/ClassLoaders$PlatformClassLoader
staticfield jdk/internal/loader/ClassLoaders APP_LOADER Ljdk/internal/loader/ClassLoaders$AppClassLoader; jdk/internal/loader/ClassLoaders$AppClassLoader
ciInstanceKlass java/lang/NullPointerException 1 1 18 1 100 1 7 1 1 5 0 1 1 12 10 1 12 10 1 1
ciInstanceKlass java/lang/ArithmeticException 1 1 18 1 100 1 100 1 1 5 0 1 1 12 10 1 12 10 1 1
ciInstanceKlass java/lang/StringLatin1 1 1 193 1 7 1 100 1 100 1 1 1 12 10 1 1 1 100 1 12 10 1 1 1 1 1 1 1 1 1 1 1 1 1 12 10 1 1 7 1 1 12 10 1 12 10 1 1 1 1 1 7 1 1 12 10 1 1 1 1 1 1 7 1 1 12 10 1 100 1 12 10 1 12 10 10 10 1 1 7 1 1 12 9 1 1 12 10 1 7 1 1 12 10 1 12 10 1 1 12 10 1 12 10 1 1 1 1 7 1 12 10 1 1 12 10 1 1 1 1 1 100 10 12 10 1 7 1 1 12 10 1 8 1 8 1 8 1 1 12 10 1 100 1 12 10 1 12 10 1 1 12 10 1 12 10 1 100 1 1 12 10 1 12 10 12 10 12 10 1 12 10 12 10 1 1 10 1 1 1 1 7 1 12 10 1 1 1 12 10 10 1 1 1 1
ciInstanceKlass java/security/AccessController 1 1 188 1 7 1 100 1 100 1 1 7 1 1 12 10 1 1 1 1 1 1 12 10 12 10 1 7 1 1 12 10 1 7 1 1 12 10 1 1 12 10 1 12 10 1 1 12 10 1 100 1 8 1 12 10 1 1 12 10 1 12 10 1 100 1 1 100 12 10 1 12 10 1 1 12 10 1 1 12 10 1 100 1 1 12 10 1 7 1 12 10 1 12 10 1 12 10 1 1 12 9 1 12 10 1 1 1 12 10 1 12 10 1 1 1 100 1 8 1 1 12 10 1 8 1 100 1 1 12 10 1 8 1 100 10 1 1 12 10 1 12 10 1 100 1 1 12 10 1 12 10 1 100 1 8 1 100 1 12 10 1 8 1 8 1 12 10 1 8 1 12 10 12 10 1 1 1 1 1 1 1 1 1 1 1 1 1 1 1
ciInstanceKlass java/util/concurrent/ConcurrentHashMap 1 1 1028 1 7 1 1 7 1 100 1 100 1 100 1 1 100 1 1 100 1 1 100 1 1 100 1 1 100 1 1 100 1 1 100 1 1 100 1 1 100 1 1 100 1 1 100 1 1 100 1 1 100 1 1 100 1 1 100 1 1 100 1 1 100 1 1 100 1 1 100 1 1 100 1 1 100 1 1 100 1 1 100 1 1 100 1 1 100 1 1 100 1 1 100 1 1 100 1 1 100 1 1 100 1 1 100 1 1 7 1 1 7 1 1 7 1 1 100 1 1 100 1 1 100 1 1 100 1 1 100 1 1 100 1 1 100 1 1 100 1 1 100 1 1 100 1 1 100 1 1 100 1 1 100 1 1 7 1 1 7 1 1 7 1 1 100 1 1 7 1 1 7 1 7 1 1 100 1 100 1 1 100 1 1 1 5 0 1 1 3 1 3 1 3 1 1 1 4 1 3 1 3 1 3 1 1 1 3 1 1 3 1 3 1 3 1 3 1 1 1 1 1 1 1 1 1 1 1 1 1 1 1 1 1 1 1 1 1 1 1 1 1 1 1 1 1 1 1 1 1 1 1 1 1 100 1 7 1 1 12 10 1 100 1 7 1 1 12 10 1 100 1 100 1 1 12 11 1 12 11 1 100 1 1 1 1 12 11 1 1 12 9 12 9 12 9 1 7 1 1 12 10 1 1 1 1 12 10 1 1 1 1 12 10 1 1 12 10 1 1 100 10 3 12 10 12 9 1 1 12 10 1 1 12 10 5 0 1 1 1 1 12 10 5 0 1 1 1 1 1 12 10 12 10 12 9 12 10 1 12 9 1 1 12 9 1 1 12 10 7 1 12 9 1 1 12 10 1 1 12 9 1 12 10 1 1 100 10 1 12 10 1 1 12 10 1 1 1 1 12 10 1 1 12 10 1 12 10 12 10 1 1 12 10 1 1 12 10 1 100 1 8 1 12 10 1 100 1 1 12 10 1 1 12 10 12 11 1 12 10 1 12 11 1 7 1 1 12 11 1 7 1 12 11 1 12 11 1 12 11 1 12 11 1 1 1 12 10 12 10 1 1 12 9 1 1 12 10 9 1 1 12 10 1 12 9 1 1 12 10 5 0 1 1 12 9 1 12 10 1 12 9 1 12 10 12 9 10 1 1 1 100 10 1 1 12 10 1 8 1 12 10 12 10 11 1 1 1 100 1 7 1 12 10 1 1 12 10 1 8 1 12 10 1 8 1 12 10 1 8 1 12 10 1 12 10 1 1 1 100 1 100 1 12 10 12 10 1 12 10 5 0 1 12 10 1 12 9 9 1 12 10 12 9 1 1 1 1 1 1 1 1 100 1 1 12 11 1 1 1 7 1 12 11 1 1 12 10 1 100 1 12 11 1 1 1 1 7 10 12 11 1 1 1 1 1 1 12 10 1 1 1 12 10 1 10 1 1 10 1 100 1 1 12 9 1 12 10 1 1 1 7 1 12 10 3 1 100 1 12 10 12 9 1 1 12 10 12 9 12 9 1 1 12 10 100 1 7 1 12 10 12 9 1 12 9 1 1 12 10 12 10 12 9 12 9 1 1 12 10 9 12 9 1 12 10 12 9 1 12 10 12 9 1 12 10 12 9 1 12 10 1 1 5 0 1 100 1 12 10 1 12 10 1 12 10 1 12 10 1 1 12 10 10 1 1 1 100 10 1 12 10 10 1 1 1 12 10 10 1 1 1 12 10 10 1 100 1 1 12 10 1 1 1 12 10 10 1 100 1 12 10 1 1 1 12 10 10 1 12 10 1 1 1 12 10 10 1 1 12 10 10 1 1 1 12 10 10 1 1 12 10 10 1 1 12 10 10 1 1 1 12 10 10 1 1 1 12 10 10 1 1 1 12 10 10 1 10 10 10 10 1 10 10 1 1 12 10 10 1 12 10 10 1 1 12 10 10 1 1 12 10 10 1 1 12 10 10 1 10 10 10 10 1 10 10 1 1 1 12 10 10 1 12 10 10 1 1 12 10 10 1 1 12 10 10 1 1 12 10 10 12 10 1 1 100 1 7 1 1 12 10 1 12 10 1 7 1 12 10 1 1 12 9 12 9 1 1 12 10 8 1 1 12 10 1 1 12 10 8 8 8 8 1 1 12 10 1 12 10 1 100 1 8 10 1 12 10 1 7 1 1 1 1 1 1 1 1 1 1 1 1 1 1 1 1 1 1 1 1 1 1 1 1 1 1 1 1 1 1 1 1 1 1 1 1 1 1 1 1 1 1 1 1 1 1 1 1 1 1 1 1 1 1 1 1 1 1 1 1 1 1 1 1 1 1 1 1 1
staticfield java/util/concurrent/ConcurrentHashMap NCPU I 8
staticfield java/util/concurrent/ConcurrentHashMap serialPersistentFields [Ljava/io/ObjectStreamField; 3 [Ljava/io/ObjectStreamField;
staticfield java/util/concurrent/ConcurrentHashMap U Ljdk/internal/misc/Unsafe; jdk/internal/misc/Unsafe
staticfield java/util/concurrent/ConcurrentHashMap SIZECTL J 20
staticfield java/util/concurrent/ConcurrentHashMap TRANSFERINDEX J 32
staticfield java/util/concurrent/ConcurrentHashMap BASECOUNT J 24
staticfield java/util/concurrent/ConcurrentHashMap CELLSBUSY J 36
staticfield java/util/concurrent/ConcurrentHashMap CELLVALUE J 144
staticfield java/util/concurrent/ConcurrentHashMap ABASE I 16
staticfield java/util/concurrent/ConcurrentHashMap ASHIFT I 2
ciInstanceKlass java/util/Arrays 1 1 937 1 7 1 7 1 100 1 1 7 1 1 7 1 1 100 1 1 100 1 100 1 1 100 1 1 100 1 1 100 1 100 1 1 100 1 1 100 1 1 100 1 100 1 1 100 1 100 1 1 100 1 100 1 1 100 1 100 1 1 100 1 100 1 1 100 1 100 1 1 100 1 100 1 100 1 1 100 1 1 100 1 1 100 1 1 100 1 100 1 1 1 3 1 3 1 1 1 1 12 10 1 1 1 100 1 7 10 1 8 1 1 12 10 1 12 10 1 8 1 8 1 1 12 10 1 12 10 1 100 1 12 10 1 1 1 100 1 12 10 1 12 10 1 1 12 10 1 1 1 12 10 1 1 1 12 10 1 1 1 12 10 1 1 12 10 1 1 1 12 10 1 1 1 100 1 1 12 10 1 100 1 12 10 1 1 12 10 1 100 1 12 10 10 1 100 1 12 10 10 1 100 1 12 10 10 1 100 1 12 10 10 1 100 1 12 10 10 1 100 1 12 10 10 1 1 1 12 9 1 7 1 12 10 1 1 12 10 1 7 1 12 10 1 7 1 1 12 10 1 100 1 12 10 10 1 1 1 7 1 7 1 1 1 1 12 10 1 12 10 1 7 1 12 10 1 12 10 1 1 12 10 1 12 10 1 1 12 10 1 7 1 1 12 11 1 12 10 1 7 1 1 12 10 12 10 12 10 1 12 10 12 10 12 10 1 1 12 11 1 1 1 7 1 1 12 10 1 12 10 10 1 1 1 12 10 10 1 1 1 12 10 10 1 1 1 12 10 10 1 1 1 1 1 12 10 1 1 12 10 1 1 12 10 1 1 12 10 1 1 12 10 1 1 12 10 1 100 1 1 12 10 1 1 12 10 1 100 1 1 12 10 1 1 12 10 1 1 12 10 1 1 1 7 1 1 12 10 1 1 12 10 1 1 12 10 1 1 12 10 1 1 12 10 1 1 12 10 1 1 1 12 10 1 1 12 10 1 1 12 10 1 1 12 10 1 1 12 10 1 1 12 10 1 1 12 10 1 1 12 10 1 1 12 10 1 1 12 10 1 1 12 10 1 1 1 1 1 1 1 1 1 1 1 1 1 1 1 1 1 1 1 1 1 1 1 1 1 12 10 1 7 1 1 12 10 1 1 1 1 1 1 1 1 1 12 10 1 8 1 1 1 1 1 1 1 1 1 1 1 12 10 1 1 1 1 1 1 1 1 100 1 1 1 12 10 1 12 10 12 10 12 10 12 10 12 10 12 10 12 10 12 10 12 10 1 1 12 10 12 9 1 100 10 12 10 12 10 12 10 12 10 12 10 12 10 12 10 12 10 12 10 1 12 10 1 1 8 1 8 1 12 10 1 12 10 1 8 1 1 1 1 1 1 12 10 1 1 12 10 1 1 12 10 1 1 7 1 1 12 10 1 3 10 1 100 10 1 12 10 1 100 1 12 11 1 12 10 12 10 12 10 12 10 12 10 12 10 12 10 12 10 12 10 1 12 11 1 8 10 1 12 11 1 1 1 100 1 1 12 11 1 1 100 1 1 12 11 1 1 12 11 1 100 1 1 12 10 15 16 1 1 12 10 15 1 1 12 18 1 1 12 11 1 1 100 1 1 12 11 1 1 12 10 15 1 12 18 1 1 100 1 1 12 11 1 1 12 10 15 1 12 18 1 1 100 1 1 12 11 1 1 12 10 15 1 12 18 1 1 1 7 1 12 10 1 1 12 10 1 1 12 10 1 1 12 10 1 1 12 10 1 1 12 10 1 1 12 10 1 1 12 10 1 1 1 12 10 12 10 1 7 1 12 10 1 1 12 10 12 10 1 1 12 10 1 1 12 10 12 10 1 1 12 10 1 1 12 10 12 10 1 1 12 10 1 1 100 1 12 10 1 1 1 100 1 12 10 1 1 12 10 1 1 100 1 12 10 1 12 10 1 1 100 1 12 10 1 1 1 100 12 10 1 12 10 1 1 100 1 12 10 1 12 10 1 1 12 10 1 1 1 12 10 1 1 1 1 1 1 1 1 1 12 10 1 1 1 1 1 1 1 1 1 1 1 1 1 1 1 1 1 1 1 1 1 1 1 1 1 1 1 1 1 1 1 1
staticfield java/util/Arrays $assertionsDisabled Z 1
ciInstanceKlass java/lang/Math 1 1 316 1 7 1 100 1 7 1 1 1 6 0 1 6 0 1 6 0 1 6 0 1 1 1 1 1 1 1 1 1 12 10 1 1 1 1 7 12 10 1 12 10 1 12 10 1 12 10 1 12 10 1 12 10 1 1 1 12 10 1 12 10 1 12 10 1 12 10 1 12 10 1 1 12 10 1 12 10 1 12 10 1 12 10 1 12 10 1 12 10 1 1 1 7 1 12 10 3 3 3 1 1 7 1 12 10 5 0 5 0 5 0 5 0 5 0 1 1 1 1 12 9 1 7 1 12 10 1 1 1 100 1 8 1 12 10 1 1 8 1 1 1 12 10 1 1 12 10 5 0 5 0 1 1 3 5 0 1 3 1 1 1 1 1 1 5 0 1 12 10 1 12 10 1 12 10 1 1 1 12 9 12 9 1 1 1 1 1 12 10 6 0 1 12 10 12 9 1 100 10 1 12 10 1 100 1 12 10 1 1 12 10 1 12 10 1 12 10 1 1 1 1 12 10 12 10 6 0 1 1 12 10 1 1 12 10 12 10 12 10 4 1 1 12 10 1 12 10 1 1 12 10 1 12 10 12 10 1 12 10 1 12 10 1 12 10 1 12 10 1 12 10 1 12 10 5 0 1 6 0 1 4 1 6 0 4 1 6 0 4 1 1 12 10 12 9 12 10 12 9 1 1 1 7 1 1 12 10 4 6 0 1 1 1 1 1
staticfield java/lang/Math $assertionsDisabled Z 1
ciInstanceKlass java/security/PrivilegedAction 1 0 10 1 100 1 1 100 1 1 1 1
instanceKlass com/jidesoft/utils/CacheMap$Cache
instanceKlass javax/swing/UIDefaults$TextAndMnemonicHashMap
instanceKlass org/apache/batik/transcoder/TranscodingHints
instanceKlass java/lang/ProcessEnvironment
instanceKlass java/util/LinkedHashMap
ciInstanceKlass java/util/HashMap 1 1 477 1 7 1 1 7 1 7 1 100 1 100 1 7 1 1 100 1 1 100 1 1 100 1 1 100 1 1 100 1 1 100 1 1 100 1 1 100 1 1 7 1 1 7 1 1 7 1 1 7 1 1 7 1 1 1 5 0 1 1 3 1 3 1 1 4 1 3 1 3 1 3 1 1 1 1 1 1 1 1 1 1 1 1 1 7 1 1 12 10 1 1 1 100 1 1 12 10 1 100 1 100 1 1 12 10 1 100 1 100 1 1 12 11 1 12 11 1 1 1 12 11 1 1 1 1 1 12 10 1 100 1 100 10 1 8 1 1 12 10 1 12 10 1 1 12 10 1 12 10 1 7 1 1 12 10 1 8 1 12 10 12 9 12 10 12 9 1 12 10 1 1 1 12 10 12 11 12 9 4 1 1 12 10 1 12 11 1 7 1 1 12 11 1 7 1 1 12 11 1 1 12 11 1 12 11 1 12 11 12 10 1 1 12 10 12 9 1 1 1 1 1 12 10 1 1 12 9 12 9 1 12 9 1 1 12 10 100 1 12 9 1 1 12 10 1 1 1 1 1 12 10 1 1 12 10 1 1 12 10 1 1 12 10 12 9 1 1 12 10 3 1 1 12 10 1 1 12 10 1 1 12 9 9 1 1 12 10 1 1 1 1 12 10 1 1 12 10 1 12 10 1 1 1 12 9 1 12 10 1 1 1 12 9 10 1 100 12 9 10 1 1 1 1 1 1 1 1 100 10 1 7 1 12 11 1 100 10 1 1 1 7 12 11 1 1 1 1 1 1 100 1 1 12 11 1 1 1 1 100 12 10 1 100 1 12 10 1 12 10 1 1 1 1 1 100 12 10 1 100 1 12 10 1 12 10 1 12 10 1 1 1 100 1 100 1 12 10 1 100 10 1 12 10 1 8 4 1 100 1 1 12 10 4 1 12 10 4 1 100 1 1 12 10 1 100 1 100 1 1 12 11 12 10 1 12 10 1 1 1 1 10 1 12 10 1 1 1 1 1 1 1 1 1 1 1 1 1 1 1 1 1 1 1 1 1 1 1 1 1 1 1 1 1 1 1 1
ciInstanceKlass java/lang/StringUTF16 1 1 386 1 7 1 100 1 100 1 1 100 1 1 1 1 1 3 1 1 1 1 12 10 1 1 1 100 10 1 100 1 100 10 1 8 1 1 12 10 1 12 10 1 8 1 1 12 10 1 12 10 1 1 1 12 9 1 1 12 10 1 100 1 8 1 12 10 12 9 12 9 1 1 1 1 10 1 1 12 10 12 10 1 7 1 1 12 10 1 12 10 1 1 12 10 1 12 10 1 1 1 12 10 1 1 1 12 10 12 10 1 1 1 1 12 10 1 1 12 10 1 100 12 10 1 1 12 10 1 1 12 10 1 12 10 1 1 1 12 10 1 12 10 1 100 1 100 1 12 10 10 1 1 12 10 1 12 10 1 1 1 1 1 1 1 1 7 1 1 12 10 1 1 7 1 12 10 1 1 1 12 10 1 12 10 1 1 12 10 1 1 3 1 1 12 10 1 12 10 1 12 10 1 1 12 10 1 7 1 12 10 1 12 10 1 1 12 10 1 1 1 12 9 1 12 10 12 10 1 12 10 1 1 1 1 12 10 1 1 100 10 1 12 10 1 12 10 1 7 1 1 12 10 1 7 1 12 10 1 8 1 8 1 8 1 1 12 10 1 1 12 10 12 10 1 12 10 1 100 1 12 10 1 1 12 10 1 12 10 1 100 1 12 10 12 10 12 10 1 12 10 12 10 1 1 1 7 1 12 10 1 1 1 1 1 12 10 1 1 12 10 1 1 7 1 12 11 1 1 1 1 1 12 10 1 1 12 10 1 1 1 1 12 10 1 1 1 1 1 1 12 10 1 1 1 1 1 1 12 9 1 12 9 5 0 5 0 1 12 10 12 10 12 10 1 1 7 1 12 10 12 10 1 1 1 1 1
staticfield java/lang/StringUTF16 HI_BYTE_SHIFT I 0
staticfield java/lang/StringUTF16 LO_BYTE_SHIFT I 8
staticfield java/lang/StringUTF16 $assertionsDisabled Z 1
instanceKlass java/nio/MappedByteBuffer
instanceKlass java/nio/HeapByteBuffer
ciInstanceKlass java/nio/ByteBuffer 1 1 329 1 7 1 1 7 1 100 1 1 1 1 1 1 1 1 1 1 1 12 10 12 9 1 7 1 1 12 10 1 7 1 1 12 9 100 12 9 12 9 12 9 12 10 1 1 1 7 1 12 10 1 1 1 12 10 1 7 1 12 10 1 1 1 100 1 12 10 1 100 1 12 10 1 12 10 1 1 1 1 1 1 1 1 1 1 1 1 12 10 1 1 12 10 1 100 10 12 10 12 10 1 1 1 12 10 1 12 10 1 100 10 1 100 10 12 10 12 10 1 12 9 1 1 1 100 10 1 1 1 12 10 1 12 10 1 1 12 10 1 12 10 1 12 10 1 12 10 1 12 10 1 1 1 1 1 100 10 1 100 1 1 12 10 1 100 1 12 10 1 1 12 10 1 8 12 10 1 12 10 1 8 12 10 1 8 1 12 10 1 8 12 10 1 12 10 1 1 1 12 10 1 1 1 100 1 1 12 10 1 1 12 10 1 100 10 1 1 12 9 1 1 1 100 10 1 8 1 12 10 1 12 10 10 1 12 10 1 8 12 10 1 8 10 1 1 12 9 1 12 10 1 12 10 1 1 1 1 1 1 1 1 1 1 1 1 1 1 1 1 1 1 1 1 1 1 1 1 1 1 1 1 1 1 1 1 1 1 1 1 1 1 1 1 1 1 1 1 1 1 1 1 12 10 12 10 1 12 10 12 10 12 10 12 10 12 10 12 10 12 10 12 10 1 12 10 1 1 1
ciInstanceKlass java/nio/HeapByteBuffer 1 1 312 1 7 1 7 1 1 1 1 1 1 1 1 1 12 10 12 9 1 12 9 1 1 1 1 1 1 12 9 1 1 12 10 1 12 10 1 1 12 9 12 10 1 12 9 1 100 1 12 10 1 1 12 10 1 12 10 1 12 10 1 1 100 10 1 1 1 1 1 1 1 12 10 12 10 1 1 12 10 1 1 1 12 10 1 100 10 1 7 1 1 12 10 1 12 10 1 1 1 1 1 1 12 10 1 1 100 10 1 1 1 12 10 12 10 10 12 10 12 10 1 12 10 1 12 10 1 1 1 1 1 12 9 12 10 12 10 1 12 9 1 7 1 1 12 10 1 1 12 10 1 1 12 10 1 1 12 10 1 1 1 1 7 1 12 10 1 100 10 1 100 1 1 1 1 12 10 1 1 1 1 1 12 10 1 1 1 1 7 10 1 100 10 1 100 1 1 1 12 10 1 1 1 12 10 1 1 1 7 10 1 100 10 1 100 1 1 1 1 12 10 1 1 1 1 1 12 10 1 1 1 1 100 10 1 100 10 1 100 1 1 1 100 1 1 12 10 1 1 1 1 12 10 1 1 1 1 100 10 1 100 10 1 100 1 1 1 100 1 1 12 10 1 1 1 1 1 12 10 1 1 1 1 100 10 1 100 10 1 100 1 12 10 12 10 1 1 7 1 12 10 1 7 1 12 10 7 1 12 10 1 1
staticfield java/nio/HeapByteBuffer unsafe Ljdk/internal/misc/Unsafe; jdk/internal/misc/Unsafe
staticfield java/nio/HeapByteBuffer arrayBaseOffset J 16
staticfield java/nio/HeapByteBuffer $assertionsDisabled Z 1
instanceKlass javax/help/BadIDException
instanceKlass java/nio/charset/UnsupportedCharsetException
ciInstanceKlass java/lang/IllegalArgumentException 1 1 24 1 100 1 7 1 1 5 0 1 1 12 10 1 12 10 1 12 10 1 12 10 1 1
ciInstanceKlass java/util/Locale 1 1 914 1 7 1 7 1 100 1 100 1 7 1 100 1 1 100 1 1 100 1 1 7 1 1 100 1 1 7 1 1 7 1 1 100 1 1 100 1 100 1 1 100 1 100 1 1 100 1 100 1 1 1 1 1 1 1 1 1 1 1 1 1 1 1 1 1 1 1 1 1 1 1 1 1 1 1 1 3 1 3 1 1 5 0 1 1 3 1 3 1 3 1 3 1 1 1 1 1 1 1 1 1 1 1 1 1 1 1 1 1 1 1 1 12 10 12 9 12 9 1 1 7 1 100 10 1 1 12 10 1 8 1 7 1 1 12 10 1 1 12 10 1 12 10 1 1 1 1 1 12 10 1 12 10 1 1 12 10 1 12 10 12 9 1 1 12 10 1 1 12 9 1 1 1 12 9 1 1 12 10 12 9 1 12 10 1 100 12 9 12 9 1 100 1 8 1 12 10 12 10 1 7 1 1 12 10 1 8 1 8 1 7 1 1 12 10 1 8 12 10 1 1 12 10 1 1 12 10 1 12 10 1 8 1 8 1 8 1 12 9 1 1 12 10 1 12 9 1 12 10 1 12 9 1 12 10 1 12 9 1 12 10 1 1 1 1 12 9 1 12 10 1 12 9 1 8 12 10 1 8 1 7 1 1 12 10 1 100 1 8 12 10 1 100 1 1 12 10 1 1 1 12 10 1 1 12 9 1 8 1 1 12 10 1 1 12 10 1 1 100 1 12 10 1 12 10 1 12 9 1 8 1 12 10 100 10 10 1 12 10 10 1 1 1 12 10 1 1 1 100 1 1 12 10 1 100 1 7 10 1 8 1 1 12 10 1 12 10 1 12 10 10 1 100 1 1 12 10 1 1 12 10 1 1 1 100 1 12 10 1 12 10 1 12 10 1 1 1 12 10 1 8 12 10 1 12 10 1 1 1 1 1 12 10 10 1 8 1 12 9 1 7 1 1 12 10 10 1 12 10 10 1 8 1 12 10 10 1 12 10 1 1 12 10 1 7 1 1 12 11 1 7 1 12 11 1 1 12 11 1 12 10 1 12 10 1 12 10 10 1 8 1 1 1 1 12 10 1 7 10 1 1 12 10 12 10 12 10 1 1 100 1 12 10 1 8 1 8 10 1 8 10 1 1 8 1 8 1 1 12 10 1 12 10 1 12 10 1 1 12 10 1 12 10 1 12 10 1 100 1 1 12 10 1 8 1 1 12 10 1 7 1 12 10 1 1 12 10 1 12 10 1 100 1 1 12 10 1 1 12 10 1 1 12 10 1 8 1 100 1 12 10 1 8 1 1 12 10 1 12 10 1 8 1 100 1 12 10 1 1 12 10 1 100 1 1 12 10 1 1 12 10 1 12 10 1 12 10 1 1 12 10 1 1 12 11 1 100 1 100 10 1 1 12 10 1 8 1 1 100 12 10 1 100 1 12 10 1 12 9 12 10 10 1 12 10 10 1 100 1 8 10 1 12 10 1 12 10 1 100 1 8 1 12 10 1 12 10 10 1 1 12 10 1 7 1 12 10 1 1 1 100 1 1 12 10 1 8 1 1 12 10 1 8 1 8 1 8 1 8 1 8 1 12 10 1 12 10 1 1 1 100 1 100 1 1 12 10 1 12 10 1 1 12 10 1 100 1 12 10 10 1 1 100 1 12 10 1 12 10 1 8 1 8 1 8 1 8 1 8 1 8 1 8 1 1 12 10 1 8 1 8 10 1 12 9 1 8 1 8 1 12 9 1 1 1 100 12 10 1 1 1 12 9 10 1 12 10 10 1 1 12 10 1 1 12 10 12 10 1 1 1 1 1 1 1 7 1 12 10 1 12 10 12 10 12 9 1 8 12 9 1 8 12 9 1 8 12 9 12 9 1 8 12 9 1 8 12 9 1 8 12 9 1 8 12 9 1 8 12 9 1 8 12 9 1 8 12 9 12 9 1 8 12 9 12 9 12 9 12 9 1 8 12 9 8 12 9 1 8 12 9 12 9 12 9 12 10 1 7 1 12 10 1 1 12 9 12 9 1 1 1 1 1 1 1 1 1 1 1 1 1 1 1
staticfield java/util/Locale LOCALECACHE Ljava/util/Locale$Cache; java/util/Locale$Cache
staticfield java/util/Locale ENGLISH Ljava/util/Locale; java/util/Locale
staticfield java/util/Locale FRENCH Ljava/util/Locale; java/util/Locale
staticfield java/util/Locale GERMAN Ljava/util/Locale; java/util/Locale
staticfield java/util/Locale ITALIAN Ljava/util/Locale; java/util/Locale
staticfield java/util/Locale JAPANESE Ljava/util/Locale; java/util/Locale
staticfield java/util/Locale KOREAN Ljava/util/Locale; java/util/Locale
staticfield java/util/Locale CHINESE Ljava/util/Locale; java/util/Locale
staticfield java/util/Locale SIMPLIFIED_CHINESE Ljava/util/Locale; java/util/Locale
staticfield java/util/Locale TRADITIONAL_CHINESE Ljava/util/Locale; java/util/Locale
staticfield java/util/Locale FRANCE Ljava/util/Locale; java/util/Locale
staticfield java/util/Locale GERMANY Ljava/util/Locale; java/util/Locale
staticfield java/util/Locale ITALY Ljava/util/Locale; java/util/Locale
staticfield java/util/Locale JAPAN Ljava/util/Locale; java/util/Locale
staticfield java/util/Locale KOREA Ljava/util/Locale; java/util/Locale
staticfield java/util/Locale CHINA Ljava/util/Locale; java/util/Locale
staticfield java/util/Locale PRC Ljava/util/Locale; java/util/Locale
staticfield java/util/Locale TAIWAN Ljava/util/Locale; java/util/Locale
staticfield java/util/Locale UK Ljava/util/Locale; java/util/Locale
staticfield java/util/Locale US Ljava/util/Locale; java/util/Locale
staticfield java/util/Locale CANADA Ljava/util/Locale; java/util/Locale
staticfield java/util/Locale CANADA_FRENCH Ljava/util/Locale; java/util/Locale
staticfield java/util/Locale ROOT Ljava/util/Locale; java/util/Locale
staticfield java/util/Locale serialPersistentFields [Ljava/io/ObjectStreamField; 6 [Ljava/io/ObjectStreamField;
staticfield java/util/Locale $assertionsDisabled Z 1
ciInstanceKlass sun/util/locale/BaseLocale 1 1 149 1 7 1 7 1 100 1 7 1 1 7 1 1 1 1 8 1 1 1 1 1 1 1 1 1 1 1 12 10 12 9 1 8 12 9 12 9 12 9 1 1 7 1 1 12 10 1 7 1 1 12 10 1 12 10 1 12 10 1 1 12 10 12 9 1 12 10 1 1 12 10 1 1 1 8 1 1 12 10 1 8 1 8 1 8 1 8 1 8 12 10 1 1 12 10 1 1 1 1 1 1 1 1 100 1 8 1 12 10 1 1 12 10 1 100 10 1 8 1 1 12 10 12 10 1 1 12 10 1 8 1 8 1 8 10 1 12 9 12 10 1 10 1 10 1 1 1 1
staticfield sun/util/locale/BaseLocale CACHE Lsun/util/locale/BaseLocale$Cache; sun/util/locale/BaseLocale$Cache
ciInstanceKlass java/lang/invoke/LambdaForm$MH 1 1 22 1 7 1 100 1 1 1 1 1 1 1 8 1 7 1 1 12 10 1 1 1
ciInstanceKlass sun/util/logging/PlatformLogger 1 1 183 1 7 1 7 1 100 1 1 7 1 1 7 1 1 100 1 1 100 1 100 1 1 7 1 1 1 1 1 1 1 1 1 1 1 12 9 1 7 1 1 12 11 1 7 1 12 10 1 7 1 1 12 10 1 7 1 1 12 10 1 1 12 11 1 1 12 10 1 12 10 1 1 12 11 1 12 10 12 9 1 1 12 11 1 1 12 11 1 1 1 100 10 12 11 1 1 1 1 12 11 1 12 10 1 1 1 1 12 10 1 1 1 1 12 9 1 100 1 1 12 11 1 1 12 11 1 1 1 12 9 1 1 12 9 1 1 12 9 1 1 12 9 1 1 12 9 1 1 12 9 1 1 12 9 1 1 12 10 12 9 1 100 10 1 1 12 10 1 7 10 1 12 9 1 12 9 1 1 1 1 1 1
staticfield sun/util/logging/PlatformLogger loggers Ljava/util/Map; java/util/HashMap
staticfield sun/util/logging/PlatformLogger spi2platformLevelMapping [Lsun/util/logging/PlatformLogger$Level; 7 [Lsun/util/logging/PlatformLogger$Level;
staticfield sun/util/logging/PlatformLogger $assertionsDisabled Z 1
instanceKlass javax/swing/plaf/FontUIResource
ciInstanceKlass java/awt/Font 1 1 1195 1 7 1 7 1 100 1 7 1 1 100 1 100 1 100 1 100 1 100 1 1 100 1 100 1 1 100 1 100 1 100 1 100 1 1 100 1 100 1 1 1 1 1 1 1 8 1 1 8 1 1 8 1 1 8 1 1 8 1 1 3 1 3 1 3 1 1 1 1 1 1 1 1 1 1 1 1 1 1 1 1 1 1 1 1 1 1 1 1 1 5 0 1 1 1 1 1 1 1 1 1 1 1 1 1 1 1 1 3 1 1 12 9 1 7 1 1 12 10 1 7 12 9 12 9 1 12 11 1 1 12 9 1 7 1 1 12 10 1 1 12 10 12 9 1 1 12 10 1 12 10 4 1 12 10 12 9 1 1 12 10 1 1 1 7 1 1 12 10 1 7 1 1 12 11 12 9 1 7 1 1 12 9 1 100 1 12 10 1 1 12 11 1 7 1 12 9 1 10 12 9 12 9 1 7 1 8 12 9 1 6 0 1 12 10 1 1 12 10 1 1 12 11 1 1 100 1 1 12 11 1 7 1 1 12 10 1 1 12 10 1 1 1 12 10 1 1 12 10 1 1 12 10 1 12 10 1 1 12 10 1 12 9 1 1 12 10 1 12 10 1 12 10 1 12 10 12 9 1 1 12 10 12 9 12 9 12 9 1 1 1 100 1 8 12 10 1 100 1 8 10 1 7 1 12 10 1 1 1 100 1 12 10 1 7 1 1 12 9 1 1 12 10 1 12 10 12 9 1 12 10 1 12 10 12 10 12 10 1 100 1 1 12 9 1 100 1 1 12 11 12 11 1 1 100 1 7 1 1 12 10 1 8 1 8 1 100 1 100 1 1 12 10 1 100 1 1 12 11 1 7 1 12 10 1 1 1 100 1 100 12 10 1 1 12 10 1 100 1 1 12 10 1 12 10 1 8 10 1 12 10 1 100 1 100 1 8 1 1 1 1 12 10 1 100 12 10 1 1 1 100 1 8 10 10 1 100 1 1 12 10 1 1 12 10 12 10 1 100 1 1 12 10 1 100 1 1 12 10 3 1 8 1 12 10 3 1 8 1 12 10 1 1 12 10 1 12 10 1 12 10 1 12 10 10 1 1 12 10 1 12 10 1 12 10 10 1 100 8 1 12 10 1 100 1 1 12 10 1 12 10 1 7 1 1 12 10 15 1 8 1 12 18 1 1 1 12 9 1 7 12 10 1 12 10 10 1 12 10 12 9 6 0 1 100 1 1 12 10 1 1 12 10 1 12 10 1 1 12 10 1 12 9 1 12 10 1 12 10 12 10 1 8 12 10 1 12 10 1 1 12 10 1 10 1 1 1 1 1 1 1 12 10 1 1 100 1 8 12 10 1 1 12 10 1 12 10 1 12 10 1 1 12 10 1 100 1 1 12 10 1 12 10 1 1 12 10 1 12 10 1 1 12 9 1 12 10 1 8 1 8 1 8 1 8 1 100 1 1 12 10 12 10 1 12 9 12 10 10 1 12 10 1 12 10 12 10 1 1 12 10 1 7 12 10 10 1 8 1 12 18 1 1 1 100 1 1 12 10 12 9 1 100 1 12 10 1 1 1 100 1 12 10 1 1 12 10 1 1 12 10 1 12 10 1 12 10 1 12 10 1 12 10 1 1 12 10 1 1 12 10 1 1 1 12 9 1 12 9 1 12 9 1 12 9 1 12 9 1 12 9 1 12 9 1 12 9 1 12 9 1 12 9 1 12 9 1 12 9 1 12 9 1 12 9 1 12 9 1 12 9 1 12 9 1 12 9 1 12 9 1 12 9 1 12 9 1 12 9 1 1 12 10 1 1 12 10 1 1 1 12 10 1 1 1 1 1 12 10 1 100 1 12 10 1 12 10 1 8 12 18 12 10 1 1 1 12 10 1 12 10 1 12 10 1 1 100 1 12 11 1 1 12 11 1 12 10 1 1 12 10 1 1 12 10 1 100 1 1 12 9 1 12 9 1 7 1 1 12 10 1 12 10 12 9 1 12 10 1 1 1 12 9 1 7 12 10 1 7 1 1 12 9 1 12 10 1 1 12 10 10 1 1 12 10 100 12 10 1 12 10 10 1 1 12 10 1 1 12 10 1 12 9 1 7 1 12 10 1 12 10 1 12 10 12 10 1 1 12 10 1 12 9 1 1 1 100 1 1 1 1 1 12 10 1 12 10 1 12 10 1 100 1 8 12 18 10 1 8 18 1 8 18 1 12 10 1 12 10 1 12 10 1 12 10 1 7 1 12 10 1 7 1 1 12 10 1 12 10 1 100 1 12 10 1 12 10 1 12 10 1 12 10 1 12 10 1 12 10 1 1 12 11 1 12 11 1 12 11 1 1 1 12 10 1 1 1 12 10 1 1 12 10 1 1 12 10 1 1 12 10 1 1 1 12 10 1 1 12 10 1 1 12 10 1 8 1 12 10 1 1 1 1 1 1 1 1 1 1 1 12 10 1 1 12 10 12 10 1 12 10 1 7 1 1 12 10 1 12 9 1 1 12 10 1 12 9 1 12 9 1 12 9 1 12 9 1 12 9 1 12 9 1 12 10 1 12 9 1 12 9 1 12 9 1 12 9 1 12 9 1 12 9 1 12 9 1 12 9 1 12 9 1 12 9 1 12 9 1 12 9 1 12 9 1 12 9 4 4 4 4 4 4 4 1 1 1 1 1 1 1 1 1 1
staticfield java/awt/Font identityTx Ljava/awt/geom/AffineTransform; java/awt/geom/AffineTransform
staticfield java/awt/Font RECOGNIZED_MASK I 16777087
staticfield java/awt/Font PRIMARY_MASK I 4194431
staticfield java/awt/Font SECONDARY_MASK I 12582656
staticfield java/awt/Font LAYOUT_MASK I 8388416
staticfield java/awt/Font EXTRA_MASK I 100
staticfield java/awt/Font ssinfo [F 8
instanceKlass java/awt/SystemColor
instanceKlass javax/swing/plaf/ColorUIResource
ciInstanceKlass java/awt/Color 1 1 335 1 7 1 7 1 100 1 100 1 100 1 100 1 1 1 1 1 1 1 1 1 1 1 1 1 1 1 1 1 1 1 1 1 1 1 1 1 1 1 1 1 1 1 1 1 1 1 1 1 1 1 5 0 1 1 6 0 1 1 1 1 1 8 1 100 1 7 1 1 12 10 15 1 8 1 12 18 1 8 18 1 8 18 1 8 18 1 100 1 8 18 1 1 12 10 1 1 12 10 1 1 12 10 12 9 12 9 12 9 12 9 12 9 12 10 1 3 1 1 4 6 0 12 10 12 10 1 1 100 1 1 12 10 100 1 8 1 12 18 1 8 18 1 8 18 1 1 12 10 1 1 12 10 1 1 1 1 1 12 10 12 10 12 10 12 10 1 7 1 1 12 10 1 1 12 10 1 1 1 1 1 1 1 12 10 1 7 1 12 10 1 8 1 12 18 1 1 1 100 1 7 1 12 10 1 12 10 1 1 12 10 1 12 10 1 1 1 4 1 1 12 10 4 1 1 4 1 1 12 10 12 10 1 1 1 12 10 1 12 10 1 1 1 12 10 1 12 10 1 12 10 1 1 1 1 1 7 1 12 10 1 1 12 9 12 9 12 9 12 9 12 9 12 9 12 9 12 9 12 9 12 9 12 9 12 9 12 9 12 9 12 9 12 9 12 9 12 9 12 9 12 9 12 9 12 9 12 9 12 9 12 9 12 9 1 7 1 12 10 1 7 1 1 12 10 12 10 1 1 1 1 1 1 1
staticfield java/awt/Color white Ljava/awt/Color; java/awt/Color
staticfield java/awt/Color WHITE Ljava/awt/Color; java/awt/Color
staticfield java/awt/Color lightGray Ljava/awt/Color; java/awt/Color
staticfield java/awt/Color LIGHT_GRAY Ljava/awt/Color; java/awt/Color
staticfield java/awt/Color gray Ljava/awt/Color; java/awt/Color
staticfield java/awt/Color GRAY Ljava/awt/Color; java/awt/Color
staticfield java/awt/Color darkGray Ljava/awt/Color; java/awt/Color
staticfield java/awt/Color DARK_GRAY Ljava/awt/Color; java/awt/Color
staticfield java/awt/Color black Ljava/awt/Color; java/awt/Color
staticfield java/awt/Color BLACK Ljava/awt/Color; java/awt/Color
staticfield java/awt/Color red Ljava/awt/Color; java/awt/Color
staticfield java/awt/Color RED Ljava/awt/Color; java/awt/Color
staticfield java/awt/Color pink Ljava/awt/Color; java/awt/Color
staticfield java/awt/Color PINK Ljava/awt/Color; java/awt/Color
staticfield java/awt/Color orange Ljava/awt/Color; java/awt/Color
staticfield java/awt/Color ORANGE Ljava/awt/Color; java/awt/Color
staticfield java/awt/Color yellow Ljava/awt/Color; java/awt/Color
staticfield java/awt/Color YELLOW Ljava/awt/Color; java/awt/Color
staticfield java/awt/Color green Ljava/awt/Color; java/awt/Color
staticfield java/awt/Color GREEN Ljava/awt/Color; java/awt/Color
staticfield java/awt/Color magenta Ljava/awt/Color; java/awt/Color
staticfield java/awt/Color MAGENTA Ljava/awt/Color; java/awt/Color
staticfield java/awt/Color cyan Ljava/awt/Color; java/awt/Color
staticfield java/awt/Color CYAN Ljava/awt/Color; java/awt/Color
staticfield java/awt/Color blue Ljava/awt/Color; java/awt/Color
staticfield java/awt/Color BLUE Ljava/awt/Color; java/awt/Color
ciInstanceKlass sun/awt/AppContext 1 1 502 1 7 1 7 1 100 1 1 7 1 1 7 1 1 7 1 1 7 1 100 1 100 1 7 1 7 1 7 1 100 1 100 1 1 1 1 1 1 1 1 1 1 1 1 1 1 1 1 1 1 1 1 1 1 8 1 1 8 1 1 1 1 1 1 1 1 1 1 1 1 1 1 1 1 1 12 9 1 7 1 7 1 1 12 11 1 1 12 10 1 100 1 1 12 9 1 12 9 1 1 12 10 1 7 10 12 9 12 9 1 12 9 5 0 12 9 5 0 12 9 12 9 12 9 12 9 1 7 1 1 12 10 12 9 1 1 12 11 1 12 10 1 7 1 1 12 10 1 7 12 9 1 7 10 12 9 10 1 7 1 1 12 11 12 9 1 10 1 1 1 12 10 12 9 12 9 1 7 1 12 10 10 1 1 1 1 100 1 1 12 10 1 100 12 10 1 100 1 1 100 1 100 1 100 1 1 12 10 1 1 12 10 1 100 1 1 12 10 1 8 1 12 10 1 12 9 1 7 1 1 12 10 1 12 10 1 100 1 100 1 1 12 10 1 12 10 1 100 1 1 12 10 1 1 12 10 1 7 1 12 10 1 12 10 1 1 12 10 1 12 10 5 0 1 12 10 1 100 1 1 12 10 15 16 1 1 12 10 15 16 1 1 12 18 1 12 10 1 1 12 10 1 100 1 1 12 11 1 1 12 10 1 12 10 1 12 11 1 12 10 1 12 10 1 7 1 1 12 11 1 7 1 12 11 1 12 11 12 10 10 10 1 12 10 1 12 10 12 11 1 7 1 12 9 1 12 9 12 11 1 12 10 1 12 10 1 1 1 1 1 1 12 10 1 100 1 12 10 10 1 100 1 1 12 10 15 1 8 1 12 18 1 1 1 100 12 10 1 1 12 10 12 10 1 12 10 1 12 10 1 1 10 1 100 10 1 100 11 10 1 12 10 1 1 1 12 9 1 1 1 12 10 1 1 1 1 1 1 12 9 1 1 1 12 10 1 1 1 8 1 7 1 1 12 10 1 7 1 8 10 12 9 1 7 1 8 10 1 8 1 7 10 1 7 1 1 12 10 1 12 10 1 12 10 10 10 1 7 1 1 12 10 1 1 1 1 1 1 1 1 1
staticfield sun/awt/AppContext log Lsun/util/logging/PlatformLogger; sun/util/logging/PlatformLogger
staticfield sun/awt/AppContext EVENT_QUEUE_KEY Ljava/lang/Object; java/lang/StringBuffer
staticfield sun/awt/AppContext EVENT_QUEUE_LOCK_KEY Ljava/lang/Object; java/lang/StringBuilder
staticfield sun/awt/AppContext EVENT_QUEUE_COND_KEY Ljava/lang/Object; java/lang/StringBuilder
staticfield sun/awt/AppContext threadGroup2appContext Ljava/util/Map; java/util/Collections$SynchronizedMap
staticfield sun/awt/AppContext getAppContextLock Ljava/lang/Object; sun/awt/AppContext$GetAppContextLock
staticfield sun/awt/AppContext numAppContexts Ljava/util/concurrent/atomic/AtomicInteger; java/util/concurrent/atomic/AtomicInteger
staticfield sun/awt/AppContext threadAppContext Ljava/lang/ThreadLocal; java/lang/ThreadLocal
ciInstanceKlass sun/swing/SwingUtilities2 1 1 1311 1 7 1 7 1 100 1 1 100 1 1 7 1 1 7 1 1 100 1 100 1 1 100 1 100 1 1 100 1 1 100 1 7 1 1 100 1 100 1 1 100 1 100 1 1 100 1 100 1 1 100 1 100 1 1 1 1 1 1 1 1 3 1 1 1 1 3 1 3 1 1 1 1 1 8 1 1 1 1 1 1 8 1 3 1 1 1 1 1 1 1 1 12 10 1 1 1 7 1 1 12 10 1 7 1 1 12 10 1 8 1 1 12 10 1 7 1 1 12 9 1 1 12 11 1 12 9 1 12 9 1 1 12 11 1 12 9 1 1 1 7 1 1 12 10 12 9 1 1 12 10 1 1 12 10 1 1 1 7 1 12 10 1 1 1 1 12 10 1 12 10 1 1 12 10 1 7 1 1 12 10 12 9 1 12 10 1 7 1 100 1 7 1 7 1 12 10 12 9 100 1 1 12 10 12 9 1 12 10 1 100 1 1 1 7 10 1 12 10 1 12 10 10 1 1 12 10 1 8 10 1 7 1 1 12 9 1 12 10 12 9 12 10 12 10 1 12 10 1 1 12 10 1 100 1 1 12 10 1 1 12 10 1 1 12 10 1 12 10 1 8 1 12 10 1 1 12 10 1 100 1 12 10 1 1 12 10 1 100 1 1 12 10 1 100 1 1 12 10 1 12 10 1 1 12 10 1 7 1 1 12 10 15 1 8 1 12 18 1 1 1 12 10 1 1 12 10 1 1 12 10 1 1 12 10 1 1 12 10 1 7 10 12 9 1 1 12 10 1 7 1 1 12 10 10 1 1 12 10 1 1 12 10 1 100 1 12 10 1 1 12 10 1 7 1 1 12 10 1 1 12 10 1 1 12 10 10 1 12 10 1 12 10 1 1 1 12 10 1 12 10 1 100 1 1 12 10 1 12 10 1 1 12 10 1 100 1 1 12 11 1 7 1 12 9 1 12 9 1 1 12 10 1 1 1 100 1 1 12 10 1 8 10 1 100 1 12 10 1 1 12 10 1 1 12 10 1 1 12 10 1 100 1 1 12 11 1 100 1 1 12 11 1 100 1 1 12 10 1 1 12 10 1 1 12 10 1 100 1 12 10 1 100 9 1 100 1 1 12 10 1 1 1 100 1 1 12 10 1 12 10 1 1 12 10 1 100 1 1 12 11 1 1 12 10 1 12 9 9 12 9 9 1 12 9 9 1 100 10 1 1 1 100 1 1 12 11 1 12 11 1 1 12 11 1 1 12 11 1 12 11 1 1 1 12 10 1 100 1 1 12 10 1 100 1 12 10 1 1 1 12 10 1 12 10 1 12 10 1 1 1 12 10 1 12 10 1 1 12 10 1 12 10 1 1 12 10 1 12 10 1 12 10 100 1 12 10 1 1 12 10 1 1 1 12 10 10 10 1 12 10 1 12 10 1 12 10 1 1 12 10 1 12 10 1 1 12 10 1 12 10 1 1 12 10 1 1 1 1 1 1 7 10 1 12 9 1 12 10 1 1 12 10 1 12 10 1 7 1 1 12 10 1 100 1 100 1 1 12 10 10 10 1 1 7 1 1 12 10 1 1 12 10 1 7 1 12 10 1 1 12 10 1 7 1 1 12 10 12 9 10 10 1 12 10 1 12 9 1 12 10 1 7 1 7 1 100 1 1 12 10 1 12 11 1 1 12 11 3 1 12 11 1 12 11 1 12 11 1 12 11 12 10 1 1 1 100 1 1 12 11 1 1 12 10 1 7 1 1 12 10 1 8 1 12 10 1 8 10 1 100 1 12 10 10 1 1 100 1 7 1 12 10 1 7 1 1 12 10 1 100 1 100 1 1 12 9 1 1 12 10 1 12 10 1 1 12 10 1 1 1 12 10 1 1 1 100 1 12 10 1 12 10 1 100 1 100 1 12 10 12 10 1 1 12 10 12 11 1 1 100 1 12 10 1 8 10 1 1 12 10 1 1 1 7 1 8 10 1 8 1 1 12 10 1 12 10 1 8 1 8 1 12 10 1 12 10 1 8 1 12 10 1 8 1 12 10 1 8 1 8 1 12 10 1 12 10 1 7 1 1 12 10 1 12 10 1 12 10 1 8 1 12 10 1 1 1 12 10 1 1 7 1 1 12 10 15 1 16 1 1 12 10 15 1 1 12 18 1 1 1 100 1 1 12 10 1 1 12 10 1 100 1 12 10 1 100 1 12 10 1 100 12 10 1 1 12 10 1 1 12 10 1 12 10 1 1 12 10 1 1 12 9 10 1 100 1 12 10 1 1 1 12 10 1 7 1 12 10 1 1 1 12 10 1 1 12 10 1 100 1 100 1 12 10 1 12 10 1 12 10 1 1 1 100 1 12 10 1 1 12 10 1 100 1 1 12 10 10 1 1 12 10 1 1 12 10 1 1 12 10 1 12 10 1 1 1 12 10 12 10 1 12 10 1 1 1 100 10 1 100 1 12 10 1 1 12 10 1 1 12 10 1 12 10 1 1 1 1 12 10 1 100 12 9 1 1 12 10 1 12 10 1 1 1 12 10 10 1 1 1 1 12 9 1 12 9 1 12 9 1 1 12 10 1 1 1 1 7 1 1 12 11 1 7 1 12 10 1 1 12 11 1 1 12 10 1 1 1 7 1 12 10 1 100 1 12 11 1 100 1 12 10 1 10 1 12 10 1 1 12 10 12 10 1 12 9 1 12 9 1 1 1 1 1 12 10 1 12 10 1 1 1 1 12 9 10 12 10 1 1 10 1 12 10 1 1 12 10 1 100 1 7 1 12 10 16 1 12 10 15 16 1 1 12 18 1 100 1 1 12 10 12 10 1 8 12 18 1 100 1 12 10 1 100 1 12 11 1 1 12 10 1 1 12 10 1 7 1 8 10 12 9 1 8 12 9 1 8 1 7 1 8 10 12 9 1 1 1 1 1 1 1 1 1 1 1 1 1 1
staticfield sun/swing/SwingUtilities2 LAF_STATE_KEY Ljava/lang/Object; java/lang/StringBuffer
staticfield sun/swing/SwingUtilities2 MENU_SELECTION_MANAGER_LISTENER_KEY Ljava/lang/Object; java/lang/StringBuffer
staticfield sun/swing/SwingUtilities2 DEFAULT_FRC Ljava/awt/font/FontRenderContext; java/awt/font/FontRenderContext
staticfield sun/swing/SwingUtilities2 SKIP_CLICK_COUNT Ljava/lang/StringBuilder; java/lang/StringBuilder
staticfield sun/swing/SwingUtilities2 BASICMENUITEMUI_MAX_TEXT_OFFSET Lsun/swing/StringUIClientPropertyKey; sun/swing/StringUIClientPropertyKey
staticfield sun/swing/SwingUtilities2 charsBufferLock Ljava/lang/Object; java/lang/Object
staticfield sun/swing/SwingUtilities2 APP_CONTEXT_FRC_CACHE_KEY Ljava/lang/Object; java/lang/Object
staticfield sun/swing/SwingUtilities2 $assertionsDisabled Z 1
instanceKlass sun/swing/PrintColorUIResource
ciInstanceKlass javax/swing/plaf/ColorUIResource 1 1 34 1 100 1 7 1 100 1 1 1 1 1 1 1 12 10 1 12 10 1 12 10 1 1 1 12 10 3 1 12 10 1 1 1
ciInstanceKlass javax/swing/plaf/FontUIResource 1 1 15 1 100 1 7 1 100 1 1 12 10 1 12 10 1
ciInstanceKlass sun/font/FontManager 1 0 31 1 100 1 100 1 1 3 1 3 1 3 1 1 1 1 1 1 1 1 1 100 1 1 1 1 1 1 1 1 1
instanceKlass sun/awt/Win32FontManager
ciInstanceKlass sun/font/SunFontManager 1 1 1622 1 7 1 7 1 100 1 100 1 7 1 1 7 1 1 7 1 1 7 1 1 7 1 1 7 1 100 1 7 1 7 1 7 1 100 1 100 1 100 1 100 1 7 1 7 1 7 1 7 1 100 1 100 1 1 7 1 7 1 1 100 1 100 1 1 100 1 100 1 1 1 3 1 3 1 3 1 3 1 3 1 3 1 3 1 3 1 1 1 1 1 1 1 1 1 1 1 1 1 1 1 1 1 1 1 1 1 1 1 1 1 1 1 1 1 1 1 1 1 1 1 8 1 1 1 1 1 1 1 1 1 1 1 1 1 1 1 1 1 1 1 1 1 1 1 1 1 1 1 1 1 1 1 1 1 1 1 1 1 1 1 1 1 1 1 1 1 1 1 1 1 1 1 1 1 1 1 1 1 1 1 1 1 1 1 1 1 7 1 12 10 1 1 12 9 1 12 9 1 1 12 9 1 1 1 7 1 12 10 12 9 1 7 10 12 9 1 12 10 1 8 1 8 1 1 12 10 1 8 1 8 1 8 1 8 1 8 1 8 1 8 1 8 1 8 1 8 1 8 1 8 1 8 1 8 1 8 1 8 1 8 1 8 1 8 1 8 1 8 1 8 1 8 1 8 1 8 1 8 1 8 1 8 1 8 1 8 1 8 1 8 1 8 1 8 1 8 1 1 12 10 1 7 1 1 12 11 1 7 1 12 11 1 1 12 11 1 7 1 1 12 10 1 1 12 9 1 1 1 10 1 7 12 9 12 9 12 9 1 7 12 9 10 12 9 12 9 12 9 12 9 12 9 12 9 12 9 12 9 12 9 12 9 12 9 12 9 12 9 12 9 12 9 12 9 12 9 12 9 12 9 12 9 12 9 12 9 12 9 12 9 12 9 12 10 1 12 10 1 7 1 1 12 10 10 1 7 1 12 10 1 7 1 1 12 9 1 8 1 100 1 1 12 10 1 8 1 8 1 8 1 1 1 7 1 1 12 9 1 1 12 10 1 7 1 1 12 10 1 1 12 10 1 1 12 10 1 7 1 8 1 12 10 1 12 10 1 1 1 12 10 1 1 12 10 7 1 100 1 100 1 12 10 1 7 1 12 9 1 12 10 1 1 12 10 1 1 12 9 10 1 7 1 12 10 1 1 12 10 1 12 9 1 12 9 1 7 1 1 12 10 15 1 8 1 12 18 1 12 10 1 1 12 10 1 7 1 1 12 10 1 12 10 1 12 9 1 1 12 10 1 1 9 9 1 8 1 12 10 1 12 10 10 9 1 12 10 1 1 12 9 1 7 1 12 9 1 12 9 1 1 12 10 1 8 1 12 18 1 12 10 1 8 1 12 18 1 1 12 10 1 1 1 1 12 10 1 1 12 10 10 1 1 12 11 1 7 1 1 1 12 10 10 1 1 12 10 1 1 12 9 1 1 1 1 8 1 12 18 10 1 7 1 12 9 1 8 18 1 12 10 1 12 10 12 9 12 10 1 12 10 1 12 10 1 12 10 12 9 10 1 1 12 10 12 10 1 1 1 12 10 1 8 1 12 18 1 12 10 1 12 9 1 12 9 1 12 9 1 12 9 1 1 12 10 9 1 1 12 10 1 1 1 100 1 12 10 12 10 1 12 10 1 100 1 12 10 1 7 1 12 10 1 8 1 12 18 1 12 10 1 8 1 12 18 1 1 12 10 12 9 1 8 1 100 1 8 10 1 1 1 1 1 8 1 8 1 8 1 8 1 1 1 1 1 12 10 1 7 1 12 10 1 1 12 10 1 7 11 1 7 1 8 1 1 12 10 1 8 1 12 10 10 10 1 8 1 8 1 8 1 8 10 10 1 12 10 1 1 12 10 1 12 10 12 10 12 10 10 1 12 10 1 8 18 1 12 9 1 12 9 1 8 18 1 12 10 12 10 1 12 10 1 12 10 1 100 1 7 1 1 12 10 10 1 8 18 10 12 10 1 8 18 1 1 12 10 1 1 12 9 12 10 10 1 12 10 1 1 12 10 1 12 9 1 12 9 1 12 9 1 12 9 9 12 9 1 12 10 1 12 9 1 12 9 1 12 9 1 12 9 1 8 18 1 12 10 1 12 10 1 12 10 9 1 12 10 12 10 1 12 10 1 8 18 1 8 18 1 8 18 1 8 1 12 18 1 1 12 10 12 10 10 10 1 1 1 12 10 1 1 12 11 1 1 1 1 1 7 10 1 12 10 1 1 8 18 12 10 18 1 100 1 1 12 10 10 1 8 18 1 8 1 8 1 8 1 8 1 8 1 12 10 12 10 10 1 1 12 10 12 10 1 8 1 12 18 10 12 10 1 8 1 12 18 1 12 9 1 8 1 12 10 12 9 12 9 1 7 12 9 12 9 10 1 8 18 1 12 10 1 8 18 1 12 10 1 12 10 1 1 12 10 1 7 1 12 10 1 8 1 8 1 8 1 8 18 12 10 1 1 1 1 1 12 10 1 12 10 1 1 1 1 1 12 10 1 100 1 7 11 1 12 10 1 8 10 1 12 10 1 1 12 10 1 100 1 100 10 10 10 1 100 1 1 12 10 15 16 1 1 12 10 15 1 16 1 1 12 18 11 1 7 1 1 1 8 18 1 12 10 1 8 1 12 18 1 8 12 10 12 9 1 12 10 11 1 100 1 12 11 1 12 11 1 12 11 1 12 10 1 12 10 1 12 10 9 1 12 10 1 1 12 10 1 8 18 12 10 1 12 10 1 1 1 10 1 1 8 12 10 12 9 12 9 10 1 1 1 8 1 12 10 1 1 12 10 12 9 12 9 1 1 8 1 12 10 1 1 12 9 1 12 10 1 1 12 10 1 1 12 10 100 1 7 10 1 1 10 1 7 1 1 12 10 1 12 10 12 10 12 10 10 10 10 1 12 10 10 1 1 10 10 1 10 10 1 12 10 1 100 1 12 10 1 7 1 12 9 1 12 10 1 12 10 1 12 10 1 1 1 1 100 1 1 12 10 1 100 1 12 10 1 12 10 12 9 1 12 10 1 8 18 1 1 12 9 1 1 12 10 1 8 18 1 1 12 10 1 8 18 1 8 18 1 8 18 12 10 1 12 9 12 10 12 9 12 10 12 9 1 100 1 12 10 1 8 12 10 10 1 1 1 1 12 10 12 10 1 1 12 9 1 12 10 12 9 1 12 10 1 8 18 1 1 1 1 8 10 1 1 1 8 1 12 10 1 12 10 10 1 12 10 1 12 10 1 12 10 1 1 12 10 1 100 1 7 1 12 10 1 12 10 12 9 12 10 12 10 1 12 10 1 12 10 1 1 12 10 1 12 10 12 10 12 10 1 8 18 1 1 12 10 12 10 12 10 12 9 12 10 12 10 10 10 1 12 11 1 100 10 1 1 12 10 1 12 10 12 9 12 9 10 1 8 1 8 1 8 1 8 1 8 12 10 1 1 12 10 1 12 10 10 12 10 12 9 10 1 1 1 12 10 1 1 1 100 10 1 100 1 1 12 10 1 8 1 12 10 1 1 12 10 1 100 1 1 12 10 1 1 12 10 1 12 10 1 1 1 1 1 1 1 1 1 1 1 1 1 1 1 1 1 1 12 10 1 1 1 10 10 10 1 1 1 1 1 1 1 1 1 1 1 1 1 1 1 1 1 1 1
staticfield sun/font/SunFontManager ttFilter Ljava/io/FilenameFilter; sun/font/SunFontManager$TTFilter
staticfield sun/font/SunFontManager t1Filter Ljava/io/FilenameFilter; sun/font/SunFontManager$T1Filter
staticfield sun/font/SunFontManager altJAFontKey Ljava/lang/Object; java/lang/Object
staticfield sun/font/SunFontManager localeFontKey Ljava/lang/Object; java/lang/Object
staticfield sun/font/SunFontManager proportionalFontKey Ljava/lang/Object; java/lang/Object
staticfield sun/font/SunFontManager regFamilyKey Ljava/lang/Object; java/lang/Object
staticfield sun/font/SunFontManager regFullNameKey Ljava/lang/Object; java/lang/Object
ciInstanceKlass sun/font/FontUtilities 1 1 207 1 7 1 100 1 7 1 100 1 100 1 1 1 1 1 1 1 1 1 1 1 8 1 1 1 1 1 1 3 1 3 1 1 1 1 1 1 1 12 10 1 1 1 7 1 1 12 10 12 10 1 1 1 1 12 10 1 1 1 12 10 3 3 1 1 12 9 1 1 12 9 12 9 1 1 10 1 7 1 1 1 7 1 12 10 1 7 1 100 1 7 1 1 12 10 1 8 1 7 1 1 12 10 1 7 1 1 12 11 12 9 1 7 1 1 12 10 1 7 10 1 12 10 1 12 10 1 12 10 1 1 12 10 1 1 12 9 1 1 12 10 1 12 10 1 1 12 9 1 7 1 1 12 10 1 1 12 10 1 8 1 100 12 10 1 12 10 1 3 1 1 12 10 3 1 1 1 1 1 1 1 1 10 1 7 1 1 12 10 1 7 1 8 1 8 1 8 1 8 1 8 1 1 1 1 1
staticfield sun/font/FontUtilities nameMap [[Ljava/lang/String; 4 [[Ljava/lang/String;
instanceKlass sun/font/CompositeFont
instanceKlass sun/font/PhysicalFont
ciInstanceKlass sun/font/Font2D 1 1 367 1 7 1 7 1 1 3 1 1 3 1 3 1 3 1 3 1 1 1 1 1 1 1 1 1 1 1 1 1 1 1 1 1 1 1 1 1 1 1 1 1 1 3 1 3 1 1 12 10 12 9 12 9 1 7 10 12 9 1 7 1 12 10 12 9 1 1 1 12 9 1 7 1 1 12 10 12 9 1 1 12 10 12 9 12 9 1 1 1 1 1 1 1 1 1 12 10 1 7 1 12 10 1 12 10 1 1 1 1 1 7 1 1 12 10 1 7 12 9 1 12 10 1 1 7 1 1 12 10 1 7 1 12 10 1 1 12 10 1 1 12 10 1 1 12 10 1 1 12 10 1 1 12 10 1 12 10 1 12 10 1 12 10 1 12 10 1 12 10 1 1 12 10 1 7 12 10 1 12 10 1 12 10 1 1 7 10 1 1 12 10 1 12 10 1 1 12 10 1 1 12 9 1 1 12 10 1 12 10 1 7 1 1 12 10 1 12 10 12 10 1 1 12 9 1 12 10 1 12 10 1 1 12 10 1 12 10 1 1 12 10 1 1 12 10 1 1 1 12 10 1 12 10 12 10 1 12 10 1 7 1 12 10 1 12 10 1 12 10 1 12 10 1 1 12 10 4 4 4 1 1 1 1 1 1 1 5 0 1 1 1 1 1 1 1 1 1 1 12 9 1 12 10 1 1 12 10 12 10 1 1 1 1 1 1 12 9 1 12 9 1 1 8 1 8 1 8 1 8 1 8 1 8 1 8 1 8 1 8 1 8 1 8 1 8 1 8 1 8 1 8 1 8 1 8 1 8 1 8 1 12 10 1 1 1 1
staticfield sun/font/Font2D boldNames [Ljava/lang/String; 6 [Ljava/lang/String;
staticfield sun/font/Font2D italicNames [Ljava/lang/String; 4 [Ljava/lang/String;
staticfield sun/font/Font2D boldItalicNames [Ljava/lang/String; 9 [Ljava/lang/String;
staticfield sun/font/Font2D DEFAULT_FRC Ljava/awt/font/FontRenderContext; java/awt/font/FontRenderContext
instanceKlass sun/font/NativeFont
instanceKlass sun/font/FileFont
ciInstanceKlass sun/font/PhysicalFont 1 1 79 1 7 1 7 1 100 1 100 1 1 100 1 100 1 1 1 1 1 1 1 100 1 1 12 10 1 12 9 9 1 7 12 10 1 1 12 10 1 1 1 100 1 12 10 1 7 1 12 10 1 1 12 9 12 9 12 9 1 1 10 1 1 1 1 1 1 1 1 1 1 1 1 1 1 1 1 1 1
instanceKlass sun/font/Type1Font
instanceKlass sun/font/TrueTypeFont
ciInstanceKlass sun/font/FileFont 1 1 239 1 7 1 7 1 100 1 1 100 1 100 1 100 1 1 100 1 100 1 1 1 1 1 1 1 1 1 1 1 1 1 1 1 100 12 10 12 9 1 1 12 9 1 1 12 10 1 7 1 12 10 12 9 1 1 1 1 1 1 1 1 1 12 10 1 100 1 1 12 11 1 100 1 12 11 1 1 12 11 1 100 1 100 1 1 12 10 1 1 100 1 1 12 10 1 1 12 10 1 1 12 9 1 100 1 1 12 10 1 100 11 1 100 1 12 10 1 1 12 9 12 9 1 7 1 1 12 10 1 12 10 1 1 12 10 1 1 1 100 1 12 10 12 10 10 1 1 12 10 10 1 1 12 10 10 1 1 12 10 10 1 1 12 10 10 1 1 12 10 10 1 1 12 10 10 1 1 12 10 1 1 1 100 1 100 1 100 1 1 12 10 1 1 12 9 1 100 1 8 1 1 12 10 1 100 12 10 1 100 1 1 12 9 1 12 10 1 100 1 1 12 10 1 12 9 1 12 10 1 8 1 100 1 1 1 1 1 1
ciInstanceKlass sun/font/TrueTypeFont 1 1 1187 1 7 1 7 1 7 1 1 7 1 1 7 1 100 1 100 1 1 100 1 100 1 1 1 3 1 3 1 3 1 3 1 3 1 3 1 3 1 3 1 3 1 3 1 3 1 3 1 3 1 3 1 3 1 3 1 3 1 3 1 3 1 3 1 3 1 3 1 3 1 3 1 3 1 3 1 1 3 1 1 3 1 1 3 1 3 1 1 1 1 1 1 1 1 1 1 1 1 1 1 1 1 1 1 1 1 1 3 1 1 3 1 1 1 1 1 1 1 3 1 3 1 1 1 1 3 1 3 1 1 1 1 1 1 1 1 1 1 1 1 1 1 1 7 1 12 10 1 7 1 12 10 1 12 10 12 9 12 9 12 9 12 9 12 9 1 12 9 1 12 9 1 1 12 10 1 1 12 10 1 1 12 10 1 7 1 100 1 8 1 12 10 1 7 1 1 12 10 1 1 1 12 9 1 12 9 1 7 1 12 9 1 12 9 1 1 12 9 1 1 12 10 1 100 1 12 10 1 8 1 1 12 10 1 100 1 1 12 10 1 1 12 9 1 12 10 7 1 1 12 10 1 100 1 1 12 10 1 12 9 1 1 1 12 10 1 7 1 100 1 100 1 1 12 9 1 12 10 1 1 12 10 1 12 9 1 100 1 1 12 10 15 1 8 1 12 18 1 100 1 12 10 1 12 10 1 7 1 1 12 10 1 7 1 12 10 1 7 1 1 12 10 1 12 9 1 7 1 1 12 10 1 7 1 1 12 10 1 1 12 10 1 100 1 12 10 12 10 10 1 12 10 1 1 1 8 1 12 18 1 12 10 1 7 1 1 12 10 1 1 12 10 1 1 12 10 1 8 1 12 18 1 8 1 12 18 1 12 10 1 8 1 12 18 10 1 8 18 1 12 10 1 12 10 12 10 1 1 1 12 10 1 1 12 10 1 12 10 1 1 12 10 1 12 10 1 1 12 10 1 100 1 12 10 1 8 1 12 10 1 8 18 1 1 12 10 12 9 12 9 1 1 12 10 12 9 1 7 12 10 12 10 1 12 9 1 12 9 1 12 9 1 8 1 12 18 1 8 1 8 1 8 1 12 10 10 1 12 9 1 12 9 1 8 1 12 10 1 1 12 10 1 12 10 1 12 9 1 12 9 1 100 1 8 10 12 9 12 9 1 100 1 8 10 1 7 1 1 12 10 1 7 1 12 10 1 8 1 1 12 10 1 12 10 1 8 1 12 18 1 8 1 12 10 1 12 10 1 8 1 8 1 8 1 8 1 12 10 1 12 10 12 9 3 12 9 3 12 9 1 1 100 1 1 12 10 1 7 12 10 1 1 1 12 10 1 1 1 1 12 10 1 1 12 10 1 12 10 1 1 12 10 12 10 1 12 9 1 8 1 12 10 1 1 4 12 9 4 12 9 1 1 12 10 1 7 1 12 10 1 12 9 4 12 9 1 1 12 10 12 10 1 1 1 100 1 100 1 8 1 8 1 8 1 8 1 8 1 8 1 8 1 12 10 1 8 1 12 18 1 12 10 1 12 10 12 10 12 9 1 1 12 10 1 1 12 10 12 9 12 10 1 12 10 12 9 1 1 12 10 12 10 1 12 10 12 10 12 9 1 1 1 1 1 12 9 1 12 10 1 12 10 1 1 10 1 1 1 7 1 1 12 10 1 7 1 1 12 11 1 12 9 1 7 12 10 1 8 12 10 1 8 1 8 1 8 1 8 1 8 1 8 1 8 1 8 1 8 1 8 1 8 1 8 1 8 1 8 1 8 1 8 1 8 1 8 1 8 1 8 1 8 1 8 1 8 1 8 1 8 1 8 1 8 1 8 1 8 1 8 1 8 1 8 1 8 1 8 1 8 1 8 1 8 1 8 1 8 1 8 1 8 1 8 1 8 1 8 1 8 1 8 1 8 1 8 1 8 1 8 1 8 1 8 1 8 1 8 1 8 1 8 1 8 1 8 1 8 1 8 1 8 1 8 1 8 1 8 1 8 1 8 1 8 1 8 1 8 1 8 1 8 1 8 1 8 1 8 1 8 1 8 1 8 1 8 1 8 1 8 1 8 1 8 1 8 1 8 1 8 1 8 1 8 1 8 1 8 1 8 1 8 1 8 1 8 1 8 1 8 1 8 1 8 1 8 1 8 1 8 1 8 1 8 1 8 1 8 1 8 1 8 1 8 1 8 1 8 1 8 1 8 1 8 1 8 1 8 1 8 1 8 1 8 1 8 1 8 1 8 1 8 1 8 1 8 1 8 1 8 1 8 1 8 1 8 1 8 1 8 1 8 1 8 1 8 1 8 1 8 1 8 1 8 1 8 1 8 1 8 1 8 1 8 1 8 1 8 1 8 1 8 1 8 1 12 9 12 10 10 1 12 11 1 12 10 1 12 10 1 12 10 1 1 1 12 9 1 7 10 1 1 1 7 1 12 10 1 1 10 12 10 1 1 12 10 1 1 1 12 10 1 1 12 9 1 1 12 10 1 100 1 12 10 1 12 10 1 12 10 100 1 12 10 1 8 1 12 18 7 12 9 1 12 10 12 9 10 1 8 1 8 1 1 8 1 8 1 8 1 8 1 8 1 8 1 8 1 8 1 8 1 8 1 8 1 8 1 8 1 8 1 8 1 8 1 8 1 1 1 1 1 1 1 1 1
staticfield sun/font/TrueTypeFont encoding_mapping [Ljava/lang/String; 32 [Ljava/lang/String;
staticfield sun/font/TrueTypeFont languages [[Ljava/lang/String; 14 [[Ljava/lang/String;
staticfield sun/font/TrueTypeFont codePages [Ljava/lang/String; 14 [Ljava/lang/String;
staticfield sun/font/TrueTypeFont EMPTY_COMPATIBLE_LCIDS [S 0
ciInstanceKlass sun/font/FontManagerFactory 1 1 51 1 7 1 100 1 7 1 1 1 1 1 1 12 10 1 1 12 9 10 1 7 1 1 12 10 1 1 12 9 1 1 1 1 7 1 1 12 9 1 8 1 12 9 1 8 1 8 1 1 1
staticfield sun/font/FontManagerFactory DEFAULT_CLASS Ljava/lang/String; "sun.awt.Win32FontManager"
ciInstanceKlass sun/font/FontManagerFactory$1 1 1 71 1 100 1 1 7 1 100 1 7 1 1 12 1 1 12 10 1 1 1 100 1 8 1 1 12 10 1 7 1 1 12 10 1 7 1 1 12 10 1 7 1 1 12 10 1 1 12 10 1 7 1 1 12 10 1 7 1 1 12 10 1 100 1 12 10 1 1 1 1 1
ciInstanceKlass sun/awt/Win32FontManager 1 1 346 1 7 1 7 1 100 1 100 1 7 1 7 1 7 1 1 100 1 100 1 1 1 1 1 1 1 1 1 12 9 1 1 12 10 1 12 10 1 7 1 1 12 10 1 1 1 1 1 100 1 1 12 9 1 7 1 1 12 10 1 12 10 1 1 12 10 1 7 1 1 12 11 1 12 10 1 12 9 1 1 12 9 1 1 12 10 1 12 9 1 7 1 12 9 1 7 1 1 12 10 15 1 8 1 12 18 1 7 1 12 10 1 7 1 12 10 1 12 10 1 12 10 10 1 12 10 1 12 10 1 1 12 10 1 100 1 12 10 1 100 1 1 12 9 1 100 1 1 12 10 1 1 12 10 1 1 1 7 1 12 10 1 7 1 12 10 1 1 12 10 1 1 1 12 10 1 1 1 1 8 1 8 1 1 12 10 1 12 10 1 12 9 1 8 1 12 18 1 12 9 1 1 100 1 100 1 1 12 10 1 100 1 100 12 10 1 1 1 1 1 7 10 10 1 8 1 12 9 1 12 9 1 8 1 12 9 1 8 1 12 9 1 8 1 12 9 1 8 1 12 9 1 8 1 12 9 1 8 1 12 9 1 8 1 12 9 1 8 1 1 12 10 1 8 1 8 1 8 1 8 1 8 1 8 1 8 1 8 1 8 1 8 1 8 1 8 1 8 1 8 1 8 1 8 1 8 1 8 1 8 1 8 1 8 1 8 1 8 1 8 1 8 1 8 1 8 1 8 1 12 10 1 1 1 12 10 1 10 1 1 1 1 1 1 1
ciInstanceKlass sun/font/Font2DHandle 1 1 15 1 7 1 7 1 1 1 1 1 12 10 12 9 1
ciInstanceKlass sun/font/CompositeFont 1 1 262 1 7 1 7 1 100 1 100 1 1 1 1 1 1 1 1 1 1 1 1 1 1 1 1 1 1 1 1 1 12 10 12 9 12 9 12 9 1 7 1 12 10 1 1 12 9 1 1 12 9 12 9 12 9 12 9 1 7 100 100 1 7 12 9 12 9 12 9 1 1 12 10 1 7 1 1 12 10 1 100 1 1 12 10 1 7 12 9 12 9 1 12 9 1 1 12 10 1 1 12 10 1 12 9 1 1 12 10 1 12 10 1 8 1 1 12 10 1 12 9 1 8 1 8 1 8 1 9 9 9 1 1 7 1 1 12 10 1 100 1 100 1 1 1 100 1 12 10 1 1 12 10 1 1 12 10 10 1 1 12 10 1 1 12 10 1 1 1 1 1 1 1 1 12 10 12 10 10 1 1 100 12 10 1 1 1 7 1 12 10 1 1 1 1 12 10 1 100 1 12 10 3 12 10 10 1 1 12 9 1 7 1 12 10 1 12 10 1 12 10 1 1 12 10 1 1 12 10 1 12 10 12 10 1 1 1 12 10 1 8 1 100 1 1 12 10 15 1 8 1 12 18 1 8 1 12 18 1 1 1 1
instanceKlass sun/awt/windows/WFontConfiguration
ciInstanceKlass sun/awt/FontConfiguration 1 1 1203 1 7 1 7 1 100 1 1 100 1 7 1 100 1 100 1 100 1 1 100 1 100 1 1 1 1 1 1 1 1 1 1 1 1 1 1 1 1 1 1 1 1 1 1 1 1 1 1 1 1 1 1 1 1 1 1 1 1 1 1 1 1 1 1 1 1 1 1 1 1 3 1 3 1 1 1 1 1 1 1 1 1 1 1 1 1 1 1 1 1 1 1 1 1 1 3 1 3 1 3 1 3 1 3 1 1 1 3 1 3 1 3 1 3 1 3 1 3 1 3 1 3 1 3 1 3 1 3 1 3 1 1 1 1 1 1 1 1 1 1 1 1 1 1 1 1 1 1 1 1 1 1 1 1 8 1 1 1 1 12 10 12 9 7 12 9 1 7 12 9 12 9 1 7 10 12 9 12 9 12 9 1 7 1 12 10 12 9 7 12 9 12 9 12 9 1 7 10 12 9 12 9 1 7 1 1 12 10 1 1 12 10 1 8 1 100 1 1 12 10 1 7 12 9 1 8 1 12 10 12 9 1 12 10 1 12 10 1 12 10 1 12 9 12 9 12 9 1 12 10 12 9 1 1 12 10 1 12 10 1 1 8 1 8 1 7 1 1 12 10 12 9 1 8 12 9 1 7 1 1 12 10 1 1 12 10 12 9 1 7 1 1 12 10 12 9 12 9 1 12 10 1 1 12 10 1 1 12 10 1 12 10 1 12 10 1 7 1 1 12 10 1 100 1 12 10 1 8 1 100 1 8 12 10 1 7 1 7 1 12 9 1 7 1 1 12 10 15 1 8 1 12 18 12 9 1 8 1 12 18 1 8 10 1 12 10 1 100 1 12 10 1 7 1 12 10 10 12 9 1 1 12 10 1 12 10 1 12 10 1 8 1 12 18 1 12 10 1 8 18 1 12 10 1 8 1 1 12 10 1 8 12 18 1 8 18 1 12 10 1 12 10 1 1 12 10 1 1 12 10 1 12 10 100 12 9 1 8 1 12 18 1 12 10 1 1 8 18 1 8 18 1 12 10 1 8 18 1 8 18 1 8 18 1 8 18 1 8 18 12 10 1 1 12 10 1 1 12 10 1 8 18 1 8 1 7 12 10 1 1 12 10 12 9 7 12 9 12 9 12 9 12 9 12 9 12 9 12 9 12 9 12 9 12 9 12 9 12 9 12 9 12 9 12 9 1 1 12 10 1 100 1 100 12 9 1 12 10 1 1 1 12 10 1 100 12 10 1 1 12 10 1 12 10 1 12 10 1 100 10 12 9 12 9 1 100 10 12 9 10 1 12 10 12 9 12 9 1 12 10 1 1 12 10 1 12 10 1 12 10 1 7 1 1 12 10 1 1 12 10 1 7 1 12 10 1 12 10 1 12 10 1 1 12 10 1 12 10 1 8 12 9 1 1 12 10 100 1 1 12 10 1 1 12 10 1 1 12 10 12 9 1 12 10 1 1 12 10 1 1 12 10 1 7 1 12 10 1 7 1 12 11 1 1 12 10 1 1 12 10 10 12 9 12 9 1 1 12 10 1 1 1 12 9 1 1 12 10 1 12 10 1 1 1 12 10 1 12 10 12 10 12 10 1 1 1 1 12 10 1 12 9 1 100 10 1 1 1 1 1 12 10 12 10 12 10 1 1 1 8 1 8 1 8 1 8 1 8 1 8 1 1 1 1 1 12 10 12 9 12 10 1 1 12 10 1 1 1 100 10 1 12 10 10 1 1 12 10 1 1 12 10 1 1 12 10 1 1 12 10 1 12 10 1 12 10 1 100 1 12 10 1 12 10 1 8 1 8 18 1 7 1 12 10 1 12 10 1 8 1 12 10 1 1 12 10 1 12 10 1 100 1 1 12 10 1 8 1 12 10 1 1 12 10 10 1 7 1 1 12 10 1 7 1 1 12 10 1 12 10 10 1 1 1 1 1 7 1 12 10 1 12 10 1 100 12 9 1 12 10 1 12 10 1 12 10 1 12 10 1 12 9 12 9 1 12 10 12 10 1 1 12 9 1 12 10 1 12 9 1 8 18 1 12 10 1 12 11 11 1 7 11 10 10 1 1 1 1 1 1 10 1 8 1 12 10 1 1 12 9 1 8 18 1 100 1 12 10 1 1 12 10 1 8 18 1 12 9 1 8 18 12 10 1 8 18 1 8 1 8 1 8 1 8 1 8 18 1 8 12 18 1 12 10 1 8 1 8 1 12 18 1 8 1 1 12 10 1 8 1 8 18 1 8 1 12 18 1 8 1 8 1 8 1 12 18 1 1 12 10 1 8 18 1 8 1 8 1 8 1 8 18 18 1 8 18 1 8 1 8 18 1 8 1 8 18 1 8 1 8 18 1 8 18 1 8 1 8 18 1 8 1 8 1 12 9 1 1 12 10 100 3 12 9 12 10 12 9 1 12 10 1 1 10 1 100 1 1 12 10 1 1 12 10 1 1 12 11 1 100 1 12 11 1 12 11 1 12 11 1 12 11 1 1 12 10 1 12 10 10 1 1 12 10 1 1 1 1 1 1 1 12 10 1 1 1 1 1 1 1 1 1 1 1 1 1 1 1 1 1 1 1 1 1 1 1 1 12 10 1 1 1 1 1 1 1 1 1 1 1 1 1 1 12 9 1 1 1 12 10 1 8 1 8 1 8 1 8 1 8 1 8 1 8 1 8 1 8 1 8 1 8 1 1 1 1 1 1 1 1 1 1
staticfield sun/awt/FontConfiguration fontNames [Ljava/lang/String; 5 [Ljava/lang/String;
staticfield sun/awt/FontConfiguration publicFontNames [Ljava/lang/String; 5 [Ljava/lang/String;
staticfield sun/awt/FontConfiguration styleNames [Ljava/lang/String; 4 [Ljava/lang/String;
staticfield sun/awt/FontConfiguration EMPTY_INT_ARRAY [I 0
staticfield sun/awt/FontConfiguration EMPTY_STRING_ARRAY [Ljava/lang/String; 0 [Ljava/lang/String;
staticfield sun/awt/FontConfiguration EMPTY_SHORT_ARRAY [S 0
staticfield sun/awt/FontConfiguration $assertionsDisabled Z 1
ciInstanceKlass sun/awt/windows/WFontConfiguration 1 1 274 1 7 1 7 1 100 1 100 1 1 1 1 1 1 1 1 1 1 1 12 10 1 8 1 12 9 1 7 1 1 12 10 12 9 1 1 12 10 1 12 10 1 1 1 8 1 1 12 10 1 100 12 10 1 1 12 9 1 8 1 8 1 1 12 10 1 8 1 8 1 8 1 7 10 1 12 9 1 8 1 8 10 1 8 1 8 1 8 1 8 1 8 1 8 1 8 1 8 1 8 1 8 1 8 1 8 1 8 1 8 1 8 1 1 12 10 1 12 10 1 12 9 1 8 1 12 10 1 1 12 10 1 12 10 1 1 12 10 1 12 10 1 12 9 1 1 1 1 12 10 1 12 9 1 1 12 10 1 8 1 7 1 1 12 10 15 1 8 12 18 1 12 9 1 8 1 1 1 7 12 10 1 1 1 12 10 1 1 1 1 12 10 12 9 1 1 12 10 1 100 1 7 1 1 12 10 1 12 10 1 8 1 8 1 8 1 8 1 8 1 8 1 8 1 8 1 8 1 8 1 8 1 8 1 8 1 8 1 8 1 8 1 8 1 8 1 8 1 8 1 8 1 8 1 8 1 8 1 8 1 8 1 8 1 8 1 8 1 1 1 1 1 1
ciInstanceKlass sun/font/FontFamily 1 1 248 1 7 1 7 1 100 1 100 1 1 1 1 1 1 1 1 1 1 1 1 1 1 1 1 1 1 1 1 1 12 9 1 7 1 1 12 9 1 7 1 1 12 10 1 7 1 1 12 10 1 1 1 1 1 7 1 12 10 12 10 12 9 12 9 12 9 12 9 12 10 1 1 1 12 10 12 9 12 9 12 9 12 9 1 1 12 10 1 1 1 1 1 1 1 100 1 7 1 7 1 12 9 12 10 1 1 12 10 1 12 10 1 7 1 1 12 10 1 1 12 10 1 7 1 1 12 10 1 7 1 1 12 10 1 1 12 10 1 100 1 1 12 10 15 1 8 1 12 18 1 100 1 12 10 1 8 1 12 18 1 1 1 12 10 1 8 1 12 18 1 1 1 12 10 1 100 1 8 1 12 18 1 12 18 12 10 12 10 1 8 1 12 18 1 12 10 12 10 12 10 1 1 1 1 1 12 10 1 1 1 12 9 1 7 10 12 10 10 1 10 1 1 1 1 12 10 1 100 1 1 12 11 1 100 1 1 8 1 12 18 1 10 1 1 1 1 1
instanceKlass java/nio/ByteBufferAsShortBufferB
ciInstanceKlass java/nio/ShortBuffer 1 1 220 1 7 1 1 7 1 100 1 1 1 1 1 1 1 1 1 12 10 12 9 12 9 12 10 1 1 1 1 12 10 1 100 1 12 10 1 1 1 100 1 12 10 1 100 1 12 10 1 12 10 1 1 1 1 1 1 1 1 1 1 1 1 12 10 1 1 12 10 1 100 10 12 10 12 10 1 1 1 12 10 1 12 10 1 100 10 1 100 10 12 10 12 10 1 12 9 1 1 1 100 10 1 1 1 12 10 1 12 10 1 1 12 10 1 12 10 1 12 10 1 12 10 1 12 10 1 1 1 1 1 100 10 1 100 1 1 12 10 1 100 1 12 10 1 1 12 10 1 8 12 10 1 12 10 1 8 12 10 1 8 1 12 10 1 8 12 10 1 12 10 1 1 1 12 10 1 1 1 100 1 1 12 10 1 1 12 10 1 100 10 1 1 12 10 12 10 1 12 10 12 10 12 10 12 10 12 10 12 10 12 10 12 10 1 12 10 1 1 1
ciInstanceKlass java/nio/ByteBufferAsShortBufferB 1 1 149 1 7 1 7 1 1 1 1 1 1 1 1 1 7 1 1 12 10 1 12 10 12 9 1 12 10 1 1 12 10 1 12 10 12 9 1 100 1 12 10 1 1 12 9 9 1 1 1 12 10 1 1 12 10 12 10 1 1 12 10 1 1 100 10 1 1 1 1 12 9 1 1 12 9 1 12 10 1 7 1 1 12 10 1 1 12 10 1 1 1 12 10 1 1 12 10 1 1 1 12 10 12 10 1 12 10 12 10 12 10 12 10 12 10 1 12 10 1 1 12 10 1 1 1 1 100 1 1 12 9 1 12 10 12 10 1 1 7 1 12 10 1 7 1 12 10 1 1
staticfield java/nio/ByteBufferAsShortBufferB unsafe Ljdk/internal/misc/Unsafe; jdk/internal/misc/Unsafe
staticfield java/nio/ByteBufferAsShortBufferB $assertionsDisabled Z 1
ciMethodData java/awt/Font isBold ()Z 2 5775 orig 312 248 58 51 93 0 0 0 0 16 255 211 117 206 2 0 0 152 1 0 0 0 0 0 0 0 0 0 0 0 0 0 0 0 0 0 0 0 0 0 0 0 0 0 0 0 0 0 0 0 0 0 0 0 0 0 0 0 0 0 0 0 0 0 0 0 0 0 0 0 0 0 0 0 0 0 0 0 0 0 0 77 68 79 32 101 120 116 114 97 32 100 97 116 97 32 108 111 99 107 0 0 0 0 0 0 0 0 0 0 0 0 0 0 0 0 0 0 0 0 0 0 0 0 0 0 0 0 0 0 0 0 0 0 0 0 0 0 0 0 0 0 0 0 0 0 0 0 0 0 0 0 0 0 0 0 0 0 0 0 0 0 0 0 0 0 0 0 0 0 0 0 0 0 0 0 0 0 0 0 0 0 0 0 0 0 0 0 0 0 0 0 0 0 0 0 0 0 0 0 0 0 0 0 0 0 0 0 0 0 0 0 0 0 0 0 0 0 0 0 0 0 0 0 0 0 0 0 0 0 0 0 0 0 0 0 0 0 0 0 0 0 0 0 0 0 0 0 0 0 1 0 0 121 172 0 0 1 0 0 0 0 0 0 0 0 0 0 0 0 0 0 0 248 3 0 0 248 31 0 0 2 0 0 0 0 0 6 0 2 0 0 0 0 0 0 0 56 0 0 0 254 255 255 255 7 0 6 0 0 0 0 0 data 13 0x60007 0x115a 0x38 0x435 0xa0003 0x435 0x18 0x0 0x0 0x0 0x9 0x1 0x0 oops 0 methods 0
ciMethodData java/awt/Font isItalic ()Z 2 5775 orig 312 248 58 51 93 0 0 0 0 168 255 211 117 206 2 0 0 152 1 0 0 0 0 0 0 0 0 0 0 0 0 0 0 0 0 0 0 0 0 0 0 0 0 0 0 0 0 0 0 0 0 0 0 0 0 0 0 0 0 0 0 0 0 0 0 0 0 0 0 0 0 0 0 0 0 0 0 0 0 0 0 77 68 79 32 101 120 116 114 97 32 100 97 116 97 32 108 111 99 107 0 0 0 0 0 0 0 0 0 0 0 0 0 0 0 0 0 0 0 0 0 0 0 0 0 0 0 0 0 0 0 0 0 0 0 0 0 0 0 0 0 0 0 0 0 0 0 0 0 0 0 0 0 0 0 0 0 0 0 0 0 0 0 0 0 0 0 0 0 0 0 0 0 0 0 0 0 0 0 0 0 0 0 0 0 0 0 0 0 0 0 0 0 0 0 0 0 0 0 0 0 0 0 0 0 0 0 0 0 0 0 0 0 0 0 0 0 0 0 0 0 0 0 0 0 0 0 0 0 0 0 0 0 0 0 0 0 0 0 0 0 0 0 0 0 0 0 0 0 0 1 0 0 121 172 0 0 1 0 0 0 0 0 0 0 0 0 0 0 0 0 0 0 248 3 0 0 248 31 0 0 2 0 0 0 0 0 6 0 2 0 0 0 0 0 0 0 56 0 0 0 254 255 255 255 7 0 6 0 0 0 0 0 data 13 0x60007 0x158f 0x38 0x0 0xa0003 0x0 0x18 0x0 0x0 0x0 0x9 0x1 0x0 oops 0 methods 0
ciMethodData sun/font/TrueTypeFont getFamilyName (Ljava/util/Locale;)Ljava/lang/String; 1 266 orig 312 248 58 51 93 0 0 0 0 32 192 162 122 206 2 0 0 128 2 0 0 120 0 0 0 0 0 0 0 0 0 0 0 0 0 0 0 0 0 0 0 0 0 0 0 0 0 0 0 0 0 0 0 0 0 0 0 0 0 0 0 0 0 0 0 0 0 0 0 0 0 0 0 0 0 0 0 0 0 0 0 77 68 79 32 101 120 116 114 97 32 100 97 116 97 32 108 111 99 107 0 0 0 0 0 0 0 0 0 0 0 0 0 0 0 0 0 0 0 0 0 0 0 0 0 0 0 0 0 0 0 0 0 0 0 0 0 0 0 0 0 0 0 0 0 0 0 0 0 0 0 0 0 0 0 0 0 0 0 0 0 0 0 0 0 0 0 0 0 0 0 0 0 0 0 0 0 0 0 0 0 0 0 0 0 0 0 0 0 0 0 0 0 0 0 0 0 0 0 0 0 0 0 0 0 0 0 0 0 0 0 0 0 0 0 0 0 0 0 0 0 0 0 0 0 0 0 0 0 0 0 0 0 0 0 0 0 0 0 0 0 0 0 0 0 0 0 0 0 0 1 0 0 81 0 0 0 1 0 0 0 0 0 0 0 0 0 0 0 0 0 0 0 248 3 0 0 248 31 0 0 2 0 0 0 0 0 12 0 2 0 0 0 0 0 0 0 0 1 0 0 254 255 255 255 7 0 1 0 0 0 0 0 data 42 0x10007 0x0 0x20 0xa 0xe0005 0x0 0x0 0x0 0x0 0x0 0x0 0x110007 0x0 0x40 0x0 0x180007 0x0 0x20 0x0 0x210002 0x0 0x280005 0x0 0x0 0x0 0x0 0x0 0x0 0x2d0007 0x0 0x20 0x0 0x0 0x0 0x0 0x0 0x0 0x0 0x9 0x2 0x0 0x0 oops 0 methods 0
ciMethodData sun/swing/SwingUtilities2 displayPropertiesToCSS (Ljava/awt/Font;Ljava/awt/Color;)Ljava/lang/String; 2 5376 orig 312 248 58 51 93 0 0 0 0 72 214 223 117 206 2 0 0 192 8 0 0 224 5 0 0 0 0 0 0 0 0 0 0 0 0 0 0 0 0 0 0 0 0 0 0 0 0 0 0 0 0 0 0 0 0 0 0 0 0 0 0 0 0 0 0 0 0 0 0 0 0 0 0 0 0 0 0 0 0 0 0 77 68 79 32 101 120 116 114 97 32 100 97 116 97 32 108 111 99 107 0 0 0 0 0 0 0 0 0 0 0 0 0 0 0 0 0 0 0 0 0 0 0 0 0 0 0 0 0 0 0 0 0 0 0 0 0 0 0 0 0 0 0 0 0 0 0 0 0 0 0 0 0 0 0 0 0 0 0 0 0 0 0 0 0 0 0 0 0 0 0 0 0 0 0 0 0 0 0 0 0 0 0 0 0 0 0 0 0 0 0 0 0 0 0 0 0 0 0 0 0 0 0 0 0 0 0 0 0 0 0 0 0 0 0 0 0 0 0 0 0 0 0 0 0 0 0 0 0 0 0 0 0 0 0 0 0 0 0 0 0 0 0 0 0 0 0 0 0 0 1 0 0 1 160 0 0 1 0 0 0 0 0 0 0 0 0 0 0 0 0 0 0 248 3 0 0 248 31 0 0 2 0 0 0 0 0 50 0 2 0 0 0 0 0 0 0 64 7 0 0 254 255 255 255 2 0 7 0 0 0 0 0 data 242 0x70002 0x1400 0xc0007 0x0 0x300 0x1400 0x130005 0x1 0x0 0x2ce509b2e00 0x13ff 0x0 0x0 0x190005 0x0 0x0 0x2ce79ed70c0 0x1001 0x2ce79ed6610 0x3ff 0x1c0005 0x1 0x0 0x2ce509b2e00 0x13ff 0x0 0x0 0x240005 0x1 0x0 0x2ce509b2e00 0x13ff 0x0 0x0 0x2c0005 0x1 0x0 0x2ce509b2e00 0x13ff 0x0 0x0 0x320005 0x0 0x0 0x2ce79ed70c0 0x1001 0x2ce79ed6610 0x3ff 0x350005 0x1 0x0 0x2ce509b2e00 0x13ff 0x0 0x0 0x3d0005 0x1 0x0 0x2ce509b2e00 0x13ff 0x0 0x0 0x420005 0x0 0x0 0x2ce79ed70c0 0x1001 0x2ce79ed6610 0x3ff 0x450007 0x1002 0x58 0x3fe 0x4c0005 0x0 0x0 0x2ce509b2e00 0x3fe 0x0 0x0 0x510005 0x0 0x0 0x2ce79ed70c0 0x1001 0x2ce79ed6610 0x3ff 0x540007 0x1400 0x58 0x0 0x5b0005 0x0 0x0 0x0 0x0 0x0 0x0 0x600007 0x0 0x3c0 0x1400 0x670005 0x1 0x0 0x2ce509b2e00 0x13ff 0x0 0x0 0x6c0005 0x0 0x0 0x2ce79ed66e0 0xbb4 0x2ce79ed7170 0x84c 0x710007 0x0 0x58 0x1400 0x770005 0x1 0x0 0x2ce509b2e00 0x13ff 0x0 0x0 0x7d0005 0x0 0x0 0x2ce79ed66e0 0xbb4 0x2ce79ed7170 0x84c 0x800002 0x1400 0x830005 0x1 0x0 0x2ce509b2e00 0x13ff 0x0 0x0 0x880005 0x0 0x0 0x2ce79ed66e0 0xbb4 0x2ce79ed7170 0x84c 0x8d0007 0x0 0x58 0x1400 0x930005 0x1 0x0 0x2ce509b2e00 0x13ff 0x0 0x0 0x990005 0x0 0x0 0x2ce79ed66e0 0xbb4 0x2ce79ed7170 0x84c 0x9c0002 0x1400 0x9f0005 0x1 0x0 0x2ce509b2e00 0x13ff 0x0 0x0 0xa40005 0x0 0x0 0x2ce79ed66e0 0xbb4 0x2ce79ed7170 0x84c 0xa90007 0x0 0x58 0x1400 0xaf0005 0x1 0x0 0x2ce509b2e00 0x13ff 0x0 0x0 0xb50005 0x0 0x0 0x2ce79ed66e0 0xbb4 0x2ce79ed7170 0x84c 0xb80002 0x1400 0xbb0005 0x1 0x0 0x2ce509b2e00 0x13ff 0x0 0x0 0xc30005 0x1 0x0 0x2ce509b2e00 0x13ff 0x0 0x0 0xcb0005 0x1 0x0 0x2ce509b2e00 0x13ff 0x0 0x0 0xd00005 0x1 0x0 0x2ce509b2e00 0x13ff 0x0 0x0 0x0 0x0 0x0 0x0 0x0 0x0 0x9 0x2 0x0 0x0 oops 37 9 java/lang/StringBuilder 16 javax/swing/plaf/FontUIResource 18 java/awt/Font 23 java/lang/StringBuilder 30 java/lang/StringBuilder 37 java/lang/StringBuilder 44 javax/swing/plaf/FontUIResource 46 java/awt/Font 51 java/lang/StringBuilder 58 java/lang/StringBuilder 65 javax/swing/plaf/FontUIResource 67 java/awt/Font 76 java/lang/StringBuilder 83 javax/swing/plaf/FontUIResource 85 java/awt/Font 105 java/lang/StringBuilder 112 java/awt/Color 114 javax/swing/plaf/ColorUIResource 123 java/lang/StringBuilder 130 java/awt/Color 132 javax/swing/plaf/ColorUIResource 139 java/lang/StringBuilder 146 java/awt/Color 148 javax/swing/plaf/ColorUIResource 157 java/lang/StringBuilder 164 java/awt/Color 166 javax/swing/plaf/ColorUIResource 173 java/lang/StringBuilder 180 java/awt/Color 182 javax/swing/plaf/ColorUIResource 191 java/lang/StringBuilder 198 java/awt/Color 200 javax/swing/plaf/ColorUIResource 207 java/lang/StringBuilder 214 java/lang/StringBuilder 221 java/lang/StringBuilder 228 java/lang/StringBuilder methods 0
ciMethod java/lang/Object <init> ()V 4097 1 3338029 0 0
ciMethod java/lang/String length ()I 2161 1 2021045 0 64
ciMethod java/lang/String equals (Ljava/lang/Object;)Z 4097 1 26158 0 -1
ciMethod java/lang/String lastIndexOf (I)I 2049 1 38961 0 -1
ciMethod java/lang/String substring (II)Ljava/lang/String; 3073 1 11701 0 -1
ciMethod java/lang/String toLowerCase (Ljava/util/Locale;)Ljava/lang/String; 2065 1 54308 0 -1
ciMethod java/lang/String getBytes ([BIB)V 2081 1 10614 0 448
ciMethod java/lang/String <init> ([BB)V 2137 1 272966 0 288
ciMethod java/lang/String coder ()B 4097 1 2277221 0 32
ciMethod java/lang/String checkIndex (II)V 1 1 5339 0 96
ciMethod java/lang/System arraycopy (Ljava/lang/Object;ILjava/lang/Object;II)V 2049 1 256 0 -1
ciMethod java/util/Map get (Ljava/lang/Object;)Ljava/lang/Object; 0 0 1 0 -1
ciMethod java/util/Hashtable get (Ljava/lang/Object;)Ljava/lang/Object; 2049 1 5591 0 -1
ciMethod java/lang/AbstractStringBuilder <init> (I)V 529 1 5210 0 -1
ciMethod java/lang/AbstractStringBuilder ensureCapacityInternal (I)V 2361 1 5681 0 896
ciMethod java/lang/AbstractStringBuilder newCapacity (I)I 465 1 1040 0 0
ciMethod java/lang/AbstractStringBuilder hugeCapacity (I)I 0 0 1 0 0
ciMethod java/lang/AbstractStringBuilder inflate ()V 0 0 190 0 0
ciMethod java/lang/AbstractStringBuilder append (Ljava/lang/String;)Ljava/lang/AbstractStringBuilder; 1041 1 11763 0 1568
ciMethod java/lang/AbstractStringBuilder appendNull ()Ljava/lang/AbstractStringBuilder; 0 0 3 0 0
ciMethod java/lang/AbstractStringBuilder append (C)Ljava/lang/AbstractStringBuilder; 2105 1 14626 0 1248
ciMethod java/lang/AbstractStringBuilder append (I)Ljava/lang/AbstractStringBuilder; 9 1 5287 0 2528
ciMethod java/lang/AbstractStringBuilder getCoder ()B 2049 1 21393 0 0
ciMethod java/lang/AbstractStringBuilder isLatin1 ()Z 1777 1 272906 0 64
ciMethod java/lang/AbstractStringBuilder putStringAt (ILjava/lang/String;)V 2049 1 12545 0 544
ciMethod java/lang/StringBuilder <init> (Ljava/lang/String;)V 2137 1 72739 0 2112
ciMethod java/lang/StringBuilder append (Ljava/lang/String;)Ljava/lang/StringBuilder; 1041 1 498714 0 1600
ciMethod java/lang/StringBuilder append (C)Ljava/lang/StringBuilder; 2105 1 499778 0 1216
ciMethod java/lang/StringBuilder append (I)Ljava/lang/StringBuilder; 9 1 19527 0 64
ciMethod java/lang/StringBuilder toString ()Ljava/lang/String; 713 1 208867 0 992
ciMethod java/nio/Buffer position ()I 1169 1 146 0 -1
ciMethod java/lang/Short shortValue ()S 2905 1 363 0 -1
ciMethod java/lang/Integer toHexString (I)Ljava/lang/String; 177 1 26404 0 768
ciMethod java/lang/Integer toUnsignedString0 (II)Ljava/lang/String; 177 1 5162 0 1024
ciMethod java/lang/Integer formatUnsignedInt (II[BII)V 3321 8193 2473 0 608
ciMethod java/lang/Integer formatUnsignedIntUTF16 (II[BII)V 0 0 1 0 -1
ciMethod java/lang/Integer getChars (II[B)I 3193 1 5520 0 -1
ciMethod java/lang/Integer stringSize (I)I 3081 233 5508 0 -1
ciMethod java/lang/Integer numberOfLeadingZeros (I)I 105 1 5138 0 -1
ciMethod java/lang/StringLatin1 canEncode (I)Z 3017 1 116146 0 64
ciMethod java/lang/StringLatin1 newString ([BII)Ljava/lang/String; 1473 1 244384 0 928
ciMethod java/lang/StringLatin1 inflate ([BI[BII)V 0 0 163 0 -1
ciMethod java/security/AccessController doPrivileged (Ljava/security/PrivilegedAction;)Ljava/lang/Object; 2049 1 256 0 -1
ciMethod java/util/concurrent/ConcurrentHashMap size ()I 1393 1 237 0 -1
ciMethod java/util/concurrent/ConcurrentHashMap get (Ljava/lang/Object;)Ljava/lang/Object; 3137 9 16902 0 -1
ciMethod java/util/concurrent/ConcurrentHashMap put (Ljava/lang/Object;Ljava/lang/Object;)Ljava/lang/Object; 4097 1 6480 0 -1
ciMethod java/util/Arrays copyOf ([BI)[B 1169 1 35836 0 512
ciMethod java/util/Arrays copyOfRange ([BII)[B 2081 1 5437 0 544
ciMethod java/lang/Math max (II)I 2113 1 614563 0 -1
ciMethod java/lang/Math min (II)I 2121 1 409794 0 -1
ciMethod java/lang/StringUTF16 newBytesFor (I)[B 1 1 7848 0 -1
ciMethod java/lang/StringUTF16 putChar ([BII)V 4097 1 2253 0 -1
ciMethod java/lang/StringUTF16 length ([B)I 4073 1 29484 0 0
ciMethod java/lang/StringUTF16 compress ([BII)[B 3601 1 2613 0 -1
ciMethod java/lang/StringUTF16 newString ([BII)Ljava/lang/String; 1 1 2613 0 0
ciMethod java/lang/StringUTF16 putCharSB ([BII)V 0 0 583 0 0
ciMethod java/lang/StringUTF16 getChars (III[B)I 0 0 1 0 -1
ciMethod java/lang/StringUTF16 putCharsAt ([BICCCC)I 0 0 1 0 -1
ciMethod java/lang/StringUTF16 checkIndex (I[B)V 1 1 21065 0 0
ciMethodData java/lang/String coder ()B 2 2277221 orig 312 248 58 51 93 0 0 0 0 88 120 106 117 206 2 0 0 160 1 0 0 0 0 0 0 0 0 0 0 0 0 0 0 0 0 0 0 0 0 0 0 0 0 0 0 0 0 0 0 0 0 0 0 0 0 0 0 0 0 0 0 0 0 0 0 0 0 0 0 0 0 0 0 0 0 0 0 0 0 0 0 77 68 79 32 101 120 116 114 97 32 100 97 116 97 32 108 111 99 107 0 0 0 0 0 0 0 0 0 0 0 0 0 0 0 0 0 0 0 0 0 0 0 0 0 0 0 0 0 0 0 0 0 0 0 0 0 0 0 0 0 0 0 0 0 0 0 0 0 0 0 0 0 0 0 0 0 0 0 0 0 0 0 0 0 0 0 0 0 0 0 0 0 0 0 0 0 0 0 0 0 0 0 0 0 0 0 0 0 0 0 0 0 0 0 0 0 0 0 0 0 0 0 0 0 0 0 0 0 0 0 0 0 0 0 0 0 1 0 0 0 0 0 0 0 0 0 0 0 0 0 0 0 1 0 0 0 0 0 0 0 0 0 0 0 0 0 0 0 0 2 0 0 41 235 21 1 1 0 0 0 0 0 0 0 0 0 0 0 0 0 0 0 248 3 0 0 248 31 0 0 2 0 0 0 0 0 5 0 2 0 0 0 0 0 0 0 56 0 0 0 254 255 255 255 7 0 3 0 0 0 0 0 data 14 0x30007 0x0 0x38 0x22bd65 0xa0003 0x22bd65 0x18 0x0 0x0 0x0 0x0 0x9 0x1 0x0 oops 0 methods 0
ciMethod java/nio/ByteBuffer get ([BII)Ljava/nio/ByteBuffer; 441 1041 621 0 -1
ciMethod java/nio/ByteBuffer position (I)Ljava/nio/ByteBuffer; 2121 1 28799 0 -1
ciMethod java/nio/ByteBuffer asShortBuffer ()Ljava/nio/ShortBuffer; 0 0 1 0 -1
ciMethodData java/lang/Object <init> ()V 2 3338029 orig 312 248 58 51 93 0 0 0 0 56 5 106 117 206 2 0 0 80 1 0 0 0 0 0 0 0 0 0 0 0 0 0 0 0 0 0 0 0 0 0 0 0 0 0 0 0 0 0 0 0 0 0 0 0 0 0 0 0 0 0 0 0 0 0 0 0 0 0 0 0 0 0 0 0 0 0 0 0 0 0 0 77 68 79 32 101 120 116 114 97 32 100 97 116 97 32 108 111 99 107 0 0 0 0 0 0 0 0 0 0 0 0 0 0 0 0 0 0 0 0 0 0 0 0 0 0 0 0 0 0 0 0 0 0 0 0 0 0 0 0 0 0 0 0 0 0 0 0 0 0 0 0 0 0 0 0 0 0 0 0 0 0 0 0 0 0 0 0 0 0 0 0 0 0 0 0 0 0 0 0 0 0 0 0 0 0 0 0 0 0 0 0 0 0 0 0 0 0 0 0 0 0 0 0 0 0 0 0 0 0 0 0 0 0 0 0 0 1 0 0 0 0 0 0 0 1 0 0 0 0 0 0 0 1 0 0 0 0 0 0 0 0 0 0 0 0 0 0 0 0 2 0 0 105 105 151 1 1 0 0 0 0 0 0 0 0 0 0 0 0 0 0 0 248 3 0 0 248 31 0 0 2 0 0 0 0 0 3 0 1 0 0 0 0 0 0 0 0 0 0 0 254 255 255 255 0 0 0 0 0 0 0 0 data 4 0x0 0x9 0x1 0x0 oops 0 methods 0
ciMethodData java/lang/StringUTF16 checkIndex (I[B)V 2 21065 orig 312 248 58 51 93 0 0 0 0 152 188 128 117 206 2 0 0 160 1 0 0 0 0 0 0 0 0 0 0 0 0 0 0 0 0 0 0 0 0 0 0 0 0 0 0 0 0 0 0 0 0 0 0 0 0 0 0 0 0 0 0 0 0 0 0 0 0 0 0 0 0 0 0 0 0 0 0 0 0 0 0 77 68 79 32 101 120 116 114 97 32 100 97 116 97 32 108 111 99 107 0 0 0 0 0 0 0 0 0 0 0 0 0 0 0 0 0 0 0 0 0 0 0 0 0 0 0 0 0 0 0 0 0 0 0 0 0 0 0 0 0 0 0 0 0 0 0 0 0 0 0 0 0 0 0 0 0 0 0 0 0 0 0 0 0 0 0 0 0 0 0 0 0 0 0 0 0 0 0 0 0 0 0 0 0 0 0 0 0 0 0 0 0 0 0 0 0 0 0 0 0 0 0 0 0 0 0 0 0 0 0 0 0 0 0 0 0 0 0 0 0 0 0 0 0 0 0 0 0 0 0 0 0 0 0 0 0 0 0 0 0 0 0 0 0 0 0 0 0 0 0 0 0 73 146 2 0 1 0 0 0 0 0 0 0 0 0 0 0 0 0 0 0 248 3 0 0 248 31 0 0 2 0 0 0 0 0 3 0 2 0 0 0 0 0 0 0 32 0 0 0 254 255 255 255 2 0 2 0 0 0 0 0 data 14 0x20002 0x5249 0x50002 0x5249 0x0 0x0 0x0 0x0 0x0 0x0 0x9 0x2 0x0 0x0 oops 0 methods 0
ciMethodData java/lang/StringUTF16 length ([B)I 2 29484 orig 312 248 58 51 93 0 0 0 0 168 131 128 117 206 2 0 0 96 1 0 0 0 0 0 0 0 0 0 0 0 0 0 0 0 0 0 0 0 0 0 0 0 0 0 0 0 0 0 0 0 0 0 0 0 0 0 0 0 0 0 0 0 0 0 0 0 0 0 0 0 0 0 0 0 0 0 0 0 0 0 0 77 68 79 32 101 120 116 114 97 32 100 97 116 97 32 108 111 99 107 0 0 0 0 0 0 0 0 0 0 0 0 0 0 0 0 0 0 0 0 0 0 0 0 0 0 0 0 0 0 0 0 0 0 0 0 0 0 0 0 0 0 0 0 0 0 0 0 0 0 0 0 0 0 0 0 0 0 0 0 0 0 0 0 0 0 0 0 0 0 0 0 0 0 0 0 0 0 0 0 0 0 0 0 0 0 0 0 0 0 0 0 0 0 0 0 0 0 0 0 0 0 0 0 0 0 0 0 0 0 0 0 0 0 0 0 0 1 0 0 0 0 0 0 0 0 0 0 0 0 0 0 0 1 0 0 0 0 0 0 0 0 0 0 0 0 0 0 0 253 1 0 0 121 137 3 0 1 0 0 0 0 0 0 0 0 0 0 0 0 0 0 0 248 3 0 0 248 31 0 0 2 0 0 0 0 0 3 0 1 0 0 0 0 0 0 0 0 0 0 0 254 255 255 255 0 0 0 0 0 0 0 0 data 6 0x0 0x0 0x0 0x9 0x1 0x0 oops 0 methods 0
ciMethodData java/lang/String checkIndex (II)V 2 5339 orig 312 248 58 51 93 0 0 0 0 176 121 106 117 206 2 0 0 248 2 0 0 32 0 0 0 0 0 0 0 0 0 0 0 0 0 0 0 0 0 0 0 0 0 0 0 0 0 0 0 0 0 0 0 0 0 0 0 0 0 0 0 0 0 0 0 0 0 0 0 0 0 0 0 0 0 0 0 0 0 0 0 77 68 79 32 101 120 116 114 97 32 100 97 116 97 32 108 111 99 107 0 0 0 0 0 0 0 0 0 0 0 0 0 0 0 0 0 0 0 0 0 0 0 0 0 0 0 0 0 0 0 0 0 0 0 0 0 0 0 0 0 0 0 0 0 0 0 0 0 0 0 0 0 0 0 0 0 0 0 0 0 0 0 0 0 0 0 0 0 0 0 0 0 0 0 0 0 0 0 0 0 0 0 0 0 0 0 0 0 0 0 0 0 0 0 0 0 0 0 0 0 0 0 0 0 0 0 0 0 0 0 0 0 0 0 0 0 25 0 0 0 0 0 0 0 0 0 0 0 0 0 0 0 0 0 0 0 0 0 0 0 0 0 0 0 0 0 0 0 0 0 0 0 217 166 0 0 1 0 0 0 0 0 0 0 0 0 0 0 0 0 0 0 248 3 0 0 248 31 0 0 2 0 0 0 0 0 17 0 2 0 0 0 0 0 0 0 120 1 0 0 254 255 255 255 7 0 1 0 0 0 0 0 data 57 0x10007 0x0 0x40 0x14db 0x60007 0x14db 0x158 0x0 0x110002 0x0 0x170005 0x0 0x0 0x0 0x0 0x0 0x0 0x1b0005 0x0 0x0 0x0 0x0 0x0 0x0 0x210005 0x0 0x0 0x0 0x0 0x0 0x0 0x250005 0x0 0x0 0x0 0x0 0x0 0x0 0x280005 0x0 0x0 0x0 0x0 0x0 0x0 0x2b0002 0x0 0x0 0x0 0x0 0x0 0x0 0x0 0x9 0x2 0x0 0x0 oops 0 methods 0
ciMethodData java/lang/String length ()I 2 2022202 orig 312 248 58 51 93 0 0 0 0 152 65 106 117 206 2 0 0 176 1 0 0 0 0 0 0 0 0 0 0 0 0 0 0 0 0 0 0 0 0 0 0 0 0 0 0 0 0 0 0 0 0 0 0 0 0 0 0 0 0 0 0 0 0 0 0 0 0 0 0 0 0 0 0 0 0 0 0 0 0 0 0 77 68 79 32 101 120 116 114 97 32 100 97 116 97 32 108 111 99 107 0 0 0 0 0 0 0 0 0 0 0 0 0 0 0 0 0 0 0 0 0 0 0 0 0 0 0 0 0 0 0 0 0 0 0 0 0 0 0 0 0 0 0 0 0 0 0 0 0 0 0 0 0 0 0 0 0 0 0 0 0 0 0 0 0 0 0 0 0 0 0 0 0 0 0 0 0 0 0 0 0 0 0 0 0 0 0 0 0 0 0 0 0 0 0 0 0 0 0 0 0 0 0 0 0 0 0 0 0 0 0 0 0 0 0 0 0 17 0 0 0 0 0 0 0 0 0 0 0 0 0 0 0 0 0 0 0 0 0 0 0 0 0 0 0 0 0 0 0 14 1 0 0 97 209 246 0 1 0 0 0 0 0 0 0 0 0 0 0 0 0 0 0 248 3 0 0 248 31 0 0 2 0 0 0 0 0 6 0 2 0 0 0 0 0 0 0 56 0 0 0 254 255 255 255 5 0 6 0 0 0 0 0 data 16 0x60005 0x1c 0x0 0x2ce509b0390 0x1eda0f 0x0 0x0 0x0 0x0 0x0 0x0 0x0 0x0 0x9 0x1 0xffffffffffffffff oops 1 3 java/lang/String methods 0
ciMethodData java/lang/StringLatin1 canEncode (I)Z 2 116146 orig 312 248 58 51 93 0 0 0 0 160 143 120 117 206 2 0 0 136 1 0 0 0 0 0 0 0 0 0 0 0 0 0 0 0 0 0 0 0 0 0 0 0 0 0 0 0 0 0 0 0 0 0 0 0 0 0 0 0 0 0 0 0 0 0 0 0 0 0 0 0 0 0 0 0 0 0 0 0 0 0 0 77 68 79 32 101 120 116 114 97 32 100 97 116 97 32 108 111 99 107 0 0 0 0 0 0 0 0 0 0 0 0 0 0 0 0 0 0 0 0 0 0 0 0 0 0 0 0 0 0 0 0 0 0 0 0 0 0 0 0 0 0 0 0 0 1 0 0 0 2 0 0 0 0 0 0 0 0 0 0 0 0 0 0 0 0 0 0 0 0 0 0 0 0 0 0 0 0 0 0 0 6 0 0 0 0 0 0 0 0 0 0 0 0 0 0 0 0 0 0 0 0 0 0 0 0 0 0 0 0 0 0 0 0 0 0 0 0 0 0 0 0 0 0 0 0 0 0 0 0 0 0 0 0 0 0 0 0 0 0 0 0 0 0 0 0 0 0 0 121 1 0 0 201 33 14 0 1 0 0 0 79 177 1 0 0 0 0 0 0 0 0 0 248 3 0 0 248 31 0 0 2 0 0 0 0 0 6 0 2 0 0 0 0 0 0 0 56 0 0 0 254 255 255 255 7 224 4 0 0 0 0 0 data 11 0x4e007 0x5a 0x38 0x1c3e5 0x80003 0x1c3e5 0x18 0x0 0x9 0x1 0x0 oops 0 methods 0
ciMethod java/util/Locale getDefault ()Ljava/util/Locale; 2049 1 57824 0 0
ciMethod java/util/Locale toString ()Ljava/lang/String; 2041 1 574 0 -1
ciMethod java/util/Locale equals (Ljava/lang/Object;)Z 2137 1 5540 0 288
ciMethod sun/util/locale/BaseLocale equals (Ljava/lang/Object;)Z 2113 1 4459 0 -1
ciMethodData java/lang/String <init> ([BB)V 2 272966 orig 312 248 58 51 93 0 0 0 0 192 119 106 117 206 2 0 0 136 1 0 0 0 0 0 0 0 0 0 0 0 0 0 0 0 0 0 0 0 0 0 0 0 0 0 0 0 0 0 0 0 0 0 0 0 0 0 0 0 0 0 0 0 0 0 0 0 0 0 0 0 0 0 0 0 0 0 0 0 0 0 0 77 68 79 32 101 120 116 114 97 32 100 97 116 97 32 108 111 99 107 0 0 0 0 0 0 0 0 0 0 0 0 0 0 0 0 0 0 0 0 0 0 0 0 0 0 0 0 0 0 0 0 0 0 0 0 0 0 0 0 0 0 0 0 0 0 0 0 0 0 0 0 0 0 0 0 0 0 0 0 0 0 0 0 0 0 0 0 0 0 0 0 0 0 0 0 0 0 0 0 0 0 0 0 0 0 0 0 0 0 0 0 0 0 0 0 0 0 0 0 0 0 0 0 0 0 0 0 0 0 0 0 0 0 0 0 0 1 0 0 0 0 0 0 0 0 0 0 0 0 0 0 0 1 0 0 0 0 0 0 0 0 0 0 0 0 0 0 0 11 1 0 0 217 73 33 0 1 0 0 0 0 0 0 0 0 0 0 0 0 0 0 0 248 3 0 0 248 31 0 0 2 0 0 0 0 0 3 0 2 0 0 0 0 0 0 0 16 0 0 0 254 255 255 255 2 0 1 0 0 0 0 0 data 11 0x10002 0x4293b 0x0 0x0 0x0 0x0 0x9 0x3 0xe 0x0 0x0 oops 0 methods 0
ciMethodData java/util/Arrays copyOfRange ([BII)[B 2 5437 orig 312 248 58 51 93 0 0 0 0 56 56 123 117 206 2 0 0 200 2 0 0 16 1 0 0 0 0 0 0 0 0 0 0 0 0 0 0 0 0 0 0 0 0 0 0 0 0 0 0 0 0 0 0 0 0 0 0 0 0 0 0 0 0 0 0 0 0 0 0 0 0 0 0 0 0 0 0 0 0 0 0 77 68 79 32 101 120 116 114 97 32 100 97 116 97 32 108 111 99 107 0 0 0 0 0 0 0 0 0 0 0 0 0 0 0 0 0 0 0 0 0 0 0 0 0 0 0 0 0 0 0 0 0 0 0 0 0 0 0 0 0 0 0 0 0 0 0 0 0 0 0 0 0 0 0 0 0 0 0 0 0 0 0 0 0 0 0 0 0 0 0 0 0 0 0 0 0 0 0 0 0 0 0 0 0 0 0 0 0 0 0 0 0 0 0 0 0 0 0 0 0 0 0 0 0 0 0 0 0 0 0 0 0 0 0 0 0 29 0 0 0 0 0 0 0 0 0 0 0 0 0 0 0 0 0 0 0 0 0 0 0 0 0 0 0 0 0 0 0 4 1 0 0 201 161 0 0 1 0 0 0 0 0 0 0 0 0 0 0 0 0 0 0 248 3 0 0 248 31 0 0 2 0 0 0 0 0 18 0 2 0 0 0 0 0 0 0 64 1 0 0 254 255 255 255 7 0 5 0 0 0 0 0 data 51 0x50007 0x1439 0x120 0x0 0x100002 0x0 0x140005 0x0 0x0 0x0 0x0 0x0 0x0 0x1a0005 0x0 0x0 0x0 0x0 0x0 0x0 0x1e0005 0x0 0x0 0x0 0x0 0x0 0x0 0x210005 0x0 0x0 0x0 0x0 0x0 0x0 0x240002 0x0 0x370002 0x1439 0x3a0002 0x1439 0x0 0x0 0x0 0x0 0x0 0x0 0x9 0x3 0xffffffffffffffff 0x0 0x0 oops 0 methods 0
ciMethodData java/lang/StringBuilder append (I)Ljava/lang/StringBuilder; 2 19618 orig 312 248 58 51 93 0 0 0 0 48 139 114 117 206 2 0 0 120 1 0 0 0 0 0 0 0 0 0 0 0 0 0 0 0 0 0 0 0 0 0 0 0 0 0 0 0 0 0 0 0 0 0 0 0 0 0 0 0 0 0 0 0 0 0 0 0 0 0 0 0 0 0 0 0 0 0 0 0 0 0 0 77 68 79 32 101 120 116 114 97 32 100 97 116 97 32 108 111 99 107 0 0 0 0 0 0 0 0 0 0 0 0 0 0 0 0 0 0 0 0 0 0 0 0 0 0 0 0 0 0 0 0 0 0 0 0 0 0 0 0 0 0 0 0 0 0 0 0 0 0 0 0 0 0 0 0 0 0 0 0 0 0 0 0 0 0 0 0 0 0 0 0 0 0 0 0 0 0 0 0 0 0 0 0 0 0 0 0 0 0 0 0 0 0 0 0 0 0 0 0 0 0 0 0 0 0 0 0 0 0 0 0 0 0 0 0 0 0 0 0 0 0 0 0 0 0 0 0 0 0 0 0 0 0 0 0 0 0 0 0 0 0 0 0 0 0 0 0 0 1 0 0 0 9 101 2 0 1 0 0 0 0 0 0 0 0 0 0 0 0 0 0 0 248 3 0 0 248 31 0 0 2 0 0 0 0 0 3 0 2 0 0 0 0 0 0 0 16 0 0 0 254 255 255 255 2 0 2 0 0 0 0 0 data 9 0x20002 0x4ca1 0x0 0x0 0x0 0x9 0x2 0x0 0x0 oops 0 methods 0
ciMethodData java/lang/AbstractStringBuilder append (I)Ljava/lang/AbstractStringBuilder; 2 5287 orig 312 248 58 51 93 0 0 0 0 16 81 114 117 206 2 0 0 48 2 0 0 136 0 0 0 0 0 0 0 0 0 0 0 0 0 0 0 0 0 0 0 0 0 0 0 0 0 0 0 0 0 0 0 0 0 0 0 0 0 0 0 0 0 0 0 0 0 0 0 0 0 0 0 0 0 0 0 0 0 0 0 77 68 79 32 101 120 116 114 97 32 100 97 116 97 32 108 111 99 107 0 0 0 0 0 0 0 0 0 0 0 0 0 0 0 0 0 0 0 0 0 0 0 0 0 0 0 0 0 0 0 0 0 0 0 0 0 0 0 0 0 0 0 0 0 0 0 0 0 0 0 0 0 0 0 0 0 0 0 0 0 0 0 0 0 0 0 0 0 0 0 0 0 0 0 0 0 0 0 0 0 0 0 0 0 0 0 0 0 0 0 0 0 0 0 0 0 0 0 0 0 0 0 0 0 0 0 0 0 0 0 0 0 0 0 0 0 0 0 0 0 0 0 0 0 0 0 0 0 0 0 0 0 0 0 0 0 0 0 0 0 0 0 0 0 0 0 0 0 1 0 0 0 49 165 0 0 1 0 0 0 0 0 0 0 0 0 0 0 0 0 0 0 248 3 0 0 248 31 0 0 2 0 0 0 0 0 11 0 2 0 0 0 0 0 0 0 176 0 0 0 254 255 255 255 2 0 7 0 0 0 0 0 data 32 0x70002 0x14a6 0xe0002 0x14a6 0x120005 0x1cc 0x0 0x2ce509b2e00 0x12da 0x0 0x0 0x150007 0x0 0x48 0x14a6 0x1e0002 0x14a6 0x220003 0x14a6 0x28 0x2c0002 0x0 0x0 0x0 0x0 0x0 0x0 0x0 0x9 0x2 0xe 0x0 oops 1 7 java/lang/StringBuilder methods 0
ciMethodData java/lang/StringBuilder append (Ljava/lang/String;)Ljava/lang/StringBuilder; 2 500012 orig 312 248 58 51 93 0 0 0 0 96 134 114 117 206 2 0 0 120 1 0 0 0 0 0 0 0 0 0 0 0 0 0 0 0 0 0 0 0 0 0 0 0 0 0 0 0 0 0 0 0 0 0 0 0 0 0 0 0 0 0 0 0 0 0 0 0 0 0 0 0 0 0 0 0 0 0 0 0 0 0 0 77 68 79 32 101 120 116 114 97 32 100 97 116 97 32 108 111 99 107 0 0 0 0 0 0 0 0 0 0 0 0 0 0 0 0 0 0 0 0 0 0 0 0 0 0 0 0 0 0 0 0 0 0 0 0 0 0 0 0 0 0 0 0 0 1 0 0 0 0 0 0 0 0 0 0 0 0 0 0 0 0 0 0 0 0 0 0 0 0 0 0 0 0 0 0 0 0 0 0 0 0 0 0 0 0 0 0 0 0 0 0 0 0 0 0 0 0 0 0 0 0 0 0 0 0 0 0 0 0 0 0 0 0 0 0 0 19 0 0 0 0 0 0 0 0 0 0 0 0 0 0 0 0 0 0 0 0 0 0 0 1 0 0 0 0 0 0 0 130 0 0 0 81 5 61 0 1 0 0 0 225 20 0 0 0 0 0 0 0 0 0 0 248 3 0 0 248 31 0 0 2 0 0 0 0 0 3 0 2 0 0 0 0 0 0 0 16 0 0 0 254 255 255 255 2 0 2 0 0 0 0 0 data 9 0x20002 0x7a0aa 0x0 0x0 0x0 0x9 0x2 0xffffffffffffffff 0xffffffffffffffff oops 0 methods 0
ciMethodData java/lang/AbstractStringBuilder append (Ljava/lang/String;)Ljava/lang/AbstractStringBuilder; 2 11763 orig 312 248 58 51 93 0 0 0 0 64 73 114 117 206 2 0 0 8 2 0 0 32 0 0 0 0 0 0 0 0 0 0 0 0 0 0 0 0 0 0 0 0 0 0 0 0 0 0 0 0 0 0 0 0 0 0 0 0 0 0 0 0 0 0 0 0 0 0 0 0 0 0 0 0 0 0 0 0 0 0 0 77 68 79 32 101 120 116 114 97 32 100 97 116 97 32 108 111 99 107 0 0 0 0 0 0 0 0 0 0 0 0 0 0 0 0 0 0 0 0 0 0 0 0 0 0 0 0 0 0 0 0 0 0 0 0 0 0 0 0 0 0 0 0 0 0 0 0 0 0 0 0 0 0 0 0 0 0 0 0 0 0 0 0 0 0 0 0 0 0 0 0 0 0 0 0 0 0 0 0 0 0 0 0 0 0 0 0 0 0 0 0 0 0 0 0 0 0 0 0 0 0 0 0 0 0 0 0 0 0 0 0 0 0 0 0 0 17 0 0 0 0 0 0 0 0 0 0 0 0 0 0 0 0 0 0 0 0 0 0 0 1 0 0 0 0 0 0 0 130 0 0 0 137 107 1 0 1 0 0 0 225 20 0 0 0 0 0 0 0 0 0 0 248 3 0 0 248 31 0 0 2 0 0 0 0 0 19 0 2 0 0 0 0 0 0 0 136 0 0 0 254 255 255 255 7 0 1 0 0 0 0 0 data 27 0x10007 0x2d70 0x30 0x1 0x50002 0x1 0xa0005 0x111 0x0 0x2ce509b0390 0x2c5f 0x0 0x0 0x150002 0x2d70 0x1e0002 0x2d70 0x0 0x0 0x0 0x0 0x0 0x0 0x9 0x2 0xffffffffffffffff 0xffffffffffffffff oops 1 9 java/lang/String methods 0
ciMethodData java/lang/StringBuilder toString ()Ljava/lang/String; 2 208989 orig 312 248 58 51 93 0 0 0 0 240 153 114 117 206 2 0 0 8 2 0 0 104 0 0 0 0 0 0 0 0 0 0 0 0 0 0 0 0 0 0 0 0 0 0 0 0 0 0 0 0 0 0 0 0 0 0 0 0 0 0 0 0 0 0 0 0 0 0 0 0 0 0 0 0 0 0 0 0 0 0 0 77 68 79 32 101 120 116 114 97 32 100 97 116 97 32 108 111 99 107 0 0 0 0 0 0 0 0 0 0 0 0 0 0 0 0 0 0 0 0 0 0 0 0 0 0 0 0 0 0 0 0 0 0 0 0 0 0 0 0 0 0 0 0 0 0 0 0 0 0 0 0 0 0 0 0 0 0 0 0 0 0 0 0 0 0 0 0 0 0 0 0 0 0 0 0 0 0 0 0 0 0 0 0 0 0 0 0 0 0 0 0 0 0 0 0 0 0 0 0 0 0 0 0 0 0 0 0 0 0 0 0 0 0 0 0 0 17 0 0 0 0 0 0 0 0 0 0 0 0 0 0 0 1 0 0 0 0 0 0 0 0 0 0 0 0 0 0 0 89 0 0 0 33 128 25 0 1 0 0 0 0 0 0 0 0 0 0 0 0 0 0 0 248 3 0 0 248 31 0 0 2 0 0 0 0 0 11 0 2 0 0 0 0 0 0 0 144 0 0 0 254 255 255 255 5 0 1 0 0 0 0 0 data 27 0x10005 0x88 0x0 0x2ce509b2e00 0x32f7c 0x0 0x0 0x40007 0xe 0x48 0x32ff6 0x100002 0x32ff6 0x130003 0x32ff6 0x28 0x1f0002 0xe 0x0 0x0 0x0 0x0 0x0 0x0 0x9 0x1 0x0 oops 1 3 java/lang/StringBuilder methods 0
ciMethodData java/lang/AbstractStringBuilder isLatin1 ()Z 2 272906 orig 312 248 58 51 93 0 0 0 0 192 104 114 117 206 2 0 0 192 1 0 0 0 0 0 0 0 0 0 0 0 0 0 0 0 0 0 0 0 0 0 0 0 0 0 0 0 0 0 0 0 0 0 0 0 0 0 0 0 0 0 0 0 0 0 0 0 0 0 0 0 0 0 0 0 0 0 0 0 0 0 0 77 68 79 32 101 120 116 114 97 32 100 97 116 97 32 108 111 99 107 0 0 0 0 0 0 0 0 0 0 0 0 0 0 0 0 0 0 0 0 0 0 0 0 0 0 0 0 0 0 0 0 0 0 0 0 0 0 0 0 0 0 0 0 0 0 0 0 0 0 0 0 0 0 0 0 0 0 0 0 0 0 0 0 0 0 0 0 0 0 0 0 0 0 0 0 0 0 0 0 0 0 0 0 0 0 0 0 0 0 0 0 0 0 0 0 0 0 0 0 0 0 0 0 0 0 0 0 0 0 0 0 0 0 0 0 0 1 0 0 0 0 0 0 0 0 0 0 0 0 0 0 0 1 0 0 0 0 0 0 0 0 0 0 0 0 0 0 0 222 0 0 0 97 73 33 0 1 0 0 0 0 0 0 0 0 0 0 0 0 0 0 0 248 3 0 0 248 31 0 0 2 0 0 0 0 0 7 0 2 0 0 0 0 0 0 0 88 0 0 0 254 255 255 255 7 0 3 0 0 0 0 0 data 18 0x30007 0x0 0x58 0x4292c 0xa0007 0x5b3 0x38 0x42379 0xe0003 0x42379 0x18 0x0 0x0 0x0 0x0 0x9 0x1 0x0 oops 0 methods 0
ciMethodData java/lang/StringLatin1 newString ([BII)Ljava/lang/String; 2 244384 orig 312 248 58 51 93 0 0 0 0 120 170 120 117 206 2 0 0 168 1 0 0 0 0 0 0 0 0 0 0 0 0 0 0 0 0 0 0 0 0 0 0 0 0 0 0 0 0 0 0 0 0 0 0 0 0 0 0 0 0 0 0 0 0 0 0 0 0 0 0 0 0 0 0 0 0 0 0 0 0 0 0 77 68 79 32 101 120 116 114 97 32 100 97 116 97 32 108 111 99 107 0 0 0 0 0 0 0 0 0 0 0 0 0 0 0 0 0 0 0 0 0 0 0 0 0 0 0 0 0 0 0 0 0 0 0 0 0 0 0 0 0 0 0 0 0 0 0 0 0 0 0 0 0 0 0 0 0 0 0 0 0 0 0 0 0 0 0 0 0 0 0 0 0 0 0 0 0 0 0 0 0 0 0 0 0 0 0 0 0 0 0 0 0 0 0 0 0 0 0 0 0 0 0 0 0 0 0 0 0 0 0 0 0 0 0 0 0 29 0 0 0 0 0 0 0 0 0 0 0 0 0 0 0 0 0 0 0 0 0 0 0 0 0 0 0 0 0 0 0 184 0 0 0 65 207 29 0 1 0 0 0 0 0 0 0 0 0 0 0 0 0 0 0 248 3 0 0 248 31 0 0 2 0 0 0 0 0 3 0 2 0 0 0 0 0 0 0 32 0 0 0 254 255 255 255 2 0 9 0 0 0 0 0 data 15 0x90002 0x3b9e8 0xd0002 0x3b9e8 0x0 0x0 0x0 0x0 0x0 0x0 0x9 0x3 0xffffffffffffffff 0x0 0x0 oops 0 methods 0
ciMethodData java/lang/StringUTF16 newString ([BII)Ljava/lang/String; 2 2613 orig 312 248 58 51 93 0 0 0 0 248 171 128 117 206 2 0 0 8 2 0 0 80 0 0 0 0 0 0 0 0 0 0 0 0 0 0 0 0 0 0 0 0 0 0 0 0 0 0 0 0 0 0 0 0 0 0 0 0 0 0 0 0 0 0 0 0 0 0 0 0 0 0 0 0 0 0 0 0 0 0 0 77 68 79 32 101 120 116 114 97 32 100 97 116 97 32 108 111 99 107 0 0 0 0 0 0 0 0 0 0 0 0 0 0 0 0 0 0 0 0 0 0 0 0 0 0 0 0 0 0 0 0 0 0 0 0 0 0 0 0 0 0 0 0 0 0 0 0 0 0 0 0 0 0 0 0 0 0 0 0 0 0 0 0 0 0 0 0 0 0 0 0 0 0 0 0 0 0 0 0 0 0 0 0 0 0 0 0 0 0 0 0 0 0 0 0 0 0 0 0 0 0 0 0 0 0 0 0 0 0 0 0 0 0 0 0 0 25 0 0 0 0 0 0 0 0 0 0 0 0 0 0 0 0 0 0 0 0 0 0 0 0 0 0 0 0 0 0 0 0 0 0 0 169 81 0 0 1 0 0 0 0 0 0 0 0 0 0 0 0 0 0 0 248 3 0 0 248 31 0 0 2 0 0 0 0 0 9 0 2 0 0 0 0 0 0 0 128 0 0 0 254 255 255 255 7 0 3 0 0 0 0 0 data 27 0x30007 0x0 0x60 0xa35 0x90002 0xa35 0xe0007 0x95b 0x30 0xda 0x170002 0xda 0x2a0002 0x95b 0x2e0002 0x95b 0x0 0x0 0x0 0x0 0x0 0x0 0x9 0x3 0xffffffffffffffff 0x0 0x0 oops 0 methods 0
ciMethodData java/lang/AbstractStringBuilder ensureCapacityInternal (I)V 2 5681 orig 312 248 58 51 93 0 0 0 0 64 63 114 117 206 2 0 0 192 1 0 0 0 0 0 0 0 0 0 0 0 0 0 0 0 0 0 0 0 0 0 0 0 0 0 0 0 0 0 0 0 0 0 0 0 0 0 0 0 0 0 0 0 0 0 0 0 0 0 0 0 0 0 0 0 0 0 0 0 0 0 0 77 68 79 32 101 120 116 114 97 32 100 97 116 97 32 108 111 99 107 0 0 0 0 0 0 0 0 0 0 0 0 0 0 0 0 0 0 0 0 0 0 0 0 0 0 0 0 0 0 0 0 0 0 0 0 0 0 0 0 0 0 0 0 0 0 0 0 0 0 0 0 0 0 0 0 0 0 0 0 0 0 0 0 0 0 0 0 0 0 0 0 0 0 0 0 0 0 0 0 0 0 0 0 0 0 0 0 0 0 0 0 0 0 0 0 0 0 0 0 0 0 0 0 0 0 0 0 0 0 0 0 0 0 0 0 0 17 0 0 0 0 0 0 0 0 0 0 0 0 0 0 0 1 0 0 0 0 0 0 0 0 0 0 0 0 0 0 0 39 1 0 0 81 168 0 0 1 0 0 0 0 0 0 0 0 0 0 0 0 0 0 0 248 3 0 0 248 31 0 0 2 0 0 0 0 0 11 0 2 0 0 0 0 0 0 0 64 0 0 0 254 255 255 255 7 0 14 0 0 0 0 0 data 18 0xe0007 0x1133 0x40 0x3d7 0x180002 0x3d7 0x200002 0x3d7 0x0 0x0 0x0 0x0 0x0 0x0 0x9 0x2 0xc 0x0 oops 0 methods 0
ciMethodData java/lang/AbstractStringBuilder newCapacity (I)I 1 1040 orig 312 248 58 51 93 0 0 0 0 0 64 114 117 206 2 0 0 248 1 0 0 64 0 0 0 0 0 0 0 0 0 0 0 0 0 0 0 0 0 0 0 0 0 0 0 0 0 0 0 0 0 0 0 0 0 0 0 0 0 0 0 0 0 0 0 0 0 0 0 0 0 0 0 0 0 0 0 0 0 0 0 77 68 79 32 101 120 116 114 97 32 100 97 116 97 32 108 111 99 107 0 0 0 0 0 0 0 0 0 0 0 0 0 0 0 0 0 0 0 0 0 0 0 0 0 0 0 0 0 0 0 0 0 0 0 0 0 0 0 0 0 0 0 0 0 0 0 0 0 0 0 0 0 0 0 0 0 0 0 0 0 0 0 0 0 0 0 0 0 0 0 0 0 0 0 0 0 0 0 0 0 0 0 0 0 0 0 0 0 0 0 0 0 0 0 0 0 0 0 0 0 0 0 0 0 0 0 0 0 0 0 0 0 0 0 0 0 17 0 0 0 0 0 0 0 0 0 0 0 0 0 0 0 1 0 0 0 0 0 0 0 0 0 0 0 0 0 0 0 58 0 0 0 177 30 0 0 1 0 0 0 0 0 0 0 0 0 0 0 0 0 0 0 248 3 0 0 248 31 0 0 2 0 0 0 0 0 12 0 2 0 0 0 0 0 0 0 136 0 0 0 254 255 255 255 7 0 20 0 0 0 0 0 data 25 0x140007 0x231 0x20 0x1a5 0x230007 0x0 0x40 0x3d6 0x2a0007 0x3d6 0x48 0x0 0x2f0002 0x0 0x320003 0x0 0x18 0x0 0x0 0x0 0x0 0x9 0x2 0x0 0x0 oops 0 methods 0
ciMethodData java/util/Arrays copyOf ([BI)[B 2 35836 orig 312 248 58 51 93 0 0 0 0 112 49 123 117 206 2 0 0 160 1 0 0 0 0 0 0 0 0 0 0 0 0 0 0 0 0 0 0 0 0 0 0 0 0 0 0 0 0 0 0 0 0 0 0 0 0 0 0 0 0 0 0 0 0 0 0 0 0 0 0 0 0 0 0 0 0 0 0 0 0 0 0 77 68 79 32 101 120 116 114 97 32 100 97 116 97 32 108 111 99 107 0 0 0 0 0 0 0 0 0 0 0 0 0 0 0 0 0 0 0 0 0 0 0 0 0 0 0 0 0 0 0 0 0 0 0 0 0 0 0 0 0 0 0 0 0 0 0 0 0 0 0 0 0 0 0 0 0 0 0 0 0 0 0 0 0 0 0 0 0 0 0 0 0 0 0 0 0 0 0 0 0 0 0 0 0 0 0 0 0 0 0 0 0 0 0 0 0 0 0 0 0 0 0 0 0 0 0 0 0 0 0 0 0 0 0 0 0 29 0 0 0 0 0 0 0 0 0 0 0 0 0 0 0 0 0 0 0 0 0 0 0 0 0 0 0 0 0 0 0 146 0 0 0 81 91 4 0 1 0 0 0 0 0 0 0 0 0 0 0 0 0 0 0 248 3 0 0 248 31 0 0 2 0 0 0 0 0 7 0 2 0 0 0 0 0 0 0 32 0 0 0 254 255 255 255 2 0 11 0 0 0 0 0 data 14 0xb0002 0x8b6a 0xe0002 0x8b6a 0x0 0x0 0x0 0x0 0x0 0x0 0x9 0x2 0xffffffffffffffff 0x0 oops 0 methods 0
ciMethodData java/lang/AbstractStringBuilder putStringAt (ILjava/lang/String;)V 2 12545 orig 312 248 58 51 93 0 0 0 0 64 107 114 117 206 2 0 0 96 2 0 0 112 0 0 0 0 0 0 0 0 0 0 0 0 0 0 0 0 0 0 0 0 0 0 0 0 0 0 0 0 0 0 0 0 0 0 0 0 0 0 0 0 0 0 0 0 0 0 0 0 0 0 0 0 0 0 0 0 0 0 0 77 68 79 32 101 120 116 114 97 32 100 97 116 97 32 108 111 99 107 0 0 0 0 0 0 0 0 0 0 0 0 0 0 0 0 0 0 0 0 0 0 0 0 0 0 0 0 0 0 0 0 0 0 0 0 0 0 0 0 0 0 0 0 0 0 0 0 0 0 0 0 0 0 0 0 0 0 0 0 0 0 0 0 0 0 0 0 0 0 0 0 0 0 0 0 0 0 0 0 0 1 0 0 0 0 0 0 0 0 0 0 0 0 0 0 0 0 0 0 0 0 0 0 0 0 0 0 0 0 0 0 0 0 0 0 0 17 0 0 0 0 0 0 0 0 0 0 0 0 0 0 0 0 0 0 0 0 0 0 0 0 0 0 0 0 0 0 0 0 1 0 0 9 128 1 0 1 0 0 0 98 20 0 0 0 0 0 0 0 0 0 0 248 3 0 0 248 31 0 0 2 0 0 0 0 0 12 0 2 0 0 0 0 0 0 0 216 0 0 0 254 255 255 255 5 0 1 0 0 0 0 0 data 38 0x10005 0x9 0x0 0x2ce509b2e00 0x2f32 0x2ce509b2cc0 0xc6 0x50005 0x9 0x0 0x2ce509b0390 0x2ff8 0x0 0x0 0x8e007 0x2ffc 0x30 0x6 0xc0002 0x6 0x190005 0xa 0x0 0x2ce509b0390 0x2ff8 0x0 0x0 0x0 0x0 0x0 0x0 0x0 0x0 0x9 0x3 0xffffffffffffffff 0x0 0xffffffffffffffff oops 4 3 java/lang/StringBuilder 5 java/lang/StringBuffer 10 java/lang/String 23 java/lang/String methods 0
ciMethodData java/lang/AbstractStringBuilder getCoder ()B 2 21393 orig 312 248 58 51 93 0 0 0 0 32 104 114 117 206 2 0 0 160 1 0 0 0 0 0 0 0 0 0 0 0 0 0 0 0 0 0 0 0 0 0 0 0 0 0 0 0 0 0 0 0 0 0 0 0 0 0 0 0 0 0 0 0 0 0 0 0 0 0 0 0 0 0 0 0 0 0 0 0 0 0 0 77 68 79 32 101 120 116 114 97 32 100 97 116 97 32 108 111 99 107 0 0 0 0 0 0 0 0 0 0 0 0 0 0 0 0 0 0 0 0 0 0 0 0 0 0 0 0 0 0 0 0 0 0 0 0 0 0 0 0 0 0 0 0 0 0 0 0 0 0 0 0 0 0 0 0 0 0 0 0 0 0 0 0 0 0 0 0 0 0 0 0 0 0 0 0 0 0 0 0 0 0 0 0 0 0 0 0 0 0 0 0 0 0 0 0 0 0 0 0 0 0 0 0 0 0 0 0 0 0 0 0 0 0 0 0 0 0 0 0 0 0 0 0 0 0 0 0 0 0 0 0 0 0 0 0 0 0 0 0 0 0 0 0 0 0 0 0 0 0 1 0 0 137 148 2 0 1 0 0 0 0 0 0 0 0 0 0 0 0 0 0 0 248 3 0 0 248 31 0 0 2 0 0 0 0 0 5 0 2 0 0 0 0 0 0 0 56 0 0 0 254 255 255 255 7 0 3 0 0 0 0 0 data 14 0x30007 0x0 0x38 0x5291 0xa0003 0x5291 0x18 0x0 0x0 0x0 0x0 0x9 0x1 0x0 oops 0 methods 0
ciMethodData java/lang/AbstractStringBuilder inflate ()V 1 190 orig 312 248 58 51 93 0 0 0 0 112 65 114 117 206 2 0 0 240 1 0 0 56 0 0 0 0 0 0 0 0 0 0 0 0 0 0 0 0 0 0 0 0 0 0 0 0 0 0 0 0 0 0 0 0 0 0 0 0 0 0 0 0 0 0 0 0 0 0 0 0 0 0 0 0 0 0 0 0 0 0 0 77 68 79 32 101 120 116 114 97 32 100 97 116 97 32 108 111 99 107 0 0 0 0 0 0 0 0 0 0 0 0 0 0 0 0 0 0 0 0 0 0 0 0 0 0 0 0 0 0 0 0 0 0 0 0 0 0 0 0 0 0 0 0 0 0 0 0 0 0 0 0 0 0 0 0 0 0 0 0 0 0 0 0 0 0 0 0 0 0 0 0 0 0 0 0 0 0 0 0 0 0 0 0 0 0 0 0 0 0 0 0 0 0 0 0 0 0 0 0 0 0 0 0 0 0 0 0 0 0 0 0 0 0 0 0 0 17 0 0 0 0 0 0 0 0 0 0 0 0 0 0 0 1 0 0 0 0 0 0 0 0 0 0 0 0 0 0 0 0 0 0 0 241 5 0 0 1 0 0 0 0 0 0 0 0 0 0 0 0 0 0 0 248 3 0 0 248 31 0 0 2 0 0 0 0 0 0 0 0 0 0 0 0 0 0 0 120 0 0 0 254 255 255 255 5 0 1 0 0 0 0 0 data 24 0x10005 0xbe 0x0 0x0 0x0 0x0 0x0 0x40007 0x9f 0x20 0x1f 0xd0002 0x9f 0x1c0002 0x9f 0x0 0x0 0x0 0x0 0x0 0x0 0x9 0x1 0xc oops 0 methods 0
ciMethodData java/lang/String getBytes ([BIB)V 2 10614 orig 312 248 58 51 93 0 0 0 0 104 117 106 117 206 2 0 0 32 2 0 0 56 0 0 0 0 0 0 0 0 0 0 0 0 0 0 0 0 0 0 0 0 0 0 0 0 0 0 0 0 0 0 0 0 0 0 0 0 0 0 0 0 0 0 0 0 0 0 0 0 0 0 0 0 0 0 0 0 0 0 0 77 68 79 32 101 120 116 114 97 32 100 97 116 97 32 108 111 99 107 0 0 0 0 0 0 0 0 0 0 0 0 0 0 0 0 0 0 0 0 0 0 0 0 0 0 0 0 0 0 0 0 0 0 0 0 0 0 0 0 0 0 0 0 0 1 0 0 0 0 0 0 0 0 0 0 0 0 0 0 0 0 0 0 0 0 0 0 0 0 0 0 0 0 0 0 0 0 0 0 0 1 0 0 0 0 0 0 0 0 0 0 0 0 0 0 0 0 0 0 0 0 0 0 0 0 0 0 0 0 0 0 0 0 0 0 0 0 0 0 0 0 0 0 0 0 0 0 0 0 0 0 0 0 0 0 0 0 0 0 0 0 0 0 0 0 0 0 0 4 1 0 0 145 67 1 0 1 0 0 0 25 20 0 0 0 0 0 0 0 0 0 0 248 3 0 0 248 31 0 0 2 0 0 0 0 0 9 0 2 0 0 0 0 0 0 0 144 0 0 0 254 255 255 255 5 0 1 0 0 0 0 0 data 30 0x10005 0x107 0x0 0x2ce509b0390 0x276b 0x0 0x0 0x5e007 0x2 0x48 0x2871 0x160002 0x2871 0x190003 0x2871 0x28 0x280002 0x2 0x0 0x0 0x0 0x0 0x0 0x0 0x9 0x4 0x0 0x0 0x0 0x0 oops 1 3 java/lang/String methods 0
ciMethodData java/lang/AbstractStringBuilder appendNull ()Ljava/lang/AbstractStringBuilder; 1 3 orig 312 248 58 51 93 0 0 0 0 64 76 114 117 206 2 0 0 8 2 0 0 104 0 0 0 0 0 0 0 0 0 0 0 0 0 0 0 0 0 0 0 0 0 0 0 0 0 0 0 0 0 0 0 0 0 0 0 0 0 0 0 0 0 0 0 0 0 0 0 0 0 0 0 0 0 0 0 0 0 0 0 77 68 79 32 101 120 116 114 97 32 100 97 116 97 32 108 111 99 107 0 0 0 0 0 0 0 0 0 0 0 0 0 0 0 0 0 0 0 0 0 0 0 0 0 0 0 0 0 0 0 0 0 0 0 0 0 0 0 0 0 0 0 0 0 0 0 0 0 0 0 0 0 0 0 0 0 0 0 0 0 0 0 0 0 0 0 0 0 0 0 0 0 0 0 0 0 0 0 0 0 0 0 0 0 0 0 0 0 0 0 0 0 0 0 0 0 0 0 0 0 0 0 0 0 0 0 0 0 0 0 0 0 0 0 0 0 19 0 0 0 0 0 0 0 0 0 0 0 0 0 0 0 1 0 0 0 0 0 0 0 1 0 0 0 0 0 0 0 0 0 0 0 25 0 0 0 1 0 0 0 0 0 0 0 0 0 0 0 0 0 0 0 248 3 0 0 248 31 0 0 2 0 0 0 0 0 0 0 0 0 0 0 0 0 0 0 144 0 0 0 254 255 255 255 2 0 7 0 0 0 0 0 data 27 0x70002 0x3 0x150005 0x3 0x0 0x0 0x0 0x0 0x0 0x180007 0x0 0x38 0x3 0x3b0003 0x3 0x28 0x480002 0x0 0x0 0x0 0x0 0x0 0x0 0x0 0x9 0x1 0xe oops 0 methods 0
ciMethodData java/lang/StringBuilder append (C)Ljava/lang/StringBuilder; 2 500054 orig 312 248 58 51 93 0 0 0 0 128 138 114 117 206 2 0 0 120 1 0 0 0 0 0 0 0 0 0 0 0 0 0 0 0 0 0 0 0 0 0 0 0 0 0 0 0 0 0 0 0 0 0 0 0 0 0 0 0 0 0 0 0 0 0 0 0 0 0 0 0 0 0 0 0 0 0 0 0 0 0 0 77 68 79 32 101 120 116 114 97 32 100 97 116 97 32 108 111 99 107 0 0 0 0 0 0 0 0 0 0 0 0 0 0 0 0 0 0 0 0 0 0 0 0 0 0 0 0 0 0 0 0 0 0 0 0 0 0 0 0 0 0 0 0 0 1 0 0 0 0 0 0 0 0 0 0 0 0 0 0 0 0 0 0 0 0 0 0 0 0 0 0 0 0 0 0 0 0 0 0 0 0 0 0 0 0 0 0 0 0 0 0 0 0 0 0 0 0 0 0 0 0 0 0 0 0 0 0 0 0 0 0 0 0 0 0 0 19 0 0 0 0 0 0 0 0 0 0 0 0 0 0 0 0 0 0 0 0 0 0 0 1 0 0 0 0 0 0 0 7 1 0 0 121 2 61 0 1 0 0 0 106 174 6 0 0 0 0 0 0 0 0 0 248 3 0 0 248 31 0 0 2 0 0 0 0 0 3 0 2 0 0 0 0 0 0 0 16 0 0 0 254 255 255 255 2 0 2 0 0 0 0 0 data 9 0x20002 0x7a04f 0x0 0x0 0x0 0x9 0x2 0xe 0x0 oops 0 methods 0
ciMethodData java/lang/AbstractStringBuilder append (C)Ljava/lang/AbstractStringBuilder; 2 14626 orig 312 248 58 51 93 0 0 0 0 80 80 114 117 206 2 0 0 168 2 0 0 104 0 0 0 0 0 0 0 0 0 0 0 0 0 0 0 0 0 0 0 0 0 0 0 0 0 0 0 0 0 0 0 0 0 0 0 0 0 0 0 0 0 0 0 0 0 0 0 0 0 0 0 0 0 0 0 0 0 0 0 77 68 79 32 101 120 116 114 97 32 100 97 116 97 32 108 111 99 107 0 0 0 0 0 0 0 0 0 0 0 0 0 0 0 0 0 0 0 0 0 0 0 0 0 0 0 0 0 0 0 0 0 0 0 0 0 0 0 0 0 0 0 0 0 1 0 0 0 0 0 0 0 0 0 0 0 0 0 0 0 0 0 0 0 0 0 0 0 0 0 0 0 0 0 0 0 0 0 0 0 0 0 0 0 0 0 0 0 0 0 0 0 0 0 0 0 0 0 0 0 0 0 0 0 0 0 0 0 0 0 0 0 0 0 0 0 19 0 0 0 0 0 0 0 0 0 0 0 0 0 0 0 1 0 0 0 0 0 0 0 1 0 0 0 0 0 0 0 7 1 0 0 217 192 1 0 1 0 0 0 84 27 0 0 0 0 0 0 0 0 0 0 248 3 0 0 248 31 0 0 2 0 0 0 0 0 26 0 2 0 0 0 0 0 0 0 40 1 0 0 254 255 255 255 2 0 7 0 0 0 0 0 data 47 0x70002 0x381b 0xb0005 0xa6 0x0 0x2ce509b2e00 0x36ab 0x2ce509b2cc0 0xca 0xe0007 0x226 0x68 0x35f5 0x120002 0x35f5 0x150007 0x21 0x38 0x35d6 0x2a0003 0x35d6 0x90 0x2e0005 0x9c 0x0 0x2ce509b2cc0 0xbd 0x2ce509b2e00 0xee 0x310007 0x226 0x30 0x21 0x350002 0x21 0x480002 0x247 0x0 0x0 0x0 0x0 0x0 0x0 0x9 0x2 0xe 0x0 oops 4 5 java/lang/StringBuilder 7 java/lang/StringBuffer 25 java/lang/StringBuffer 27 java/lang/StringBuilder methods 0
ciMethodData java/lang/StringUTF16 putCharSB ([BII)V 1 583 orig 312 248 58 51 93 0 0 0 0 40 173 128 117 206 2 0 0 168 1 0 0 0 0 0 0 0 0 0 0 0 0 0 0 0 0 0 0 0 0 0 0 0 0 0 0 0 0 0 0 0 0 0 0 0 0 0 0 0 0 0 0 0 0 0 0 0 0 0 0 0 0 0 0 0 0 0 0 0 0 0 0 77 68 79 32 101 120 116 114 97 32 100 97 116 97 32 108 111 99 107 0 0 0 0 0 0 0 0 0 0 0 0 0 0 0 0 0 0 0 0 0 0 0 0 0 0 0 0 0 0 0 0 0 0 0 0 0 0 0 0 0 0 0 0 0 0 0 0 0 0 0 0 0 0 0 0 0 0 0 0 0 0 0 0 0 0 0 0 0 0 0 0 0 0 0 0 0 0 0 0 0 0 0 0 0 0 0 0 0 0 0 0 0 0 0 0 0 0 0 0 0 0 0 0 0 0 0 0 0 0 0 0 0 0 0 0 0 0 0 0 0 0 0 0 0 0 0 0 0 0 0 0 0 0 0 0 0 0 0 0 0 0 0 0 0 0 0 0 0 0 0 0 0 57 18 0 0 1 0 0 0 0 0 0 0 0 0 0 0 0 0 0 0 248 3 0 0 248 31 0 0 2 0 0 0 0 0 0 0 0 0 0 0 0 0 0 0 32 0 0 0 254 255 255 255 2 0 2 0 0 0 0 0 data 15 0x20002 0x247 0x80002 0x9c 0x0 0x0 0x0 0x0 0x0 0x0 0x9 0x3 0x0 0x0 0x0 oops 0 methods 0
ciMethodData java/lang/AbstractStringBuilder hugeCapacity (I)I 1 0 orig 312 248 58 51 93 0 0 0 0 184 64 114 117 206 2 0 0 216 1 0 0 32 0 0 0 0 0 0 0 0 0 0 0 0 0 0 0 0 0 0 0 0 0 0 0 0 0 0 0 0 0 0 0 0 0 0 0 0 0 0 0 0 0 0 0 0 0 0 0 0 0 0 0 0 0 0 0 0 0 0 0 77 68 79 32 101 120 116 114 97 32 100 97 116 97 32 108 111 99 107 0 0 0 0 0 0 0 0 0 0 0 0 0 0 0 0 0 0 0 0 0 0 0 0 0 0 0 0 0 0 0 0 0 0 0 0 0 0 0 0 0 0 0 0 0 0 0 0 0 0 0 0 0 0 0 0 0 0 0 0 0 0 0 0 0 0 0 0 0 0 0 0 0 0 0 0 0 0 0 0 0 0 0 0 0 0 0 0 0 0 0 0 0 0 0 0 0 0 0 0 0 0 0 0 0 0 0 0 0 0 0 0 0 0 0 0 0 25 0 0 0 0 0 0 0 0 0 0 0 0 0 0 0 1 0 0 0 0 0 0 0 0 0 0 0 0 0 0 0 0 0 0 0 1 0 0 0 1 0 0 0 0 0 0 0 0 0 0 0 0 0 0 0 248 3 0 0 248 31 0 0 2 0 0 0 0 0 0 0 0 0 0 0 0 0 0 0 104 0 0 0 254 255 255 255 7 0 19 0 0 0 0 0 data 21 0x130007 0x0 0x30 0x0 0x1a0002 0x0 0x200007 0x0 0x38 0x0 0x240003 0x0 0x18 0x0 0x0 0x0 0x0 0x9 0x2 0x0 0x0 oops 0 methods 0
ciMethodData java/util/Locale getDefault ()Ljava/util/Locale; 2 57824 orig 312 248 58 51 93 0 0 0 0 216 194 147 117 206 2 0 0 80 1 0 0 0 0 0 0 0 0 0 0 0 0 0 0 0 0 0 0 0 0 0 0 0 0 0 0 0 0 0 0 0 0 0 0 0 0 0 0 0 0 0 0 0 0 0 0 0 0 0 0 0 0 0 0 0 0 0 0 0 0 0 0 77 68 79 32 101 120 116 114 97 32 100 97 116 97 32 108 111 99 107 0 0 0 0 0 0 0 0 0 0 0 0 0 0 0 0 0 0 0 0 0 0 0 0 0 0 0 0 0 0 0 0 0 0 0 0 0 0 0 0 0 0 0 0 0 0 0 0 0 0 0 0 0 0 0 0 0 0 0 0 0 0 0 0 0 0 0 0 0 0 0 0 0 0 0 0 0 0 0 0 0 0 0 0 0 0 0 0 0 0 0 0 0 0 0 0 0 0 0 0 0 0 0 0 0 0 0 0 0 0 0 0 0 0 0 0 0 0 0 0 0 0 0 0 0 0 0 0 0 0 0 0 0 0 0 0 0 0 0 0 0 0 0 0 0 0 0 0 0 0 1 0 0 1 7 7 0 1 0 0 0 0 0 0 0 0 0 0 0 0 0 0 0 248 3 0 0 248 31 0 0 2 0 0 0 0 0 3 0 1 0 0 0 0 0 0 0 0 0 0 0 254 255 255 255 0 0 0 0 0 0 0 0 data 4 0x0 0x0 0x9 0x0 oops 0 methods 0
ciMethod java/lang/invoke/LambdaForm$MH linkToTargetMethod (Ljava/lang/Object;Ljava/lang/Object;Ljava/lang/Object;)Ljava/lang/Object; 4097 1 23714 0 -1
ciMethod java/awt/Font getFont2D ()Lsun/font/Font2D; 3897 1 6292 0 960
ciMethod java/awt/Font getFamily ()Ljava/lang/String; 4097 1 10970 0 0
ciMethod java/awt/Font getFamily_NoClientCode ()Ljava/lang/String; 4089 1 10971 0 0
ciMethod java/awt/Font getFamily (Ljava/util/Locale;)Ljava/lang/String; 4209 1 10987 0 0
ciMethod java/awt/Font getSize ()I 1065 1 133 0 0
ciMethod java/awt/Font isBold ()Z 2049 1 5684 0 0
ciMethod java/awt/Font isItalic ()Z 2049 1 5684 0 0
ciMethod java/awt/Color getRed ()I 2049 1 140259 0 64
ciMethod java/awt/Color getGreen ()I 2049 1 93322 0 64
ciMethod java/awt/Color getBlue ()I 2449 1 75097 0 32
ciMethod java/awt/Color getRGB ()I 2217 1 277 0 0
ciMethod sun/awt/AppContext getAppContext ()Lsun/awt/AppContext; 3129 1 5575 0 -1
ciMethod sun/awt/AppContext get (Ljava/lang/Object;)Ljava/lang/Object; 2097 1 7433 0 -1
ciMethod sun/swing/SwingUtilities2 displayPropertiesToCSS (Ljava/awt/Font;Ljava/awt/Color;)Ljava/lang/String; 2049 1 5376 0 -1
ciMethodData java/lang/StringBuilder <init> (Ljava/lang/String;)V 2 72861 orig 312 248 58 51 93 0 0 0 0 120 132 114 117 206 2 0 0 0 2 0 0 0 0 0 0 0 0 0 0 0 0 0 0 0 0 0 0 0 0 0 0 0 0 0 0 0 0 0 0 0 0 0 0 0 0 0 0 0 0 0 0 0 0 0 0 0 0 0 0 0 0 0 0 0 0 0 0 0 0 0 0 77 68 79 32 101 120 116 114 97 32 100 97 116 97 32 108 111 99 107 0 0 0 0 0 0 0 0 0 0 0 0 0 0 0 0 0 0 0 0 0 0 0 0 0 0 0 0 0 0 0 0 0 0 0 0 0 0 0 0 0 0 0 0 0 0 0 0 0 0 0 0 0 0 0 0 0 0 0 0 0 0 0 0 0 0 0 0 0 0 0 0 0 0 0 0 0 0 0 0 0 0 0 0 0 0 0 0 0 0 0 0 0 0 0 0 0 0 0 0 0 0 0 0 0 0 0 0 0 0 0 0 0 0 0 0 0 17 0 0 0 0 0 0 0 0 0 0 0 0 0 0 0 0 0 0 0 0 0 0 0 0 0 0 0 0 0 0 0 11 1 0 0 145 220 8 0 1 0 0 0 0 0 0 0 0 0 0 0 0 0 0 0 248 3 0 0 248 31 0 0 2 0 0 0 0 0 7 0 2 0 0 0 0 0 0 0 128 0 0 0 254 255 255 255 5 0 2 0 0 0 0 0 data 26 0x20005 0x0 0x0 0x2ce509b0390 0x11b92 0x0 0x0 0x80002 0x11b92 0xd0005 0x0 0x0 0x2ce509b2e00 0x11b92 0x0 0x0 0x0 0x0 0x0 0x0 0x0 0x0 0x9 0x2 0xffffffffffffffff 0xffffffffffffffff oops 2 3 java/lang/String 12 java/lang/StringBuilder methods 0
ciMethodData java/lang/Integer toHexString (I)Ljava/lang/String; 2 26680 orig 312 248 58 51 93 0 0 0 0 192 220 118 117 206 2 0 0 136 1 0 0 0 0 0 0 0 0 0 0 0 0 0 0 0 0 0 0 0 0 0 0 0 0 0 0 0 0 0 0 0 0 0 0 0 0 0 0 0 0 0 0 0 0 0 0 0 0 0 0 0 0 0 0 0 0 0 0 0 0 0 0 77 68 79 32 101 120 116 114 97 32 100 97 116 97 32 108 111 99 107 0 0 0 0 0 0 0 0 0 0 0 0 0 0 0 0 0 0 0 0 0 0 0 0 0 0 0 0 0 0 0 0 0 0 0 0 0 0 0 0 0 0 0 0 0 0 0 0 0 0 0 0 0 0 0 0 0 0 0 0 0 0 0 0 0 0 0 0 0 0 0 0 0 0 0 0 0 0 0 0 0 0 0 0 0 0 0 0 0 0 0 0 0 0 0 0 0 0 0 0 0 0 0 0 0 0 0 0 0 0 0 0 0 0 0 0 0 0 0 0 0 0 0 0 0 0 0 0 0 0 0 0 0 0 0 0 0 0 0 0 0 0 0 0 0 0 0 0 0 22 0 0 0 17 65 3 0 1 0 0 0 0 0 0 0 0 0 0 0 0 0 0 0 248 3 0 0 248 31 0 0 2 0 0 0 0 0 3 0 2 0 0 0 0 0 0 0 16 0 0 0 254 255 255 255 2 0 2 0 0 0 0 0 data 11 0x20002 0x6822 0x0 0x0 0x0 0x0 0x0 0x0 0x9 0x1 0x0 oops 0 methods 0
ciMethodData java/lang/Integer toUnsignedString0 (II)Ljava/lang/String; 2 5162 orig 312 248 58 51 93 0 0 0 0 184 222 118 117 206 2 0 0 0 2 0 0 80 0 0 0 0 0 0 0 0 0 0 0 0 0 0 0 0 0 0 0 0 0 0 0 0 0 0 0 0 0 0 0 0 0 0 0 0 0 0 0 0 0 0 0 0 0 0 0 0 0 0 0 0 0 0 0 0 0 0 0 77 68 79 32 101 120 116 114 97 32 100 97 116 97 32 108 111 99 107 0 0 0 0 0 0 0 0 0 0 0 0 0 0 0 0 0 0 0 0 0 0 0 0 0 0 0 0 0 0 0 0 0 0 0 0 0 0 0 0 0 0 0 0 0 0 0 0 0 0 0 0 0 0 0 0 0 0 0 0 0 0 0 0 0 0 0 0 0 0 0 0 0 0 0 0 0 0 0 0 0 0 0 0 0 0 0 0 0 0 0 0 0 0 0 0 0 0 0 0 0 0 0 0 0 0 0 0 0 0 0 0 0 0 0 0 0 0 0 0 0 0 0 0 0 0 0 0 0 0 0 0 0 0 0 0 0 0 0 0 0 0 0 0 0 0 0 0 0 22 0 0 0 161 160 0 0 1 0 0 0 0 0 0 0 0 0 0 0 0 0 0 0 248 3 0 0 248 31 0 0 2 0 0 0 0 0 8 0 2 0 0 0 0 0 0 0 128 0 0 0 254 255 255 255 2 0 3 0 0 0 0 0 data 26 0x30002 0x1414 0x100002 0x1414 0x170007 0x0 0x40 0x1414 0x250002 0x1414 0x2f0002 0x1414 0x400002 0x0 0x4a0002 0x0 0x0 0x0 0x0 0x0 0x0 0x0 0x9 0x2 0x0 0x0 oops 0 methods 0
ciMethodData java/util/Locale equals (Ljava/lang/Object;)Z 2 5540 orig 312 248 58 51 93 0 0 0 0 104 228 147 117 206 2 0 0 136 3 0 0 32 0 0 0 0 0 0 0 0 0 0 0 0 0 0 0 0 0 0 0 0 0 0 0 0 0 0 0 0 0 0 0 0 0 0 0 0 0 0 0 0 0 0 0 0 0 0 0 0 0 0 0 0 0 0 0 0 0 0 0 77 68 79 32 101 120 116 114 97 32 100 97 116 97 32 108 111 99 107 0 0 0 0 0 0 0 0 0 0 0 0 0 0 0 0 0 0 0 0 0 0 0 0 0 0 0 0 0 0 0 0 0 0 0 0 0 0 0 0 0 0 0 0 0 1 0 0 0 0 0 0 0 0 0 0 0 0 0 0 0 0 1 0 0 0 0 0 0 0 0 0 0 0 0 0 0 0 0 0 0 0 0 0 0 0 0 0 0 0 0 0 0 0 0 0 0 0 0 0 0 0 0 0 0 0 0 0 0 0 0 0 0 0 0 0 0 17 0 0 0 0 0 0 0 0 0 0 0 0 0 0 0 3 0 0 0 0 0 0 0 0 0 0 0 0 0 0 0 11 1 0 0 201 164 0 0 1 0 0 0 0 0 0 0 0 0 0 0 0 0 0 0 248 3 0 0 248 31 0 0 2 0 0 0 0 0 14 0 2 0 0 0 0 0 0 0 8 2 0 0 254 255 255 255 7 0 2 0 0 0 0 0 data 75 0x20007 0xa88 0x20 0xa11 0x89104 0x0 0x0 0x2ce06d95ad0 0xa88 0x0 0x0 0xb0007 0xa88 0x20 0x1 0x110004 0x0 0x0 0x2ce06d95ad0 0xa88 0x0 0x0 0x1d0005 0x2c 0x0 0x2ce03b040b0 0xa5c 0x0 0x0 0x200007 0x1ba 0x20 0x8ce 0x290007 0x0 0x90 0x1ba 0x2d0004 0x0 0x0 0x2ce06d95ad0 0x1ba 0x0 0x0 0x330007 0x0 0x38 0x1ba 0x370003 0x1ba 0x18 0x410004 0x0 0x0 0x0 0x0 0x0 0x0 0x470005 0x0 0x0 0x0 0x0 0x0 0x0 0x0 0x0 0x0 0x0 0x0 0x0 0x9 0x2 0x0 0x0 oops 4 7 java/util/Locale 18 java/util/Locale 25 sun/util/locale/BaseLocale 40 java/util/Locale methods 0
ciMethodData java/awt/Color getRed ()I 2 140443 orig 312 248 58 51 93 0 0 0 0 96 235 218 117 206 2 0 0 176 1 0 0 0 0 0 0 0 0 0 0 0 0 0 0 0 0 0 0 0 0 0 0 0 0 0 0 0 0 0 0 0 0 0 0 0 0 0 0 0 0 0 0 0 0 0 0 0 0 0 0 0 0 0 0 0 0 0 0 0 0 0 0 77 68 79 32 101 120 116 114 97 32 100 97 116 97 32 108 111 99 107 0 0 0 0 0 0 0 0 0 0 0 0 0 0 0 0 0 0 0 0 0 0 0 0 0 0 0 0 0 0 0 0 0 0 0 0 0 0 0 0 0 0 0 0 0 0 0 0 0 0 0 0 0 0 0 0 0 0 0 0 0 0 0 0 0 0 0 0 0 0 0 0 0 0 0 0 0 0 0 0 0 0 0 0 0 0 0 0 0 0 0 0 0 0 0 0 0 0 0 0 0 0 0 0 0 0 0 0 0 0 0 0 0 0 0 0 0 0 0 0 0 0 0 0 0 0 0 0 0 0 0 0 0 0 0 0 0 0 0 0 0 0 0 0 0 0 0 0 0 0 1 0 0 217 28 17 0 1 0 0 0 0 0 0 0 0 0 0 0 0 0 0 0 248 3 0 0 248 31 0 0 2 0 0 0 0 0 3 0 2 0 0 0 0 0 0 0 56 0 0 0 254 255 255 255 5 0 1 0 0 0 0 0 data 16 0x10005 0x0 0x0 0x2ce79ed66e0 0x212b3 0x2ce79ed7170 0x10e8 0x0 0x0 0x0 0x0 0x0 0x0 0x9 0x1 0x0 oops 2 3 java/awt/Color 5 javax/swing/plaf/ColorUIResource methods 0
ciMethodData java/awt/Color getGreen ()I 2 93506 orig 312 248 58 51 93 0 0 0 0 248 235 218 117 206 2 0 0 176 1 0 0 0 0 0 0 0 0 0 0 0 0 0 0 0 0 0 0 0 0 0 0 0 0 0 0 0 0 0 0 0 0 0 0 0 0 0 0 0 0 0 0 0 0 0 0 0 0 0 0 0 0 0 0 0 0 0 0 0 0 0 0 77 68 79 32 101 120 116 114 97 32 100 97 116 97 32 108 111 99 107 0 0 0 0 0 0 0 0 0 0 0 0 0 0 0 0 0 0 0 0 0 0 0 0 0 0 0 0 0 0 0 0 0 0 0 0 0 0 0 0 0 0 0 0 0 0 0 0 0 0 0 0 0 0 0 0 0 0 0 0 0 0 0 0 0 0 0 0 0 0 0 0 0 0 0 0 0 0 0 0 0 0 0 0 0 0 0 0 0 0 0 0 0 0 0 0 0 0 0 0 0 0 0 0 0 0 0 0 0 0 0 0 0 0 0 0 0 0 0 0 0 0 0 0 0 0 0 0 0 0 0 0 0 0 0 0 0 0 0 0 0 0 0 0 0 0 0 0 0 0 1 0 0 17 98 11 0 1 0 0 0 0 0 0 0 0 0 0 0 0 0 0 0 248 3 0 0 248 31 0 0 2 0 0 0 0 0 3 0 2 0 0 0 0 0 0 0 56 0 0 0 254 255 255 255 5 0 1 0 0 0 0 0 data 16 0x10005 0x0 0x0 0x2ce79ed66e0 0x15b5a 0x2ce79ed7170 0x10e8 0x0 0x0 0x0 0x0 0x0 0x0 0x9 0x1 0x0 oops 2 3 java/awt/Color 5 javax/swing/plaf/ColorUIResource methods 0
ciMethodData java/awt/Color getBlue ()I 2 75281 orig 312 248 58 51 93 0 0 0 0 144 236 218 117 206 2 0 0 176 1 0 0 0 0 0 0 0 0 0 0 0 0 0 0 0 0 0 0 0 0 0 0 0 0 0 0 0 0 0 0 0 0 0 0 0 0 0 0 0 0 0 0 0 0 0 0 0 0 0 0 0 0 0 0 0 0 0 0 0 0 0 0 77 68 79 32 101 120 116 114 97 32 100 97 116 97 32 108 111 99 107 0 0 0 0 0 0 0 0 0 0 0 0 0 0 0 0 0 0 0 0 0 0 0 0 0 0 0 0 0 0 0 0 0 0 0 0 0 0 0 0 0 0 0 0 0 0 0 0 0 0 0 0 0 0 0 0 0 0 0 0 0 0 0 0 0 0 0 0 0 0 0 0 0 0 0 0 0 0 0 0 0 0 0 0 0 0 0 0 0 0 0 0 0 0 0 0 0 0 0 0 0 0 0 0 0 0 0 0 0 0 0 0 0 0 0 0 0 0 0 0 0 0 0 0 0 0 0 0 0 0 0 0 0 0 0 0 0 0 0 0 0 0 0 0 0 0 0 0 0 46 1 0 0 249 38 9 0 1 0 0 0 0 0 0 0 0 0 0 0 0 0 0 0 248 3 0 0 248 31 0 0 2 0 0 0 0 0 3 0 2 0 0 0 0 0 0 0 56 0 0 0 254 255 255 255 5 0 1 0 0 0 0 0 data 16 0x10005 0x0 0x0 0x2ce79ed66e0 0x113f7 0x2ce79ed7170 0x10e8 0x0 0x0 0x0 0x0 0x0 0x0 0x9 0x1 0x0 oops 2 3 java/awt/Color 5 javax/swing/plaf/ColorUIResource methods 0
ciMethodData java/lang/Integer formatUnsignedInt (II[BII)V 2 16034 orig 312 248 58 51 93 0 0 0 0 40 224 118 117 206 2 0 0 168 1 0 0 0 0 0 0 0 0 0 0 0 0 0 0 0 0 0 0 0 0 0 0 0 0 0 0 0 0 0 0 0 0 0 0 0 0 0 0 0 0 0 0 0 0 0 0 0 0 0 0 0 0 0 0 0 0 0 0 0 0 0 0 77 68 79 32 101 120 116 114 97 32 100 97 116 97 32 108 111 99 107 0 0 0 0 0 0 0 0 0 0 0 0 0 0 0 0 0 0 0 0 0 0 0 0 0 0 0 0 0 0 0 0 0 0 0 0 0 0 0 0 0 0 0 0 0 0 0 0 0 0 0 0 0 0 0 0 0 0 0 0 0 0 0 0 0 0 0 0 0 0 0 0 0 0 0 0 0 0 0 0 0 0 0 0 0 0 0 0 0 0 0 0 0 0 0 0 0 0 0 0 0 0 0 0 0 0 0 0 0 0 0 0 0 0 0 0 0 0 0 0 0 0 0 0 0 0 0 0 0 0 0 0 0 0 0 0 0 0 0 0 0 0 0 0 0 0 0 0 0 0 4 0 0 81 64 0 0 17 213 1 0 0 0 0 0 0 0 0 0 0 0 0 0 248 3 0 0 248 31 0 0 2 0 0 0 1 0 6 0 2 0 0 0 0 0 0 0 32 0 0 0 254 255 255 255 7 0 40 0 0 0 0 0 data 15 0x280007 0x32fd 0x0 0x80a 0x0 0x0 0x0 0x0 0x9 0x5 0x0 0x0 0x0 0x0 0x0 oops 0 methods 0
ciMethod sun/font/FontManager findFont2D (Ljava/lang/String;II)Lsun/font/Font2D; 0 0 1 0 -1
ciMethod sun/font/FontManager usingPerAppContextComposites ()Z 0 0 1 0 -1
ciMethod sun/font/SunFontManager usingPerAppContextComposites ()Z 1537 1 192 0 0
ciMethod sun/font/SunFontManager findJREDeferredFont (Ljava/lang/String;I)Lsun/font/PhysicalFont; 65 1 8 0 -1
ciMethod sun/font/SunFontManager findDeferredFont (Ljava/lang/String;I)Lsun/font/PhysicalFont; 65 1 8 0 -1
ciMethod sun/font/SunFontManager getDefaultPhysicalFont ()Lsun/font/PhysicalFont; 0 0 1 0 -1
ciMethod sun/font/SunFontManager getDefaultLogicalFont (I)Lsun/font/Font2D; 625 1 78 0 -1
ciMethod sun/font/SunFontManager dotStyleStr (I)Ljava/lang/String; 2489 1 1350 0 -1
ciMethod sun/font/SunFontManager findFontFromPlatformMap (Ljava/lang/String;I)Lsun/font/Font2D; 697 1 115 0 -1
ciMethod sun/font/SunFontManager findFontFromPlatform (Ljava/lang/String;I)Lsun/font/Font2D; 697 169 115 0 -1
ciMethod sun/font/SunFontManager findFont2D (Ljava/lang/String;II)Lsun/font/Font2D; 2257 1 6446 0 21024
ciMethod sun/font/SunFontManager findFont2DAllLocales (Ljava/lang/String;I)Lsun/font/Font2D; 625 1 105 0 -1
ciMethod sun/font/SunFontManager getFontConfiguration ()Lsun/awt/FontConfiguration; 633 1 79 0 -1
ciMethod sun/font/SunFontManager loadFonts ()V 25 1 3 0 -1
ciMethod sun/font/SunFontManager loadFontFiles ()V 9 1 1 0 -1
ciMethod sun/font/SunFontManager register1dot0Fonts ()V 0 0 1 0 -1
ciMethod sun/font/FontUtilities getLogger ()Lsun/util/logging/PlatformLogger; 0 0 1 0 -1
ciMethod sun/font/FontUtilities isLogging ()Z 1577 1 2270 0 -1
ciMethod sun/font/TrueTypeFont getTableBuffer (I)Ljava/nio/ByteBuffer; 1697 16425 1936 0 -1
ciMethod sun/font/TrueTypeFont makeString ([BISS)Ljava/lang/String; 2089 1 5987 0 -1
ciMethod sun/font/TrueTypeFont lookupName (SI)Ljava/lang/String; 9 137 64 0 0
ciMethod sun/font/TrueTypeFont createLCIDMap ()V 17 1 2 0 -1
ciMethod sun/font/TrueTypeFont getLCIDFromLocale (Ljava/util/Locale;)S 977 1 624 0 0
ciMethod sun/font/TrueTypeFont getFamilyName (Ljava/util/Locale;)Ljava/lang/String; 2049 1 266 0 0
ciMethod sun/font/Font2D canDoStyle (I)Z 0 0 1 0 -1
ciMethod sun/font/Font2D getFamilyName (Ljava/util/Locale;)Ljava/lang/String; 4097 1 1536 0 0
ciMethod sun/font/FontManagerFactory getInstance ()Lsun/font/FontManager; 329 1 18309 0 0
ciMethod sun/font/FontManagerFactory$1 <init> ()V 9 1 1 0 -1
ciMethod sun/font/CompositeFont isStdComposite ()Z 0 0 1 0 -1
ciMethod sun/awt/FontConfiguration getFallbackFamilyName (Ljava/lang/String;Ljava/lang/String;)Ljava/lang/String; 0 0 1 0 -1
ciMethod sun/font/FontFamily getFamily (Ljava/lang/String;)Lsun/font/FontFamily; 2049 1 1324 0 -1
ciMethod sun/font/FontFamily getFontWithExactStyleMatch (I)Lsun/font/Font2D; 1617 1 206 0 -1
ciMethod sun/font/FontFamily getFont (I)Lsun/font/Font2D; 113 1 79 0 -1
ciMethod sun/font/FontFamily getClosestStyle (I)Lsun/font/Font2D; 65 1 8 0 -1
ciMethod java/nio/ShortBuffer get ()S 0 0 1 0 -1
ciMethod java/nio/ShortBuffer position (I)Ljava/nio/ShortBuffer; 2081 1 11660 0 -1
ciMethodData sun/font/FontManagerFactory getInstance ()Lsun/font/FontManager; 2 18309 orig 312 248 58 51 93 0 0 0 0 64 19 164 122 206 2 0 0 176 1 0 0 0 0 0 0 0 0 0 0 0 0 0 0 0 0 0 0 0 0 0 0 0 0 0 0 0 0 0 0 0 0 0 0 0 0 0 0 0 0 0 0 0 0 0 0 0 0 0 0 0 0 0 0 0 0 0 0 0 0 0 0 77 68 79 32 101 120 116 114 97 32 100 97 116 97 32 108 111 99 107 0 0 0 0 0 0 0 0 0 0 0 0 0 0 0 0 0 0 0 0 0 0 0 0 0 0 0 0 0 0 0 0 0 0 0 0 0 0 0 0 0 0 0 0 0 0 0 0 0 0 0 0 0 0 0 0 0 0 0 0 0 0 0 0 0 0 0 0 0 0 0 0 0 0 0 0 0 0 0 0 0 0 0 0 0 0 0 0 0 0 0 0 0 0 0 0 0 0 0 0 0 0 0 0 0 0 0 0 0 0 0 0 0 0 0 0 0 0 0 0 0 0 0 0 0 0 0 0 0 0 0 0 0 0 0 0 0 0 0 0 0 0 0 0 0 0 0 0 0 41 0 0 0 225 58 2 0 1 0 0 0 0 0 0 0 0 0 0 0 0 0 0 0 248 3 0 0 248 31 0 0 2 0 0 0 0 0 5 0 2 0 0 0 0 0 0 0 64 0 0 0 254 255 255 255 7 0 3 0 0 0 0 0 data 16 0x30007 0x0 0x20 0x475c 0xe0002 0x0 0x110002 0x0 0x0 0x0 0x0 0x0 0x0 0x0 0x9 0x0 oops 0 methods 0
ciMethodData sun/font/TrueTypeFont getLCIDFromLocale (Ljava/util/Locale;)S 1 624 orig 312 248 58 51 93 0 0 0 0 96 191 162 122 206 2 0 0 0 4 0 0 136 0 0 0 0 0 0 0 0 0 0 0 0 0 0 0 0 0 0 0 0 0 0 0 0 0 0 0 0 0 0 0 0 0 0 0 0 0 0 0 0 0 0 0 0 0 0 0 0 0 0 0 0 0 0 0 0 0 0 0 77 68 79 32 101 120 116 114 97 32 100 97 116 97 32 108 111 99 107 0 0 0 0 0 0 0 0 0 0 0 0 0 0 0 0 0 0 0 0 0 0 0 0 0 0 0 0 0 0 0 0 0 0 0 0 0 0 0 0 0 0 0 0 0 0 0 0 0 0 0 0 0 0 0 0 0 0 0 0 0 0 0 0 0 0 0 0 0 0 0 0 0 0 0 0 0 0 0 0 0 0 0 0 0 0 0 0 0 0 0 0 0 0 0 0 0 0 0 0 0 0 0 0 0 0 0 0 0 0 0 0 0 0 0 0 0 17 0 0 0 0 0 0 0 0 0 0 0 0 0 0 0 0 0 0 0 0 0 0 0 0 0 0 0 0 0 0 0 122 0 0 0 177 15 0 0 1 0 0 0 0 0 0 0 0 0 0 0 0 0 0 0 248 3 0 0 248 31 0 0 2 0 0 0 1 0 29 0 2 0 0 0 0 0 0 0 136 2 0 0 254 255 255 255 5 0 4 0 0 0 0 0 data 90 0x40005 0x83 0x0 0x2ce06d95ad0 0x173 0x0 0x0 0x70007 0x1b7 0x20 0x3f 0x110007 0x1b7 0x30 0x0 0x140002 0x0 0x180005 0x83 0x0 0x2ce06d95ad0 0x134 0x0 0x0 0x200005 0x83 0x0 0x2ce509b0390 0x134 0x0 0x0 0x230007 0x0 0x190 0x1b7 0x2a0005 0x0 0x0 0x2ce780d8090 0x1b7 0x0 0x0 0x2f0004 0x0 0x0 0x2ce509b3c70 0x1b7 0x0 0x0 0x340007 0x0 0x58 0x1b7 0x380005 0x83 0x0 0x2ce509b3c70 0x134 0x0 0x0 0x3f0005 0x0 0x0 0x0 0x0 0x0 0x0 0x450007 0x0 0x20 0x0 0x4f0005 0x0 0x0 0x0 0x0 0x0 0x0 0x530003 0x0 0xfffffffffffffe50 0x0 0x0 0x0 0x0 0x0 0x0 0x9 0x1 0xffffffffffffffff oops 6 3 java/util/Locale 20 java/util/Locale 27 java/lang/String 38 java/util/HashMap 45 java/lang/Short 56 java/lang/Short methods 0
ciMethodData sun/font/SunFontManager findFont2D (Ljava/lang/String;II)Lsun/font/Font2D; 2 6446 orig 312 248 58 51 93 0 0 0 0 8 153 161 122 206 2 0 0 32 29 0 0 32 19 0 0 0 0 0 0 0 0 0 0 0 0 0 0 0 0 0 0 0 0 0 0 0 0 0 0 0 0 0 0 0 0 0 0 0 0 0 0 0 0 0 0 0 0 0 0 0 0 0 0 0 0 0 0 0 0 0 0 77 68 79 32 101 120 116 114 97 32 100 97 116 97 32 108 111 99 107 0 0 0 0 0 0 0 0 0 0 0 0 0 0 0 0 0 0 0 0 0 0 0 0 0 0 0 0 0 0 0 0 0 0 0 0 0 0 0 0 0 0 0 0 0 0 0 0 0 0 0 0 0 0 0 0 0 0 0 0 0 0 0 0 0 0 0 0 0 0 0 0 0 0 0 0 0 0 0 0 0 0 0 0 0 0 0 0 0 0 0 0 0 0 0 0 0 0 0 0 0 0 0 0 0 0 0 0 0 0 0 0 0 0 0 0 0 0 0 0 0 0 0 0 0 0 0 0 0 0 0 0 0 0 0 0 0 0 0 0 0 0 0 0 0 0 0 0 0 16 1 0 0 161 192 0 0 1 0 0 0 0 0 0 0 0 0 0 0 0 0 0 0 248 3 0 0 248 31 0 0 2 0 0 0 0 0 241 0 2 0 0 0 0 0 0 0 128 26 0 0 254 255 255 255 5 0 4 0 0 0 0 0 data 894 0x40005 0x101 0x0 0x2ce509b0390 0x1713 0x0 0x0 0xc0002 0x1814 0xf000a 0x1814 0x5 0x0 0x2ce509b0390 0x1 0x2ce509b0390 0x2ce509b0390 0x1a0007 0x1814 0x160 0x0 0x1d0002 0x0 0x230005 0x0 0x0 0x0 0x0 0x0 0x0 0x260004 0x0 0x0 0x0 0x0 0x0 0x0 0x2d0007 0x0 0xa8 0x0 0x340005 0x0 0x0 0x0 0x0 0x0 0x0 0x370004 0x0 0x0 0x0 0x0 0x0 0x0 0x3c0003 0x0 0x18 0x420003 0x0 0x88 0x4b0005 0x0 0x0 0x2ce039c2b80 0x1814 0x0 0x0 0x4e0104 0x0 0x0 0x2ce06d98450 0x1694 0x2ce06d98500 0xac 0x550007 0xd4 0x20 0x1740 0x5b0002 0xd4 0x5e0007 0xd4 0x98 0x0 0x610002 0x0 0x65000a 0x0 0x3 0x0 0x0 0x2ce509b0390 0x6a0005 0x0 0x0 0x0 0x0 0x0 0x0 0x700007 0x0 0xe8 0xd4 0x780005 0xc2 0x0 0x2ce509b0390 0x12 0x0 0x0 0x7b0007 0xd4 0x38 0x0 0x820003 0x0 0x70 0x8a0005 0xc2 0x0 0x2ce509b0390 0x12 0x0 0x0 0x8d0007 0xd4 0x20 0x0 0x990005 0xc2 0x0 0x2ce509b0390 0x12 0x0 0x0 0x9c0007 0xd4 0x20 0x0 0xa40002 0xd4 0xab0007 0x88 0x190 0x4c 0xb10005 0x0 0x0 0x2ce05990c60 0x4c 0x0 0x0 0xb80007 0x48 0x30 0x4 0xbe0002 0x4 0xc50007 0x48 0x58 0x4 0xcb0005 0x0 0x0 0x2ce05990c60 0x4 0x0 0x0 0xd20007 0x48 0x58 0x4 0xd80005 0x0 0x0 0x2ce05990c60 0x4 0x0 0x0 0xdf0007 0x0 0x58 0x4c 0xea0005 0x0 0x0 0x2ce039c2b80 0x4c 0x0 0x0 0xf70005 0x0 0x0 0x2ce039c2b80 0x88 0x0 0x0 0xfa0104 0x0 0x0 0x2ce06d98500 0x2c 0x0 0x0 0x1010007 0x5c 0x278 0x2c 0x10a0007 0x3 0x40 0x29 0x10e0007 0x0 0x58 0x29 0x1190005 0x0 0x0 0x2ce039c2b80 0x2c 0x0 0x0 0x1230005 0x0 0x0 0x0 0x0 0x0 0x0 0x1260002 0x0 0x12d0007 0x0 0x198 0x0 0x1390005 0x0 0x0 0x0 0x0 0x0 0x0 0x1400007 0x0 0x58 0x0 0x14b0005 0x0 0x0 0x0 0x0 0x0 0x0 0x15b0005 0x0 0x0 0x0 0x0 0x0 0x0 0x1620007 0x0 0xb0 0x0 0x16e0005 0x0 0x0 0x0 0x0 0x0 0x0 0x1710007 0x0 0x58 0x0 0x17c0005 0x0 0x0 0x0 0x0 0x0 0x0 0x1860007 0x0 0x360 0x5c 0x18d0005 0x0 0x0 0x2ce5551a140 0x5c 0x0 0x0 0x1920002 0x5c 0x1950007 0x5c 0x98 0x0 0x1980002 0x0 0x19d000a 0x0 0x3 0x0 0x0 0x2ce509b0390 0x1a20005 0x0 0x0 0x0 0x0 0x0 0x0 0x1a70007 0x5c 0x58 0x0 0x1b20005 0x0 0x0 0x0 0x0 0x0 0x0 0x1bd0005 0x0 0x0 0x2ce039c2b80 0x5c 0x0 0x0 0x1c00007 0x5c 0xb0 0x0 0x1c70005 0x0 0x0 0x0 0x0 0x0 0x0 0x1ce0007 0x0 0x58 0x0 0x1d90005 0x0 0x0 0x0 0x0 0x0 0x0 0x1e40002 0x5c 0x1eb0007 0x5c 0x110 0x0 0x1ee0002 0x0 0x1f10007 0x0 0xa8 0x0 0x1f40002 0x0 0x1fb000a 0x0 0x5 0x0 0x0 0x2 0x0 0x2ce509b0390 0x2000005 0x0 0x0 0x0 0x0 0x0 0x0 0x20b0005 0x0 0x0 0x0 0x0 0x0 0x0 0x2160005 0x0 0x0 0x2ce039c2b80 0x5c 0x0 0x0 0x2190007 0x5c 0x88 0x0 0x21f0002 0x0 0x2260007 0x0 0x58 0x0 0x2310005 0x0 0x0 0x0 0x0 0x0 0x0 0x23b0007 0x5c 0x178 0x0 0x2420007 0x0 0x158 0x0 0x24a0005 0x0 0x0 0x0 0x0 0x0 0x0 0x24d0007 0x0 0x90 0x0 0x2560005 0x0 0x0 0x0 0x0 0x0 0x0 0x2630005 0x0 0x0 0x0 0x0 0x0 0x0 0x2680005 0x0 0x0 0x0 0x0 0x0 0x0 0x2740005 0x0 0x0 0x0 0x0 0x0 0x0 0x2800007 0x2 0x40 0x5a 0x2870007 0x5a 0x420 0x0 0x2910007 0x0 0x38 0x2 0x2a00003 0x2 0x108 0x2a30002 0x0 0x2ad0005 0x0 0x0 0x0 0x0 0x0 0x0 0x2b00004 0x0 0x0 0x0 0x0 0x0 0x0 0x2be0005 0x0 0x0 0x0 0x0 0x0 0x0 0x2c10004 0x0 0x0 0x0 0x0 0x0 0x0 0x2ce0005 0x0 0x0 0x2ce509b16d0 0x2 0x0 0x0 0x2d10004 0x0 0x0 0x2ce05990c60 0x2 0x0 0x0 0x2d80007 0x0 0x180 0x2 0x2de0005 0x0 0x0 0x2ce05990c60 0x2 0x0 0x0 0x2e50007 0x2 0x58 0x0 0x2eb0005 0x0 0x0 0x0 0x0 0x0 0x0 0x2f20007 0x2 0x58 0x0 0x2f80005 0x0 0x0 0x0 0x0 0x0 0x0 0x2ff0007 0x0 0x78 0x2 0x3060007 0x0 0x58 0x2 0x3110005 0x0 0x0 0x2ce039c2b80 0x2 0x0 0x0 0x31c0005 0x0 0x0 0x0 0x0 0x0 0x0 0x31f0004 0x0 0x0 0x0 0x0 0x0 0x0 0x3260007 0x0 0x78 0x0 0x32d0007 0x0 0x58 0x0 0x3380005 0x0 0x0 0x0 0x0 0x0 0x0 0x3430007 0x5a 0x138 0x0 0x3460002 0x0 0x3490007 0x0 0x98 0x0 0x34c0002 0x0 0x350000a 0x0 0x3 0x0 0x0 0x2ce509b0390 0x3550005 0x0 0x0 0x0 0x0 0x0 0x0 0x3590005 0x0 0x0 0x0 0x0 0x0 0x0 0x3650005 0x0 0x0 0x0 0x0 0x0 0x0 0x36d0007 0x5a 0x138 0x0 0x3700002 0x0 0x3730007 0x0 0x98 0x0 0x3760002 0x0 0x37a000a 0x0 0x3 0x0 0x0 0x2ce509b0390 0x37f0005 0x0 0x0 0x0 0x0 0x0 0x0 0x3830005 0x0 0x0 0x0 0x0 0x0 0x0 0x38f0005 0x0 0x0 0x0 0x0 0x0 0x0 0x3960002 0x5a 0x39c0007 0x3f 0x58 0x1b 0x3a70005 0x0 0x0 0x2ce039c2b80 0x1b 0x0 0x0 0x3b10007 0x0 0x138 0x3f 0x3b50005 0x0 0x0 0x2ce5551a140 0x3f 0x0 0x0 0x3ba0005 0x0 0x0 0x2ce780d61d0 0x3f 0x0 0x0 0x3c10007 0x3f 0x90 0x0 0x3c90005 0x0 0x0 0x0 0x0 0x0 0x0 0x3d60005 0x0 0x0 0x0 0x0 0x0 0x0 0x3dd0003 0x3f 0x270 0x3e50005 0x0 0x0 0x0 0x0 0x0 0x0 0x3e80007 0x0 0x90 0x0 0x3f10005 0x0 0x0 0x0 0x0 0x0 0x0 0x3fe0005 0x0 0x0 0x0 0x0 0x0 0x0 0x40a0005 0x0 0x0 0x0 0x0 0x0 0x0 0x40d0007 0x0 0x90 0x0 0x4160005 0x0 0x0 0x0 0x0 0x0 0x0 0x4230005 0x0 0x0 0x0 0x0 0x0 0x0 0x42f0005 0x0 0x0 0x0 0x0 0x0 0x0 0x4320007 0x0 0x90 0x0 0x43b0005 0x0 0x0 0x0 0x0 0x0 0x0 0x4480005 0x0 0x0 0x0 0x0 0x0 0x0 0x44f0002 0x3f 0x4520007 0x3f 0x98 0x0 0x4550002 0x0 0x459000a 0x0 0x3 0x0 0x0 0x2ce509b0390 0x45e0005 0x0 0x0 0x0 0x0 0x0 0x0 0x4620008 0x6 0x0 0xb0 0x0 0x40 0x3f 0x78 0x47d0005 0x0 0x0 0x0 0x0 0x0 0x0 0x4830005 0x0 0x0 0x2ce5551a140 0x3f 0x0 0x0 0x0 0x0 0x0 0x0 0x0 0x0 0x0 0x0 0x0 0x0 0x0 0x0 0x0 0x0 0x0 0x0 0x0 0x0 0x0 0x0 0x0 0x0 0x0 0x0 0x0 0x0 0x0 0x0 0x0 0x0 0x0 0x0 0x0 0x0 0x0 0x0 0x0 0x0 0x0 0x0 0x9 0x4 0x0 0x0 0x0 0x0 oops 34 3 java/lang/String 13 java/lang/String 15 java/lang/String 16 java/lang/String 64 java/util/concurrent/ConcurrentHashMap 71 sun/font/CompositeFont 73 sun/font/TrueTypeFont 92 java/lang/String 107 java/lang/String 121 java/lang/String 132 java/lang/String 149 sun/font/FontFamily 166 sun/font/FontFamily 177 sun/font/FontFamily 188 java/util/concurrent/ConcurrentHashMap 195 java/util/concurrent/ConcurrentHashMap 202 sun/font/TrueTypeFont 221 java/util/concurrent/ConcurrentHashMap 292 sun/awt/Win32FontManager 309 java/lang/String 331 java/util/concurrent/ConcurrentHashMap 378 java/lang/String 396 java/util/concurrent/ConcurrentHashMap 512 java/util/Hashtable 519 sun/font/FontFamily 530 sun/font/FontFamily 567 java/util/concurrent/ConcurrentHashMap 617 java/lang/String 656 java/lang/String 687 java/util/concurrent/ConcurrentHashMap 698 sun/awt/Win32FontManager 705 sun/awt/windows/WFontConfiguration 818 java/lang/String 844 sun/awt/Win32FontManager methods 0
ciMethodData sun/font/TrueTypeFont lookupName (SI)Ljava/lang/String; 1 938 orig 312 248 58 51 93 0 0 0 0 192 180 162 122 206 2 0 0 16 6 0 0 0 1 0 0 0 0 0 0 0 0 0 0 0 0 0 0 0 0 0 0 0 0 0 0 0 0 0 0 0 0 0 0 0 0 0 0 0 0 0 0 0 0 0 0 0 0 0 0 0 0 0 0 0 0 0 0 0 0 0 0 77 68 79 32 101 120 116 114 97 32 100 97 116 97 32 108 111 99 107 0 0 0 0 0 0 0 0 0 0 0 0 0 0 0 0 0 0 0 0 0 0 0 0 0 0 0 0 0 0 0 0 0 0 0 0 0 0 0 0 0 0 0 0 0 0 0 0 0 0 0 0 0 0 0 0 0 0 0 0 0 0 0 0 0 0 0 0 0 0 0 0 0 0 0 0 0 0 0 0 0 0 0 0 0 0 0 0 0 0 0 0 0 0 0 0 0 0 0 0 0 0 0 0 0 0 0 0 0 0 0 0 0 0 0 0 0 0 0 0 0 0 0 0 0 0 0 0 0 0 0 0 0 0 0 0 0 0 0 0 0 0 0 0 0 0 0 0 0 17 0 0 0 249 1 0 0 201 28 0 0 0 0 0 0 0 0 0 0 0 0 0 0 248 3 0 0 248 31 0 0 2 0 0 0 0 0 0 0 0 0 0 0 0 0 0 0 136 4 0 0 254 255 255 255 5 0 12 0 0 0 0 0 data 156 0xc0005 0x0 0x0 0x2ce06d98500 0x3f 0x0 0x0 0x130007 0x0 0x450 0x3f 0x180005 0x0 0x0 0x2ce780d4180 0x3f 0x0 0x0 0x1f0005 0x0 0x0 0x2ce780d4230 0x3f 0x0 0x0 0x250005 0x0 0x0 0x2ce780d4230 0x3f 0x0 0x0 0x2c0005 0x0 0x0 0x2ce780d4230 0x3f 0x0 0x0 0x3b0007 0x0 0x350 0x3d8 0x400005 0x0 0x0 0x2ce780d4230 0x3d8 0x0 0x0 0x480007 0x99 0xa8 0x33f 0x4f0005 0x33f 0x0 0x0 0x0 0x0 0x0 0x540005 0x33f 0x0 0x0 0x0 0x0 0x0 0x580003 0x33f 0x250 0x5d0005 0x0 0x0 0x2ce780d4230 0x99 0x0 0x0 0x640005 0x0 0x0 0x2ce780d4230 0x99 0x0 0x0 0x6b0005 0x0 0x0 0x2ce780d4230 0x99 0x0 0x0 0x720005 0x0 0x0 0x2ce780d4230 0x99 0x0 0x0 0x7c0005 0x0 0x0 0x2ce780d4230 0x99 0x0 0x0 0x8a0007 0x5a 0x120 0x3f 0x8e0007 0x0 0x40 0x3f 0x960007 0x3f 0x40 0x0 0x9c0007 0x0 0xc0 0x0 0xa30005 0x0 0x0 0x2ce780d4180 0x3f 0x0 0x0 0xae0005 0x0 0x0 0x2ce780d4180 0x3f 0x0 0x0 0xbb0002 0x3f 0xc20007 0x0 0x20 0x3f 0xca0003 0x399 0xfffffffffffffcc8 0x0 0x0 0x0 0x0 0x0 0x0 0x9 0x3 0x0 0x0 0x0 oops 13 3 sun/font/TrueTypeFont 14 java/nio/HeapByteBuffer 21 java/nio/ByteBufferAsShortBufferB 28 java/nio/ByteBufferAsShortBufferB 35 java/nio/ByteBufferAsShortBufferB 46 java/nio/ByteBufferAsShortBufferB 74 java/nio/ByteBufferAsShortBufferB 81 java/nio/ByteBufferAsShortBufferB 88 java/nio/ByteBufferAsShortBufferB 95 java/nio/ByteBufferAsShortBufferB 102 java/nio/ByteBufferAsShortBufferB 125 java/nio/HeapByteBuffer 132 java/nio/HeapByteBuffer methods 0
ciMethodData java/awt/Font getFont2D ()Lsun/font/Font2D; 2 6292 orig 312 248 58 51 93 0 0 0 0 128 229 211 117 206 2 0 0 128 3 0 0 112 1 0 0 0 0 0 0 0 0 0 0 0 0 0 0 0 0 0 0 0 0 0 0 0 0 0 0 0 0 0 0 0 0 0 0 0 0 0 0 0 0 0 0 0 0 0 0 0 0 0 0 0 0 0 0 0 0 0 0 77 68 79 32 101 120 116 114 97 32 100 97 116 97 32 108 111 99 107 0 0 0 0 0 0 0 0 0 0 0 0 0 0 0 0 0 0 0 0 0 0 0 0 0 0 0 0 0 0 0 0 0 0 0 0 0 0 0 0 0 0 0 0 0 0 0 0 0 0 0 0 0 0 0 0 0 0 0 0 0 0 0 0 0 0 0 0 0 0 0 0 0 0 0 0 0 0 0 0 0 0 0 0 0 0 0 0 0 0 0 0 0 0 0 0 0 0 0 0 0 0 0 0 0 0 0 0 0 0 0 0 0 0 0 0 0 17 0 0 0 0 0 0 0 0 0 0 0 0 0 0 0 1 0 0 0 0 0 0 0 0 0 0 0 0 0 0 0 231 1 0 0 105 181 0 0 1 0 0 0 0 0 0 0 0 0 0 0 0 0 0 0 248 3 0 0 248 31 0 0 2 0 0 0 0 0 19 0 2 0 0 0 0 0 0 0 0 2 0 0 254 255 255 255 2 0 0 0 0 0 0 0 data 74 0x2 0x16ad 0x50005 0x0 0x0 0x2ce5551a140 0x16ad 0x0 0x0 0xa0007 0x16ad 0x160 0x0 0x110007 0x0 0x140 0x0 0x1b0004 0x0 0x0 0x0 0x0 0x0 0x0 0x1e0007 0x0 0xe8 0x0 0x280004 0x0 0x0 0x0 0x0 0x0 0x0 0x2b0005 0x0 0x0 0x0 0x0 0x0 0x0 0x2e0007 0x0 0x58 0x0 0x3b0005 0x0 0x0 0x0 0x0 0x0 0x0 0x450007 0x1684 0x58 0x29 0x530005 0x0 0x0 0x2ce5551a140 0x29 0x0 0x0 0x0 0x0 0x0 0x0 0x0 0x0 0x0 0x9 0x1 0x80 oops 2 5 sun/awt/Win32FontManager 60 sun/awt/Win32FontManager methods 0
ciMethodData java/awt/Font getFamily (Ljava/util/Locale;)Ljava/lang/String; 2 10987 orig 312 248 58 51 93 0 0 0 0 224 249 211 117 206 2 0 0 248 1 0 0 32 0 0 0 0 0 0 0 0 0 0 0 0 0 0 0 0 0 0 0 0 0 0 0 0 0 0 0 0 0 0 0 0 0 0 0 0 0 0 0 0 0 0 0 0 0 0 0 0 0 0 0 0 0 0 0 0 0 0 0 77 68 79 32 101 120 116 114 97 32 100 97 116 97 32 108 111 99 107 0 0 0 0 0 0 0 0 0 0 0 0 0 0 0 0 0 0 0 0 0 0 0 0 0 0 0 0 0 0 0 0 0 0 0 0 0 0 0 0 0 0 0 0 0 0 0 0 0 0 0 0 0 0 0 0 0 0 0 0 0 0 0 0 0 0 0 0 0 0 0 0 0 0 0 0 0 0 0 0 0 0 0 0 0 0 0 0 0 0 0 0 0 0 0 0 0 0 0 0 0 0 0 0 0 0 0 0 0 0 0 0 0 0 0 0 0 0 0 0 0 0 0 0 0 0 0 0 0 0 0 0 0 0 0 0 0 0 0 0 0 0 0 0 0 0 0 0 0 0 1 0 0 233 70 1 0 1 0 0 0 0 0 0 0 0 0 0 0 0 0 0 0 248 3 0 0 248 31 0 0 2 0 0 0 0 0 5 0 2 0 0 0 0 0 0 0 120 0 0 0 254 255 255 255 7 0 1 0 0 0 0 0 data 25 0x10007 0x28dd 0x30 0x0 0xb0002 0x0 0x100002 0x28dd 0x140005 0x0 0x0 0x2ce06d98450 0x28c4 0x2ce06d98500 0x19 0x0 0x0 0x0 0x0 0x0 0x0 0x9 0x2 0x0 0x0 oops 2 11 sun/font/CompositeFont 13 sun/font/TrueTypeFont methods 0
ciMethodData java/awt/Font getFamily ()Ljava/lang/String; 2 10971 orig 312 248 58 51 93 0 0 0 0 176 248 211 117 206 2 0 0 176 1 0 0 0 0 0 0 0 0 0 0 0 0 0 0 0 0 0 0 0 0 0 0 0 0 0 0 0 0 0 0 0 0 0 0 0 0 0 0 0 0 0 0 0 0 0 0 0 0 0 0 0 0 0 0 0 0 0 0 0 0 0 0 77 68 79 32 101 120 116 114 97 32 100 97 116 97 32 108 111 99 107 0 0 0 0 0 0 0 0 0 0 0 0 0 0 0 0 0 0 0 0 0 0 0 0 0 0 0 0 0 0 0 0 0 0 0 0 0 0 0 0 0 0 0 0 0 0 0 0 0 0 0 0 0 0 0 0 0 0 0 0 0 0 0 0 0 0 0 0 0 0 0 0 0 0 0 0 0 0 0 0 0 0 0 0 0 0 0 0 0 0 0 0 0 0 0 0 0 0 0 0 0 0 0 0 0 0 0 0 0 0 0 0 0 0 0 0 0 0 0 0 0 0 0 0 0 0 0 0 0 0 0 0 0 0 0 0 0 0 0 0 0 0 0 0 0 0 0 0 0 0 2 0 0 217 70 1 0 1 0 0 0 0 0 0 0 0 0 0 0 0 0 0 0 248 3 0 0 248 31 0 0 2 0 0 0 0 0 7 0 2 0 0 0 0 0 0 0 56 0 0 0 254 255 255 255 5 0 1 0 0 0 0 0 data 16 0x10005 0x0 0x0 0x2ce79ed6610 0x17ec 0x2ce79ed70c0 0x10ef 0x0 0x0 0x0 0x0 0x0 0x0 0x9 0x1 0x0 oops 2 3 java/awt/Font 5 javax/swing/plaf/FontUIResource methods 0
ciMethodData java/awt/Font getFamily_NoClientCode ()Ljava/lang/String; 2 10973 orig 312 248 58 51 93 0 0 0 0 64 249 211 117 206 2 0 0 192 1 0 0 0 0 0 0 0 0 0 0 0 0 0 0 0 0 0 0 0 0 0 0 0 0 0 0 0 0 0 0 0 0 0 0 0 0 0 0 0 0 0 0 0 0 0 0 0 0 0 0 0 0 0 0 0 0 0 0 0 0 0 0 77 68 79 32 101 120 116 114 97 32 100 97 116 97 32 108 111 99 107 0 0 0 0 0 0 0 0 0 0 0 0 0 0 0 0 0 0 0 0 0 0 0 0 0 0 0 0 0 0 0 0 0 0 0 0 0 0 0 0 0 0 0 0 0 0 0 0 0 0 0 0 0 0 0 0 0 0 0 0 0 0 0 0 0 0 0 0 0 0 0 0 0 0 0 0 0 0 0 0 0 0 0 0 0 0 0 0 0 0 0 0 0 0 0 0 0 0 0 0 0 0 0 0 0 0 0 0 0 0 0 0 0 0 0 0 0 0 0 0 0 0 0 0 0 0 0 0 0 0 0 0 0 0 0 0 0 0 0 0 0 0 0 0 0 0 0 0 0 255 1 0 0 241 70 1 0 1 0 0 0 0 0 0 0 0 0 0 0 0 0 0 0 248 3 0 0 248 31 0 0 2 0 0 0 0 0 0 0 0 0 0 0 0 0 0 0 72 0 0 0 254 255 255 255 2 0 1 0 0 0 0 0 data 18 0x10002 0x28de 0x40005 0x0 0x0 0x2ce79ed6610 0x17ee 0x2ce79ed70c0 0x10f0 0x0 0x0 0x0 0x0 0x0 0x0 0x9 0x1 0x0 oops 2 5 java/awt/Font 7 javax/swing/plaf/FontUIResource methods 0
ciMethodData sun/font/Font2D getFamilyName (Ljava/util/Locale;)Ljava/lang/String; 2 1536 orig 312 248 58 51 93 0 0 0 0 192 21 163 122 206 2 0 0 104 1 0 0 0 0 0 0 0 0 0 0 0 0 0 0 0 0 0 0 0 0 0 0 0 0 0 0 0 0 0 0 0 0 0 0 0 0 0 0 0 0 0 0 0 0 0 0 0 0 0 0 0 0 0 0 0 0 0 0 0 0 0 0 77 68 79 32 101 120 116 114 97 32 100 97 116 97 32 108 111 99 107 0 0 0 0 0 0 0 0 0 0 0 0 0 0 0 0 0 0 0 0 0 0 0 0 0 0 0 0 0 0 0 0 0 0 0 0 0 0 0 0 0 0 0 0 0 0 0 0 0 0 0 0 0 0 0 0 0 0 0 0 0 0 0 0 0 0 0 0 0 0 0 0 0 0 0 0 0 0 0 0 0 0 0 0 0 0 0 0 0 0 0 0 0 0 0 0 0 0 0 0 0 0 0 0 0 0 0 0 0 0 0 0 0 0 0 0 0 0 0 0 0 0 0 0 0 0 0 0 0 0 0 0 0 0 0 0 0 0 0 0 0 0 0 0 0 0 0 0 0 0 2 0 0 1 32 0 0 1 0 0 0 0 0 0 0 0 0 0 0 0 0 0 0 248 3 0 0 248 31 0 0 2 0 0 0 0 0 3 0 1 0 0 0 0 0 0 0 0 0 0 0 254 255 255 255 0 0 0 0 0 0 0 0 data 7 0x0 0x0 0x0 0x9 0x2 0x0 0x0 oops 0 methods 0
compile sun/swing/SwingUtilities2 displayPropertiesToCSS (Ljava/awt/Font;Ljava/awt/Color;)Ljava/lang/String; -1 4 inline 227 0 -1 sun/swing/SwingUtilities2 displayPropertiesToCSS (Ljava/awt/Font;Ljava/awt/Color;)Ljava/lang/String; 1 19 java/lang/StringBuilder append (Ljava/lang/String;)Ljava/lang/StringBuilder; 2 2 java/lang/AbstractStringBuilder append (Ljava/lang/String;)Ljava/lang/AbstractStringBuilder; 3 10 java/lang/String length ()I 4 6 java/lang/String coder ()B 3 21 java/lang/AbstractStringBuilder ensureCapacityInternal (I)V 4 24 java/lang/AbstractStringBuilder newCapacity (I)I 4 32 java/util/Arrays copyOf ([BI)[B 3 30 java/lang/AbstractStringBuilder putStringAt (ILjava/lang/String;)V 4 1 java/lang/AbstractStringBuilder getCoder ()B 4 5 java/lang/String coder ()B 4 25 java/lang/String getBytes ([BIB)V 5 1 java/lang/String coder ()B 1 25 java/awt/Font getFamily ()Ljava/lang/String; 2 1 java/awt/Font getFamily_NoClientCode ()Ljava/lang/String; 3 1 java/util/Locale getDefault ()Ljava/util/Locale; 3 4 java/awt/Font getFamily (Ljava/util/Locale;)Ljava/lang/String; 4 16 java/awt/Font getFont2D ()Lsun/font/Font2D; 5 0 sun/font/FontManagerFactory getInstance ()Lsun/font/FontManager; 5 5 sun/font/SunFontManager usingPerAppContextComposites ()Z 4 20 sun/font/Font2D getFamilyName (Ljava/util/Locale;)Ljava/lang/String; 4 20 sun/font/TrueTypeFont getFamilyName (Ljava/util/Locale;)Ljava/lang/String; 1 28 java/lang/StringBuilder append (Ljava/lang/String;)Ljava/lang/StringBuilder; 2 2 java/lang/AbstractStringBuilder append (Ljava/lang/String;)Ljava/lang/AbstractStringBuilder; 3 10 java/lang/String length ()I 4 6 java/lang/String coder ()B 3 21 java/lang/AbstractStringBuilder ensureCapacityInternal (I)V 4 24 java/lang/AbstractStringBuilder newCapacity (I)I 4 32 java/util/Arrays copyOf ([BI)[B 3 30 java/lang/AbstractStringBuilder putStringAt (ILjava/lang/String;)V 4 1 java/lang/AbstractStringBuilder getCoder ()B 4 5 java/lang/String coder ()B 4 25 java/lang/String getBytes ([BIB)V 5 1 java/lang/String coder ()B 1 36 java/lang/StringBuilder append (Ljava/lang/String;)Ljava/lang/StringBuilder; 2 2 java/lang/AbstractStringBuilder append (Ljava/lang/String;)Ljava/lang/AbstractStringBuilder; 3 10 java/lang/String length ()I 4 6 java/lang/String coder ()B 3 21 java/lang/AbstractStringBuilder ensureCapacityInternal (I)V 4 24 java/lang/AbstractStringBuilder newCapacity (I)I 4 32 java/util/Arrays copyOf ([BI)[B 3 30 java/lang/AbstractStringBuilder putStringAt (ILjava/lang/String;)V 4 1 java/lang/AbstractStringBuilder getCoder ()B 4 5 java/lang/String coder ()B 4 25 java/lang/String getBytes ([BIB)V 5 1 java/lang/String coder ()B 1 44 java/lang/StringBuilder append (Ljava/lang/String;)Ljava/lang/StringBuilder; 2 2 java/lang/AbstractStringBuilder append (Ljava/lang/String;)Ljava/lang/AbstractStringBuilder; 3 10 java/lang/String length ()I 4 6 java/lang/String coder ()B 3 21 java/lang/AbstractStringBuilder ensureCapacityInternal (I)V 4 24 java/lang/AbstractStringBuilder newCapacity (I)I 4 32 java/util/Arrays copyOf ([BI)[B 3 30 java/lang/AbstractStringBuilder putStringAt (ILjava/lang/String;)V 4 1 java/lang/AbstractStringBuilder getCoder ()B 4 5 java/lang/String coder ()B 4 25 java/lang/String getBytes ([BIB)V 5 1 java/lang/String coder ()B 1 50 java/awt/Font getSize ()I 1 53 java/lang/StringBuilder append (I)Ljava/lang/StringBuilder; 1 61 java/lang/StringBuilder append (Ljava/lang/String;)Ljava/lang/StringBuilder; 2 2 java/lang/AbstractStringBuilder append (Ljava/lang/String;)Ljava/lang/AbstractStringBuilder; 3 10 java/lang/String length ()I 4 6 java/lang/String coder ()B 3 21 java/lang/AbstractStringBuilder ensureCapacityInternal (I)V 4 24 java/lang/AbstractStringBuilder newCapacity (I)I 4 32 java/util/Arrays copyOf ([BI)[B 3 30 java/lang/AbstractStringBuilder putStringAt (ILjava/lang/String;)V 4 1 java/lang/AbstractStringBuilder getCoder ()B 4 5 java/lang/String coder ()B 4 25 java/lang/String getBytes ([BIB)V 5 1 java/lang/String coder ()B 1 66 java/awt/Font isBold ()Z 1 76 java/lang/StringBuilder append (Ljava/lang/String;)Ljava/lang/StringBuilder; 2 2 java/lang/AbstractStringBuilder append (Ljava/lang/String;)Ljava/lang/AbstractStringBuilder; 3 10 java/lang/String length ()I 4 6 java/lang/String coder ()B 3 21 java/lang/AbstractStringBuilder ensureCapacityInternal (I)V 4 24 java/lang/AbstractStringBuilder newCapacity (I)I 4 32 java/util/Arrays copyOf ([BI)[B 3 30 java/lang/AbstractStringBuilder putStringAt (ILjava/lang/String;)V 4 1 java/lang/AbstractStringBuilder getCoder ()B 4 5 java/lang/String coder ()B 4 25 java/lang/String getBytes ([BIB)V 5 1 java/lang/String coder ()B 1 81 java/awt/Font isItalic ()Z 1 103 java/lang/StringBuilder append (Ljava/lang/String;)Ljava/lang/StringBuilder; 2 2 java/lang/AbstractStringBuilder append (Ljava/lang/String;)Ljava/lang/AbstractStringBuilder; 3 10 java/lang/String length ()I 4 6 java/lang/String coder ()B 3 21 java/lang/AbstractStringBuilder ensureCapacityInternal (I)V 4 24 java/lang/AbstractStringBuilder newCapacity (I)I 4 32 java/util/Arrays copyOf ([BI)[B 3 30 java/lang/AbstractStringBuilder putStringAt (ILjava/lang/String;)V 4 1 java/lang/AbstractStringBuilder getCoder ()B 4 5 java/lang/String coder ()B 4 25 java/lang/String getBytes ([BIB)V 5 1 java/lang/String coder ()B 1 108 java/awt/Color getRed ()I 2 1 java/awt/Color getRGB ()I 1 119 java/lang/StringBuilder append (C)Ljava/lang/StringBuilder; 2 2 java/lang/AbstractStringBuilder append (C)Ljava/lang/AbstractStringBuilder; 3 7 java/lang/AbstractStringBuilder ensureCapacityInternal (I)V 4 24 java/lang/AbstractStringBuilder newCapacity (I)I 4 32 java/util/Arrays copyOf ([BI)[B 3 11 java/lang/AbstractStringBuilder isLatin1 ()Z 3 18 java/lang/StringLatin1 canEncode (I)Z 3 46 java/lang/AbstractStringBuilder isLatin1 ()Z 3 72 java/lang/StringUTF16 putCharSB ([BII)V 4 2 java/lang/StringUTF16 checkIndex (I[B)V 5 2 java/lang/StringUTF16 length ([B)I 5 5 java/lang/String checkIndex (II)V 1 125 java/awt/Color getRed ()I 2 1 java/awt/Color getRGB ()I 1 128 java/lang/Integer toHexString (I)Ljava/lang/String; 2 2 java/lang/Integer toUnsignedString0 (II)Ljava/lang/String; 3 37 java/lang/Integer formatUnsignedInt (II[BII)V 3 47 java/lang/String <init> ([BB)V 4 1 java/lang/Object <init> ()V 1 131 java/lang/StringBuilder append (Ljava/lang/String;)Ljava/lang/StringBuilder; 2 2 java/lang/AbstractStringBuilder append (Ljava/lang/String;)Ljava/lang/AbstractStringBuilder; 3 10 java/lang/String length ()I 4 6 java/lang/String coder ()B 3 21 java/lang/AbstractStringBuilder ensureCapacityInternal (I)V 4 24 java/lang/AbstractStringBuilder newCapacity (I)I 4 32 java/util/Arrays copyOf ([BI)[B 3 30 java/lang/AbstractStringBuilder putStringAt (ILjava/lang/String;)V 4 1 java/lang/AbstractStringBuilder getCoder ()B 4 5 java/lang/String coder ()B 4 25 java/lang/String getBytes ([BIB)V 5 1 java/lang/String coder ()B 1 136 java/awt/Color getGreen ()I 2 1 java/awt/Color getRGB ()I 1 147 java/lang/StringBuilder append (C)Ljava/lang/StringBuilder; 2 2 java/lang/AbstractStringBuilder append (C)Ljava/lang/AbstractStringBuilder; 3 7 java/lang/AbstractStringBuilder ensureCapacityInternal (I)V 4 24 java/lang/AbstractStringBuilder newCapacity (I)I 4 32 java/util/Arrays copyOf ([BI)[B 3 11 java/lang/AbstractStringBuilder isLatin1 ()Z 3 18 java/lang/StringLatin1 canEncode (I)Z 3 46 java/lang/AbstractStringBuilder isLatin1 ()Z 3 72 java/lang/StringUTF16 putCharSB ([BII)V 4 2 java/lang/StringUTF16 checkIndex (I[B)V 5 2 java/lang/StringUTF16 length ([B)I 5 5 java/lang/String checkIndex (II)V 1 153 java/awt/Color getGreen ()I 2 1 java/awt/Color getRGB ()I 1 156 java/lang/Integer toHexString (I)Ljava/lang/String; 2 2 java/lang/Integer toUnsignedString0 (II)Ljava/lang/String; 3 37 java/lang/Integer formatUnsignedInt (II[BII)V 3 47 java/lang/String <init> ([BB)V 4 1 java/lang/Object <init> ()V 1 159 java/lang/StringBuilder append (Ljava/lang/String;)Ljava/lang/StringBuilder; 2 2 java/lang/AbstractStringBuilder append (Ljava/lang/String;)Ljava/lang/AbstractStringBuilder; 3 10 java/lang/String length ()I 4 6 java/lang/String coder ()B 3 21 java/lang/AbstractStringBuilder ensureCapacityInternal (I)V 4 24 java/lang/AbstractStringBuilder newCapacity (I)I 4 32 java/util/Arrays copyOf ([BI)[B 3 30 java/lang/AbstractStringBuilder putStringAt (ILjava/lang/String;)V 4 1 java/lang/AbstractStringBuilder getCoder ()B 4 5 java/lang/String coder ()B 4 25 java/lang/String getBytes ([BIB)V 5 1 java/lang/String coder ()B 1 164 java/awt/Color getBlue ()I 2 1 java/awt/Color getRGB ()I 1 175 java/lang/StringBuilder append (C)Ljava/lang/StringBuilder; 2 2 java/lang/AbstractStringBuilder append (C)Ljava/lang/AbstractStringBuilder; 3 7 java/lang/AbstractStringBuilder ensureCapacityInternal (I)V 4 24 java/lang/AbstractStringBuilder newCapacity (I)I 4 32 java/util/Arrays copyOf ([BI)[B 3 11 java/lang/AbstractStringBuilder isLatin1 ()Z 3 18 java/lang/StringLatin1 canEncode (I)Z 3 46 java/lang/AbstractStringBuilder isLatin1 ()Z 3 72 java/lang/StringUTF16 putCharSB ([BII)V 4 2 java/lang/StringUTF16 checkIndex (I[B)V 5 2 java/lang/StringUTF16 length ([B)I 5 5 java/lang/String checkIndex (II)V 1 181 java/awt/Color getBlue ()I 2 1 java/awt/Color getRGB ()I 1 184 java/lang/Integer toHexString (I)Ljava/lang/String; 2 2 java/lang/Integer toUnsignedString0 (II)Ljava/lang/String; 3 37 java/lang/Integer formatUnsignedInt (II[BII)V 3 47 java/lang/String <init> ([BB)V 4 1 java/lang/Object <init> ()V 1 187 java/lang/StringBuilder append (Ljava/lang/String;)Ljava/lang/StringBuilder; 2 2 java/lang/AbstractStringBuilder append (Ljava/lang/String;)Ljava/lang/AbstractStringBuilder; 3 10 java/lang/String length ()I 4 6 java/lang/String coder ()B 3 21 java/lang/AbstractStringBuilder ensureCapacityInternal (I)V 4 24 java/lang/AbstractStringBuilder newCapacity (I)I 4 32 java/util/Arrays copyOf ([BI)[B 3 30 java/lang/AbstractStringBuilder putStringAt (ILjava/lang/String;)V 4 1 java/lang/AbstractStringBuilder getCoder ()B 4 5 java/lang/String coder ()B 4 25 java/lang/String getBytes ([BIB)V 5 1 java/lang/String coder ()B 1 195 java/lang/StringBuilder append (Ljava/lang/String;)Ljava/lang/StringBuilder; 2 2 java/lang/AbstractStringBuilder append (Ljava/lang/String;)Ljava/lang/AbstractStringBuilder; 3 10 java/lang/String length ()I 4 6 java/lang/String coder ()B 3 21 java/lang/AbstractStringBuilder ensureCapacityInternal (I)V 4 24 java/lang/AbstractStringBuilder newCapacity (I)I 4 32 java/util/Arrays copyOf ([BI)[B 3 30 java/lang/AbstractStringBuilder putStringAt (ILjava/lang/String;)V 4 1 java/lang/AbstractStringBuilder getCoder ()B 4 5 java/lang/String coder ()B 4 25 java/lang/String getBytes ([BIB)V 5 1 java/lang/String coder ()B 1 203 java/lang/StringBuilder append (Ljava/lang/String;)Ljava/lang/StringBuilder; 2 2 java/lang/AbstractStringBuilder append (Ljava/lang/String;)Ljava/lang/AbstractStringBuilder; 3 10 java/lang/String length ()I 4 6 java/lang/String coder ()B 3 21 java/lang/AbstractStringBuilder ensureCapacityInternal (I)V 4 24 java/lang/AbstractStringBuilder newCapacity (I)I 4 32 java/util/Arrays copyOf ([BI)[B 3 30 java/lang/AbstractStringBuilder putStringAt (ILjava/lang/String;)V 4 1 java/lang/AbstractStringBuilder getCoder ()B 4 5 java/lang/String coder ()B 4 25 java/lang/String getBytes ([BIB)V 5 1 java/lang/String coder ()B 1 208 java/lang/StringBuilder toString ()Ljava/lang/String; 2 1 java/lang/AbstractStringBuilder isLatin1 ()Z 2 16 java/lang/StringLatin1 newString ([BII)Ljava/lang/String; 3 9 java/util/Arrays copyOfRange ([BII)[B 3 13 java/lang/String <init> ([BB)V 4 1 java/lang/Object <init> ()V
